{"messages":["That's not how you jump rope guys.. http:\/\/t.co\/xYkMZenLfe","You ain't ready for us . \ud83d\ude08 #csquad. \ud83d\udc0a http:\/\/t.co\/g7satCay4L","That's not how you jump rope guys.. http:\/\/t.co\/xYkMZenLfe","You ain't ready for us . \ud83d\ude08 #csquad. \ud83d\udc0a http:\/\/t.co\/g7satCay4L","@JasonTernes you love it \ud83d\udc81","I wanted someone to record me while I was singing ... I was so into it \ud83d\ude02","That's not how you jump rope guys.. http:\/\/t.co\/xYkMZenLfe","You ain't ready for us . \ud83d\ude08 #csquad. \ud83d\udc0a http:\/\/t.co\/g7satCay4L","@JasonTernes you love it \ud83d\udc81"],"messages_no":9,"bad_words":[],"bad_words_no":0,"weight":0,"location":[[37.99640907,-121.72595948],[37.99639392,-121.72589015],[37.99640907,-121.72595948],[37.99639392,-121.72589015],[37.99637861,-121.72593424],[37.99638949,-121.72604296],[37.99640907,-121.72595948],[37.99639392,-121.72589015],[37.99637861,-121.72593424]],"friends":[1,2,3,4]}