{"messages":["Interception \ud83d\ude4c\ud83d\ude4c","Interception \ud83d\ude4c\ud83d\ude4c","Interception \ud83d\ude4c\ud83d\ude4c"],"messages_no":3,"bad_words":[],"bad_words_no":0,"weight":0,"location":[[25.91115476,-97.47971116],[25.91115476,-97.47971116],[25.91115476,-97.47971116]],"friends":[1,2,3,4]}