{"messages":["Lmao I was such a bitch when I saw him\ud83d\ude02","Lmao I was such a bitch when I saw him\ud83d\ude02","Lmao I was such a bitch when I saw him\ud83d\ude02"],"messages_no":3,"bad_words":[],"bad_words_no":3,"weight":0,"location":[[34.58355974,-118.12376173],[34.58355974,-118.12376173],[34.58355974,-118.12376173]],"friends":[1,2,3,4]}