{"messages":["@erora1001 so hot looking!!!","@erora1001 so hot looking!!!","@erora1001 so hot looking!!!"],"messages_no":3,"bad_words":[],"bad_words_no":0,"weight":0,"location":[40.0677405,-76.4524987,40.0677405,-76.4524987,40.0677405,-76.4524987]}