{"messages":["Or i dont even talk to you cause im that scared \ud83d\ude02","Fuck the super bowl.","Or i dont even talk to you cause im that scared \ud83d\ude02","Fuck the super bowl.","The good ones always go.\ud83d\ude14\ud83d\ude22\ud83d\udc94 #RIPTyrell","Or i dont even talk to you cause im that scared \ud83d\ude02","Fuck the super bowl.","The good ones always go.\ud83d\ude14\ud83d\ude22\ud83d\udc94 #RIPTyrell"],"messages_no":8,"bad_words":[],"bad_words_no":3,"weight":0,"location":[[41.69011372,-72.9391893],[41.68987586,-72.93943988],[41.69011372,-72.9391893],[41.68987586,-72.93943988],[41.69015617,-72.9392805],[41.69011372,-72.9391893],[41.68987586,-72.93943988],[41.69015617,-72.9392805]],"friends":[1,2,3,4]}