{"messages":["@erora1001 so hot looking!!!","@erora1001 so hot looking!!!","@blondebigirl holy crap, wow!!!","@erora1001 so hot looking!!!","@blondebigirl holy crap, wow!!!"],"messages_no":5,"bad_words":[],"bad_words_no":0,"weight":0,"location":[[40.0677405,-76.4524987],[40.0677405,-76.4524987],[40.0677383,-76.4524541],[40.0677405,-76.4524987],[40.0677383,-76.4524541]],"friends":[1,2,3,4]}