{"messages":["#GoHawks","#GoHawks","#GoHawks"],"messages_no":3,"bad_words":[],"bad_words_no":0,"weight":0,"location":[[45.45399376,-123.05969386],[45.45399376,-123.05969386],[45.45399376,-123.05969386]],"friends":[1,2,3,4]}