{"messages":["Gshit fuck a flappy bird \ud83d\ude12","Gshit fuck a flappy bird \ud83d\ude12","Gshit fuck a flappy bird \ud83d\ude12"],"messages_no":3,"bad_words":[],"bad_words_no":6,"weight":0,"location":[27.1670533,-80.28498499,27.1670533,-80.28498499,27.1670533,-80.28498499]}