{"messages":["@danmount2580 im sure you could do better","@danmount2580 im sure you could do better","@danmount2580 im sure you could do better"],"messages_no":3,"bad_words":[],"bad_words_no":0,"weight":0,"location":[[40.09545425,-74.47373059],[40.09545425,-74.47373059],[40.09545425,-74.47373059]],"friends":[1,2,3,4]}