{"messages":["@mmikaya88 lol, is fine \ud83d\ude1c","@mmikaya88 lol, is fine \ud83d\ude1c","@mmikaya88 lol, is fine \ud83d\ude1c"],"messages_no":3,"bad_words":[],"bad_words_no":0,"weight":0,"location":[[42.9210103,-85.6912304],[42.9210103,-85.6912304],[42.9210103,-85.6912304]],"friends":[1,2,3,4]}