{"messages":["Happy birthday @thisfluker \u270a\u270a","Happy birthday @thisfluker \u270a\u270a","\u201c@GeminiTerms: If a #Gemini becomes really mad at you, then you will become a complete stranger to them.\u201d RT","Happy birthday @thisfluker \u270a\u270a"],"messages_no":4,"bad_words":[],"bad_words_no":0,"weight":0,"location":[[34.14778252,-118.17256426],[34.14778252,-118.17256426],[34.14780591,-118.09226437],[34.14778252,-118.17256426]],"friends":[1,2,3,4]}