{"messages":["@ahh_kado @blvckmvgic_ seriously ?!?","@ahh_kado @blvckmvgic_ seriously ?!?","vibe wit me http:\/\/t.co\/5QbgXmFC34","@ahh_kado @blvckmvgic_ seriously ?!?","vibe wit me http:\/\/t.co\/5QbgXmFC34"],"messages_no":5,"bad_words":[],"bad_words_no":0,"weight":0,"location":[[33.5604143,-117.63165317],[33.5604143,-117.63165317],[33.56065134,-117.63165694],[33.5604143,-117.63165317],[33.56065134,-117.63165694]],"friends":[1,2,3,4]}