{"messages":["Pay day \ud83d\ude4c #winning","Pay day \ud83d\ude4c #winning","Why do I have work today ? #sosick #soarthroat #booo \ud83d\ude2b\ud83d\udd2b","I need me some honey of the Tea fuh diss soar throat \ud83d\ude23\ud83d\ude37 #wtf","Pay day \ud83d\ude4c #winning","Why do I have work today ? #sosick #soarthroat #booo \ud83d\ude2b\ud83d\udd2b"],"messages_no":6,"bad_words":[],"bad_words_no":0,"weight":0,"location":[[34.18481061,-118.30576237],[34.18481061,-118.30576237],[34.21215458,-118.37311749],[34.21181486,-118.37268974],[34.18481061,-118.30576237],[34.21215458,-118.37311749]],"friends":[1,2,3,4]}