{"messages":["I love college basketball!","I love college basketball!","I heart @ULTA_Beauty!","I love college basketball!"],"messages_no":4,"bad_words":[],"bad_words_no":0,"weight":0,"location":[[33.79098158,-83.71301765],[33.79098158,-83.71301765],[33.91732911,-83.45570236],[33.79098158,-83.71301765]],"friends":[1,2,3,4]}