{"messages":["Never forget http:\/\/t.co\/9lizJ4lxWn","@michellehfields now I have to watch Yogi play!","Never forget http:\/\/t.co\/9lizJ4lxWn","@michellehfields now I have to watch Yogi play!","Never forget http:\/\/t.co\/9lizJ4lxWn","@michellehfields now I have to watch Yogi play!"],"messages_no":6,"bad_words":[],"bad_words_no":3,"weight":0,"location":[[42.47553572,-83.40990557],[42.47547755,-83.40988881],[42.47553572,-83.40990557],[42.47547755,-83.40988881],[42.47553572,-83.40990557],[42.47547755,-83.40988881]],"friends":[1,2,3,4]}