{"messages":["I do feel like reading a book and cuddling up in a blanket. \ud83d\udcda\ud83d\udcda","#IDontLikeNegativity","This guy is asking me what college this guy went to. Like I know. \ud83d\ude06\ud83d\ude06","@parkchops no i didn't. vinny did. Stupidass.","#Broncos can do better than this","I do feel like reading a book and cuddling up in a blanket. \ud83d\udcda\ud83d\udcda","#IDontLikeNegativity","#IDontLikeNegativity","This guy is asking me what college this guy went to. Like I know. \ud83d\ude06\ud83d\ude06","This guy is asking me what college this guy went to. Like I know. \ud83d\ude06\ud83d\ude06","@parkchops no i didn't. vinny did. Stupidass.","@parkchops no i didn't. vinny did. Stupidass."],"messages_no":12,"bad_words":[],"bad_words_no":0,"weight":0,"location":[39.63714821,-106.41063825,39.63702565,-106.41050657,39.63708121,-106.4104668,39.63715909,-106.41063102,39.63713115,-106.41046733,39.63714821,-106.41063825,39.63702565,-106.41050657,39.63702565,-106.41050657,39.63708121,-106.4104668,39.63708121,-106.4104668,39.63715909,-106.41063102,39.63715909,-106.41063102]}