{"messages":["Excision in April !","Excision in April !","Excision in April !"],"messages_no":3,"bad_words":[],"bad_words_no":0,"weight":0,"location":[[42.92636881,-78.64657312],[42.92636881,-78.64657312],[42.92636881,-78.64657312]],"friends":[1,2,3,4]}