{"messages":["I give up","I give up","I give up"],"messages_no":3,"bad_words":[],"bad_words_no":0,"weight":0,"location":[[42.79006667,-73.98088017],[42.79006667,-73.98088017],[42.79006667,-73.98088017]],"friends":[1,2,3,4]}