{"messages":["Buttbutt is coming over !\ud83d\udc93\ud83d\udc9e\ud83d\udc9e\ud83d\udc96\ud83d\udc9b\ud83d\udc9c\ud83d\udc9b\ud83d\udc8b\ud83d\udc8b\ud83d\udc8b\ud83d\udc9e\ud83d\udc9e\ud83d\udc9e\ud83d\udc95\ud83d\udc9e\ud83d\udc9a\ud83d\udc99\ud83d\udc9e\ud83d\udc9b\ud83d\udc9b\ud83d\udc9b\ud83d\udc99\ud83d\udc9a\ud83d\udc9e\ud83d\udc9e\ud83d\udc9e\ud83d\udc9e\ud83d\udc8b\ud83d\udc8b\ud83d\udc8b\ud83d\udc98\ud83d\udc93\ud83d\udc93\ud83d\udc96\ud83d\udc93\ud83d\udc9a\ud83d\udc99\ud83d\udc96\ud83d\udc99\ud83d\udc9a\ud83d\udc9c\ud83d\udc97\ud83d\udc97\ud83d\udc97\ud83d\udc9a\ud83d\udc93\ud83d\udc8b\u2764\ufe0f\ud83d\udc99\ud83d\udc9e\ud83d\udc9e\ud83d\udc9e\ud83d\udc95\ud83d\udc8b\ud83d\udc96\ud83d\udc96\ud83d\udc9e\ud83d\udc93\ud83d\udc9e\ud83d\udc95"],"messages_no":1,"bad_words":[],"bad_words_no":0,"weight":0,"location":[[40.12529542,-75.33410791]]}