{"messages":["@BrianP19 very good sauce. #jacks","@BrianP19 very good sauce. #jacks","@BrianP19 very good sauce. #jacks"],"messages_no":3,"bad_words":[],"bad_words_no":0,"weight":0,"location":[[33.55569583,-86.50295064],[33.55569583,-86.50295064],[33.55569583,-86.50295064]],"friends":[1,2,3,4]}