{"messages":["Not even gonna watch the game\u270c\ufe0f","Not even gonna watch the game\u270c\ufe0f","Not even gonna watch the game\u270c\ufe0f"],"messages_no":3,"bad_words":[],"bad_words_no":0,"weight":0,"location":[[47.25079627,-122.47637257],[47.25079627,-122.47637257],[47.25079627,-122.47637257]],"friends":[1,2,3,4]}