{"messages":["Kyle and I really are solid","Kyle and I really are solid","Kyle and I really are solid"],"messages_no":3,"bad_words":[],"bad_words_no":0,"weight":0,"location":[[47.98564275,-122.11441811],[47.98564275,-122.11441811],[47.98564275,-122.11441811]],"friends":[1,2,3,4]}