{"messages":["Super Bowl Sunday here we go","Super Bowl Sunday here we go","Super Bowl Sunday here we go"],"messages_no":3,"bad_words":[],"bad_words_no":0,"weight":0,"location":[[40.70446021,-74.39753694],[40.70446021,-74.39753694],[40.70446021,-74.39753694]],"friends":[1,2,3,4]}