{"messages":["Gm if nobody told u DASH \u2665 YALL","Gm if nobody told u DASH \u2665 YALL","@Rocqui2Cocky @Godgift2_Earth @SonOfQb I dedicate these nutss 2 u","Gm if nobody told u DASH \u2665 YALL","Gm if nobody told u DASH \u2665 YALL"],"messages_no":5,"bad_words":[],"bad_words_no":1,"weight":0,"location":[38.8954593,-76.9281758,38.8954593,-76.9281758,38.8953777,-76.956542,38.8954593,-76.9281758,38.8954593,-76.9281758]}