{"messages":["#EsuranceSave30","#EsuranceSave30","#EsuranceSave30"],"messages_no":3,"bad_words":[],"bad_words_no":0,"weight":0,"location":[[39.25579395,-84.61832454],[39.25579395,-84.61832454],[39.25579395,-84.61832454]],"friends":[1,2,3,4]}