{"messages":["bad timing with everything..","@_Ajynnnn ite...","bad timing with everything..","@_Ajynnnn ite...","@lagipp5 say you go have that tomorrow?","bad timing with everything..","@_Ajynnnn ite...","@lagipp5 say you go have that tomorrow?"],"messages_no":8,"bad_words":[],"bad_words_no":0,"weight":0,"location":[[29.93869618,-90.09597725],[29.93855706,-90.09590901],[29.93869618,-90.09597725],[29.93855706,-90.09590901],[29.9388003,-90.09541883],[29.93869618,-90.09597725],[29.93855706,-90.09590901],[29.9388003,-90.09541883]],"friends":[1,2,3,4]}