{"messages":["@valeriebody Why ? :\/ \ud83d\ude02","iReally Have Bars ! \ud83d\udca8","@valeriebody Why ? :\/ \ud83d\ude02","iReally Have Bars ! \ud83d\udca8","iReally Have Bars ! \ud83d\udca8"],"messages_no":5,"bad_words":[],"bad_words_no":0,"weight":0,"location":[35.31173937,-119.02391067,35.31155118,-119.02333289,35.31173937,-119.02391067,35.31155118,-119.02333289,35.31155118,-119.02333289]}