{"messages":["@_tilt1219 I have noticed!! \ud83d\ude22","@_tilt1219 I have noticed!! \ud83d\ude22"],"messages_no":2,"bad_words":[],"bad_words_no":0,"weight":0,"location":[40.1048408,-83.17978473,40.1048408,-83.17978473]}