{"messages":["Ok. You just know then. @DespicableCB","Can I come home to you ?","Ok. You just know then. @DespicableCB","Can I come home to you ?","Ok. You just know then. @DespicableCB","Can I come home to you ?"],"messages_no":6,"bad_words":[],"bad_words_no":0,"weight":0,"location":[[34.67596909,-79.19959512],[34.68885479,-79.2004625],[34.67596909,-79.19959512],[34.68885479,-79.2004625],[34.67596909,-79.19959512],[34.68885479,-79.2004625]],"friends":[1,2,3,4]}