{"messages":["@heyy_aveyy She's hating on what we have .","Im HBK guhh .. Gotta do better then that .","Lmao I dont . http:\/\/t.co\/7Umwj7swq6","@heyy_aveyy She's hating on what we have .","Im HBK guhh .. Gotta do better then that .","Im HBK guhh .. Gotta do better then that ."],"messages_no":6,"bad_words":[],"bad_words_no":0,"weight":0,"location":[38.2469139,-121.9851691,38.2473167,-121.9853422,38.2468189,-121.9852314,38.2469139,-121.9851691,38.2473167,-121.9853422,38.2473167,-121.9853422]}