{"messages":["Coffee goes good with everything","Coffee goes good with everything","Coffee goes good with everything","Coffee goes good with everything"],"messages_no":4,"bad_words":[],"bad_words_no":0,"weight":0,"location":[41.48130362,-81.72182028,41.48130362,-81.72182028,41.48130362,-81.72182028,41.48130362,-81.72182028]}