{"messages":["this is annoying","pretty over this lol","this is annoying","pretty over this lol","pretty over this lol"],"messages_no":5,"bad_words":[],"bad_words_no":0,"weight":0,"location":[30.4966134,-90.9190554,30.62190379,-91.03943168,30.4966134,-90.9190554,30.62190379,-91.03943168,30.62190379,-91.03943168]}