{"messages":["This is when I really wish I had my license\ud83d\ude12\ud83d\ude14","This is when I really wish I had my license\ud83d\ude12\ud83d\ude14","This is when I really wish I had my license\ud83d\ude12\ud83d\ude14"],"messages_no":3,"bad_words":[],"bad_words_no":0,"weight":0,"location":[33.25564642,-111.8433807,33.25564642,-111.8433807,33.25564642,-111.8433807]}