{"messages":["Truth 100% http:\/\/t.co\/rgfTM0Ii5w","Truth 100% http:\/\/t.co\/rgfTM0Ii5w","Truth 100% http:\/\/t.co\/rgfTM0Ii5w"],"messages_no":3,"bad_words":[],"bad_words_no":0,"weight":0,"location":[[42.69193731,-73.8761297],[42.69193731,-73.8761297],[42.69193731,-73.8761297]],"friends":[1,2,3,4]}