{"messages":["I need a puppy in my life \ud83d\udc36","I need a puppy in my life \ud83d\udc36","I need a puppy in my life \ud83d\udc36"],"messages_no":3,"bad_words":[],"bad_words_no":0,"weight":0,"location":[[37.84746566,-81.99278257],[37.84746566,-81.99278257],[37.84746566,-81.99278257]],"friends":[1,2,3,4]}