{"messages":["I got the munchies...BAD \ud83d\ude05","I got the munchies...BAD \ud83d\ude05","I got the munchies...BAD \ud83d\ude05"],"messages_no":3,"bad_words":[],"bad_words_no":0,"weight":0,"location":[[30.52541547,-88.91578272],[30.52541547,-88.91578272],[30.52541547,-88.91578272]],"friends":[1,2,3,4]}