{"messages":["&amp; that's the game (:","&amp; that's the game (:","I really fucking like him , that's bae ass . Lol","&amp; that's the game (:","I really fucking like him , that's bae ass . Lol"],"messages_no":5,"bad_words":[],"bad_words_no":2,"weight":0,"location":[[42.5215777,-89.0196587],[42.5215777,-89.0196587],[42.5216378,-89.0197125],[42.5215777,-89.0196587],[42.5216378,-89.0197125]],"friends":[1,2,3,4]}