{"messages":["BRONCOS GET UR SHIT 2GETHER PLZ","BRONCOS GET UR SHIT 2GETHER PLZ","cause we gotta be responsible sometimes","I can't be mean lol it's like not in my nature","@ravegent cheer up you! Whatever it is that's got you down, shouldn't be :) tomorrow is a new day.","BRONCOS GET UR SHIT 2GETHER PLZ","cause we gotta be responsible sometimes","I can't be mean lol it's like not in my nature"],"messages_no":8,"bad_words":[],"bad_words_no":0,"weight":0,"location":[[32.66223931,-97.04875041],[32.66223931,-97.04875041],[32.66226287,-97.04879559],[32.66229216,-97.04872996],[32.66221274,-97.04873775],[32.66223931,-97.04875041],[32.66226287,-97.04879559],[32.66229216,-97.04872996]],"friends":[1,2,3,4]}