{"messages":["Broncos plzz score I need this 200 dollars!!\ud83d\ude4f","I quit the shoe job cause he screwed over my dawg!","Good job ha wow serious manning","Broncos plzz score I need this 200 dollars!!\ud83d\ude4f","I quit the shoe job cause he screwed over my dawg!","Good job ha wow serious manning","Broncos plzz score I need this 200 dollars!!\ud83d\ude4f","I quit the shoe job cause he screwed over my dawg!","Good job ha wow serious manning"],"messages_no":9,"bad_words":[],"bad_words_no":3,"weight":0,"location":[[30.64350701,-87.0567952],[30.64353492,-87.05669286],[30.64348904,-87.05683039],[30.64350701,-87.0567952],[30.64353492,-87.05669286],[30.64348904,-87.05683039],[30.64350701,-87.0567952],[30.64353492,-87.05669286],[30.64348904,-87.05683039]],"friends":[1,2,3,4]}