{"messages":["@DonPeezus_ \ud83d\ude02\ud83d\ude02 well thanks I guess.","@_xKevoo_x love ya \ud83d\ude1a","This is why I try avoided it months ago."],"messages_no":3,"bad_words":[],"bad_words_no":0,"weight":0,"location":[[33.72025609,-84.14735747],[33.72024322,-84.14727457],[33.72005347,-84.14719303]]}