{"messages":["pick 6 broncos are just getting shitted on","pick 6 broncos are just getting shitted on","but now im up 2 hours earlier then i would be up","i just shattered my phone fuck flappy birds","pick 6 broncos are just getting shitted on","but now im up 2 hours earlier then i would be up"],"messages_no":6,"bad_words":[],"bad_words_no":7,"weight":0,"location":[[40.77977701,-73.12789318],[40.77977701,-73.12789318],[40.77984235,-73.12781559],[40.78288753,-73.13621172],[40.77977701,-73.12789318],[40.77984235,-73.12781559]],"friends":[1,2,3,4]}