{"messages":["She know wassup\ud83d\ude0f\n#bftweet","She know wassup\ud83d\ude0f\n#bftweet","She know wassup\ud83d\ude0f\n#bftweet"],"messages_no":3,"bad_words":[],"bad_words_no":0,"weight":0,"location":[31.55045509,-85.25362923,31.55045509,-85.25362923,31.55045509,-85.25362923]}