{"messages":["Well that was shady","Well that was shady"],"messages_no":2,"bad_words":[],"bad_words_no":0,"weight":0,"location":[33.83378297,-118.09932228,33.83378297,-118.09932228]}