{"messages":["Well that was shady","Well that was shady","@EfrainnC562 yeah. That shit is dope","Well that was shady"],"messages_no":4,"bad_words":[],"bad_words_no":1,"weight":0,"location":[[33.83378297,-118.09932228],[33.83378297,-118.09932228],[33.83083633,-118.13436694],[33.83378297,-118.09932228]],"friends":[1,2,3,4]}