{"messages":["If you could you would get rid of me \ud83d\udc81","Ain't got no time to talk just hi &amp; bye","If you could you would get rid of me \ud83d\udc81","Ain't got no time to talk just hi &amp; bye","If you could you would get rid of me \ud83d\udc81","Ain't got no time to talk just hi &amp; bye"],"messages_no":6,"bad_words":[],"bad_words_no":0,"weight":0,"location":[[42.01467316,-71.53414998],[42.01069088,-71.49883074],[42.01467316,-71.53414998],[42.01069088,-71.49883074],[42.01467316,-71.53414998],[42.01069088,-71.49883074]],"friends":[1,2,3,4]}