{"messages":["Best brother award goes to me","Best brother award goes to me","Best brother award goes to me"],"messages_no":3,"bad_words":[],"bad_words_no":0,"weight":0,"location":[[35.98728681,-115.24720739],[35.98728681,-115.24720739],[35.98728681,-115.24720739]],"friends":[1,2,3,4]}