{"messages":["@TWarg24 @LJ_Heldreth96 \ud83d\udc34 will give you a massage...","@TWarg24 @LJ_Heldreth96 \ud83d\udc34 will give you a massage...","Today will consist of being in bed all day \ud83d\ude0d","@TWarg24 @LJ_Heldreth96 \ud83d\udc34 will give you a massage..."],"messages_no":4,"bad_words":[],"bad_words_no":0,"weight":0,"location":[[41.05495459,-80.74396089],[41.05495459,-80.74396089],[41.05975248,-80.73843705],[41.05495459,-80.74396089]],"friends":[1,2,3,4]}