{"messages":["2 More Days !","2 More Days !","2 More Days !"],"messages_no":3,"bad_words":[],"bad_words_no":0,"weight":0,"location":[[40.74653731,-84.11937039],[40.74653731,-84.11937039],[40.74653731,-84.11937039]],"friends":[1,2,3,4]}