{"messages":["Good morning all","Good morning all","Good morning all"],"messages_no":3,"bad_words":[],"bad_words_no":0,"weight":0,"location":[[35.42546072,-84.56319636],[35.42546072,-84.56319636],[35.42546072,-84.56319636]],"friends":[1,2,3,4]}