{"messages":["She knows how to put me in a bad mood.","Whatever I have my cat lol.","\"@giselle_garciaa: Okay. . I'm getting kind of upset.\"","She knows how to put me in a bad mood.","Whatever I have my cat lol.","\"@giselle_garciaa: Okay. . I'm getting kind of upset.\"","\"@ItsKidCudii: It's crazy how much you can care about one person\"","Think I'm gonna take a nap.","She knows how to put me in a bad mood.","Whatever I have my cat lol.","\"@giselle_garciaa: Okay. . I'm getting kind of upset.\"","\"@ItsKidCudii: It's crazy how much you can care about one person\"","Think I'm gonna take a nap."],"messages_no":13,"bad_words":[],"bad_words_no":0,"weight":0,"location":[[46.2504528,-119.9198575],[46.2503786,-119.9208449],[46.2501439,-119.9205436],[46.2504528,-119.9198575],[46.2503786,-119.9208449],[46.2501439,-119.9205436],[46.2511555,-119.919155],[46.2511548,-119.9191548],[46.2504528,-119.9198575],[46.2503786,-119.9208449],[46.2501439,-119.9205436],[46.2511555,-119.919155],[46.2511548,-119.9191548]],"friends":[1,2,3,4]}