{"messages":["Makin Good Love","Makin Good Love","Makin Good Love"],"messages_no":3,"bad_words":[],"bad_words_no":0,"weight":0,"location":[[34.3886027,-77.9298156],[34.3886027,-77.9298156],[34.3886027,-77.9298156]],"friends":[1,2,3,4]}