{"messages":["i hate coffee. ew","i hate coffee. ew","i hate coffee. ew","i hate coffee. ew"],"messages_no":4,"bad_words":[],"bad_words_no":0,"weight":0,"location":[33.54471085,-84.37191487,33.54471085,-84.37191487,33.54471085,-84.37191487,33.54471085,-84.37191487]}