{"messages":["@ComeBackKid_14 you wack nigga tf lmfao","@ComeBackKid_14 you wack nigga tf lmfao","@ComeBackKid_14 you wack nigga tf lmfao","@ComeBackKid_14 you wack nigga tf lmfao"],"messages_no":4,"bad_words":[],"bad_words_no":3,"weight":0,"location":[41.08569166,-73.43214621,41.08569166,-73.43214621,41.08569166,-73.43214621,41.08569166,-73.43214621]}