{"messages":["@justinbieber #Seahawks \ud83d\udc4c\ud83d\udc4c\ud83d\udc4c","@justinbieber #Seahawks \ud83d\udc4c\ud83d\udc4c\ud83d\udc4c","@justinbieber #Seahawks \ud83d\udc4c\ud83d\udc4c\ud83d\udc4c"],"messages_no":3,"bad_words":[],"bad_words_no":0,"weight":0,"location":[[29.62258395,-98.47767605],[29.62258395,-98.47767605],[29.62258395,-98.47767605]],"friends":[1,2,3,4]}