{"messages":["Soooo tired \ud83d\ude34\ud83d\ude34","Soooo tired \ud83d\ude34\ud83d\ude34","Soooo tired \ud83d\ude34\ud83d\ude34"],"messages_no":3,"bad_words":[],"bad_words_no":0,"weight":0,"location":[[42.73009687,-73.67759338],[42.73009687,-73.67759338],[42.73009687,-73.67759338]],"friends":[1,2,3,4]}