{"messages":["OMG JIM HALPERT!!!","#EsuranceSave30 #EsuranceSave30 #EsuranceSave30 #jimhalpert #EsuranceSave30","OMG JIM HALPERT!!!","#EsuranceSave30 #EsuranceSave30 #EsuranceSave30 #jimhalpert #EsuranceSave30","OMG JIM HALPERT!!!","#EsuranceSave30 #EsuranceSave30 #EsuranceSave30 #jimhalpert #EsuranceSave30"],"messages_no":6,"bad_words":[],"bad_words_no":0,"weight":0,"location":[[38.65477033,-77.26473536],[38.65453411,-77.26499861],[38.65477033,-77.26473536],[38.65453411,-77.26499861],[38.65477033,-77.26473536],[38.65453411,-77.26499861]],"friends":[1,2,3,4]}