{"messages":["\ud83d\ude2d\ud83d\ude2d\ud83d\ude2d\ud83d\ude2d hate i left my bread at home man http:\/\/t.co\/3wAndNTffy","\ud83d\ude2d\ud83d\ude2d\ud83d\ude2d\ud83d\ude2d hate i left my bread at home man http:\/\/t.co\/3wAndNTffy","that's weird","\u201c@EddySteezRYD: Alone time is healthy. Focusing on self and growth.\u201d \ud83d\ude47","watch your mouth bitch @jayypee15 @AyyeBee_YMB @TrillAssMikee","\ud83d\ude2d\ud83d\ude2d\ud83d\ude2d\ud83d\ude2d hate i left my bread at home man http:\/\/t.co\/3wAndNTffy","that's weird"],"messages_no":7,"bad_words":[],"bad_words_no":2,"weight":0,"location":[[29.63345076,-95.46972476],[29.63345076,-95.46972476],[29.63359337,-95.46979473],[29.63336641,-95.46993104],[29.63366034,-95.46974293],[29.63345076,-95.46972476],[29.63359337,-95.46979473]],"friends":[1,2,3,4]}