{"messages":["Im just livin baby","Im just livin baby","Im just livin baby"],"messages_no":3,"bad_words":[],"bad_words_no":0,"weight":0,"location":[39.27149349,-81.55363969,39.27149349,-81.55363969,39.27149349,-81.55363969]}