{"messages":["\u201c@_miles7_: no one likes you haha\u201d","\u201c@_miles7_: no one likes you haha\u201d"],"messages_no":2,"bad_words":[],"bad_words_no":0,"weight":0,"location":[34.11011762,-84.57054377,34.11011762,-84.57054377]}