{"messages":["Hip hop is at a state of 911 q","Hip hop is at a state of 911 q"],"messages_no":2,"bad_words":[],"bad_words_no":0,"weight":0,"location":[40.83104221,-73.17046856,40.83104221,-73.17046856]}