{"messages":["@dlong_xo LOVE YOU TOO!","@AskinggAustinn love you too","AHHHHHHHHHHHHHHH!!!!!!!!!!!!!!!","@dlong_xo LOVE YOU TOO!","@AskinggAustinn love you too","@AskinggAustinn love you too","AHHHHHHHHHHHHHHH!!!!!!!!!!!!!!!"],"messages_no":7,"bad_words":[],"bad_words_no":0,"weight":0,"location":[40.06504793,-80.72458354,40.06502674,-80.72459261,40.06502355,-80.72459198,40.06504793,-80.72458354,40.06502674,-80.72459261,40.06502674,-80.72459261,40.06502355,-80.72459198]}