{"messages":["Milessss teller omg I'm in love with you\ud83d\ude48\u2764\ufe0f\u2764\ufe0f\u2764\ufe0f","Milessss teller omg I'm in love with you\ud83d\ude48\u2764\ufe0f\u2764\ufe0f\u2764\ufe0f"],"messages_no":2,"bad_words":[],"bad_words_no":0,"weight":0,"location":[27.50673603,-82.48230947,27.50673603,-82.48230947]}