{"messages":["#yourloss","#yourloss","#yourloss"],"messages_no":3,"bad_words":[],"bad_words_no":0,"weight":0,"location":[[30.10574894,-81.42020491],[30.10574894,-81.42020491],[30.10574894,-81.42020491]],"friends":[1,2,3,4]}