{"messages":["@unexxcited I would if I could","@unexxcited I would if I could","@unexxcited I would if I could"],"messages_no":3,"bad_words":[],"bad_words_no":0,"weight":0,"location":[[36.13874654,-115.27693088],[36.13874654,-115.27693088],[36.13874654,-115.27693088]],"friends":[1,2,3,4]}