{"messages":["@wh0reific_  Alright","Cold pizza &amp; mango Juice \ud83d\udc4c","@wh0reific_  Alright","Cold pizza &amp; mango Juice \ud83d\udc4c","@wh0reific_  Alright","Cold pizza &amp; mango Juice \ud83d\udc4c"],"messages_no":6,"bad_words":[],"bad_words_no":3,"weight":0,"location":[[48.02143868,-122.13100397],[48.02150759,-122.13107684],[48.02143868,-122.13100397],[48.02150759,-122.13107684],[48.02143868,-122.13100397],[48.02150759,-122.13107684]],"friends":[1,2,3,4]}