{"messages":["@caleb9901 yes haha. About to not be anymore","@caleb9901 yes haha. About to not be anymore","@caleb9901 yes haha. About to not be anymore"],"messages_no":3,"bad_words":[],"bad_words_no":0,"weight":0,"location":[[37.7152124,-84.65688831],[37.7152124,-84.65688831],[37.7152124,-84.65688831]],"friends":[1,2,3,4]}