{"messages":["Kush and alcohol\ud83c\udf41\ud83c\udf43\ud83c\udf7a\ud83c\udf7b","Kush and alcohol\ud83c\udf41\ud83c\udf43\ud83c\udf7a\ud83c\udf7b","Kush and alcohol\ud83c\udf41\ud83c\udf43\ud83c\udf7a\ud83c\udf7b"],"messages_no":3,"bad_words":[],"bad_words_no":0,"weight":0,"location":[[40.54979071,-74.43119528],[40.54979071,-74.43119528],[40.54979071,-74.43119528]],"friends":[1,2,3,4]}