{"messages":["I'm about to sleep so good when I get homeS","My throat always hurts.","I'm about to sleep so good when I get homeS","My throat always hurts.","I'm about to sleep so good when I get homeS","My throat always hurts."],"messages_no":6,"bad_words":[],"bad_words_no":0,"weight":0,"location":[[37.44834089,-76.59175398],[37.41662515,-76.53840015],[37.44834089,-76.59175398],[37.41662515,-76.53840015],[37.44834089,-76.59175398],[37.41662515,-76.53840015]],"friends":[1,2,3,4]}