{"messages":["I didn't see it coming.","I didn't see it coming.","#EsuranceSave30 all I need in the world right now.","I didn't see it coming.","#EsuranceSave30 all I need in the world right now."],"messages_no":5,"bad_words":[],"bad_words_no":0,"weight":0,"location":[[37.1619514,-77.4430418],[37.1619514,-77.4430418],[37.16181647,-77.44316298],[37.1619514,-77.4430418],[37.16181647,-77.44316298]],"friends":[1,2,3,4]}