{"messages":["\u201c@connorgram11: \u201c@GraceKoger: \u201c@connorgram11: \u201c@GraceKoger: Hey Connor\u201d hi grace\u201d miss you\u201d miss you 2\ud83d\ude18\u201d :)","\u201c@connorgram11: \u201c@GraceKoger: \u201c@connorgram11: \u201c@GraceKoger: Hey Connor\u201d hi grace\u201d miss you\u201d miss you 2\ud83d\ude18\u201d :)","@zoiejanet is this me","\u201c@connorgram11: \u201c@GraceKoger: \u201c@connorgram11: \u201c@GraceKoger: Hey Connor\u201d hi grace\u201d miss you\u201d miss you 2\ud83d\ude18\u201d :)","@zoiejanet is this me"],"messages_no":5,"bad_words":[],"bad_words_no":0,"weight":0,"location":[[33.22676435,-97.14684952],[33.22676435,-97.14684952],[33.22669467,-97.14690425],[33.22676435,-97.14684952],[33.22669467,-97.14690425]],"friends":[1,2,3,4]}