{"messages":["Lmao! #PuppyBowl blackout!","Lmao! #PuppyBowl blackout!","Lmao! #PuppyBowl blackout!"],"messages_no":3,"bad_words":[],"bad_words_no":0,"weight":0,"location":[[40.07403639,-82.92566651],[40.07403639,-82.92566651],[40.07403639,-82.92566651]],"friends":[1,2,3,4]}