{"messages":["Now I'm falling in love as she's walking away","Now I'm falling in love as she's walking away","@Hashtag_Travis o , I c. * doesn't know how to respond*","Tyler fell today \ud83d\ude02\ud83d\ude02 http:\/\/t.co\/Xuz3XbICdn","She don't get nothin from a nigga tho","I love when we fight cuz eventually we make up \ud83d\ude0b","Now I'm falling in love as she's walking away","@Hashtag_Travis o , I c. * doesn't know how to respond*","Tyler fell today \ud83d\ude02\ud83d\ude02 http:\/\/t.co\/Xuz3XbICdn"],"messages_no":9,"bad_words":[],"bad_words_no":1,"weight":0,"location":[[39.56564098,-76.35353979],[39.56564098,-76.35353979],[39.56390341,-76.34810974],[39.56374032,-76.34832457],[39.56410575,-76.3480514],[39.56384657,-76.34822509],[39.56564098,-76.35353979],[39.56390341,-76.34810974],[39.56374032,-76.34832457]],"friends":[1,2,3,4]}