{"messages":["Fuck this filthy society","Fuck this filthy society","Fuck this filthy society"],"messages_no":3,"bad_words":[],"bad_words_no":3,"weight":0,"location":[[38.5212372,-121.47710832],[38.5212372,-121.47710832],[38.5212372,-121.47710832]],"friends":[1,2,3,4]}