{"messages":["@kelzzzaaaayy what? Where?","@kelzzzaaaayy what? Where?","@kelzzzaaaayy what? Where?"],"messages_no":3,"bad_words":[],"bad_words_no":0,"weight":0,"location":[[39.09566968,-77.13761102],[39.09566968,-77.13761102],[39.09566968,-77.13761102]],"friends":[1,2,3,4]}