{"messages":["I'm tryin to introduce you to my last name","My dude with the south Dallas swag \ud83d\ude02\ud83d\ude02\ud83d\ude02","I'm tryin to introduce you to my last name","My dude with the south Dallas swag \ud83d\ude02\ud83d\ude02\ud83d\ude02","I'm still really sick","Teen wolf was crazy tonight \ud83d\udc4f\ud83d\udc4f\ud83d\udc4f","I'm tryin to introduce you to my last name","My dude with the south Dallas swag \ud83d\ude02\ud83d\ude02\ud83d\ude02","I'm still really sick"],"messages_no":9,"bad_words":[],"bad_words_no":0,"weight":0,"location":[[32.75877465,-117.06409106],[32.63605282,-116.94975232],[32.75877465,-117.06409106],[32.63605282,-116.94975232],[32.75877738,-117.06420395],[32.75853933,-117.06401224],[32.75877465,-117.06409106],[32.63605282,-116.94975232],[32.75877738,-117.06420395]],"friends":[1,2,3,4]}