{"messages":["HBD To Wes About to Go See Her \ud83d\udc9a","HBD To Wes About to Go See Her \ud83d\udc9a","What I Just Saw Wow great \ud83d\ude3f","HBD To Wes About to Go See Her \ud83d\udc9a","What I Just Saw Wow great \ud83d\ude3f"],"messages_no":5,"bad_words":[],"bad_words_no":0,"weight":0,"location":[[40.9255916,-74.1596021],[40.9255916,-74.1596021],[40.9233336,-74.160764],[40.9255916,-74.1596021],[40.9233336,-74.160764]],"friends":[1,2,3,4]}