{"messages":["my life http:\/\/t.co\/8We0MUyfl6","my life http:\/\/t.co\/8We0MUyfl6","my life http:\/\/t.co\/8We0MUyfl6"],"messages_no":3,"bad_words":[],"bad_words_no":0,"weight":0,"location":[33.7409152,-116.315506,33.7409152,-116.315506,33.7409152,-116.315506]}