{"messages":["Whats chrisoo doing","@chelseanoser thought you werent gonna watch it?","Whats chrisoo doing","@chelseanoser thought you werent gonna watch it?","So you mad? \ud83d\ude02","@dally2315 your girl rashell? \ud83d\ude02","Whats chrisoo doing","@chelseanoser thought you werent gonna watch it?"],"messages_no":8,"bad_words":[],"bad_words_no":1,"weight":0,"location":[[38.6275225,-90.01592434],[38.62753412,-90.01595697],[38.6275225,-90.01592434],[38.62753412,-90.01595697],[38.64617382,-90.01304442],[38.62753662,-90.0158138],[38.6275225,-90.01592434],[38.62753412,-90.01595697]],"friends":[1,2,3,4]}