{"messages":["@WorkHardStayHUM quit*","@WorkHardStayHUM quit*","@WorkHardStayHUM quit*"],"messages_no":3,"bad_words":[],"bad_words_no":0,"weight":0,"location":[[26.1418632,-81.76362585],[26.1418632,-81.76362585],[26.1418632,-81.76362585]],"friends":[1,2,3,4]}