{"messages":["@MikeyB_ThePoet Primer for Blacks?","Good Morning","@MikeyB_ThePoet Primer for Blacks?","Good Morning","@MikeyB_ThePoet Primer for Blacks?","Good Morning"],"messages_no":6,"bad_words":[],"bad_words_no":0,"weight":0,"location":[[33.5412065,-86.7415985],[33.5431602,-86.7487807],[33.5412065,-86.7415985],[33.5431602,-86.7487807],[33.5412065,-86.7415985],[33.5431602,-86.7487807]],"friends":[1,2,3,4]}