{"messages":["I'm done fuck flappy bird.","I'm done fuck flappy bird.","I'm done fuck flappy bird."],"messages_no":3,"bad_words":[],"bad_words_no":3,"weight":0,"location":[[38.15323213,-85.81399535],[38.15323213,-85.81399535],[38.15323213,-85.81399535]],"friends":[1,2,3,4]}