{"messages":["\u201c@serenaawaslikee: Everyone needs a daily dose of Danielle \ud83d\ude02\u201d omg ikr?!","Whoops","\u201c@serenaawaslikee: Everyone needs a daily dose of Danielle \ud83d\ude02\u201d omg ikr?!","Whoops","\u201c@serenaawaslikee: Everyone needs a daily dose of Danielle \ud83d\ude02\u201d omg ikr?!","Whoops"],"messages_no":6,"bad_words":[],"bad_words_no":0,"weight":0,"location":[[34.08175013,-118.13841008],[34.08173729,-118.13848581],[34.08175013,-118.13841008],[34.08173729,-118.13848581],[34.08175013,-118.13841008],[34.08173729,-118.13848581]],"friends":[1,2,3,4]}