{"messages":["I fucked it up. Of course.","I fucked it up. Of course.","Um I need a really good curling wand cuz like wtf","I fucked it up. Of course.","I fucked it up. Of course."],"messages_no":5,"bad_words":[],"bad_words_no":3,"weight":0,"location":[40.8050767,-73.9416808,40.8050767,-73.9416808,40.8044273,-73.9434376,40.8050767,-73.9416808,40.8050767,-73.9416808]}