{"messages":["That was a big ass 3!!","That was a big ass 3!!"],"messages_no":2,"bad_words":[],"bad_words_no":0,"weight":0,"location":[30.17204687,-91.14314139,30.17204687,-91.14314139]}