{"messages":["#StopBuseycouples2014","#StopBuseycouples2014","#StopBuseycouples2014"],"messages_no":3,"bad_words":[],"bad_words_no":0,"weight":0,"location":[40.10584485,-88.22232751,40.10584485,-88.22232751,40.10584485,-88.22232751]}