{"messages":["I hate you all sm","I hate you all sm","I hate you all sm"],"messages_no":3,"bad_words":[],"bad_words_no":0,"weight":0,"location":[[40.66069745,-73.51825417],[40.66069745,-73.51825417],[40.66069745,-73.51825417]],"friends":[1,2,3,4]}