{"messages":["Chris brown is my babbbeee","Chris brown is my babbbeee","Chris brown is my babbbeee"],"messages_no":3,"bad_words":[],"bad_words_no":0,"weight":0,"location":[[42.65384872,-82.95639046],[42.65384872,-82.95639046],[42.65384872,-82.95639046]],"friends":[1,2,3,4]}