{"messages":["@_RileyBlue I think 4:30","@_RileyBlue I think 4:30","@_RileyBlue I think 4:30"],"messages_no":3,"bad_words":[],"bad_words_no":0,"weight":0,"location":[[39.62436636,-84.38242586],[39.62436636,-84.38242586],[39.62436636,-84.38242586]],"friends":[1,2,3,4]}