{"messages":["@heartie11 you can always come over","@heartie11 you can always come over","@heartie11 you can always come over"],"messages_no":3,"bad_words":[],"bad_words_no":0,"weight":0,"location":[[34.12038012,-117.41458031],[34.12038012,-117.41458031],[34.12038012,-117.41458031]],"friends":[1,2,3,4]}