{"messages":["Meanwhile back at the ranch...","Meanwhile back at the ranch...","Meanwhile back at the ranch...","Meanwhile back at the ranch..."],"messages_no":4,"bad_words":[],"bad_words_no":0,"weight":0,"location":[44.5227654,-89.5856626,44.5227654,-89.5856626,44.5227654,-89.5856626,44.5227654,-89.5856626]}