{"messages":["Ughhh\n\nBastille \ud83d\ude0d\ud83d\udc9a\ud83d\udc9a","Ughhh\n\nBastille \ud83d\ude0d\ud83d\udc9a\ud83d\udc9a","Ughhh\n\nBastille \ud83d\ude0d\ud83d\udc9a\ud83d\udc9a"],"messages_no":3,"bad_words":[],"bad_words_no":0,"weight":0,"location":[[34.16996726,-118.60487167],[34.16996726,-118.60487167],[34.16996726,-118.60487167]],"friends":[1,2,3,4]}