{"messages":["Lmaoooo http:\/\/t.co\/QG7BuSBLQP","Lmaoooo http:\/\/t.co\/QG7BuSBLQP","\u201c@TheeCoreyW: The true meaning of \"Squad\" http:\/\/t.co\/4duDWT9k9G\u201d my fav part of this movie \u2764\ufe0f","Mchammmaaaaaa daddy put the gun downnnn.","I love Jackie channnnn. Lol","How can one person be so disrespectful .","Why am I so damn nice !?!\ud83d\ude29\ud83d\ude29\ud83d\ude29","@Mick_eye_ee_luh love you too\ud83d\ude18\ud83d\ude18","Lmaoooo http:\/\/t.co\/QG7BuSBLQP","\u201c@TheeCoreyW: The true meaning of \"Squad\" http:\/\/t.co\/4duDWT9k9G\u201d my fav part of this movie \u2764\ufe0f","Mchammmaaaaaa daddy put the gun downnnn.","I love Jackie channnnn. Lol","How can one person be so disrespectful ."],"messages_no":13,"bad_words":[],"bad_words_no":1,"weight":0,"location":[[37.83735575,-85.96715533],[37.83735575,-85.96715533],[37.89570813,-85.95847403],[37.83731518,-85.96712239],[37.83736227,-85.96698267],[37.83725617,-85.96721409],[37.83736055,-85.96725719],[37.83735021,-85.96726614],[37.83735575,-85.96715533],[37.89570813,-85.95847403],[37.83731518,-85.96712239],[37.83736227,-85.96698267],[37.83725617,-85.96721409]],"friends":[1,2,3,4]}