{"messages":["Broncos winning the Superbowl.","I'm so mad.","Broncos winning the Superbowl.","I'm so mad.","Broncos winning the Superbowl.","I'm so mad."],"messages_no":6,"bad_words":[],"bad_words_no":0,"weight":0,"location":[[33.044875,-84.1512902],[33.0452475,-84.151917],[33.044875,-84.1512902],[33.0452475,-84.151917],[33.044875,-84.1512902],[33.0452475,-84.151917]],"friends":[1,2,3,4]}