{"messages":["Goodbye world..","Goodbye world..","Goodbye world.."],"messages_no":3,"bad_words":[],"bad_words_no":0,"weight":0,"location":[[28.27901334,-82.46694787],[28.27901334,-82.46694787],[28.27901334,-82.46694787]],"friends":[1,2,3,4]}