{"messages":["@TheAviGod followed me!!","@TheAviGod followed me!!","I should probably get to bed... \ud83d\ude20\ud83d\udd2b","Couldn't wait for tomorrow to come. Now I don't really care.","@TheAviGod followed me!!","@TheAviGod followed me!!","I should probably get to bed... \ud83d\ude20\ud83d\udd2b","I should probably get to bed... \ud83d\ude20\ud83d\udd2b"],"messages_no":8,"bad_words":[],"bad_words_no":0,"weight":0,"location":[41.57185407,-85.24194486,41.57185407,-85.24194486,41.45904947,-85.59737343,41.45923331,-85.59729245,41.57185407,-85.24194486,41.57185407,-85.24194486,41.45904947,-85.59737343,41.45904947,-85.59737343]}