{"messages":["@cupcakeprvt69 Your curls are amazing!!!!!!\u2764\u2764\u2764\u2764","@cupcakeprvt69 Your curls are amazing!!!!!!\u2764\u2764\u2764\u2764","@cupcakeprvt69 Your curls are amazing!!!!!!\u2764\u2764\u2764\u2764"],"messages_no":3,"bad_words":[],"bad_words_no":0,"weight":0,"location":[[39.91806793,-81.64248199],[39.91806793,-81.64248199],[39.91806793,-81.64248199]],"friends":[1,2,3,4]}