{"messages":["Goodnight","Goodnight","@izelbari I know by first hand experience dahaha","Goodnight","@izelbari I know by first hand experience dahaha"],"messages_no":5,"bad_words":[],"bad_words_no":0,"weight":0,"location":[[40.5679329,-74.1221994],[40.5679329,-74.1221994],[40.5678603,-74.1224602],[40.5679329,-74.1221994],[40.5678603,-74.1224602]],"friends":[1,2,3,4]}