{"messages":["Fuck All These Niggas Except My Niggas","Fuck All These Niggas Except My Niggas","Fuck All These Niggas Except My Niggas","Fuck All These Niggas Except My Niggas"],"messages_no":4,"bad_words":[],"bad_words_no":3,"weight":0,"location":[32.29617769,-90.20535619,32.29617769,-90.20535619,32.29617769,-90.20535619,32.29617769,-90.20535619]}