{"messages":["Omw to the hospital.","Omw to the hospital.","Omw to the hospital."],"messages_no":3,"bad_words":[],"bad_words_no":0,"weight":0,"location":[[33.5540576,-84.2667855],[33.5540576,-84.2667855],[33.5540576,-84.2667855]],"friends":[1,2,3,4]}