{"messages":["Old school mentality","I have to start getting ready","Old school mentality","Old school mentality"],"messages_no":4,"bad_words":[],"bad_words_no":0,"weight":0,"location":[34.0553211,-117.7759112,34.0556434,-117.7758497,34.0553211,-117.7759112,34.0553211,-117.7759112]}