{"messages":["In conclusion, dustings suck.","In conclusion, dustings suck.","In conclusion, dustings suck.","In conclusion, dustings suck."],"messages_no":4,"bad_words":[],"bad_words_no":0,"weight":0,"location":[33.3412401,-86.7873613,33.3412401,-86.7873613,33.3412401,-86.7873613,33.3412401,-86.7873613]}