{"messages":["Ugh work time lets do this","Ugh work time lets do this","Ugh work time lets do this"],"messages_no":3,"bad_words":[],"bad_words_no":0,"weight":0,"location":[[34.14961625,-118.77302387],[34.14961625,-118.77302387],[34.14961625,-118.77302387]],"friends":[1,2,3,4]}