{"messages":["Wow lol","Wow lol","Wow lol"],"messages_no":3,"bad_words":[],"bad_words_no":0,"weight":0,"location":[[33.4418146,-112.5312195],[33.4418146,-112.5312195],[33.4418146,-112.5312195]],"friends":[1,2,3,4]}