{"messages":["The things I make oh my http:\/\/t.co\/H6xZLZ7yqY","A melody and some hoes\ud83d\udd25\ud83d\udc22","The things I make oh my http:\/\/t.co\/H6xZLZ7yqY","A melody and some hoes\ud83d\udd25\ud83d\udc22","Try to hide from it","The things I make oh my http:\/\/t.co\/H6xZLZ7yqY","A melody and some hoes\ud83d\udd25\ud83d\udc22"],"messages_no":7,"bad_words":[],"bad_words_no":0,"weight":0,"location":[[37.65768167,-121.03993309],[37.65771232,-121.04002737],[37.65768167,-121.03993309],[37.65771232,-121.04002737],[37.65777733,-121.04002392],[37.65768167,-121.03993309],[37.65771232,-121.04002737]],"friends":[1,2,3,4]}