{"messages":["I'm tha typa nigga that don't give a fuck anyways","@OG_taylooor swea too god\u2753\u2753\u2753\ud83d\ude33","I love RICHARD SHERMAN","I'm tha typa nigga that don't give a fuck anyways","@OG_taylooor swea too god\u2753\u2753\u2753\ud83d\ude33","I love RICHARD SHERMAN","I'm tha typa nigga that don't give a fuck anyways","@OG_taylooor swea too god\u2753\u2753\u2753\ud83d\ude33","I love RICHARD SHERMAN"],"messages_no":9,"bad_words":[],"bad_words_no":6,"weight":0,"location":[[31.32136832,-89.36533367],[31.32126593,-89.36508362],[31.32093407,-89.36525547],[31.32136832,-89.36533367],[31.32126593,-89.36508362],[31.32093407,-89.36525547],[31.32136832,-89.36533367],[31.32126593,-89.36508362],[31.32093407,-89.36525547]],"friends":[1,2,3,4]}