{"messages":["\u201c@AlyTorres4: country music is hands down my favorite.\u201d","\u201c@AlyTorres4: country music is hands down my favorite.\u201d","Low key that makes me sad #TheFamily","\u201c@AlyTorres4: country music is hands down my favorite.\u201d"],"messages_no":4,"bad_words":[],"bad_words_no":0,"weight":0,"location":[[32.74089216,-97.46582142],[32.74089216,-97.46582142],[32.74094639,-97.46569586],[32.74089216,-97.46582142]],"friends":[1,2,3,4]}