{"messages":["Who's tryna bring me lunch?","Who's tryna bring me lunch?","Who's tryna bring me lunch?","Who's tryna bring me lunch?"],"messages_no":4,"bad_words":[],"bad_words_no":0,"weight":0,"location":[33.1086076,-96.6614838,33.1086076,-96.6614838,33.1086076,-96.6614838,33.1086076,-96.6614838]}