{"messages":["I honestly believe once I get a car I'll be high 24\/7.","I'm Irish and Black.","I'm sorry everything isn't funny .. Some shit y'all cross the line with.","I honestly believe once I get a car I'll be high 24\/7.","I'm Irish and Black.","I'm sorry everything isn't funny .. Some shit y'all cross the line with.","I honestly believe once I get a car I'll be high 24\/7.","I'm Irish and Black.","I'm sorry everything isn't funny .. Some shit y'all cross the line with."],"messages_no":9,"bad_words":[],"bad_words_no":3,"weight":0,"location":[[30.00201227,-90.06704096],[30.00204829,-90.06707865],[30.00197064,-90.06709177],[30.00201227,-90.06704096],[30.00204829,-90.06707865],[30.00197064,-90.06709177],[30.00201227,-90.06704096],[30.00204829,-90.06707865],[30.00197064,-90.06709177]],"friends":[1,2,3,4]}