{"messages":["Holy shit....","Holy shit...."],"messages_no":2,"bad_words":[],"bad_words_no":2,"weight":0,"location":[37.96168958,-122.54590356,37.96168958,-122.54590356]}