{"messages":["@BrennonWalker @_Maralovee  oh my god \ud83d\udc80\ud83d\udc80","\u201c@itzzz_laurenn: He look like scooby doo LMAO\u201d","@BrennonWalker @_Maralovee  oh my god \ud83d\udc80\ud83d\udc80","\u201c@itzzz_laurenn: He look like scooby doo LMAO\u201d","@Khaliapatra \ud83d\ude34\ud83d\ude34 , you can come too","@BrennonWalker @_Maralovee  oh my god \ud83d\udc80\ud83d\udc80","\u201c@itzzz_laurenn: He look like scooby doo LMAO\u201d","@Khaliapatra \ud83d\ude34\ud83d\ude34 , you can come too"],"messages_no":8,"bad_words":[],"bad_words_no":0,"weight":0,"location":[[32.61261527,-97.09339825],[32.61277514,-97.09356369],[32.61261527,-97.09339825],[32.61277514,-97.09356369],[32.61260153,-97.09330226],[32.61261527,-97.09339825],[32.61277514,-97.09356369],[32.61260153,-97.09330226]],"friends":[1,2,3,4]}