{"messages":["@GB1700 @MaxxxGee wtf! Fuck the ops fr \ud83d\udcaf\ud83d\ude20","@GB1700 @MaxxxGee wtf! Fuck the ops fr \ud83d\udcaf\ud83d\ude20","@GB1700 @MaxxxGee wtf! Fuck the ops fr \ud83d\udcaf\ud83d\ude20"],"messages_no":3,"bad_words":[],"bad_words_no":3,"weight":0,"location":[35.08542528,-80.86994125,35.08542528,-80.86994125,35.08542528,-80.86994125]}