{"messages":["Jelly bean are my fav\u2764\ufe0f","Jelly bean are my fav\u2764\ufe0f","Jelly bean are my fav\u2764\ufe0f"],"messages_no":3,"bad_words":[],"bad_words_no":0,"weight":0,"location":[43.66829904,-116.4462839,43.66829904,-116.4462839,43.66829904,-116.4462839]}