{"messages":["@john_braly21 Comedy Central at 12","@john_braly21 Comedy Central at 12","@john_braly21 Comedy Central at 12"],"messages_no":3,"bad_words":[],"bad_words_no":0,"weight":0,"location":[[35.28151748,-87.39860318],[35.28151748,-87.39860318],[35.28151748,-87.39860318]],"friends":[1,2,3,4]}