{"messages":["Here at Denny's","Here at Denny's","Here at Denny's"],"messages_no":3,"bad_words":[],"bad_words_no":0,"weight":0,"location":[[45.1432598,-122.8868655],[45.1432598,-122.8868655],[45.1432598,-122.8868655]],"friends":[1,2,3,4]}