{"messages":["Dropped hill off at Taco Bell to do a little business","Dropped hill off at Taco Bell to do a little business","I can drink to that all night","\u201c@UnrevealedFacts: The hardest question ever = \u201cDescribe yourself\u201d.\u201d","Dropped hill off at Taco Bell to do a little business","I can drink to that all night"],"messages_no":6,"bad_words":[],"bad_words_no":0,"weight":0,"location":[[36.47532571,-80.61934982],[36.47532571,-80.61934982],[36.49254753,-80.62517348],[36.50588582,-80.67366614],[36.47532571,-80.61934982],[36.49254753,-80.62517348]],"friends":[1,2,3,4]}