{"messages":["Someone hang w me :\/\/\/","Someone hang w me :\/\/\/","Someone hang w me :\/\/\/"],"messages_no":3,"bad_words":[],"bad_words_no":0,"weight":0,"location":[[30.40359404,-95.62948605],[30.40359404,-95.62948605],[30.40359404,-95.62948605]],"friends":[1,2,3,4]}