{"messages":["Joseey &gt; \u2764","Joseey &gt; \u2764","Sometimes the one you'd take a bullet for is the one behind the trigger.","Joseey &gt; \u2764","Sometimes the one you'd take a bullet for is the one behind the trigger."],"messages_no":5,"bad_words":[],"bad_words_no":0,"weight":0,"location":[[41.6721555,-86.2839772],[41.6721555,-86.2839772],[41.6721121,-86.2839446],[41.6721555,-86.2839772],[41.6721121,-86.2839446]],"friends":[1,2,3,4]}