{"messages":["@HayPayy_143 damn right!","@Treylorhood97 thanks bby \u2764\ufe0f","@HayPayy_143 damn right!","@Treylorhood97 thanks bby \u2764\ufe0f","Bitch crazy \ud83d\ude02","@HayPayy_143 damn right!","@Treylorhood97 thanks bby \u2764\ufe0f"],"messages_no":7,"bad_words":[],"bad_words_no":3,"weight":0,"location":[[35.04929017,-82.04553776],[35.29562374,-82.40910986],[35.04929017,-82.04553776],[35.29562374,-82.40910986],[34.74926054,-81.60389229],[35.04929017,-82.04553776],[35.29562374,-82.40910986]],"friends":[1,2,3,4]}