{"messages":["Direct message emojis \ud83d\ude0a\ud83d\ude0d\ud83d\udc95","Direct message emojis \ud83d\ude0a\ud83d\ude0d\ud83d\udc95","Direct message emojis \ud83d\ude0a\ud83d\ude0d\ud83d\udc95"],"messages_no":3,"bad_words":[],"bad_words_no":0,"weight":0,"location":[[39.2234938,-84.5124901],[39.2234938,-84.5124901],[39.2234938,-84.5124901]],"friends":[1,2,3,4]}