{"messages":["It's been way to long #LSOD","It's been way to long #LSOD","It's been way to long #LSOD"],"messages_no":3,"bad_words":[],"bad_words_no":0,"weight":0,"location":[[38.99864526,-84.64831299],[38.99864526,-84.64831299],[38.99864526,-84.64831299]],"friends":[1,2,3,4]}