{"messages":["Leaning \/\/","Leaning \/\/","Leaning \/\/"],"messages_no":3,"bad_words":[],"bad_words_no":0,"weight":0,"location":[[39.55237641,-76.11652983],[39.55237641,-76.11652983],[39.55237641,-76.11652983]],"friends":[1,2,3,4]}