{"messages":["Kid Ink all day \ud83d\udc4c","Kid Ink all day \ud83d\udc4c","Kid Ink all day \ud83d\udc4c"],"messages_no":3,"bad_words":[],"bad_words_no":0,"weight":0,"location":[[39.89361186,-80.12696211],[39.89361186,-80.12696211],[39.89361186,-80.12696211]],"friends":[1,2,3,4]}