{"messages":["@itsmelissus is my favorite doe","@karsynjordan happy birthday!!!","Someone stab this guy in the damn esophagus already.","@itsmelissus is my favorite doe","@karsynjordan happy birthday!!!","Someone stab this guy in the damn esophagus already.","@DanhaPriscilla just by itself its amazinggg:)","@itsmelissus is my favorite doe","@karsynjordan happy birthday!!!","Someone stab this guy in the damn esophagus already.","@DanhaPriscilla just by itself its amazinggg:)"],"messages_no":11,"bad_words":[],"bad_words_no":3,"weight":0,"location":[[34.0666226,-117.6710237],[34.0779639,-117.7170342],[33.9912007,-118.0803162],[34.0666226,-117.6710237],[34.0779639,-117.7170342],[33.9912007,-118.0803162],[34.0779566,-117.7170722],[34.0666226,-117.6710237],[34.0779639,-117.7170342],[33.9912007,-118.0803162],[34.0779566,-117.7170722]],"friends":[1,2,3,4]}