{"messages":["Plenty of time \ud83d\udc4c","Plenty of time \ud83d\udc4c","You're cool \ud83d\ude0f\ud83d\udc4c","Plenty of time \ud83d\udc4c","You're cool \ud83d\ude0f\ud83d\udc4c"],"messages_no":5,"bad_words":[],"bad_words_no":0,"weight":0,"location":[[33.24429056,-96.68577449],[33.24429056,-96.68577449],[33.2442285,-96.68574566],[33.24429056,-96.68577449],[33.2442285,-96.68574566]],"friends":[1,2,3,4]}