{"messages":["Is boosie outta jail yet?","Is boosie outta jail yet?","Is boosie outta jail yet?"],"messages_no":3,"bad_words":[],"bad_words_no":0,"weight":0,"location":[40.2911604,-84.1823351,40.2911604,-84.1823351,40.2911604,-84.1823351]}