{"messages":["swear anything with Juicy J in it I'll listen to it","tonight has been a good night\ud83d\ude0e","swear anything with Juicy J in it I'll listen to it","tonight has been a good night\ud83d\ude0e","@claytonhawkinso fuck u Clayton","swear anything with Juicy J in it I'll listen to it","tonight has been a good night\ud83d\ude0e","@claytonhawkinso fuck u Clayton"],"messages_no":8,"bad_words":[],"bad_words_no":2,"weight":0,"location":[[32.99136953,-96.27445241],[32.99155159,-96.27429885],[32.99136953,-96.27445241],[32.99155159,-96.27429885],[32.99161961,-96.27435752],[32.99136953,-96.27445241],[32.99155159,-96.27429885],[32.99161961,-96.27435752]],"friends":[1,2,3,4]}