{"messages":["5-0 Seahawks","5-0 Seahawks","5-0 Seahawks"],"messages_no":3,"bad_words":[],"bad_words_no":0,"weight":0,"location":[[36.51590151,-121.68795556],[36.51590151,-121.68795556],[36.51590151,-121.68795556]],"friends":[1,2,3,4]}