{"messages":["@Snikwah_Toucs do it","@Snikwah_Toucs do it","@Snikwah_Toucs do it","@Snikwah_Toucs do it"],"messages_no":4,"bad_words":[],"bad_words_no":0,"weight":0,"location":[42.72290753,-78.82723124,42.72290753,-78.82723124,42.72290753,-78.82723124,42.72290753,-78.82723124]}