{"messages":["23; i dont know you but you're a cutie :)","23; i dont know you but you're a cutie :)","23; i dont know you but you're a cutie :)"],"messages_no":3,"bad_words":[],"bad_words_no":0,"weight":0,"location":[[41.66511679,-85.93789053],[41.66511679,-85.93789053],[41.66511679,-85.93789053]],"friends":[1,2,3,4]}