{"messages":["@JuwanMcGee4 @DevJones18 I'm just happy lmao","@SincereAsshole2 yes lol I tried it before \ud83d\ude02","@JuwanMcGee4 @DevJones18 I'm just happy lmao","@SincereAsshole2 yes lol I tried it before \ud83d\ude02","@leahtsparkman I love them lol","@TommyLTaylor3 lol why","@JuwanMcGee4 @DevJones18 I'm just happy lmao","@SincereAsshole2 yes lol I tried it before \ud83d\ude02","@leahtsparkman I love them lol"],"messages_no":9,"bad_words":[],"bad_words_no":0,"weight":0,"location":[[31.91919621,-102.29752592],[31.91903653,-102.29773013],[31.91919621,-102.29752592],[31.91903653,-102.29773013],[31.91913565,-102.29760127],[31.91907058,-102.29763742],[31.91919621,-102.29752592],[31.91903653,-102.29773013],[31.91913565,-102.29760127]],"friends":[1,2,3,4]}