{"messages":["Anyone wanna pick up my boy tevin from Bonita tonight around 9 hmu ! Got gas $$$$","@jessicaapalmer you better fucking be","Anyone wanna pick up my boy tevin from Bonita tonight around 9 hmu ! Got gas $$$$","@jessicaapalmer you better fucking be","Iphone 5 headphones have good bass \ud83d\ude0e","Well then text me","@NikkiBrew1 shut up","#SingleBecause It's not worth being hurt from all the drama and bullshit that's travels the hallways of RIVERDALE HIGH SCHOOL \ud83c\udf35\ud83d\ude21\ud83d\ude24","You ain't seen a fight until you're fightin for your life with your brothers side by side","Anyone wanna pick up my boy tevin from Bonita tonight around 9 hmu ! Got gas $$$$","@jessicaapalmer you better fucking be","Iphone 5 headphones have good bass \ud83d\ude0e","Well then text me"],"messages_no":13,"bad_words":[],"bad_words_no":4,"weight":0,"location":[[26.71074784,-81.73447245],[26.71071192,-81.734412],[26.71074784,-81.73447245],[26.71071192,-81.734412],[26.70654201,-81.72353329],[26.61769633,-81.79602268],[26.71619782,-81.74820446],[26.61739905,-81.79599155],[26.71619782,-81.74820446],[26.71074784,-81.73447245],[26.71071192,-81.734412],[26.70654201,-81.72353329],[26.61769633,-81.79602268]],"friends":[1,2,3,4]}