{"messages":["@JustinSchmidt19 no way","I don't get how everyone is getting really high scores on flappy.","@JustinSchmidt19 no way","I don't get how everyone is getting really high scores on flappy.","@JustinSchmidt19 no way","I don't get how everyone is getting really high scores on flappy."],"messages_no":6,"bad_words":[],"bad_words_no":0,"weight":0,"location":[[42.21307096,-73.85880501],[42.21284984,-73.85837981],[42.21307096,-73.85880501],[42.21284984,-73.85837981],[42.21307096,-73.85880501],[42.21284984,-73.85837981]],"friends":[1,2,3,4]}