{"messages":["I'm ready to go home nigga!!","I'm ready to go home nigga!!","I'm ready to go home nigga!!"],"messages_no":3,"bad_words":[],"bad_words_no":3,"weight":0,"location":[34.56230797,-118.00926199,34.56230797,-118.00926199,34.56230797,-118.00926199]}