{"messages":["wtf I'm soooo weak \ud83d\ude02\ud83d\ude02 http:\/\/t.co\/flT9INypke","wtf I'm soooo weak \ud83d\ude02\ud83d\ude02 http:\/\/t.co\/flT9INypke","wtf I'm soooo weak \ud83d\ude02\ud83d\ude02 http:\/\/t.co\/flT9INypke","wtf I'm soooo weak \ud83d\ude02\ud83d\ude02 http:\/\/t.co\/flT9INypke"],"messages_no":4,"bad_words":[],"bad_words_no":0,"weight":0,"location":[38.06630268,-84.45655764,38.06630268,-84.45655764,38.06630268,-84.45655764,38.06630268,-84.45655764]}