{"messages":["@d0nster23 did Peyton have to play in Canada?","@d0nster23 did Peyton have to play in Canada?","@d0nster23 did Peyton have to play in Canada?"],"messages_no":3,"bad_words":[],"bad_words_no":0,"weight":0,"location":[[36.84358394,-121.36790293],[36.84358394,-121.36790293],[36.84358394,-121.36790293]],"friends":[1,2,3,4]}