{"messages":["@SophieMaguire8 what?!","@SophieMaguire8 what?!","@SophieMaguire8 what?!","@SophieMaguire8 what?!"],"messages_no":4,"bad_words":[],"bad_words_no":0,"weight":0,"location":[28.67423749,-81.21890995,28.67423749,-81.21890995,28.67423749,-81.21890995,28.67423749,-81.21890995]}