{"messages":["What a game!","I think my head might explode!!","What a game!","I think my head might explode!!","I think my head might explode!!"],"messages_no":5,"bad_words":[],"bad_words_no":0,"weight":0,"location":[36.06771454,-95.84104529,36.06790477,-95.8407073,36.06771454,-95.84104529,36.06790477,-95.8407073,36.06790477,-95.8407073]}