{"messages":["Awhhh poor broncos!!\ud83d\ude03\ud83d\ude03\ud83d\ude03","Awhhh poor broncos!!\ud83d\ude03\ud83d\ude03\ud83d\ude03","Awhhh poor broncos!!\ud83d\ude03\ud83d\ude03\ud83d\ude03"],"messages_no":3,"bad_words":[],"bad_words_no":0,"weight":0,"location":[[33.07819013,-97.03432406],[33.07819013,-97.03432406],[33.07819013,-97.03432406]],"friends":[1,2,3,4]}