{"messages":["My heart just about stopped\ud83d\ude28","Your fashion sense gets better every day http:\/\/t.co\/uBODHEgktp","\u201c@_LadyBoners: Holy arms \ud83d\ude0d http:\/\/t.co\/xWq6SaYfaN\u201d\ud83d\ude31\ud83d\ude31\ud83d\ude0d\ud83d\ude0d\ud83d\ude0d\ud83d\ude0d\ud83d\ude0d","My heart just about stopped\ud83d\ude28","My heart just about stopped\ud83d\ude28"],"messages_no":5,"bad_words":[],"bad_words_no":0,"weight":0,"location":[44.42759501,-74.17288626,44.33138615,-74.12131274,44.33151296,-74.12121937,44.42759501,-74.17288626,44.42759501,-74.17288626]}