{"messages":["Happy Groundhog Day","Happy Groundhog Day","Happy Groundhog Day"],"messages_no":3,"bad_words":[],"bad_words_no":0,"weight":0,"location":[[28.15523026,-80.67696442],[28.15523026,-80.67696442],[28.15523026,-80.67696442]],"friends":[1,2,3,4]}