{"messages":["@iMichonne miss you!!!!","@iMichonne miss you!!!!","@iMichonne miss you!!!!"],"messages_no":3,"bad_words":[],"bad_words_no":0,"weight":0,"location":[[39.9468428,-75.16856129],[39.9468428,-75.16856129],[39.9468428,-75.16856129]],"friends":[1,2,3,4]}