{"messages":["I'm petty...","I'm petty...","It's the 3rd your rent paid or nah?","I'm petty...","It's the 3rd your rent paid or nah?"],"messages_no":5,"bad_words":[],"bad_words_no":0,"weight":0,"location":[[40.06021762,-82.99203621],[40.06021762,-82.99203621],[40.06014309,-82.99211011],[40.06021762,-82.99203621],[40.06014309,-82.99211011]],"friends":[1,2,3,4]}