{"messages":["@graciela201213 *it and okay I'll dm you","@ashleem12_ SIKE. I know you want to be me. \ud83d\ude02","@graciela201213 *it and okay I'll dm you","@ashleem12_ SIKE. I know you want to be me. \ud83d\ude02","@ashleem12_ SIKE. I know you want to be me. \ud83d\ude02"],"messages_no":5,"bad_words":[],"bad_words_no":0,"weight":0,"location":[34.11749633,-118.26194638,34.11769561,-118.26157389,34.11749633,-118.26194638,34.11769561,-118.26157389,34.11769561,-118.26157389]}