{"messages":["Last night tho","Last night tho","Last night tho"],"messages_no":3,"bad_words":[],"bad_words_no":0,"weight":0,"location":[[34.21893058,-82.33772577],[34.21893058,-82.33772577],[34.21893058,-82.33772577]],"friends":[1,2,3,4]}