{"messages":["I'm favoriting random shit right now\ud83d\ude02\ud83d\ude02\ud83d\ude0b","I'm favoriting random shit right now\ud83d\ude02\ud83d\ude02\ud83d\ude0b","I'm favoriting random shit right now\ud83d\ude02\ud83d\ude02\ud83d\ude0b"],"messages_no":3,"bad_words":[],"bad_words_no":3,"weight":0,"location":[36.01505864,-115.06668926,36.01505864,-115.06668926,36.01505864,-115.06668926]}