{"messages":["Can't wait to go whale watching \ud83d\udc93","Can't wait to go whale watching \ud83d\udc93","Can't wait to go whale watching \ud83d\udc93"],"messages_no":3,"bad_words":[],"bad_words_no":0,"weight":0,"location":[[36.71398949,-121.63906915],[36.71398949,-121.63906915],[36.71398949,-121.63906915]],"friends":[1,2,3,4]}