{"messages":["Alien looking cuntx","Alien looking cuntx","Alien looking cuntx"],"messages_no":3,"bad_words":[],"bad_words_no":6,"weight":0,"location":[[33.15717536,-117.06790413],[33.15717536,-117.06790413],[33.15717536,-117.06790413]],"friends":[1,2,3,4]}