{"messages":["Disrespectful.","Disrespectful.","Disrespectful."],"messages_no":3,"bad_words":[],"bad_words_no":0,"weight":0,"location":[[28.05123552,-82.45266373],[28.05123552,-82.45266373],[28.05123552,-82.45266373]],"friends":[1,2,3,4]}