{"messages":["I wish our school served sushi like in glee el oh el","Isn't*","I wish our school served sushi like in glee el oh el","I wish our school served sushi like in glee el oh el","Isn't*"],"messages_no":5,"bad_words":[],"bad_words_no":0,"weight":0,"location":[33.5998269,-112.4422347,33.5997719,-112.4421914,33.5998269,-112.4422347,33.5998269,-112.4422347,33.5997719,-112.4421914]}