{"messages":["twitter just got 50x more annoying","twitter just got 50x more annoying","twitter just got 50x more annoying"],"messages_no":3,"bad_words":[],"bad_words_no":0,"weight":0,"location":[[33.92547597,-118.00789491],[33.92547597,-118.00789491],[33.92547597,-118.00789491]],"friends":[1,2,3,4]}