{"messages":["\"Stop policing my _____.\" -@R0o0sie","\"Stop policing my _____.\" -@R0o0sie","Good morning best friend Tom. http:\/\/t.co\/lCM1HLRqIu","\"Stop policing my _____.\" -@R0o0sie","Good morning best friend Tom. http:\/\/t.co\/lCM1HLRqIu"],"messages_no":5,"bad_words":[],"bad_words_no":0,"weight":0,"location":[[40.02877938,-75.31347702],[40.02877938,-75.31347702],[40.02638453,-75.31354858],[40.02877938,-75.31347702],[40.02638453,-75.31354858]],"friends":[1,2,3,4]}