{"messages":["Not my friend","Not my friend","Not my friend"],"messages_no":3,"bad_words":[],"bad_words_no":0,"weight":0,"location":[[39.91305041,-75.1575645],[39.91305041,-75.1575645],[39.91305041,-75.1575645]],"friends":[1,2,3,4]}