{"messages":["This is not Friday. This is Monday.","This is not Friday. This is Monday.","Hair dye burns like a mf","This is not Friday. This is Monday.","This is not Friday. This is Monday.","Hair dye burns like a mf"],"messages_no":6,"bad_words":[],"bad_words_no":0,"weight":0,"location":[30.5464289,-89.66913829,30.5464289,-89.66913829,30.55245266,-89.58357625,30.5464289,-89.66913829,30.5464289,-89.66913829,30.55245266,-89.58357625]}