{"messages":["Why am I sore from Wednesday? \ud83d\ude2d\ud83d\ude2d","Why am I sore from Wednesday? \ud83d\ude2d\ud83d\ude2d","@Jewlz_hunnayy why you so Perf? \ud83d\ude0d\ud83d\ude0d","Why am I sore from Wednesday? \ud83d\ude2d\ud83d\ude2d","@Jewlz_hunnayy why you so Perf? \ud83d\ude0d\ud83d\ude0d"],"messages_no":5,"bad_words":[],"bad_words_no":0,"weight":0,"location":[[34.06458672,-118.05981487],[34.06458672,-118.05981487],[34.09317176,-118.02228811],[34.06458672,-118.05981487],[34.09317176,-118.02228811]],"friends":[1,2,3,4]}