{"messages":["bless.","bless."],"messages_no":2,"bad_words":[],"bad_words_no":0,"weight":0,"location":[35.91787612,-79.05907043,35.91787612,-79.05907043]}