{"messages":["bless.","bless.","Ask me about my Black History Month playlist. Lolz. #myhittles","bless.","Ask me about my Black History Month playlist. Lolz. #myhittles"],"messages_no":5,"bad_words":[],"bad_words_no":0,"weight":0,"location":[[35.91787612,-79.05907043],[35.91787612,-79.05907043],[35.91021751,-79.048042],[35.91787612,-79.05907043],[35.91021751,-79.048042]],"friends":[1,2,3,4]}