{"messages":["That frosty is sounding better and better \ud83c\udf66\ud83c\udf68","That frosty is sounding better and better \ud83c\udf66\ud83c\udf68","That frosty is sounding better and better \ud83c\udf66\ud83c\udf68"],"messages_no":3,"bad_words":[],"bad_words_no":0,"weight":0,"location":[[38.30534489,-104.60071214],[38.30534489,-104.60071214],[38.30534489,-104.60071214]],"friends":[1,2,3,4]}