{"messages":["@NlGGIE the* kid","@NlGGIE the* kid","@NlGGIE the* kid"],"messages_no":3,"bad_words":[],"bad_words_no":0,"weight":0,"location":[[40.86016963,-74.75850926],[40.86016963,-74.75850926],[40.86016963,-74.75850926]],"friends":[1,2,3,4]}