{"messages":["i have a female cab driver","i have a female cab driver","i have a female cab driver"],"messages_no":3,"bad_words":[],"bad_words_no":0,"weight":0,"location":[[40.73654796,-73.99903309],[40.73654796,-73.99903309],[40.73654796,-73.99903309]],"friends":[1,2,3,4]}