{"messages":["I just woke up from a 4 hour nap.","I just woke up from a 4 hour nap.","I just woke up from a 4 hour nap."],"messages_no":3,"bad_words":[],"bad_words_no":0,"weight":0,"location":[[41.03802952,-73.77458895],[41.03802952,-73.77458895],[41.03802952,-73.77458895]],"friends":[1,2,3,4]}