{"messages":["I cant wait till valentines day \ud83d\ude48\u2665\ufe0f\ud83c\udf39\ud83c\udf6b","going back ona WestBank","\ud83d\ude02\ud83d\ude02 I like fw Gabby","In kinda spooked out right now","\u201c@ERRRRIYANNE_: \u201c@XOkellss_: \u201c@ERRRRIYANNE_: my name is spelled ERRIYANNE\ud83d\udc81. GET IT RIGHT\ud83d\ude12.\u201d\u201d bye\u201d\ud83d\ude02\ud83d\ude18","NP: Drunk In Love w\/ fa BEAT","\ud83d\ude02\ud83d\ude02\ud83d\ude02\ud83d\ude29\ud83d\ude29\ud83d\ude02\ud83d\ude02\ud83d\ude02\ud83d\udc80\ud83d\udc80\ud83d\udc80\ud83d\udc80 lmaoooo Donkey soooo funny"],"messages_no":7,"bad_words":[],"bad_words_no":0,"weight":0,"location":[[30.05359452,-90.53462546],[30.05342735,-90.5348733],[30.05338842,-90.53488897],[30.05345254,-90.53490666],[30.0533898,-90.53481152],[30.05354801,-90.53469954],[30.0534411,-90.53484564]]}