{"messages":["Maybe my parents do love me http:\/\/t.co\/208xyoBfCA","But I'm not Puerto Rican..","Maybe my parents do love me http:\/\/t.co\/208xyoBfCA","But I'm not Puerto Rican..","But I'm not Puerto Rican.."],"messages_no":5,"bad_words":[],"bad_words_no":0,"weight":0,"location":[34.78362213,-77.40708518,34.78397889,-77.40716521,34.78362213,-77.40708518,34.78397889,-77.40716521,34.78397889,-77.40716521]}