{"messages":["@eeesweezy do it.","@eeesweezy do it.","@eeesweezy do it."],"messages_no":3,"bad_words":[],"bad_words_no":0,"weight":0,"location":[35.51556492,-97.62433788,35.51556492,-97.62433788,35.51556492,-97.62433788]}