{"messages":["I been drankin.","Woke up sleazy :-)","Fuck..","I been drankin.","Woke up sleazy :-)","Fuck..","I been drankin.","Woke up sleazy :-)","Fuck.."],"messages_no":9,"bad_words":[],"bad_words_no":3,"weight":0,"location":[[32.8615147,-97.002927],[32.8615067,-97.002943],[32.8611531,-97.0051517],[32.8615147,-97.002927],[32.8615067,-97.002943],[32.8611531,-97.0051517],[32.8615147,-97.002927],[32.8615067,-97.002943],[32.8611531,-97.0051517]],"friends":[1,2,3,4]}