{"messages":["I been drankin.","Woke up sleazy :-)","Fuck.."],"messages_no":3,"bad_words":[],"bad_words_no":1,"weight":0,"location":[[32.8615147,-97.002927],[32.8615067,-97.002943],[32.8611531,-97.0051517]]}