{"messages":["@SameLove15_ morning","@NebboSpencer morning \ud83d\ude18","Last call anybody wanna be my header and bio ?"],"messages_no":3,"bad_words":[],"bad_words_no":0,"weight":0,"location":[[31.67392342,-84.89189975],[31.67370137,-84.89197208],[31.67362729,-84.89196075]]}