{"messages":["\u201c@chase_mayle: Not in a good mood\u201d","Lets all come to my moms without asking? Lmao.","\u201c@chase_mayle: Not in a good mood\u201d","\u201c@chase_mayle: Not in a good mood\u201d","Lets all come to my moms without asking? Lmao.","Lets all come to my moms without asking? Lmao."],"messages_no":6,"bad_words":[],"bad_words_no":0,"weight":0,"location":[40.03450864,-81.5834913,40.02747919,-81.5788986,40.03450864,-81.5834913,40.03450864,-81.5834913,40.02747919,-81.5788986,40.02747919,-81.5788986]}