{"messages":["DONT LEAVE TATE \ud83d\ude2d\ud83d\udc94","DONT LEAVE TATE \ud83d\ude2d\ud83d\udc94"],"messages_no":2,"bad_words":[],"bad_words_no":0,"weight":0,"location":[34.23104676,-118.45393116,34.23104676,-118.45393116]}