{"messages":["#Dallastillidie","#Dallastillidie","#Dallastillidie"],"messages_no":3,"bad_words":[],"bad_words_no":0,"weight":0,"location":[[32.7631018,-96.5792426],[32.7631018,-96.5792426],[32.7631018,-96.5792426]],"friends":[1,2,3,4]}