{"messages":["My snowman is melting \ud83d\ude2d","My snowman is melting \ud83d\ude2d","This is why Denver isn't even my team lol","My snowman is melting \ud83d\ude2d","My snowman is melting \ud83d\ude2d"],"messages_no":5,"bad_words":[],"bad_words_no":0,"weight":0,"location":[34.90145693,-77.52904897,34.90145693,-77.52904897,34.901333,-77.52897933,34.90145693,-77.52904897,34.90145693,-77.52904897]}