{"messages":["You're most definitely the one I want for sure \u2764\ufe0f\u2728","You're most definitely the one I want for sure \u2764\ufe0f\u2728","You're most definitely the one I want for sure \u2764\ufe0f\u2728"],"messages_no":3,"bad_words":[],"bad_words_no":0,"weight":0,"location":[[32.5785477,-92.08081451],[32.5785477,-92.08081451],[32.5785477,-92.08081451]],"friends":[1,2,3,4]}