{"messages":["#EsuranceSave30","#EsuranceSave30","#EsuranceSave30"],"messages_no":3,"bad_words":[],"bad_words_no":0,"weight":0,"location":[[38.83745053,-94.47728301],[38.83745053,-94.47728301],[38.83745053,-94.47728301]],"friends":[1,2,3,4]}