{"messages":["Filthy!!!!","Filthy!!!!","Filthy!!!!"],"messages_no":3,"bad_words":[],"bad_words_no":0,"weight":0,"location":[[47.73777053,-122.18959513],[47.73777053,-122.18959513],[47.73777053,-122.18959513]],"friends":[1,2,3,4]}