{"messages":["I ain't the \ud83d\ude94\ud83d\ude93 so I ain't cuffing her .","It's barely bitches on my tl .","I ain't the \ud83d\ude94\ud83d\ude93 so I ain't cuffing her .","It's barely bitches on my tl .","I ain't the \ud83d\ude94\ud83d\ude93 so I ain't cuffing her .","It's barely bitches on my tl ."],"messages_no":6,"bad_words":[],"bad_words_no":3,"weight":0,"location":[[38.96151707,-92.33401942],[38.94541441,-92.33244028],[38.96151707,-92.33401942],[38.94541441,-92.33244028],[38.96151707,-92.33401942],[38.94541441,-92.33244028]],"friends":[1,2,3,4]}