{"messages":["#truth \ud83d\ude4c http:\/\/t.co\/CRK5W31Ppx","annoys me when people blow up my twitter\/instagram\ud83d\ude24","plans got totally fucked","need to straighten my hair but it takes so long and im lazy ugh","#truth \ud83d\ude4c http:\/\/t.co\/CRK5W31Ppx","annoys me when people blow up my twitter\/instagram\ud83d\ude24","plans got totally fucked","plans got totally fucked"],"messages_no":8,"bad_words":[],"bad_words_no":3,"weight":0,"location":[42.31408451,-122.82811353,42.31315437,-122.82856825,42.3134886,-122.83007129,42.31316635,-122.8284934,42.31408451,-122.82811353,42.31315437,-122.82856825,42.3134886,-122.83007129,42.3134886,-122.83007129]}