{"messages":["My brother and el blowing me","Eat da cake Anna Mae","My brother and el blowing me","Eat da cake Anna Mae","Eat da cake Anna Mae"],"messages_no":5,"bad_words":[],"bad_words_no":0,"weight":0,"location":[33.70075603,-80.23268171,33.69441413,-80.21396302,33.70075603,-80.23268171,33.69441413,-80.21396302,33.69441413,-80.21396302]}