{"messages":["#EsuranceSave30","#EsuranceSave30","#EsuranceSave30"],"messages_no":3,"bad_words":[],"bad_words_no":0,"weight":0,"location":[[28.33762944,-82.25542624],[28.33762944,-82.25542624],[28.33762944,-82.25542624]],"friends":[1,2,3,4]}