{"messages":["\u201c@ItsKidCudii: Dying to know. Afraid to find out\u201d","\u201c@ItsKidCudii: Dying to know. Afraid to find out\u201d","\u201c@ItsKidCudii: Dying to know. Afraid to find out\u201d"],"messages_no":3,"bad_words":[],"bad_words_no":0,"weight":0,"location":[37.63786503,-122.44246725,37.63786503,-122.44246725,37.63786503,-122.44246725]}