{"messages":["Shut your fucking face uncle fucker","Home alone bitches","Shut your fucking face uncle fucker","Home alone bitches"],"messages_no":4,"bad_words":[],"bad_words_no":6,"weight":0,"location":[29.23298934,-81.01846988,29.2328965,-81.01846143,29.23298934,-81.01846988,29.2328965,-81.01846143]}