{"messages":["wake &amp; bake","wake &amp; bake","I wish my eyes could take photos","wake &amp; bake","wake &amp; bake"],"messages_no":5,"bad_words":[],"bad_words_no":0,"weight":0,"location":[42.86398752,-78.28190524,42.86398752,-78.28190524,42.8630543,-78.36442678,42.86398752,-78.28190524,42.86398752,-78.28190524]}