{"messages":["Every girl tonight http:\/\/t.co\/h6x6YXFPkK","@csm_ovoxo @gmp_xo you first","@EddieS1999 what?","Every girl tonight http:\/\/t.co\/h6x6YXFPkK","@csm_ovoxo @gmp_xo you first","@EddieS1999 what?","@brvndon_v nigga turn up is life","Codeine cowboy","Every girl tonight http:\/\/t.co\/h6x6YXFPkK","@csm_ovoxo @gmp_xo you first","@EddieS1999 what?","@brvndon_v nigga turn up is life"],"messages_no":12,"bad_words":[],"bad_words_no":2,"weight":0,"location":[[40.80709133,-74.00586213],[40.80714754,-74.0059332],[40.80721609,-74.00607197],[40.80709133,-74.00586213],[40.80714754,-74.0059332],[40.80721609,-74.00607197],[40.80721673,-74.00609496],[40.80735963,-74.00611874],[40.80709133,-74.00586213],[40.80714754,-74.0059332],[40.80721609,-74.00607197],[40.80721673,-74.00609496]],"friends":[1,2,3,4]}