{"messages":["Run it back boyyy !!!!","Run it back boyyy !!!!","Run it back boyyy !!!!"],"messages_no":3,"bad_words":[],"bad_words_no":0,"weight":0,"location":[[35.31338668,-119.00800999],[35.31338668,-119.00800999],[35.31338668,-119.00800999]],"friends":[1,2,3,4]}