{"messages":["@CameronDallas #CamTo1Mill PLEASE FOLLOW ME ILL LOVE YOU FOREVER \ud83d\udc95\ud83d\udc95\ud83d\udc95\ud83d\udc95\ud83d\udc95\ud83d\udc95\ud83d\udc95\ud83d\udc95\ud83d\udc95\ud83d\udc95\ud83d\udc95\ud83d\udc95\ud83d\udc955","@CameronDallas #CamTo1Mill PLEASE FOLLOW ME ILL LOVE YOU FOREVER \ud83d\udc95\ud83d\udc95\ud83d\udc95\ud83d\udc95\ud83d\udc95\ud83d\udc95\ud83d\udc95\ud83d\udc95\ud83d\udc95\ud83d\udc95\ud83d\udc95\ud83d\udc95\ud83d\udc9518","#CamTo1Mill \n\n\ud83c\udf3a\ud83c\udf3a\ud83c\udf3a\ud83c\udf3a\ud83c\udf3a\ud83c\udf3a\ud83c\udf3a\ud83c\udf3a\ud83c\udf3a\ud83c\udf3a\n\nI LOVE YOU SO MUCH I CANT BELIEVE YOU'RE ABOUT TO HIT 1 MILLION! PLEASE FOLLOW ME!\n\n\ud83d\ude18\ud83d\ude18\ud83d\ude18\ud83d\ude18\ud83d\ude18\ud83d\ude18\ud83d\ude18\ud83d\ude18\ud83d\ude18\ud83d\ude18\n\n1","#CamTo1Mill \n\n\ud83c\udf3a\ud83c\udf3a\ud83c\udf3a\ud83c\udf3a\ud83c\udf3a\ud83c\udf3a\ud83c\udf3a\ud83c\udf3a\ud83c\udf3a\ud83c\udf3a\n\nI LOVE YOU SO MUCH I CANT BELIEVE YOU'RE ABOUT TO HIT 1 MILLION! PLEASE FOLLOW ME!\n\n\ud83d\ude18\ud83d\ude18\ud83d\ude18\ud83d\ude18\ud83d\ude18\ud83d\ude18\ud83d\ude18\ud83d\ude18\ud83d\ude18\ud83d\ude18\n\n26"],"messages_no":4,"bad_words":[],"bad_words_no":0,"weight":0,"location":[[26.45170068,-80.06286973],[26.45169557,-80.06289127],[26.45171758,-80.06286946],[26.45163534,-80.06287795]]}