{"messages":["YES BECAUSE \/THIS ISNT WHAT I PAID FOR\/","using my old headphones feel so weird I","@centaursparadox lift???","YES BECAUSE \/THIS ISNT WHAT I PAID FOR\/","using my old headphones feel so weird I","@centaursparadox lift???"],"messages_no":6,"bad_words":[],"bad_words_no":0,"weight":0,"location":[38.39720351,-121.40141015,38.3974058,-121.40159728,38.39730239,-121.4016965,38.39720351,-121.40141015,38.3974058,-121.40159728,38.39730239,-121.4016965]}