{"messages":["So much gets to me. Whatevs! \u270c\ufe0f","So much gets to me. Whatevs! \u270c\ufe0f","So much gets to me. Whatevs! \u270c\ufe0f"],"messages_no":3,"bad_words":[],"bad_words_no":0,"weight":0,"location":[[43.32585384,-75.71724623],[43.32585384,-75.71724623],[43.32585384,-75.71724623]],"friends":[1,2,3,4]}