{"messages":["Tryna get a ticket like no money on da meter \u2757\ufe0f","Keep a bankroll and that bitch don't fold \ud83d\udcb0","Tryna get a ticket like no money on da meter \u2757\ufe0f","Keep a bankroll and that bitch don't fold \ud83d\udcb0","Tryna get a ticket like no money on da meter \u2757\ufe0f","Keep a bankroll and that bitch don't fold \ud83d\udcb0"],"messages_no":6,"bad_words":[],"bad_words_no":3,"weight":0,"location":[[35.76606669,-78.59134289],[35.76612335,-78.59131213],[35.76606669,-78.59134289],[35.76612335,-78.59131213],[35.76606669,-78.59134289],[35.76612335,-78.59131213]],"friends":[1,2,3,4]}