{"messages":["\u201c@CameronDallas: I love sarcastic people\u201d","\u201c@CameronDallas: I love sarcastic people\u201d","\u201c@CameronDallas: I love sarcastic people\u201d"],"messages_no":3,"bad_words":[],"bad_words_no":0,"weight":0,"location":[[18.12748234,-67.09409393],[18.12748234,-67.09409393],[18.12748234,-67.09409393]],"friends":[1,2,3,4]}