{"messages":["@YG_THETRAPGOD4 wya down bad","My phone stay dead","Gotta get a shape up tomo","@YG_THETRAPGOD4 wya down bad","My phone stay dead","Gotta get a shape up tomo","Tell your bitch to eat eat","I'm in my own lane doing me","I get it on my own","Longest i never fucked doe","Bout to get this ladder","@YG_THETRAPGOD4 wya down bad","My phone stay dead","Gotta get a shape up tomo","Tell your bitch to eat eat"],"messages_no":15,"bad_words":[],"bad_words_no":3,"weight":0,"location":[[42.11655276,-80.06707367],[42.1165124,-80.06681012],[42.11640294,-80.06684808],[42.11655276,-80.06707367],[42.1165124,-80.06681012],[42.11640294,-80.06684808],[42.1165315,-80.06679059],[42.11663172,-80.06714635],[42.11669957,-80.06720217],[42.11669622,-80.06724307],[42.11649338,-80.06717996],[42.11655276,-80.06707367],[42.1165124,-80.06681012],[42.11640294,-80.06684808],[42.1165315,-80.06679059]],"friends":[1,2,3,4]}