{"messages":["@YG_THETRAPGOD4 wya down bad","My phone stay dead","Gotta get a shape up tomo"],"messages_no":3,"bad_words":[],"bad_words_no":0,"weight":0,"location":[[42.11655276,-80.06707367],[42.1165124,-80.06681012],[42.11640294,-80.06684808]]}