{"messages":["Wow I guess I suck at making out","Wow I guess I suck at making out","@Cluelessince96 what text","Wow I guess I suck at making out","@Cluelessince96 what text"],"messages_no":5,"bad_words":[],"bad_words_no":0,"weight":0,"location":[[38.79457074,-77.28236242],[38.79457074,-77.28236242],[38.78856154,-77.26145122],[38.79457074,-77.28236242],[38.78856154,-77.26145122]],"friends":[1,2,3,4]}