{"messages":["I want crazyyyy","I want crazyyyy"],"messages_no":2,"bad_words":[],"bad_words_no":0,"weight":0,"location":[38.92401398,-121.53013378,38.92401398,-121.53013378]}