{"messages":["Old lithographs&gt;","Old lithographs&gt;","Old lithographs&gt;"],"messages_no":3,"bad_words":[],"bad_words_no":0,"weight":0,"location":[[30.99366162,-90.92319134],[30.99366162,-90.92319134],[30.99366162,-90.92319134]],"friends":[1,2,3,4]}