{"messages":["@babyanggg omg youre crazy\ud83d\ude4a","@babyanggg omg youre crazy\ud83d\ude4a","@babyanggg omg youre crazy\ud83d\ude4a"],"messages_no":3,"bad_words":[],"bad_words_no":0,"weight":0,"location":[29.60052611,-81.23443731,29.60052611,-81.23443731,29.60052611,-81.23443731]}