{"messages":["I need food in my system.","I need food in my system.","I need food in my system."],"messages_no":3,"bad_words":[],"bad_words_no":0,"weight":0,"location":[[29.52448197,-98.48770485],[29.52448197,-98.48770485],[29.52448197,-98.48770485]],"friends":[1,2,3,4]}