{"messages":["Any minute now","Any minute now","Any minute now"],"messages_no":3,"bad_words":[],"bad_words_no":0,"weight":0,"location":[[33.20801779,-97.14738349],[33.20801779,-97.14738349],[33.20801779,-97.14738349]],"friends":[1,2,3,4]}