{"messages":["@kristianbuffa gooood!!!","@kristianbuffa gooood!!!","Mom: Your room is a mess. \nMe: You should see my life","@kristianbuffa gooood!!!","Mom: Your room is a mess. \nMe: You should see my life"],"messages_no":5,"bad_words":[],"bad_words_no":0,"weight":0,"location":[[32.34949904,-96.14754986],[32.34949904,-96.14754986],[32.38158694,-96.14915722],[32.34949904,-96.14754986],[32.38158694,-96.14915722]],"friends":[1,2,3,4]}