{"messages":["Make me your one &amp; only! \u2764\ufe0f http:\/\/t.co\/47poq4iNA2","Make me your one &amp; only! \u2764\ufe0f http:\/\/t.co\/47poq4iNA2","Make me your one &amp; only! \u2764\ufe0f http:\/\/t.co\/47poq4iNA2"],"messages_no":3,"bad_words":[],"bad_words_no":0,"weight":0,"location":[[36.84195491,-83.38026247],[36.84195491,-83.38026247],[36.84195491,-83.38026247]],"friends":[1,2,3,4]}