{"messages":["Smoke good weed with a bad bitch","Smoke good weed with a bad bitch","Smoke good weed with a bad bitch","Smoke good weed with a bad bitch"],"messages_no":4,"bad_words":[],"bad_words_no":3,"weight":0,"location":[32.34036509,-95.31415243,32.34036509,-95.31415243,32.34036509,-95.31415243,32.34036509,-95.31415243]}