{"messages":["I need a nap","I need a nap","I need a nap"],"messages_no":3,"bad_words":[],"bad_words_no":0,"weight":0,"location":[[34.1228842,-80.9563008],[34.1228842,-80.9563008],[34.1228842,-80.9563008]],"friends":[1,2,3,4]}