{"messages":["This game is a fluke","This game is a fluke","This game is a fluke"],"messages_no":3,"bad_words":[],"bad_words_no":0,"weight":0,"location":[[38.61435494,-89.9263356],[38.61435494,-89.9263356],[38.61435494,-89.9263356]],"friends":[1,2,3,4]}