{"messages":["Happy birthday @juliaklekotka !! \ud83c\udf89","@andrew_tab @Parth_Vadar are you \"in love with her\"?","Happy birthday @juliaklekotka !! \ud83c\udf89","Happy birthday @juliaklekotka !! \ud83c\udf89","@andrew_tab @Parth_Vadar are you \"in love with her\"?"],"messages_no":5,"bad_words":[],"bad_words_no":0,"weight":0,"location":[39.86003563,-74.94047279,39.82436256,-74.92836936,39.86003563,-74.94047279,39.86003563,-74.94047279,39.82436256,-74.92836936]}