{"messages":["Tv: up next broncos and seahawks \nDaddy: cowboys \n\ud83d\ude02\ud83d\ude02\ud83d\ude02\ud83d\ude02\ud83d\ude02\ud83d\ude02","Tv: up next broncos and seahawks \nDaddy: cowboys \n\ud83d\ude02\ud83d\ude02\ud83d\ude02\ud83d\ude02\ud83d\ude02\ud83d\ude02","Tv: up next broncos and seahawks \nDaddy: cowboys \n\ud83d\ude02\ud83d\ude02\ud83d\ude02\ud83d\ude02\ud83d\ude02\ud83d\ude02"],"messages_no":3,"bad_words":[],"bad_words_no":0,"weight":0,"location":[[32.77288827,-97.46739353],[32.77288827,-97.46739353],[32.77288827,-97.46739353]],"friends":[1,2,3,4]}