{"messages":["Watching the notebook &lt;3 (':","Watching the notebook &lt;3 (':","Watching the notebook &lt;3 (':"],"messages_no":3,"bad_words":[],"bad_words_no":0,"weight":0,"location":[[29.70090584,-95.17391281],[29.70090584,-95.17391281],[29.70090584,-95.17391281]],"friends":[1,2,3,4]}