{"messages":["Lawddd im starvingggg","Lawddd im starvingggg","Lawddd im starvingggg","Lawddd im starvingggg"],"messages_no":4,"bad_words":[],"bad_words_no":0,"weight":0,"location":[34.655066,-79.0005194,34.655066,-79.0005194,34.655066,-79.0005194,34.655066,-79.0005194]}