{"messages":["Follow me on Instagram: http:\/\/t.co\/XkKzF93StA","Follow me on Instagram: http:\/\/t.co\/XkKzF93StA","Let me rescue you","Follow me on Instagram: http:\/\/t.co\/XkKzF93StA","Let me rescue you"],"messages_no":5,"bad_words":[],"bad_words_no":0,"weight":0,"location":[[41.54388469,-88.27350276],[41.54388469,-88.27350276],[41.54376269,-88.27342938],[41.54388469,-88.27350276],[41.54376269,-88.27342938]],"friends":[1,2,3,4]}