{"messages":["Can my pay check come already?","Can my pay check come already?","I really need to settle down with someone.","Texting song lyrics to oomf \ud83d\ude0d\u2764\ufe0f\ud83d\udc4c","Can my pay check come already?","I really need to settle down with someone."],"messages_no":6,"bad_words":[],"bad_words_no":0,"weight":0,"location":[[28.0687788,-82.43644986],[28.0687788,-82.43644986],[28.06891618,-82.43524597],[28.63504225,-81.32228938],[28.0687788,-82.43644986],[28.06891618,-82.43524597]],"friends":[1,2,3,4]}