{"messages":["Bullshit","Gonna see mommy tomorrow \u263a\ufe0f","Bullshit","Gonna see mommy tomorrow \u263a\ufe0f","Bullshit","Gonna see mommy tomorrow \u263a\ufe0f","Bullshit","Gonna see mommy tomorrow \u263a\ufe0f"],"messages_no":8,"bad_words":[],"bad_words_no":3,"weight":0,"location":[37.39878649,-77.4859509,37.39446345,-77.49273845,37.39878649,-77.4859509,37.39446345,-77.49273845,37.39878649,-77.4859509,37.39446345,-77.49273845,37.39878649,-77.4859509,37.39446345,-77.49273845]}