{"messages":["@Manda2262 I feel your pain","@Manda2262 I feel your pain"],"messages_no":2,"bad_words":[],"bad_words_no":0,"weight":0,"location":[40.72600708,-73.97901991,40.72600708,-73.97901991]}