{"messages":["@_FridayFoster ok. I'm done \ud83d\ude18","Had an epiphany (for lack of better words) tonight","\u201c@302_duke: Boom Baby\u201d word to John Madden","@ItsStillLoso yea but I respect it","\u201c@BrownLikeJesus: Signing day in a couple of days then no more football :-\/\u201d I can't say the same #benefitsofcoaching","@_FridayFoster ok. I'm done \ud83d\ude18","Had an epiphany (for lack of better words) tonight","\u201c@302_duke: Boom Baby\u201d word to John Madden","@ItsStillLoso yea but I respect it","\u201c@BrownLikeJesus: Signing day in a couple of days then no more football :-\/\u201d I can't say the same #benefitsofcoaching","@_FridayFoster oh that's we coming now.... \ud83d\ude11","That was a bomb from Cooney!","@_imabadmuhfucka lol yep","@_FridayFoster ok. I'm done \ud83d\ude18","Had an epiphany (for lack of better words) tonight","\u201c@302_duke: Boom Baby\u201d word to John Madden","@ItsStillLoso yea but I respect it","\u201c@BrownLikeJesus: Signing day in a couple of days then no more football :-\/\u201d I can't say the same #benefitsofcoaching","@_FridayFoster oh that's we coming now.... \ud83d\ude11","That was a bomb from Cooney!"],"messages_no":20,"bad_words":[],"bad_words_no":1,"weight":0,"location":[[39.45531188,-75.69183841],[39.68613128,-75.75201277],[39.68937937,-75.68179632],[39.68923037,-75.68183288],[39.68929445,-75.68178705],[39.45531188,-75.69183841],[39.68613128,-75.75201277],[39.68937937,-75.68179632],[39.68923037,-75.68183288],[39.68929445,-75.68178705],[39.68911472,-75.68187473],[39.45544262,-75.69182824],[39.45511078,-75.69169061],[39.45531188,-75.69183841],[39.68613128,-75.75201277],[39.68937937,-75.68179632],[39.68923037,-75.68183288],[39.68929445,-75.68178705],[39.68911472,-75.68187473],[39.45544262,-75.69182824]],"friends":[1,2,3,4]}