{"messages":["Happy birthday @ashleyngillen \ud83c\udf88\ud83c\udf88\ud83c\udf88\ud83c\udf88\ud83c\udf88\ud83c\udf88\ud83c\udf88\ud83c\udf88\ud83c\udf88\ud83c\udf88\ud83c\udf88\ud83c\udf88\ud83c\udf88\ud83c\udf88\ud83c\udf88","Happy birthday @ashleyngillen \ud83c\udf88\ud83c\udf88\ud83c\udf88\ud83c\udf88\ud83c\udf88\ud83c\udf88\ud83c\udf88\ud83c\udf88\ud83c\udf88\ud83c\udf88\ud83c\udf88\ud83c\udf88\ud83c\udf88\ud83c\udf88\ud83c\udf88","Well June fell asleep so I'm left shitless watching The Purge by myself \ud83d\ude2d\ud83d\ude2d","Happy birthday @ashleyngillen \ud83c\udf88\ud83c\udf88\ud83c\udf88\ud83c\udf88\ud83c\udf88\ud83c\udf88\ud83c\udf88\ud83c\udf88\ud83c\udf88\ud83c\udf88\ud83c\udf88\ud83c\udf88\ud83c\udf88\ud83c\udf88\ud83c\udf88","Happy birthday @ashleyngillen \ud83c\udf88\ud83c\udf88\ud83c\udf88\ud83c\udf88\ud83c\udf88\ud83c\udf88\ud83c\udf88\ud83c\udf88\ud83c\udf88\ud83c\udf88\ud83c\udf88\ud83c\udf88\ud83c\udf88\ud83c\udf88\ud83c\udf88","Well June fell asleep so I'm left shitless watching The Purge by myself \ud83d\ude2d\ud83d\ude2d"],"messages_no":6,"bad_words":[],"bad_words_no":2,"weight":0,"location":[39.9955529,-74.16703653,39.9955529,-74.16703653,40.12476593,-74.05611036,39.9955529,-74.16703653,39.9955529,-74.16703653,40.12476593,-74.05611036]}