{"messages":["@jason_gibbs1993 whatever","@jason_gibbs1993 whatever","@jason_gibbs1993 whatever","@jason_gibbs1993 whatever"],"messages_no":4,"bad_words":[],"bad_words_no":0,"weight":0,"location":[32.4405026,-89.11129614,32.4405026,-89.11129614,32.4405026,-89.11129614,32.4405026,-89.11129614]}