{"messages":["Rise &amp; shine happy fridaays \ud83d\ude03","Rise &amp; shine happy fridaays \ud83d\ude03","Rise &amp; shine happy fridaays \ud83d\ude03","Rise &amp; shine happy fridaays \ud83d\ude03"],"messages_no":4,"bad_words":[],"bad_words_no":0,"weight":0,"location":[33.9272103,-118.3441797,33.9272103,-118.3441797,33.9272103,-118.3441797,33.9272103,-118.3441797]}