{"messages":["\u201c@Dopeycreation: @_royalk lol always have been \u263a\ufe0f\u201d you know me so well \ud83d\ude4a","\u201c@NArias_64: If your not going to watch the superbowl your not American\u201d rft","if you call me princess k ily","\u201c@thatniggaraw81: Seahawks D too much for the broncos I like manning to choke today\u201d rt","\u201c@Dopeycreation: @_royalk lol always have been \u263a\ufe0f\u201d you know me so well \ud83d\ude4a","\u201c@NArias_64: If your not going to watch the superbowl your not American\u201d rft","if you call me princess k ily","\u201c@thatniggaraw81: Seahawks D too much for the broncos I like manning to choke today\u201d rt","@Timotizzle_ if he has an eye for talent he would sign me,shit. lmao","\u201c@Dopeycreation: @_royalk lol always have been \u263a\ufe0f\u201d you know me so well \ud83d\ude4a","\u201c@NArias_64: If your not going to watch the superbowl your not American\u201d rft","if you call me princess k ily","\u201c@thatniggaraw81: Seahawks D too much for the broncos I like manning to choke today\u201d rt","@Timotizzle_ if he has an eye for talent he would sign me,shit. lmao"],"messages_no":14,"bad_words":[],"bad_words_no":5,"weight":0,"location":[[25.62789027,-80.36157729],[25.48310147,-80.42388558],[25.48309361,-80.4238664],[25.48300961,-80.42368764],[25.62789027,-80.36157729],[25.48310147,-80.42388558],[25.48309361,-80.4238664],[25.48300961,-80.42368764],[25.46816101,-80.46319238],[25.62789027,-80.36157729],[25.48310147,-80.42388558],[25.48309361,-80.4238664],[25.48300961,-80.42368764],[25.46816101,-80.46319238]],"friends":[1,2,3,4]}