{"messages":["Move like a butterfly sting like a bee","Move like a butterfly sting like a bee","Move like a butterfly sting like a bee","Move like a butterfly sting like a bee"],"messages_no":4,"bad_words":[],"bad_words_no":0,"weight":0,"location":[39.38816556,-119.77702706,39.38816556,-119.77702706,39.38816556,-119.77702706,39.38816556,-119.77702706]}