{"messages":["People bitch too much at the gym","People bitch too much at the gym","People bitch too much at the gym"],"messages_no":3,"bad_words":[],"bad_words_no":3,"weight":0,"location":[[33.91661987,-118.04903327],[33.91661987,-118.04903327],[33.91661987,-118.04903327]],"friends":[1,2,3,4]}