{"messages":["good win today\ud83c\udfc0\u2764\ufe0f\ud83d\udc81\ud83d\ude0d","good win today\ud83c\udfc0\u2764\ufe0f\ud83d\udc81\ud83d\ude0d","You are the definition of \"peaking in high school\"","good win today\ud83c\udfc0\u2764\ufe0f\ud83d\udc81\ud83d\ude0d"],"messages_no":4,"bad_words":[],"bad_words_no":0,"weight":0,"location":[[33.96192215,-117.69408376],[33.96192215,-117.69408376],[33.95295655,-117.69727475],[33.96192215,-117.69408376]],"friends":[1,2,3,4]}