{"messages":["We have the best convos\ud83d\udc98 @LauraVanlancker http:\/\/t.co\/JUTIJdAe5z","@briannaaforeman never","We have the best convos\ud83d\udc98 @LauraVanlancker http:\/\/t.co\/JUTIJdAe5z","@briannaaforeman never","We have the best convos\ud83d\udc98 @LauraVanlancker http:\/\/t.co\/JUTIJdAe5z","@briannaaforeman never"],"messages_no":6,"bad_words":[],"bad_words_no":0,"weight":0,"location":[[33.84962178,-118.14056116],[33.71591183,-118.00178058],[33.84962178,-118.14056116],[33.71591183,-118.00178058],[33.84962178,-118.14056116],[33.71591183,-118.00178058]],"friends":[1,2,3,4]}