{"messages":["Let's go UT #upsetKansas","Let's go UT #upsetKansas","Let's go UT #upsetKansas"],"messages_no":3,"bad_words":[],"bad_words_no":0,"weight":0,"location":[[44.94538299,-93.18860926],[44.94538299,-93.18860926],[44.94538299,-93.18860926]],"friends":[1,2,3,4]}