{"messages":["@PrestoWorld Goodmorning Bruce \ud83d\ude0f\ud83d\udc4b\ud83d\udc9a","@PrestoWorld Goodmorning Bruce \ud83d\ude0f\ud83d\udc4b\ud83d\udc9a","Ain't seen him since Friday","@PrestoWorld Goodmorning Bruce \ud83d\ude0f\ud83d\udc4b\ud83d\udc9a","Ain't seen him since Friday"],"messages_no":5,"bad_words":[],"bad_words_no":0,"weight":0,"location":[[38.71681235,-90.26571534],[38.71681235,-90.26571534],[38.71337,-90.24426],[38.71681235,-90.26571534],[38.71337,-90.24426]],"friends":[1,2,3,4]}