{"messages":["Not even in it just a bystander.","Where you at?","Defense shutdown."],"messages_no":3,"bad_words":[],"bad_words_no":0,"weight":0,"location":[[35.43740129,-81.04971687],[35.43746034,-81.04968829],[35.43735116,-81.04968485]]}