{"messages":["#EsuranceSave30","#EsuranceSave30","#EsuranceSave30"],"messages_no":3,"bad_words":[],"bad_words_no":0,"weight":0,"location":[[33.38794826,-88.85266657],[33.38794826,-88.85266657],[33.38794826,-88.85266657]],"friends":[1,2,3,4]}