{"messages":["Kinda losing my shit rn \ud83d\ude33","Kinda losing my shit rn \ud83d\ude33","Kinda losing my shit rn \ud83d\ude33"],"messages_no":3,"bad_words":[],"bad_words_no":3,"weight":0,"location":[[35.08572597,-106.61579442],[35.08572597,-106.61579442],[35.08572597,-106.61579442]],"friends":[1,2,3,4]}