{"messages":["Bruno Mars was aight though","Bruno Mars was aight though","Bruno Mars was aight though"],"messages_no":3,"bad_words":[],"bad_words_no":0,"weight":0,"location":[[40.74089038,-74.22500166],[40.74089038,-74.22500166],[40.74089038,-74.22500166]],"friends":[1,2,3,4]}