{"messages":["Oomf is really good at soccer","Oomf is really good at soccer","Oomf is really good at soccer"],"messages_no":3,"bad_words":[],"bad_words_no":0,"weight":0,"location":[40.75011516,-111.92240288,40.75011516,-111.92240288,40.75011516,-111.92240288]}