{"messages":["JUST SAW MS DICKENS IN WALMART","JUST SAW MS DICKENS IN WALMART","@LTGreenPetree lmaoooo are you?","JUST SAW MS DICKENS IN WALMART","@LTGreenPetree lmaoooo are you?"],"messages_no":5,"bad_words":[],"bad_words_no":0,"weight":0,"location":[[36.21647285,-86.60049085],[36.21647285,-86.60049085],[36.14034044,-86.8025757],[36.21647285,-86.60049085],[36.14034044,-86.8025757]],"friends":[1,2,3,4]}