{"messages":["THAT WAS AMAZING..","THAT WAS AMAZING..","THAT WAS AMAZING.."],"messages_no":3,"bad_words":[],"bad_words_no":0,"weight":0,"location":[[36.3134185,-95.7800333],[36.3134185,-95.7800333],[36.3134185,-95.7800333]],"friends":[1,2,3,4]}