{"messages":["That Just Made Me Soooo Maddd \ud83d\ude21\ud83d\ude21\ud83d\ude21","That Just Made Me Soooo Maddd \ud83d\ude21\ud83d\ude21\ud83d\ude21","That Just Made Me Soooo Maddd \ud83d\ude21\ud83d\ude21\ud83d\ude21","That Just Made Me Soooo Maddd \ud83d\ude21\ud83d\ude21\ud83d\ude21"],"messages_no":4,"bad_words":[],"bad_words_no":0,"weight":0,"location":[36.87839184,-76.25617535,36.87839184,-76.25617535,36.87839184,-76.25617535,36.87839184,-76.25617535]}