{"messages":["#EsuranceSave30   pick me !!!","#EsuranceSave30   pick me !!!","#EsuranceSave30   pick me !!!"],"messages_no":3,"bad_words":[],"bad_words_no":0,"weight":0,"location":[[38.9095308,-94.6089543],[38.9095308,-94.6089543],[38.9095308,-94.6089543]],"friends":[1,2,3,4]}