{"messages":["@thatbabyyx3 ahh fuck me.","@thatbabyyx3 ahh fuck me.","@thatbabyyx3 ahh fuck me."],"messages_no":3,"bad_words":[],"bad_words_no":3,"weight":0,"location":[[27.45296361,-82.58124891],[27.45296361,-82.58124891],[27.45296361,-82.58124891]],"friends":[1,2,3,4]}