{"messages":["And do my thing","And do my thing","And do my thing"],"messages_no":3,"bad_words":[],"bad_words_no":0,"weight":0,"location":[[30.3056392,-89.8185617],[30.3056392,-89.8185617],[30.3056392,-89.8185617]],"friends":[1,2,3,4]}