{"messages":["Who likes a picture from 22hr ago","Who likes a picture from 22hr ago","Who likes a picture from 22hr ago"],"messages_no":3,"bad_words":[],"bad_words_no":0,"weight":0,"location":[[33.96756062,-84.19519784],[33.96756062,-84.19519784],[33.96756062,-84.19519784]],"friends":[1,2,3,4]}