{"messages":["Welcoming Jacques to our 303A \ud83d\udc1f \ud83d\udc97","Welcoming Jacques to our 303A \ud83d\udc1f \ud83d\udc97","Welcoming Jacques to our 303A \ud83d\udc1f \ud83d\udc97"],"messages_no":3,"bad_words":[],"bad_words_no":0,"weight":0,"location":[[42.93252328,-72.29539795],[42.93252328,-72.29539795],[42.93252328,-72.29539795]],"friends":[1,2,3,4]}