{"messages":["@YoNiggaAdore_ME welcome","@YoNiggaAdore_ME welcome","@YoNiggaAdore_ME welcome"],"messages_no":3,"bad_words":[],"bad_words_no":0,"weight":0,"location":[[33.47767121,-86.16572471],[33.47767121,-86.16572471],[33.47767121,-86.16572471]],"friends":[1,2,3,4]}