{"messages":["Both these squads are nervous as hell","#Truth http:\/\/t.co\/epK4Fk5nqF","Both these squads are nervous as hell","#Truth http:\/\/t.co\/epK4Fk5nqF","Both these squads are nervous as hell","#Truth http:\/\/t.co\/epK4Fk5nqF"],"messages_no":6,"bad_words":[],"bad_words_no":3,"weight":0,"location":[[40.79158987,-73.80297239],[40.79177763,-73.80313092],[40.79158987,-73.80297239],[40.79177763,-73.80313092],[40.79158987,-73.80297239],[40.79177763,-73.80313092]],"friends":[1,2,3,4]}