{"messages":["I want white roses","I want white roses","I want white roses"],"messages_no":3,"bad_words":[],"bad_words_no":0,"weight":0,"location":[[31.5531247,-84.1362767],[31.5531247,-84.1362767],[31.5531247,-84.1362767]],"friends":[1,2,3,4]}