{"messages":["I feel like squatting\ud83d\udcaa\ud83d\ude0d","#ugly4life","I'll keep y'all updated guys!","Seahawks are the champions \ud83c\udfc6"],"messages_no":4,"bad_words":[],"bad_words_no":0,"weight":0,"location":[[27.72223346,-98.11816133],[27.59382052,-98.41471715],[27.59392513,-98.4146169],[27.59383498,-98.41473366]]}