{"messages":["Game day lets beat odyssey tonight!\ud83c\udfc0\ud83d\udc4a","She's from rochester that's actually pretty cool","Game day lets beat odyssey tonight!\ud83c\udfc0\ud83d\udc4a","She's from rochester that's actually pretty cool","Game day lets beat odyssey tonight!\ud83c\udfc0\ud83d\udc4a","She's from rochester that's actually pretty cool"],"messages_no":6,"bad_words":[],"bad_words_no":0,"weight":0,"location":[[43.27510698,-77.69544594],[43.27512528,-77.69542561],[43.27510698,-77.69544594],[43.27512528,-77.69542561],[43.27510698,-77.69544594],[43.27512528,-77.69542561]],"friends":[1,2,3,4]}