{"messages":["Put them away","@bee_anca143 dear lord \ud83d\ude02"],"messages_no":2,"bad_words":[],"bad_words_no":0,"weight":0,"location":[[33.96525708,-117.6947528],[33.97007662,-117.68894394]]}