{"messages":["YOU BELONG WITH MEEEEEEEEE. \ud83d\udc99\ud83d\udc9c\u2764\ufe0f\ud83d\udc97\ud83d\udc95\ud83d\udc93","YOU BELONG WITH MEEEEEEEEE. \ud83d\udc99\ud83d\udc9c\u2764\ufe0f\ud83d\udc97\ud83d\udc95\ud83d\udc93"],"messages_no":2,"bad_words":[],"bad_words_no":0,"weight":0,"location":[58.3967835,-134.57550223,58.3967835,-134.57550223]}