{"messages":["YOU BELONG WITH MEEEEEEEEE. \ud83d\udc99\ud83d\udc9c\u2764\ufe0f\ud83d\udc97\ud83d\udc95\ud83d\udc93","YOU BELONG WITH MEEEEEEEEE. \ud83d\udc99\ud83d\udc9c\u2764\ufe0f\ud83d\udc97\ud83d\udc95\ud83d\udc93","I feel like I shouldn't go to school. \ud83d\ude12","YOU BELONG WITH MEEEEEEEEE. \ud83d\udc99\ud83d\udc9c\u2764\ufe0f\ud83d\udc97\ud83d\udc95\ud83d\udc93","I feel like I shouldn't go to school. \ud83d\ude12"],"messages_no":5,"bad_words":[],"bad_words_no":0,"weight":0,"location":[[58.3967835,-134.57550223],[58.3967835,-134.57550223],[58.39693167,-134.57560698],[58.3967835,-134.57550223],[58.39693167,-134.57560698]],"friends":[1,2,3,4]}