{"messages":["Dont think about it to much xD","Dont think about it to much xD","Dont think about it to much xD"],"messages_no":3,"bad_words":[],"bad_words_no":0,"weight":0,"location":[[36.77049247,-119.81355302],[36.77049247,-119.81355302],[36.77049247,-119.81355302]],"friends":[1,2,3,4]}