{"messages":["@lala_lauriita13 you should \ud83d\ude0f","@BaePlz lmao haha i can't do that","@lala_lauriita13 you should \ud83d\ude0f","@BaePlz lmao haha i can't do that","@loveit321 haha nah its ok ill only get special people a rose haha","@lala_lauriita13 you should \ud83d\ude0f","@BaePlz lmao haha i can't do that","@loveit321 haha nah its ok ill only get special people a rose haha"],"messages_no":8,"bad_words":[],"bad_words_no":0,"weight":0,"location":[[33.8330516,-117.2023528],[33.8330516,-117.2023528],[33.8330516,-117.2023528],[33.8330516,-117.2023528],[33.8330796,-117.202346],[33.8330516,-117.2023528],[33.8330516,-117.2023528],[33.8330796,-117.202346]],"friends":[1,2,3,4]}