{"messages":["I love &amp; hate Michigan weather","goosebumps","I love &amp; hate Michigan weather"],"messages_no":3,"bad_words":[],"bad_words_no":0,"weight":0,"location":[43.04193272,-83.0474061,43.04196969,-83.04737999,43.04193272,-83.0474061]}