{"messages":["Bruno Mars gettin offf \ud83d\ude0d\ud83d\ude0d","Bruno Mars gettin offf \ud83d\ude0d\ud83d\ude0d","Bruno Mars gettin offf \ud83d\ude0d\ud83d\ude0d"],"messages_no":3,"bad_words":[],"bad_words_no":0,"weight":0,"location":[[38.43516723,-122.67797997],[38.43516723,-122.67797997],[38.43516723,-122.67797997]],"friends":[1,2,3,4]}