{"messages":["I am stressing so bad here","I sat in your face pourin my heart out...","I am stressing so bad here","I sat in your face pourin my heart out...","I am stressing so bad here","I sat in your face pourin my heart out..."],"messages_no":6,"bad_words":[],"bad_words_no":0,"weight":0,"location":[[42.432107,-83.3124513],[42.4328663,-83.3124458],[42.432107,-83.3124513],[42.4328663,-83.3124458],[42.432107,-83.3124513],[42.4328663,-83.3124458]],"friends":[1,2,3,4]}