{"messages":["That's why I'm staying single facts","That's why I'm staying single facts","You only know you love her if you let her go \ud83d\udc4b NAH FUCK THAT BYE BITCH I DONT LOVE NO BITCH !","My mom is going to be tight if she finds that hole ..","I hope there's no school tm \ud83d\ude29","Don't enter mastic without no permission","You used to ride a nigga like a moped !","That's why I'm staying single facts","You only know you love her if you let her go \ud83d\udc4b NAH FUCK THAT BYE BITCH I DONT LOVE NO BITCH !","My mom is going to be tight if she finds that hole ..","I hope there's no school tm \ud83d\ude29"],"messages_no":11,"bad_words":[],"bad_words_no":1,"weight":0,"location":[[40.78005356,-72.85235453],[40.78005356,-72.85235453],[40.75632109,-72.8689777],[40.7562467,-72.86888852],[40.7562542,-72.86899815],[40.75625047,-72.86898441],[40.7561836,-72.86847606],[40.78005356,-72.85235453],[40.75632109,-72.8689777],[40.7562467,-72.86888852],[40.7562542,-72.86899815]],"friends":[1,2,3,4]}