{"messages":["its gonna be nice today. \ud83d\ude0d\ud83d\ude4c","its gonna be nice today. \ud83d\ude0d\ud83d\ude4c","its gonna be nice today. \ud83d\ude0d\ud83d\ude4c"],"messages_no":3,"bad_words":[],"bad_words_no":0,"weight":0,"location":[40.23534884,-76.83442734,40.23534884,-76.83442734,40.23534884,-76.83442734]}