{"messages":["\u201c@erika_lyons: I don't give a facxkkk\u201d rt","\u201c@erika_lyons: I don't give a facxkkk\u201d rt","\u201c@erika_lyons: I don't give a facxkkk\u201d rt"],"messages_no":3,"bad_words":[],"bad_words_no":0,"weight":0,"location":[[41.6836879,-71.76115732],[41.6836879,-71.76115732],[41.6836879,-71.76115732]],"friends":[1,2,3,4]}