{"messages":["I'm such a dork","I'm such a dork","I'm such a dork"],"messages_no":3,"bad_words":[],"bad_words_no":0,"weight":0,"location":[[26.36094786,-80.11437228],[26.36094786,-80.11437228],[26.36094786,-80.11437228]],"friends":[1,2,3,4]}