{"messages":["@kimeylemermaid i'm sorry \ud83d\ude14","@kimeylemermaid i'm sorry \ud83d\ude14","@kimeylemermaid i'm sorry \ud83d\ude14"],"messages_no":3,"bad_words":[],"bad_words_no":0,"weight":0,"location":[[41.44184255,-74.38419038],[41.44184255,-74.38419038],[41.44184255,-74.38419038]],"friends":[1,2,3,4]}