{"messages":["@katelyn_02 On their page?","@katelyn_02 On their page?","@katelyn_02 On their page?"],"messages_no":3,"bad_words":[],"bad_words_no":0,"weight":0,"location":[39.55496906,-119.76444695,39.55496906,-119.76444695,39.55496906,-119.76444695]}