{"messages":["Is @_OlgaSays having a CRYsis?","Is @_OlgaSays having a CRYsis?","I wish I was pretty like her.","\u201c@WorthALaugh: the fuck outta here http:\/\/t.co\/vMeGqzEpcy\u201d@linabearrr if you were a bird \ud83d\ude02","Is @_OlgaSays having a CRYsis?","I wish I was pretty like her."],"messages_no":6,"bad_words":[],"bad_words_no":1,"weight":0,"location":[[40.44257602,-74.16447242],[40.44257602,-74.16447242],[40.44250333,-74.16430459],[40.44254243,-74.16453712],[40.44257602,-74.16447242],[40.44250333,-74.16430459]],"friends":[1,2,3,4]}