{"messages":["She can have it all \ud83d\ude0f","She can have it all \ud83d\ude0f","She can have it all \ud83d\ude0f"],"messages_no":3,"bad_words":[],"bad_words_no":0,"weight":0,"location":[[39.92919235,-75.18654547],[39.92919235,-75.18654547],[39.92919235,-75.18654547]],"friends":[1,2,3,4]}