{"messages":["@RuseOrbit fuck ur 1080 &lt;3","@RuseOrbit fuck ur 1080 &lt;3","@RuseOrbit fuck ur 1080 &lt;3"],"messages_no":3,"bad_words":[],"bad_words_no":3,"weight":0,"location":[[42.98615812,-87.9845423],[42.98615812,-87.9845423],[42.98615812,-87.9845423]],"friends":[1,2,3,4]}