{"messages":["Finally got my town hall to a level 6\ud83d\ude4c","Finally got my town hall to a level 6\ud83d\ude4c","Finally got my town hall to a level 6\ud83d\ude4c"],"messages_no":3,"bad_words":[],"bad_words_no":0,"weight":0,"location":[35.34153363,-94.31285101,35.34153363,-94.31285101,35.34153363,-94.31285101]}