{"messages":["The puppy bowl is too cute for words \u2764\ufe0f\ud83d\udc36","The puppy bowl is too cute for words \u2764\ufe0f\ud83d\udc36","The puppy bowl is too cute for words \u2764\ufe0f\ud83d\udc36"],"messages_no":3,"bad_words":[],"bad_words_no":0,"weight":0,"location":[[41.76611076,-88.08237897],[41.76611076,-88.08237897],[41.76611076,-88.08237897]],"friends":[1,2,3,4]}