{"messages":["You're fucking annoying","You're fucking annoying","My life is one huge awkward moment...","You're fucking annoying","You're fucking annoying"],"messages_no":5,"bad_words":[],"bad_words_no":3,"weight":0,"location":[26.65071665,-80.26534546,26.65071665,-80.26534546,26.66648506,-80.26700109,26.65071665,-80.26534546,26.65071665,-80.26534546]}