{"messages":["Glad my hair grows fast.","Ready to kick back &amp; have a spectacular time tomorrow.","Glad my hair grows fast.","Glad my hair grows fast.","Ready to kick back &amp; have a spectacular time tomorrow."],"messages_no":5,"bad_words":[],"bad_words_no":0,"weight":0,"location":[38.76917166,-90.20087636,38.76924898,-90.20082313,38.76917166,-90.20087636,38.76917166,-90.20087636,38.76924898,-90.20082313]}