{"messages":["@Courtney__R__ @Wanelo omg I want!","@Courtney__R__ @Wanelo omg I want!","I feel naked without my water bottle.","@Courtney__R__ @Wanelo omg I want!"],"messages_no":4,"bad_words":[],"bad_words_no":0,"weight":0,"location":[[40.00325034,-76.36165473],[40.00325034,-76.36165473],[39.99545972,-76.35358633],[40.00325034,-76.36165473]],"friends":[1,2,3,4]}