{"messages":["I just want to go back to bad","I just want to go back to bad","I just want to go back to bad"],"messages_no":3,"bad_words":[],"bad_words_no":0,"weight":0,"location":[[40.00768744,-74.16872574],[40.00768744,-74.16872574],[40.00768744,-74.16872574]],"friends":[1,2,3,4]}