{"messages":["The horses \ud83d\udc34 or the birds \ud83d\udc26?","The horses \ud83d\udc34 or the birds \ud83d\udc26?","Its just as important for a woman to make a man happy as it is for him to make her happy.","The horses \ud83d\udc34 or the birds \ud83d\udc26?"],"messages_no":4,"bad_words":[],"bad_words_no":0,"weight":0,"location":[[37.43539722,-81.58050978],[37.43539722,-81.58050978],[37.43541218,-81.58049891],[37.43539722,-81.58050978]],"friends":[1,2,3,4]}