{"messages":["But now they're in overtime without*** Jefferson &amp; Parker","@MwMjR32 87-86 Duke","But now they're in overtime without*** Jefferson &amp; Parker","@MwMjR32 87-86 Duke","@MwMjR32 87-86 Duke"],"messages_no":5,"bad_words":[],"bad_words_no":0,"weight":0,"location":[36.95782911,-86.45836202,36.95816455,-86.45811297,36.95782911,-86.45836202,36.95816455,-86.45811297,36.95816455,-86.45811297]}