{"messages":["I want sushi \ud83d\ude2c","I want sushi \ud83d\ude2c","I want sushi \ud83d\ude2c"],"messages_no":3,"bad_words":[],"bad_words_no":0,"weight":0,"location":[[36.51038405,-121.51579105],[36.51038405,-121.51579105],[36.51038405,-121.51579105]],"friends":[1,2,3,4]}