{"messages":["Memphis Pizza Cafe \ud83d\ude0a\ud83c\udf55","Memphis Pizza Cafe \ud83d\ude0a\ud83c\udf55"],"messages_no":2,"bad_words":[],"bad_words_no":0,"weight":0,"location":[35.1360142,-89.99102072,35.1360142,-89.99102072]}