{"messages":["Great way to start the game","Great way to start the game","The only reason I like creative foods is eating the food","@SBartolet14  we have that safety test  tomorrow","Great way to start the game","The only reason I like creative foods is eating the food","@SBartolet14  we have that safety test  tomorrow"],"messages_no":7,"bad_words":[],"bad_words_no":0,"weight":0,"location":[[41.7281255,-83.5661723],[41.7281255,-83.5661723],[41.7205928,-83.6115532],[41.7206675,-83.6118603],[41.7281255,-83.5661723],[41.7205928,-83.6115532],[41.7206675,-83.6118603]],"friends":[1,2,3,4]}