{"messages":["@flappy_b fuck you.","@flappy_b fuck you.","@flappy_b fuck you."],"messages_no":3,"bad_words":[],"bad_words_no":3,"weight":0,"location":[39.32958848,-89.56810279,39.32958848,-89.56810279,39.32958848,-89.56810279]}