{"messages":["He looks like Martin Lawrence","He looks like Martin Lawrence","You better run till your feet stop.","God forbid that we trade our wisdom for the glamor.","He looks like Martin Lawrence","You better run till your feet stop.","God forbid that we trade our wisdom for the glamor."],"messages_no":7,"bad_words":[],"bad_words_no":0,"weight":0,"location":[[26.16822679,-98.18984387],[26.16822679,-98.18984387],[26.26919576,-98.1803407],[26.26915067,-98.18032167],[26.16822679,-98.18984387],[26.26919576,-98.1803407],[26.26915067,-98.18032167]],"friends":[1,2,3,4]}