{"messages":["Omfg done with myself","Omfg done with myself","\"@EliasVolk: Jesus is that you? \ud83d\ude4f http:\/\/t.co\/NVZXl2YIL5\" lmao","Omfg done with myself","\"@EliasVolk: Jesus is that you? \ud83d\ude4f http:\/\/t.co\/NVZXl2YIL5\" lmao"],"messages_no":5,"bad_words":[],"bad_words_no":0,"weight":0,"location":[[34.0908723,-117.4231213],[34.0908723,-117.4231213],[34.0472976,-117.4312986],[34.0908723,-117.4231213],[34.0472976,-117.4312986]],"friends":[1,2,3,4]}