{"messages":["@rM1L @terrinakamura thank you!!! \ud83d\ude09","@rM1L @terrinakamura thank you!!! \ud83d\ude09","@rM1L @terrinakamura thank you!!! \ud83d\ude09"],"messages_no":3,"bad_words":[],"bad_words_no":0,"weight":0,"location":[[47.61471433,-122.3193134],[47.61471433,-122.3193134],[47.61471433,-122.3193134]],"friends":[1,2,3,4]}