{"messages":["Today just wasnt a good day ..","Today just wasnt a good day ..","Thats what I need","Lol thats just a niggah","Today just wasnt a good day .."],"messages_no":5,"bad_words":[],"bad_words_no":1,"weight":0,"location":[[46.3164345,-120.0131063],[46.3164345,-120.0131063],[46.3162562,-120.0131317],[46.3162562,-120.0131317],[46.3164345,-120.0131063]],"friends":[1,2,3,4]}