{"messages":["@coganduffey take a shot.","@coganduffey take a shot.","@coganduffey take a shot."],"messages_no":3,"bad_words":[],"bad_words_no":0,"weight":0,"location":[[41.30787334,-72.88684192],[41.30787334,-72.88684192],[41.30787334,-72.88684192]],"friends":[1,2,3,4]}