{"messages":["Bob Dylan? #SuperBowl","Bob Dylan? #SuperBowl","Bob Dylan? #SuperBowl"],"messages_no":3,"bad_words":[],"bad_words_no":0,"weight":0,"location":[[34.17389919,-118.27961921],[34.17389919,-118.27961921],[34.17389919,-118.27961921]],"friends":[1,2,3,4]}