{"messages":["\u201c@surfinsuitcases: 314 bonding time: puppy store and then GNC @JoesphRoo\u201d http:\/\/t.co\/167fXn86rU","Not google\ud83d\ude1e lol","\u201c@KelseyHilson: xD \ud83d\ude14 @peta https:\/\/t.co\/OMzOh7n6iI\u201d fuck you for putting this shit on my timeline. \ud83d\ude21\ud83d\ude21","\u201c@ComplexMag: RT @olivialeighrose: \"Macklemore and Ryan Lewis\" http:\/\/t.co\/pJMR9VfnYz\u201d \ud83d\ude02\ud83d\ude02","\u201c@surfinsuitcases: 314 bonding time: puppy store and then GNC @JoesphRoo\u201d http:\/\/t.co\/167fXn86rU","Not google\ud83d\ude1e lol","\u201c@KelseyHilson: xD \ud83d\ude14 @peta https:\/\/t.co\/OMzOh7n6iI\u201d fuck you for putting this shit on my timeline. \ud83d\ude21\ud83d\ude21","\u201c@ComplexMag: RT @olivialeighrose: \"Macklemore and Ryan Lewis\" http:\/\/t.co\/pJMR9VfnYz\u201d \ud83d\ude02\ud83d\ude02","\u201c@Katiefirstlady: http:\/\/t.co\/ReL6izAD6Z\u201d Got me mad as fuck\ud83d\ude12\ud83d\ude20","\u201c@surfinsuitcases: 314 bonding time: puppy store and then GNC @JoesphRoo\u201d http:\/\/t.co\/167fXn86rU","Not google\ud83d\ude1e lol","\u201c@KelseyHilson: xD \ud83d\ude14 @peta https:\/\/t.co\/OMzOh7n6iI\u201d fuck you for putting this shit on my timeline. \ud83d\ude21\ud83d\ude21","\u201c@ComplexMag: RT @olivialeighrose: \"Macklemore and Ryan Lewis\" http:\/\/t.co\/pJMR9VfnYz\u201d \ud83d\ude02\ud83d\ude02","\u201c@Katiefirstlady: http:\/\/t.co\/ReL6izAD6Z\u201d Got me mad as fuck\ud83d\ude12\ud83d\ude20"],"messages_no":14,"bad_words":[],"bad_words_no":8,"weight":0,"location":[[40.01693401,-76.68227409],[40.01718257,-76.6823538],[40.01674638,-76.68223067],[40.01695006,-76.68245363],[40.01693401,-76.68227409],[40.01718257,-76.6823538],[40.01674638,-76.68223067],[40.01695006,-76.68245363],[40.01691766,-76.68237912],[40.01693401,-76.68227409],[40.01718257,-76.6823538],[40.01674638,-76.68223067],[40.01695006,-76.68245363],[40.01691766,-76.68237912]],"friends":[1,2,3,4]}