{"messages":["Yes...?","Yes...?","@_rejoiceeee haha that's frash","Yes...?","@_rejoiceeee haha that's frash"],"messages_no":5,"bad_words":[],"bad_words_no":0,"weight":0,"location":[[39.1636787,-77.24081137],[39.1636787,-77.24081137],[39.16368028,-77.24079135],[39.1636787,-77.24081137],[39.16368028,-77.24079135]],"friends":[1,2,3,4]}