{"messages":["Dude got hit on the arm lol","When is the last time I wore all white sneakers lol","Im seeing that Lego movie im sorry","Dude got hit on the arm lol"],"messages_no":4,"bad_words":[],"bad_words_no":0,"weight":0,"location":[33.77050399,-84.16096214,33.7704267,-84.16089522,33.77036687,-84.16153843,33.77050399,-84.16096214]}