{"messages":["Was just on FaceTime with my baby \ud83d\ude18\u2764\ufe0f","Was just on FaceTime with my baby \ud83d\ude18\u2764\ufe0f","I'm gonna delete Flappy Bird \ud83d\ude24 shit gets on my nerves \ud83d\udc25\ud83d\udd2b I can't get pass 4 \ud83d\ude21","Hanna is so pretty \ud83d\ude2d","Was just on FaceTime with my baby \ud83d\ude18\u2764\ufe0f","I'm gonna delete Flappy Bird \ud83d\ude24 shit gets on my nerves \ud83d\udc25\ud83d\udd2b I can't get pass 4 \ud83d\ude21"],"messages_no":6,"bad_words":[],"bad_words_no":2,"weight":0,"location":[[40.49507411,-74.49086687],[40.49507411,-74.49086687],[40.49214082,-74.46259559],[40.49214232,-74.46285887],[40.49507411,-74.49086687],[40.49214082,-74.46259559]],"friends":[1,2,3,4]}