{"messages":["@alissahuntt relax","@alissahuntt relax","@alissahuntt relax"],"messages_no":3,"bad_words":[],"bad_words_no":0,"weight":0,"location":[[43.12392796,-78.82509126],[43.12392796,-78.82509126],[43.12392796,-78.82509126]],"friends":[1,2,3,4]}