{"messages":["I'm freaking starving !!!","You can look all over but you won't find hot shit like mine z","I'm freaking starving !!!","You can look all over but you won't find hot shit like mine z"],"messages_no":4,"bad_words":[],"bad_words_no":2,"weight":0,"location":[33.80939835,-117.97176953,33.80945812,-117.97176129,33.80939835,-117.97176953,33.80945812,-117.97176129]}