{"messages":["Girls be so damn extra at kickbacks \ud83d\ude29","I have a really bad headache. \ud83d\ude12","Girls be so damn extra at kickbacks \ud83d\ude29"],"messages_no":3,"bad_words":[],"bad_words_no":2,"weight":0,"location":[33.72785023,-84.43197892,33.8661431,-84.28495376,33.72785023,-84.43197892]}