{"messages":["Man I'm really tired \ud83d\ude4d","Man I'm really tired \ud83d\ude4d","Man I'm really tired \ud83d\ude4d"],"messages_no":3,"bad_words":[],"bad_words_no":0,"weight":0,"location":[33.71067106,-116.23846351,33.71067106,-116.23846351,33.71067106,-116.23846351]}