{"messages":["Its was a long time","Finna Get hit up #ink","Its was a long time","Finna Get hit up #ink","Its was a long time","Finna Get hit up #ink"],"messages_no":6,"bad_words":[],"bad_words_no":0,"weight":0,"location":[[35.3379137,-89.1280859],[35.3378749,-89.1280747],[35.3379137,-89.1280859],[35.3378749,-89.1280747],[35.3379137,-89.1280859],[35.3378749,-89.1280747]],"friends":[1,2,3,4]}