{"messages":["@joliemattos I come","@joliemattos I come","@joliemattos I come"],"messages_no":3,"bad_words":[],"bad_words_no":0,"weight":0,"location":[[40.09391924,-74.1291805],[40.09391924,-74.1291805],[40.09391924,-74.1291805]],"friends":[1,2,3,4]}