{"messages":["@pnnicole Yeah!!\ud83d\udc4d\ud83d\udc4c","@pnnicole Yeah!!\ud83d\udc4d\ud83d\udc4c","@pnnicole Yeah!!\ud83d\udc4d\ud83d\udc4c"],"messages_no":3,"bad_words":[],"bad_words_no":0,"weight":0,"location":[[33.44422642,-97.19095661],[33.44422642,-97.19095661],[33.44422642,-97.19095661]],"friends":[1,2,3,4]}