{"messages":["Chiodos is bad now","@Ktd_Diaz hell yeah, this will get the class's attention like \"damn\"","Chiodos is bad now","@Ktd_Diaz hell yeah, this will get the class's attention like \"damn\"","Chiodos is bad now","@Ktd_Diaz hell yeah, this will get the class's attention like \"damn\""],"messages_no":6,"bad_words":[],"bad_words_no":6,"weight":0,"location":[[34.00768351,-117.44901705],[34.00775515,-117.44906409],[34.00768351,-117.44901705],[34.00775515,-117.44906409],[34.00768351,-117.44901705],[34.00775515,-117.44906409]],"friends":[1,2,3,4]}