{"messages":["You confuse me so much","You confuse me so much","You confuse me so much"],"messages_no":3,"bad_words":[],"bad_words_no":0,"weight":0,"location":[[37.20216813,-93.23118942],[37.20216813,-93.23118942],[37.20216813,-93.23118942]],"friends":[1,2,3,4]}