{"messages":["Fuck it is so cold","Fuck it is so cold","Fuck it is so cold","Fuck it is so cold"],"messages_no":4,"bad_words":[],"bad_words_no":3,"weight":0,"location":[33.70242969,-117.94172113,33.70242969,-117.94172113,33.70242969,-117.94172113,33.70242969,-117.94172113]}