{"messages":["@MericanBacon Well I freakin love YOU! \ud83d\udc3b\u2764\ufe0f\ud83d\udc3b","@MericanBacon NyQuil doesn't help dysentery","Why the actual donkey dick am I awake?","@MericanBacon Well I freakin love YOU! \ud83d\udc3b\u2764\ufe0f\ud83d\udc3b","@MericanBacon NyQuil doesn't help dysentery","Why the actual donkey dick am I awake?","Of ALL the parking spots open for employees.. This bitch parks next to me blaring one direction..\n\nBitch, I WILL cut you (and your tires)","@BPMader \ud83d\ude22 when is your \"vacation\"? And till when?! Your presence is requested next year..","@MericanBacon Well I freakin love YOU! \ud83d\udc3b\u2764\ufe0f\ud83d\udc3b","@MericanBacon NyQuil doesn't help dysentery","Why the actual donkey dick am I awake?"],"messages_no":11,"bad_words":[],"bad_words_no":4,"weight":0,"location":[[33.52212993,-112.15215287],[33.52199737,-112.15233351],[33.52195668,-112.15223386],[33.52212993,-112.15215287],[33.52199737,-112.15233351],[33.52195668,-112.15223386],[33.38213725,-111.96616656],[33.52200141,-112.1522011],[33.52212993,-112.15215287],[33.52199737,-112.15233351],[33.52195668,-112.15223386]],"friends":[1,2,3,4]}