{"messages":["Fuck it is so cold","Fuck it is so cold","Fuck it is so cold"],"messages_no":3,"bad_words":[],"bad_words_no":3,"weight":0,"location":[[33.70242969,-117.94172113],[33.70242969,-117.94172113],[33.70242969,-117.94172113]],"friends":[1,2,3,4]}