{"messages":["bruno mars is so cool","hahahaha this is awesome","bruno mars is so cool","hahahaha this is awesome","bruno mars is so cool","hahahaha this is awesome"],"messages_no":6,"bad_words":[],"bad_words_no":0,"weight":0,"location":[[36.45358292,-79.7134704],[36.4535474,-79.71348406],[36.45358292,-79.7134704],[36.4535474,-79.71348406],[36.45358292,-79.7134704],[36.4535474,-79.71348406]],"friends":[1,2,3,4]}