{"messages":["@abbey080197 cuz u flagg","@abbey080197 cuz u flagg","@abbey080197 cuz u flagg"],"messages_no":3,"bad_words":[],"bad_words_no":0,"weight":0,"location":[[26.6067166,-81.6426917],[26.6067166,-81.6426917],[26.6067166,-81.6426917]],"friends":[1,2,3,4]}