{"messages":["BEST H&amp;M COMERCIAL","BEST H&amp;M COMERCIAL","BEST H&amp;M COMERCIAL"],"messages_no":3,"bad_words":[],"bad_words_no":0,"weight":0,"location":[[40.93250559,-73.13764687],[40.93250559,-73.13764687],[40.93250559,-73.13764687]],"friends":[1,2,3,4]}