{"messages":["@daneldredge you got it!","@daneldredge you got it!","@daneldredge you got it!"],"messages_no":3,"bad_words":[],"bad_words_no":0,"weight":0,"location":[[42.16035977,-71.7374134],[42.16035977,-71.7374134],[42.16035977,-71.7374134]],"friends":[1,2,3,4]}