{"messages":["Saw my girl @al3xa123456789 tonight\ud83d\ude0a\ud83d\udc95\ud83d\udc4d","@Kykyluna11 when she decides to come!"],"messages_no":2,"bad_words":[],"bad_words_no":0,"weight":0,"location":[[42.16322955,-84.99823307],[42.16322955,-84.99823307]]}