{"messages":["\u201c@HaileyKing__: I fucked around and caught feelings for #oomf.\u201d!!","\u201c@HaileyKing__: I fucked around and caught feelings for #oomf.\u201d!!","@SwaGGer_231 lol your funny. \ud83d\ude02\ud83d\ude01","\u201c@HaileyKing__: I fucked around and caught feelings for #oomf.\u201d!!","@SwaGGer_231 lol your funny. \ud83d\ude02\ud83d\ude01"],"messages_no":5,"bad_words":[],"bad_words_no":3,"weight":0,"location":[[43.22806186,-86.22409729],[43.22806186,-86.22409729],[43.22794191,-86.22443514],[43.22806186,-86.22409729],[43.22794191,-86.22443514]],"friends":[1,2,3,4]}