{"messages":["@jalynxo watch movies. We're lame lol","I'm just so in love with Austin.","@jalynxo watch movies. We're lame lol","I'm just so in love with Austin.","@DaddyLijah thank you!","I see you Drew.","Thinking about when Jordan has that big curly pony tail lol","My sleeping schedule is all messed up.","@jalynxo watch movies. We're lame lol","I'm just so in love with Austin.","@DaddyLijah thank you!","I see you Drew."],"messages_no":12,"bad_words":[],"bad_words_no":0,"weight":0,"location":[[29.89844907,-97.96778661],[30.27855248,-97.7300329],[29.89844907,-97.96778661],[30.27855248,-97.7300329],[29.90510608,-97.89880572],[29.90516934,-97.89891168],[29.90517994,-97.89885222],[29.90502203,-97.89848947],[29.89844907,-97.96778661],[30.27855248,-97.7300329],[29.90510608,-97.89880572],[29.90516934,-97.89891168]],"friends":[1,2,3,4]}