{"messages":["Everything is good my way.","Everything is good my way.","Everything is good my way."],"messages_no":3,"bad_words":[],"bad_words_no":0,"weight":0,"location":[[33.50067997,-80.84894339],[33.50067997,-80.84894339],[33.50067997,-80.84894339]],"friends":[1,2,3,4]}