{"messages":["@KeithSweat__ that sucks foreal \ud83d\ude2d\ud83d\ude2d","Leave that to the females","@KeithSweat__ that sucks foreal \ud83d\ude2d\ud83d\ude2d"],"messages_no":3,"bad_words":[],"bad_words_no":0,"weight":0,"location":[45.13204042,-93.31823513,45.13202079,-93.31839075,45.13204042,-93.31823513]}