{"messages":["Black history month \u270a","Black history month \u270a","Black history month \u270a"],"messages_no":3,"bad_words":[],"bad_words_no":0,"weight":0,"location":[28.51674682,-81.18075606,28.51674682,-81.18075606,28.51674682,-81.18075606]}