{"messages":["Dan seriously those pics are stupid","Seahawks are winning tonight 20-17 #Prediction","Dan seriously those pics are stupid","Seahawks are winning tonight 20-17 #Prediction","@destej destined to text me back so I know if I need to pick her up or not","Dan seriously those pics are stupid","Seahawks are winning tonight 20-17 #Prediction"],"messages_no":7,"bad_words":[],"bad_words_no":0,"weight":0,"location":[[41.5920396,-85.8264283],[41.5881602,-85.8430271],[41.5920396,-85.8264283],[41.5881602,-85.8430271],[41.5920681,-85.8264466],[41.5920396,-85.8264283],[41.5881602,-85.8430271]],"friends":[1,2,3,4]}