{"messages":["#BeatDuke #Cuse \ud83c\udf4a\ud83c\udfc0","#BeatDuke #Cuse \ud83c\udf4a\ud83c\udfc0"],"messages_no":2,"bad_words":[],"bad_words_no":0,"weight":0,"location":[43.03684495,-76.13616435,43.03684495,-76.13616435]}