{"messages":["Coffee Time \ud83d\ude1b http:\/\/t.co\/Wa0br4ND0f","Coffee Time \ud83d\ude1b http:\/\/t.co\/Wa0br4ND0f","Hey thot. :3 @OnikasLilPearl","Coffee Time \ud83d\ude1b http:\/\/t.co\/Wa0br4ND0f","Hey thot. :3 @OnikasLilPearl"],"messages_no":5,"bad_words":[],"bad_words_no":0,"weight":0,"location":[[42.07608456,-75.64239338],[42.07608456,-75.64239338],[42.07593733,-75.64217278],[42.07608456,-75.64239338],[42.07593733,-75.64217278]],"friends":[1,2,3,4]}