{"messages":["Somebody save this girl.","Somebody save this girl.","When is prom though?","Somebody save this girl."],"messages_no":4,"bad_words":[],"bad_words_no":0,"weight":0,"location":[[37.0614589,-88.7441883],[37.0614589,-88.7441883],[37.0614367,-88.7442171],[37.0614589,-88.7441883]],"friends":[1,2,3,4]}