{"messages":["Someone buy me jimmy johns.","Someone buy me jimmy johns.","Someone buy me jimmy johns."],"messages_no":3,"bad_words":[],"bad_words_no":0,"weight":0,"location":[[38.24723993,-85.62337794],[38.24723993,-85.62337794],[38.24723993,-85.62337794]],"friends":[1,2,3,4]}