{"messages":["Goodnight","Goodnight"],"messages_no":2,"bad_words":[],"bad_words_no":0,"weight":0,"location":[40.68251667,-74.26996529,40.68251667,-74.26996529]}