{"messages":["@SAVOY was crazy last night","@SAVOY was crazy last night","@SAVOY was crazy last night"],"messages_no":3,"bad_words":[],"bad_words_no":0,"weight":0,"location":[[45.05097044,-93.18845266],[45.05097044,-93.18845266],[45.05097044,-93.18845266]],"friends":[1,2,3,4]}