{"messages":["you're pathetic","you're pathetic","you're pathetic"],"messages_no":3,"bad_words":[],"bad_words_no":0,"weight":0,"location":[[33.88826599,-117.85576772],[33.88826599,-117.85576772],[33.88826599,-117.85576772]],"friends":[1,2,3,4]}