{"messages":["Y we do dis","Y we do dis"],"messages_no":2,"bad_words":[],"bad_words_no":0,"weight":0,"location":[41.29705074,-82.60706488,41.29705074,-82.60706488]}