{"messages":["I'm capable of everything","I'm capable of everything","My birthdays less than a week, I'm stressing &amp; breaking out","I'm capable of everything","My birthdays less than a week, I'm stressing &amp; breaking out"],"messages_no":5,"bad_words":[],"bad_words_no":0,"weight":0,"location":[[26.06240331,-80.27973094],[26.06240331,-80.27973094],[26.06230948,-80.27985273],[26.06240331,-80.27973094],[26.06230948,-80.27985273]],"friends":[1,2,3,4]}