{"messages":["@janisstacy_ \ud83d\ude02 I know","They shared a crimson smile and just walked away","Just to keep from cryin I laugh","Time for endless food and family\ud83d\ude0d @OliviaSztaba @poulos_katie","@janisstacy_ \ud83d\ude02 I know","They shared a crimson smile and just walked away","@janisstacy_ \ud83d\ude02 I know","They shared a crimson smile and just walked away","Just to keep from cryin I laugh"],"messages_no":9,"bad_words":[],"bad_words_no":0,"weight":0,"location":[39.99121937,-84.20988615,39.980836,-84.19644618,42.84746189,-82.85236166,42.86587613,-82.87898812,39.99121937,-84.20988615,39.980836,-84.19644618,39.99121937,-84.20988615,39.980836,-84.19644618,42.84746189,-82.85236166]}