{"messages":["I wanna chop blades","I wanna chop blades","I wanna chop blades","I wanna chop blades"],"messages_no":4,"bad_words":[],"bad_words_no":0,"weight":0,"location":[29.7092979,-95.2289591,29.7092979,-95.2289591,29.7092979,-95.2289591,29.7092979,-95.2289591]}