{"messages":["WHO THE FUCK IS FACETIMING ME YO","erryone loves some cookie dough","#SEAHAWKS better win today so i can wear my jersey tomorrow #BeastMode","WHO THE FUCK IS FACETIMING ME YO","erryone loves some cookie dough"],"messages_no":5,"bad_words":[],"bad_words_no":0,"weight":0,"location":[40.79369947,-72.95595076,40.79377458,-72.95599896,40.79369646,-72.95615327,40.79369947,-72.95595076,40.79377458,-72.95599896]}