{"messages":["Good mood rn. Swag.","Good mood rn. Swag.","Good mood rn. Swag.","Good mood rn. Swag."],"messages_no":4,"bad_words":[],"bad_words_no":0,"weight":0,"location":[30.09685608,-95.51976361,30.09685608,-95.51976361,30.09685608,-95.51976361,30.09685608,-95.51976361]}