{"messages":["Yeup. I'm walking \ud83d\ude02","Am I seriously getting tired?","Yeup. I'm walking \ud83d\ude02","Yeup. I'm walking \ud83d\ude02","Am I seriously getting tired?"],"messages_no":5,"bad_words":[],"bad_words_no":0,"weight":0,"location":[38.72604737,-104.71593221,38.72609238,-104.71588729,38.72604737,-104.71593221,38.72604737,-104.71593221,38.72609238,-104.71588729]}