{"messages":["Seattle has had 12 men the entire game","Seattle has had 12 men the entire game","Seattle has had 12 men the entire game"],"messages_no":3,"bad_words":[],"bad_words_no":0,"weight":0,"location":[[27.76393247,-82.63595865],[27.76393247,-82.63595865],[27.76393247,-82.63595865]],"friends":[1,2,3,4]}