{"messages":["How was dat cake day cuddy?","@STLDynasty12 lmfao","How was dat cake day cuddy?","@STLDynasty12 lmfao","How was dat cake day cuddy?","@STLDynasty12 lmfao"],"messages_no":6,"bad_words":[],"bad_words_no":0,"weight":0,"location":[[39.97430528,-82.87531441],[39.97426274,-82.87515624],[39.97430528,-82.87531441],[39.97426274,-82.87515624],[39.97430528,-82.87531441],[39.97426274,-82.87515624]],"friends":[1,2,3,4]}