{"messages":["@BrooklynEnright wtf!? \ud83d\ude30\ud83d\ude33\ud83d\ude26 Dude you gotta go this year!","@BrooklynEnright wtf!? \ud83d\ude30\ud83d\ude33\ud83d\ude26 Dude you gotta go this year!","I hope this isnt true...","@BrooklynEnright wtf!? \ud83d\ude30\ud83d\ude33\ud83d\ude26 Dude you gotta go this year!","@BrooklynEnright wtf!? \ud83d\ude30\ud83d\ude33\ud83d\ude26 Dude you gotta go this year!","I hope this isnt true...","I hope this isnt true..."],"messages_no":7,"bad_words":[],"bad_words_no":0,"weight":0,"location":[34.1444167,-117.5551349,34.1444167,-117.5551349,34.1069981,-117.5568416,34.1444167,-117.5551349,34.1444167,-117.5551349,34.1069981,-117.5568416,34.1069981,-117.5568416]}