{"messages":["I'm going to get two calls at 2&amp;2:30 asking my whereabouts... Man listen.","I'm going to get two calls at 2&amp;2:30 asking my whereabouts... Man listen.","Luv U Better.","I'm going to get two calls at 2&amp;2:30 asking my whereabouts... Man listen.","I'm going to get two calls at 2&amp;2:30 asking my whereabouts... Man listen.","Luv U Better.","Luv U Better."],"messages_no":7,"bad_words":[],"bad_words_no":0,"weight":0,"location":[30.40913947,-84.28499789,30.40913947,-84.28499789,30.40914934,-84.28506543,30.40913947,-84.28499789,30.40913947,-84.28499789,30.40914934,-84.28506543,30.40914934,-84.28506543]}