{"messages":["@tiffmallakis Burlington!","@tiffmallakis Burlington!","#tmlt we got it out \ud83d\udc4c\ud83d\ude97\u2744\ufe0f\ud83d\ude0b","@tiffmallakis Burlington!"],"messages_no":4,"bad_words":[],"bad_words_no":0,"weight":0,"location":[[42.29194884,-71.1934682],[42.29194884,-71.1934682],[42.29186827,-71.19371472],[42.29194884,-71.1934682]],"friends":[1,2,3,4]}