{"messages":["NO YOU WOULD !!!!","NO YOU WOULD !!!!","NO YOU WOULD !!!!"],"messages_no":3,"bad_words":[],"bad_words_no":0,"weight":0,"location":[[34.02843123,-117.62175825],[34.02843123,-117.62175825],[34.02843123,-117.62175825]],"friends":[1,2,3,4]}