{"messages":["Literally everybody \ud83d\ude02\ud83d\ude02\ud83d\ude02","@kjpolo1 \ud83d\ude2d\ud83d\ude2d of course you do #jelly","Literally everybody \ud83d\ude02\ud83d\ude02\ud83d\ude02"],"messages_no":3,"bad_words":[],"bad_words_no":0,"weight":0,"location":[33.9108301,-117.45807845,34.00662398,-117.36424693,33.9108301,-117.45807845]}