{"messages":["Drunk.. Unstable ... UGHHH","It's about that GYM time \ud83d\udc4f","Drunk.. Unstable ... UGHHH","It's about that GYM time \ud83d\udc4f","Drunk.. Unstable ... UGHHH","It's about that GYM time \ud83d\udc4f"],"messages_no":6,"bad_words":[],"bad_words_no":0,"weight":0,"location":[[33.78887421,-84.32985142],[33.75794644,-84.38135089],[33.78887421,-84.32985142],[33.75794644,-84.38135089],[33.78887421,-84.32985142],[33.75794644,-84.38135089]],"friends":[1,2,3,4]}