{"messages":["Wish there was an easy way out","Wish there was an easy way out","Wish there was an easy way out"],"messages_no":3,"bad_words":[],"bad_words_no":0,"weight":0,"location":[[34.35650823,-84.03768271],[34.35650823,-84.03768271],[34.35650823,-84.03768271]],"friends":[1,2,3,4]}