{"messages":["@SweeetCaroline_  Best Buy!","@SweeetCaroline_  Best Buy!","@SweeetCaroline_  Best Buy!"],"messages_no":3,"bad_words":[],"bad_words_no":0,"weight":0,"location":[[41.13645074,-96.03045376],[41.13645074,-96.03045376],[41.13645074,-96.03045376]],"friends":[1,2,3,4]}