{"messages":["Him \u2764 http:\/\/t.co\/DIpN7lSp78","Not sure which is more frustrating: Unfair Mario or Flappy Bird","Him \u2764 http:\/\/t.co\/DIpN7lSp78","Not sure which is more frustrating: Unfair Mario or Flappy Bird","I'm gonna have my violin back soon \ud83d\ude04","Him \u2764 http:\/\/t.co\/DIpN7lSp78","Not sure which is more frustrating: Unfair Mario or Flappy Bird"],"messages_no":7,"bad_words":[],"bad_words_no":0,"weight":0,"location":[[32.73679925,-97.33638055],[32.92625461,-97.2773812],[32.73679925,-97.33638055],[32.92625461,-97.2773812],[32.9391769,-97.28271585],[32.73679925,-97.33638055],[32.92625461,-97.2773812]],"friends":[1,2,3,4]}