{"messages":["Nice try","Nice try","Nice try"],"messages_no":3,"bad_words":[],"bad_words_no":0,"weight":0,"location":[[40.73777074,-74.24751943],[40.73777074,-74.24751943],[40.73777074,-74.24751943]],"friends":[1,2,3,4]}