{"messages":["My aunt threw down with all this food. For Super Bowl Sunday \ud83d\ude29\ud83d\ude4c\ud83d\ude4c","My aunt threw down with all this food. For Super Bowl Sunday \ud83d\ude29\ud83d\ude4c\ud83d\ude4c","@AllHELLDaddyJae @x_iHeartHeels right \ud83d\ude02","I love fruity pebbles !","My aunt threw down with all this food. For Super Bowl Sunday \ud83d\ude29\ud83d\ude4c\ud83d\ude4c","@AllHELLDaddyJae @x_iHeartHeels right \ud83d\ude02","I love fruity pebbles !"],"messages_no":7,"bad_words":[],"bad_words_no":0,"weight":0,"location":[[35.04808654,-78.89638253],[35.04808654,-78.89638253],[35.07634645,-78.8920192],[35.08529245,-78.89129817],[35.04808654,-78.89638253],[35.07634645,-78.8920192],[35.08529245,-78.89129817]],"friends":[1,2,3,4]}