{"messages":["Let's go cowboys! \ud83d\ude09","Let's go cowboys! \ud83d\ude09","Let's go cowboys! \ud83d\ude09"],"messages_no":3,"bad_words":[],"bad_words_no":0,"weight":0,"location":[[36.75305084,-76.01845015],[36.75305084,-76.01845015],[36.75305084,-76.01845015]],"friends":[1,2,3,4]}