{"messages":["Sitting by nick allens sisters \ud83d\ude12","Sitting by nick allens sisters \ud83d\ude12","Sitting by nick allens sisters \ud83d\ude12","Sitting by nick allens sisters \ud83d\ude12"],"messages_no":4,"bad_words":[],"bad_words_no":0,"weight":0,"location":[43.03273886,-85.75058827,43.03273886,-85.75058827,43.03273886,-85.75058827,43.03273886,-85.75058827]}