{"messages":["I just wanted to talk to you","I just wanted to talk to you","I just wanted to talk to you"],"messages_no":3,"bad_words":[],"bad_words_no":0,"weight":0,"location":[32.85350433,-97.2680502,32.85350433,-97.2680502,32.85350433,-97.2680502]}