{"messages":["Okay this is weird http:\/\/t.co\/h5tP4r88Fj","USC what's good!! http:\/\/t.co\/cig8Sawhwm","Okay this is weird http:\/\/t.co\/h5tP4r88Fj","USC what's good!! http:\/\/t.co\/cig8Sawhwm"],"messages_no":4,"bad_words":[],"bad_words_no":0,"weight":0,"location":[34.14840439,-118.83529807,34.01768775,-118.2811677,34.14840439,-118.83529807,34.01768775,-118.2811677]}