{"messages":["We so ghetto we just wanna see niggas fighting on ice \ud83d\ude29\ud83d\ude02\ud83d\ude02\ud83d\ude02\ud83d\ude02","We so ghetto we just wanna see niggas fighting on ice \ud83d\ude29\ud83d\ude02\ud83d\ude02\ud83d\ude02\ud83d\ude02","We so ghetto we just wanna see niggas fighting on ice \ud83d\ude29\ud83d\ude02\ud83d\ude02\ud83d\ude02\ud83d\ude02"],"messages_no":3,"bad_words":[],"bad_words_no":3,"weight":0,"location":[[41.49641983,-81.68798715],[41.49641983,-81.68798715],[41.49641983,-81.68798715]],"friends":[1,2,3,4]}