{"messages":["@Osnapitsshyshy do your work. !!","@Osnapitsshyshy do your work. !!","@adolfclitlerr why are we still up.?","@Osnapitsshyshy do your work. !!"],"messages_no":4,"bad_words":[],"bad_words_no":0,"weight":0,"location":[[33.97668309,-118.32631612],[33.97668309,-118.32631612],[33.97905899,-118.30156886],[33.97668309,-118.32631612]],"friends":[1,2,3,4]}