{"messages":["I just wna see the halftime show","I just wna see the halftime show","I just wna see the halftime show"],"messages_no":3,"bad_words":[],"bad_words_no":0,"weight":0,"location":[[34.09875502,-118.29448057],[34.09875502,-118.29448057],[34.09875502,-118.29448057]],"friends":[1,2,3,4]}