{"messages":["\u201c@DaltonMetro20: 22-0 at half not bad #SEAHAWKSNATION\u201d BANDWAGON","\u201c@DaltonMetro20: 22-0 at half not bad #SEAHAWKSNATION\u201d BANDWAGON","@RyanJudge_ never","\u201c@DaltonMetro20: 22-0 at half not bad #SEAHAWKSNATION\u201d BANDWAGON","@RyanJudge_ never"],"messages_no":5,"bad_words":[],"bad_words_no":0,"weight":0,"location":[[39.65335965,-84.05716895],[39.65335965,-84.05716895],[39.65213543,-84.06869691],[39.65335965,-84.05716895],[39.65213543,-84.06869691]],"friends":[1,2,3,4]}