{"messages":["That touchdown!!!!!!!!!!!","That touchdown!!!!!!!!!!!","That touchdown!!!!!!!!!!!"],"messages_no":3,"bad_words":[],"bad_words_no":0,"weight":0,"location":[[33.56763669,-116.15225407],[33.56763669,-116.15225407],[33.56763669,-116.15225407]],"friends":[1,2,3,4]}