{"messages":["HES DOWN","HES DOWN","HES DOWN"],"messages_no":3,"bad_words":[],"bad_words_no":0,"weight":0,"location":[[42.08012019,-80.08351267],[42.08012019,-80.08351267],[42.08012019,-80.08351267]],"friends":[1,2,3,4]}