{"messages":["@sussiekjenstad2 THATS NOT VERY NICE","@sussiekjenstad2 THATS NOT VERY NICE","#EsuranceSave30","@sussiekjenstad2 THATS NOT VERY NICE","#EsuranceSave30"],"messages_no":5,"bad_words":[],"bad_words_no":0,"weight":0,"location":[[47.90821945,-97.07107913],[47.90821945,-97.07107913],[47.89946241,-97.074364],[47.90821945,-97.07107913],[47.89946241,-97.074364]],"friends":[1,2,3,4]}