{"messages":["The never calm #tncburn","The never calm #tncburn","Them Dillon cheer leaders got some loud feet. \ud83d\udc5f\ud83d\udc5f","The never calm #tncburn"],"messages_no":4,"bad_words":[],"bad_words_no":0,"weight":0,"location":[[35.70975359,-83.51943629],[35.70975359,-83.51943629],[34.43464475,-79.35474174],[35.70975359,-83.51943629]],"friends":[1,2,3,4]}