{"messages":["Wtf ! That commercial ! \ud83d\ude02\ud83d\ude02\ud83d\ude02","That half time show wasn't that bad ! \ud83d\udc4c\ud83d\ude09","Wtf ! That commercial ! \ud83d\ude02\ud83d\ude02\ud83d\ude02","That half time show wasn't that bad ! \ud83d\udc4c\ud83d\ude09","Wtf ! That commercial ! \ud83d\ude02\ud83d\ude02\ud83d\ude02","That half time show wasn't that bad ! \ud83d\udc4c\ud83d\ude09"],"messages_no":6,"bad_words":[],"bad_words_no":0,"weight":0,"location":[[27.52949255,-97.84860301],[27.52949428,-97.84880248],[27.52949255,-97.84860301],[27.52949428,-97.84880248],[27.52949255,-97.84860301],[27.52949428,-97.84880248]],"friends":[1,2,3,4]}