{"messages":["@TallGuy223 Have you seen Falling skies?","@TallGuy223 Have you seen Falling skies?","@raserranonyc lol no just a sexy guy on Facebook !","@TallGuy223 Have you seen Falling skies?","@raserranonyc lol no just a sexy guy on Facebook !"],"messages_no":5,"bad_words":[],"bad_words_no":0,"weight":0,"location":[[41.96601651,-87.69030665],[41.96601651,-87.69030665],[41.96593617,-87.6901308],[41.96601651,-87.69030665],[41.96593617,-87.6901308]],"friends":[1,2,3,4]}