{"messages":["- My Tummy Hurts \ud83d\ude14","- My Tummy Hurts \ud83d\ude14","- My Tummy Hurts \ud83d\ude14"],"messages_no":3,"bad_words":[],"bad_words_no":0,"weight":0,"location":[[40.60339071,-74.4471464],[40.60339071,-74.4471464],[40.60339071,-74.4471464]],"friends":[1,2,3,4]}