{"messages":["\u201c@iTouched_Cloud: @raeeeo follow back or Nahh\u201d nah","\u201c@iTouched_Cloud: @raeeeo follow back or Nahh\u201d nah","Why am I so lucky?","Hate when my phone autocorrects \"good\" to \"food\" like damn now I'm hungry","I'd like to smoke a fat blunt right now tbh","\u201c@iTouched_Cloud: @raeeeo follow back or Nahh\u201d nah","Why am I so lucky?"],"messages_no":7,"bad_words":[],"bad_words_no":1,"weight":0,"location":[[40.49464779,-74.52502753],[40.49464779,-74.52502753],[40.49491332,-74.52498136],[40.53032865,-74.53836725],[40.49474255,-74.52502225],[40.49464779,-74.52502753],[40.49491332,-74.52498136]],"friends":[1,2,3,4]}