{"messages":["Anyone wanna FaceTime tho","Anyone wanna FaceTime tho","@KillllaCali why is that your avi? \ud83d\udc80\ud83d\ude02\ud83d\ude02\ud83d\ude02","\u201c@UnrevealedFacts: A person's ashes can be turned into a diamond.\u201d Want when I die","The Parent Trap is the movie","Anyone wanna FaceTime tho","@KillllaCali why is that your avi? \ud83d\udc80\ud83d\ude02\ud83d\ude02\ud83d\ude02","\u201c@UnrevealedFacts: A person's ashes can be turned into a diamond.\u201d Want when I die"],"messages_no":8,"bad_words":[],"bad_words_no":0,"weight":0,"location":[[32.74912231,-117.11452997],[32.74912231,-117.11452997],[32.74907642,-117.11457599],[32.74913002,-117.11462771],[32.74911701,-117.11428638],[32.74912231,-117.11452997],[32.74907642,-117.11457599],[32.74913002,-117.11462771]],"friends":[1,2,3,4]}