{"messages":["Just realized its finally friday","Oh well one day I'll make it it's ok","Just realized its finally friday","Oh well one day I'll make it it's ok","Youre sloppy","Ok dont care any more next subject","Just realized its finally friday","Oh well one day I'll make it it's ok"],"messages_no":8,"bad_words":[],"bad_words_no":0,"weight":0,"location":[[33.3532835,-111.8604226],[33.31205043,-111.75009862],[33.3532835,-111.8604226],[33.31205043,-111.75009862],[33.3532928,-111.8604071],[33.3532941,-111.8603802],[33.3532835,-111.8604226],[33.31205043,-111.75009862]],"friends":[1,2,3,4]}