{"messages":["Sebastian's goal should be sent to ESPN","Sebastian's goal should be sent to ESPN","@jbricasso you don't have any friends","Sebastian's goal should be sent to ESPN"],"messages_no":4,"bad_words":[],"bad_words_no":0,"weight":0,"location":[[34.17939318,-118.58914947],[34.17939318,-118.58914947],[34.17971545,-118.58897883],[34.17939318,-118.58914947]],"friends":[1,2,3,4]}