{"messages":["Church was great \ud83d\ude4f\ud83d\ude4f\ud83d\ude4f","Church was great \ud83d\ude4f\ud83d\ude4f\ud83d\ude4f","Church was great \ud83d\ude4f\ud83d\ude4f\ud83d\ude4f"],"messages_no":3,"bad_words":[],"bad_words_no":0,"weight":0,"location":[[33.2557639,-93.2263499],[33.2557639,-93.2263499],[33.2557639,-93.2263499]],"friends":[1,2,3,4]}