{"messages":["Been sleep all day","Did somebody pay the Broncos to play like this","Been sleep all day","Did somebody pay the Broncos to play like this","Been sleep all day","Did somebody pay the Broncos to play like this"],"messages_no":6,"bad_words":[],"bad_words_no":0,"weight":0,"location":[[31.67572038,-92.89970119],[31.67568709,-92.89972594],[31.67572038,-92.89970119],[31.67568709,-92.89972594],[31.67572038,-92.89970119],[31.67568709,-92.89972594]],"friends":[1,2,3,4]}