{"messages":["@nate_braves @HJD22 sad but true","this kid really gets mad over people on twitter","@realelijah_k @BrendanLamarre2 I'll let u know in a lil bit text me","@nate_braves @HJD22 sad but true","this kid really gets mad over people on twitter","@realelijah_k @BrendanLamarre2 I'll let u know in a lil bit text me","@RSherman_25 you just gained some major respect on this #class","He worked for the president and then retired \u201c@FarulSweg: Who the fuck is Tmac\u201d","LETS GOOOOO","@AlexWright6969 idk what are you doing","There is like 90 doge accounts idek which is the one","@nate_braves @HJD22 sad but true","this kid really gets mad over people on twitter","@realelijah_k @BrendanLamarre2 I'll let u know in a lil bit text me","@RSherman_25 you just gained some major respect on this #class"],"messages_no":15,"bad_words":[],"bad_words_no":1,"weight":0,"location":[[42.96855713,-71.47752243],[42.96865008,-71.47715036],[42.96863114,-71.47748823],[42.96855713,-71.47752243],[42.96865008,-71.47715036],[42.96863114,-71.47748823],[42.96879932,-71.47739335],[42.96828161,-71.47680802],[42.96860256,-71.47751145],[42.96842545,-71.47692325],[42.96844614,-71.47688335],[42.96855713,-71.47752243],[42.96865008,-71.47715036],[42.96863114,-71.47748823],[42.96879932,-71.47739335]],"friends":[1,2,3,4]}