{"messages":["Y'all ready for report cards ? No \ud83d\ude11","Y'all ready for report cards ? No \ud83d\ude11","Y'all ready for report cards ? No \ud83d\ude11","Y'all ready for report cards ? No \ud83d\ude11"],"messages_no":4,"bad_words":[],"bad_words_no":0,"weight":0,"location":[35.42648725,-81.50865097,35.42648725,-81.50865097,35.42648725,-81.50865097,35.42648725,-81.50865097]}