{"messages":["Imm boutta push This Bishhh Out thee Showeer","Imm boutta push This Bishhh Out thee Showeer","Good AfterNoon","My Basketball Hoodiee Says NyNy 11 Om Thee Back Ctfuu","Imm boutta push This Bishhh Out thee Showeer","Imm boutta push This Bishhh Out thee Showeer"],"messages_no":6,"bad_words":[],"bad_words_no":0,"weight":0,"location":[42.9204858,-78.7982787,42.9204858,-78.7982787,42.9205171,-78.7982468,42.9204981,-78.7982217,42.9204858,-78.7982787,42.9204858,-78.7982787]}