{"messages":["@cairusso teach me your ways \ud83d\ude13 http:\/\/t.co\/uU1mRS0Cuo","@cairusso teach me your ways \ud83d\ude13 http:\/\/t.co\/uU1mRS0Cuo","Who wants to be my valentine?","@cairusso teach me your ways \ud83d\ude13 http:\/\/t.co\/uU1mRS0Cuo","Who wants to be my valentine?"],"messages_no":5,"bad_words":[],"bad_words_no":0,"weight":0,"location":[[43.47605811,-110.76447869],[43.47605811,-110.76447869],[43.4758709,-110.76452846],[43.47605811,-110.76447869],[43.4758709,-110.76452846]],"friends":[1,2,3,4]}