{"messages":["Right On Time","Right On Time","Y'all Gotta Catch Me In A Good Mood Cause If Im Not Im Not The Best Person To Be Around","Right On Time"],"messages_no":4,"bad_words":[],"bad_words_no":0,"weight":0,"location":[[34.1329944,-117.4668938],[34.1329944,-117.4668938],[34.1329947,-117.4670344],[34.1329944,-117.4668938]],"friends":[1,2,3,4]}