{"messages":["Am I cute yet http:\/\/t.co\/3xx31C1Xwn","Am I cute yet http:\/\/t.co\/3xx31C1Xwn","Am I cute yet http:\/\/t.co\/3xx31C1Xwn"],"messages_no":3,"bad_words":[],"bad_words_no":0,"weight":0,"location":[[28.00522154,-82.30675992],[28.00522154,-82.30675992],[28.00522154,-82.30675992]],"friends":[1,2,3,4]}