{"messages":["@MichaelC1010 @ASUD1Hockey GREAT GAME","@MichaelC1010 @ASUD1Hockey GREAT GAME"],"messages_no":2,"bad_words":[],"bad_words_no":0,"weight":0,"location":[33.46872908,-111.92618514,33.46872908,-111.92618514]}