{"messages":["@katie0brienn okaay I willll\ud83d\ude18","@katie0brienn okaay I willll\ud83d\ude18","Someone hmu","@katie0brienn okaay I willll\ud83d\ude18","Someone hmu"],"messages_no":5,"bad_words":[],"bad_words_no":0,"weight":0,"location":[[37.49703895,-77.56370069],[37.49703895,-77.56370069],[37.33651247,-77.6403361],[37.49703895,-77.56370069],[37.33651247,-77.6403361]],"friends":[1,2,3,4]}