{"messages":["@leesly_mariee or nawwwh","@itsjust_lizz haha alright cool \ud83d\ude47","@leesly_mariee or nawwwh","@itsjust_lizz haha alright cool \ud83d\ude47","@leesly_mariee or nawwwh","@itsjust_lizz haha alright cool \ud83d\ude47"],"messages_no":6,"bad_words":[],"bad_words_no":0,"weight":0,"location":[[33.93700232,-116.97656411],[34.06653645,-117.22782657],[33.93700232,-116.97656411],[34.06653645,-117.22782657],[33.93700232,-116.97656411],[34.06653645,-117.22782657]],"friends":[1,2,3,4]}