{"messages":["C'mon Seahawks.!\ud83d\ude4c","C'mon Seahawks.!\ud83d\ude4c","C'mon Seahawks.!\ud83d\ude4c"],"messages_no":3,"bad_words":[],"bad_words_no":0,"weight":0,"location":[[39.64513923,-119.72674314],[39.64513923,-119.72674314],[39.64513923,-119.72674314]],"friends":[1,2,3,4]}