{"messages":["\ud83d\ude01 Life a bitch sometimes","\ud83d\ude01 Life a bitch sometimes"],"messages_no":2,"bad_words":[],"bad_words_no":2,"weight":0,"location":[34.01971429,-83.39806069,34.01971429,-83.39806069]}