{"messages":["@ppachheco can you make me a cow","@brownntown omg i want 1","\u201c@_courttx3_: Goodnight bc i have to get up at the butt crack of dawn tm.\u201d same","@ppachheco can you make me a cow","@brownntown omg i want 1","\u201c@_courttx3_: Goodnight bc i have to get up at the butt crack of dawn tm.\u201d same","\u201c@_courttx3_: Goodnight bc i have to get up at the butt crack of dawn tm.\u201d same"],"messages_no":7,"bad_words":[],"bad_words_no":0,"weight":0,"location":[27.09536948,-80.14991278,27.09546777,-80.14998732,27.09535944,-80.14981172,27.09536948,-80.14991278,27.09546777,-80.14998732,27.09535944,-80.14981172,27.09535944,-80.14981172]}