{"messages":["@Babygriffen32 Shutup nigha","@Babygriffen32 Shutup nigha","Feeling like Pac, all eyes on me .","@Babygriffen32 Shutup nigha"],"messages_no":4,"bad_words":[],"bad_words_no":0,"weight":0,"location":[[39.83532934,-75.44645484],[39.83532934,-75.44645484],[39.83527176,-75.44637579],[39.83532934,-75.44645484]],"friends":[1,2,3,4]}