{"messages":["Tu tonight","Tu tonight"],"messages_no":2,"bad_words":[],"bad_words_no":0,"weight":0,"location":[34.02511066,-118.1973577,34.02511066,-118.1973577]}