{"messages":["me 4 u infidelity 2 &gt;","me 4 u infidelity 2 &gt;","me 4 u infidelity 2 &gt;"],"messages_no":3,"bad_words":[],"bad_words_no":0,"weight":0,"location":[[30.44650353,-84.30389821],[30.44650353,-84.30389821],[30.44650353,-84.30389821]],"friends":[1,2,3,4]}