{"messages":["@kndoeden Gee there's a shock.","@kndoeden Gee there's a shock.","@kndoeden Gee there's a shock.","@kndoeden Gee there's a shock."],"messages_no":4,"bad_words":[],"bad_words_no":0,"weight":0,"location":[40.4534212,-75.8155922,40.4534212,-75.8155922,40.4534212,-75.8155922,40.4534212,-75.8155922]}