{"messages":["someone come over ..","Im about to get mad money","someone come over ..","Im about to get mad money","seriously , someone come over tomorrow and watch movies &amp; sleep with me allll day","so Is anyone gonna come ova","someone come over ..","Im about to get mad money"],"messages_no":8,"bad_words":[],"bad_words_no":0,"weight":0,"location":[[41.5018508,-73.0539067],[41.5018087,-73.0538109],[41.5018508,-73.0539067],[41.5018087,-73.0538109],[41.5018235,-73.0537481],[41.5020876,-73.053818],[41.5018508,-73.0539067],[41.5018087,-73.0538109]],"friends":[1,2,3,4]}