{"messages":["Shots fired","Shots fired"],"messages_no":2,"bad_words":[],"bad_words_no":0,"weight":0,"location":[38.34779731,-97.19870542,38.34779731,-97.19870542]}