{"messages":["I got a headache","I got a headache","I got a headache"],"messages_no":3,"bad_words":[],"bad_words_no":0,"weight":0,"location":[38.31978619,-85.55201014,38.31978619,-85.55201014,38.31978619,-85.55201014]}