{"messages":["I got a headache","I got a headache","I got my phone charging just in case we have power outage","I got a headache"],"messages_no":4,"bad_words":[],"bad_words_no":0,"weight":0,"location":[[38.31978619,-85.55201014],[38.31978619,-85.55201014],[38.31986118,-85.5525045],[38.31978619,-85.55201014]],"friends":[1,2,3,4]}