{"messages":["Music is on point","Music is on point","Music is on point"],"messages_no":3,"bad_words":[],"bad_words_no":0,"weight":0,"location":[32.66556717,-117.02101088,32.66556717,-117.02101088,32.66556717,-117.02101088]}