{"messages":["Music is on point","Music is on point","@brijetthouseman I know \ud83d\ude0d\ud83d\ude0d\ud83d\ude0d","Baths are life \ud83d\ude4c","Music is on point"],"messages_no":5,"bad_words":[],"bad_words_no":0,"weight":0,"location":[[32.66556717,-117.02101088],[32.66556717,-117.02101088],[32.75206117,-117.07978534],[32.66863873,-117.00039185],[32.66556717,-117.02101088]],"friends":[1,2,3,4]}