{"messages":["Solid 4-0 win \ud83d\ude0f #wpfc","@E_Woahh nooooooo \ud83d\ude02 I just want to play now because it's relaxing lolol","Solid 4-0 win \ud83d\ude0f #wpfc","@E_Woahh nooooooo \ud83d\ude02 I just want to play now because it's relaxing lolol","So irritated lol","Solid 4-0 win \ud83d\ude0f #wpfc","@E_Woahh nooooooo \ud83d\ude02 I just want to play now because it's relaxing lolol"],"messages_no":7,"bad_words":[],"bad_words_no":0,"weight":0,"location":[[47.21405231,-122.34295875],[47.30534284,-122.28236378],[47.21405231,-122.34295875],[47.30534284,-122.28236378],[47.29062025,-122.3135956],[47.21405231,-122.34295875],[47.30534284,-122.28236378]],"friends":[1,2,3,4]}