{"messages":["Oooooo I'm so bored.","Denver is just high as fuck.","Oooooo I'm so bored.","Denver is just high as fuck.","Oooooo I'm so bored.","Denver is just high as fuck."],"messages_no":6,"bad_words":[],"bad_words_no":3,"weight":0,"location":[[42.32215666,-83.3664822],[42.32221847,-83.36612189],[42.32215666,-83.3664822],[42.32221847,-83.36612189],[42.32215666,-83.3664822],[42.32221847,-83.36612189]],"friends":[1,2,3,4]}