{"messages":["@WillieNoWiri oh okay thank you thug master flexxxx","@WillieNoWiri you know me so well..","@WillieNoWiri oh okay thank you thug master flexxxx","@WillieNoWiri you know me so well..","@loveDesPink_ cause we ain't shit remember lol","@WillieNoWiri oh okay thank you thug master flexxxx","@WillieNoWiri you know me so well.."],"messages_no":7,"bad_words":[],"bad_words_no":1,"weight":0,"location":[[40.82238205,-73.82664551],[40.75399612,-73.99426076],[40.82238205,-73.82664551],[40.75399612,-73.99426076],[40.7645283,-73.99099394],[40.82238205,-73.82664551],[40.75399612,-73.99426076]],"friends":[1,2,3,4]}