{"messages":["I been eatn like hell","@dattpurdie31 il tweet it again is it a fckn prob ?","Ohh i feel rough man \ud83d\udc8a","Game Tuesday \ud83c\udfc0\ud83d\ude18\ud83d\udc4c"],"messages_no":4,"bad_words":[],"bad_words_no":1,"weight":0,"location":[[35.06450567,-79.00949777],[35.0646143,-79.00956214],[35.06460956,-79.00949165],[34.64135086,-78.73111147]]}