{"messages":["#sadpeyton","#sadpeyton","#sadpeyton"],"messages_no":3,"bad_words":[],"bad_words_no":0,"weight":0,"location":[[43.07224137,-89.38868578],[43.07224137,-89.38868578],[43.07224137,-89.38868578]],"friends":[1,2,3,4]}