{"messages":["Bombs over head","Bombs over head","Bombs over head"],"messages_no":3,"bad_words":[],"bad_words_no":0,"weight":0,"location":[30.51678676,-89.83505236,30.51678676,-89.83505236,30.51678676,-89.83505236]}