{"messages":["Saturday is a rugby day! #GoViks","Saturday is a rugby day! #GoViks","Saturday is a rugby day! #GoViks"],"messages_no":3,"bad_words":[],"bad_words_no":0,"weight":0,"location":[[48.76757462,-122.46088148],[48.76757462,-122.46088148],[48.76757462,-122.46088148]],"friends":[1,2,3,4]}