{"messages":["Cuties 4 days \ud83c\udf4a","The Broncos are just turnt. That's the problem.","Cuties 4 days \ud83c\udf4a","The Broncos are just turnt. That's the problem.","I'm really good at making any situation awkward. It's a talent, really. \ud83d\ude2c\ud83d\ude05","Can I just go back to Hawaii or..?","\u201c@chilltweetss: #ThisCouldBeUsButYouPlayin http:\/\/t.co\/DH6nzNqwgm\u201d","I'm an artist on snapchat. \ud83d\udc81","Cuties 4 days \ud83c\udf4a","The Broncos are just turnt. That's the problem.","I'm really good at making any situation awkward. It's a talent, really. \ud83d\ude2c\ud83d\ude05","Can I just go back to Hawaii or..?"],"messages_no":12,"bad_words":[],"bad_words_no":0,"weight":0,"location":[[41.41872314,-79.72614057],[41.44923595,-79.67875067],[41.41872314,-79.72614057],[41.44923595,-79.67875067],[41.41889118,-79.72607174],[41.41871152,-79.72580934],[41.418874,-79.72599658],[41.41882868,-79.72595262],[41.41872314,-79.72614057],[41.44923595,-79.67875067],[41.41889118,-79.72607174],[41.41871152,-79.72580934]],"friends":[1,2,3,4]}