{"messages":["I know a lot, but there are some things I don't know.","I know a lot, but there are some things I don't know.","Fuck a payback.","I know a lot, but there are some things I don't know.","Fuck a payback."],"messages_no":5,"bad_words":[],"bad_words_no":2,"weight":0,"location":[[30.43546943,-92.08242802],[30.43546943,-92.08242802],[30.43545749,-92.08243581],[30.43546943,-92.08242802],[30.43545749,-92.08243581]],"friends":[1,2,3,4]}