{"messages":["Just want to cuddle \ud83d\ude14 long night","Cuddling would be clutch \ud83d\ude14","Just want to cuddle \ud83d\ude14 long night","Cuddling would be clutch \ud83d\ude14","Pretty girls do ugly things....","Hundreds- Yung thug \ud83d\udc4c\ud83d\udcaf","Just want to cuddle \ud83d\ude14 long night","Cuddling would be clutch \ud83d\ude14","Pretty girls do ugly things....","Hundreds- Yung thug \ud83d\udc4c\ud83d\udcaf"],"messages_no":10,"bad_words":[],"bad_words_no":0,"weight":0,"location":[[33.78512566,-79.02305114],[33.79884231,-79.0217893],[33.78512566,-79.02305114],[33.79884231,-79.0217893],[33.79436931,-79.01093242],[33.79319175,-79.01159531],[33.78512566,-79.02305114],[33.79884231,-79.0217893],[33.79436931,-79.01093242],[33.79319175,-79.01159531]],"friends":[1,2,3,4]}