{"messages":["Awwwwwwkwaaaaard","Living the fuckin life","Changed the game cuhs @SHO_Shameless is on.","Awwwwwwkwaaaaard","Living the fuckin life","Changed the game cuhs @SHO_Shameless is on.","Told ha like you know wah we can do it in my Rova","My brother is having twin boys \ud83d\ude01\ud83d\ude01\ud83d\ude01\ud83d\ude01","Awwwwwwkwaaaaard","Living the fuckin life","Changed the game cuhs @SHO_Shameless is on.","Told ha like you know wah we can do it in my Rova"],"messages_no":12,"bad_words":[],"bad_words_no":3,"weight":0,"location":[[32.7380727,-97.0827225],[32.73822001,-97.08311361],[32.73794255,-97.0829186],[32.7380727,-97.0827225],[32.73822001,-97.08311361],[32.73794255,-97.0829186],[32.73802437,-97.08306971],[32.73815178,-97.08294824],[32.7380727,-97.0827225],[32.73822001,-97.08311361],[32.73794255,-97.0829186],[32.73802437,-97.08306971]],"friends":[1,2,3,4]}