{"messages":["@sjk730 haha sorry invited myself!","@sjk730 haha sorry invited myself!","@sjk730 haha sorry invited myself!"],"messages_no":3,"bad_words":[],"bad_words_no":0,"weight":0,"location":[[28.33990968,-82.25790934],[28.33990968,-82.25790934],[28.33990968,-82.25790934]],"friends":[1,2,3,4]}