{"messages":["Tired \ud83d\ude34","Tired \ud83d\ude34","Tired \ud83d\ude34"],"messages_no":3,"bad_words":[],"bad_words_no":0,"weight":0,"location":[[35.67845485,-109.06835379],[35.67845485,-109.06835379],[35.67845485,-109.06835379]],"friends":[1,2,3,4]}