{"messages":["@paige_seifert your avi is gorgeous\ud83d\ude0d","@paige_seifert your avi is gorgeous\ud83d\ude0d","@MikeIven5 what about baby hot dogs?","@paige_seifert your avi is gorgeous\ud83d\ude0d"],"messages_no":4,"bad_words":[],"bad_words_no":0,"weight":0,"location":[[29.73795331,-98.10243728],[29.73795331,-98.10243728],[29.90185245,-97.91357675],[29.73795331,-98.10243728]],"friends":[1,2,3,4]}