{"messages":["@Ya_Grandmaa what's wrong girly ?\ud83d\udc95","Bruno u look stupid staph","@Ya_Grandmaa what's wrong girly ?\ud83d\udc95"],"messages_no":3,"bad_words":[],"bad_words_no":0,"weight":0,"location":[40.12567981,-79.87029282,40.10780863,-79.80227787,40.12567981,-79.87029282]}