{"messages":["My face hurts","How to tell if someone's lying to you-\n\nThey are","My face hurts","How to tell if someone's lying to you-\n\nThey are","How can I get like 2 inches taller?","@hillz_aug that was a while ago\ud83d\ude33... January 9th","My face hurts","How to tell if someone's lying to you-\n\nThey are","How can I get like 2 inches taller?","@hillz_aug that was a while ago\ud83d\ude33... January 9th"],"messages_no":10,"bad_words":[],"bad_words_no":0,"weight":0,"location":[[40.71141852,-73.53798226],[40.71129422,-73.5379634],[40.71141852,-73.53798226],[40.71129422,-73.5379634],[40.71134958,-73.53807673],[40.71134861,-73.53803125],[40.71141852,-73.53798226],[40.71129422,-73.5379634],[40.71134958,-73.53807673],[40.71134861,-73.53803125]],"friends":[1,2,3,4]}