{"messages":["hopefully tonights a fun night","hopefully tonights a fun night","happy birthday \ud83d\ude0d\ud83d\ude0d\ud83d\ude0d @valeriagomezd","hopefully tonights a fun night"],"messages_no":4,"bad_words":[],"bad_words_no":0,"weight":0,"location":[[40.93586404,-72.97632321],[40.93586404,-72.97632321],[40.93934087,-72.97757967],[40.93586404,-72.97632321]],"friends":[1,2,3,4]}