{"messages":["I miss kissing on u.","I miss kissing on u.","I miss kissing on u."],"messages_no":3,"bad_words":[],"bad_words_no":0,"weight":0,"location":[30.48362465,-84.3176996,30.48362465,-84.3176996,30.48362465,-84.3176996]}