{"messages":["I miss kissing on u.","I miss kissing on u.","Lmao. K. Hope!","I miss kissing on u.","Lmao. K. Hope!"],"messages_no":5,"bad_words":[],"bad_words_no":0,"weight":0,"location":[[30.48362465,-84.3176996],[30.48362465,-84.3176996],[30.4835685,-84.31770048],[30.48362465,-84.3176996],[30.4835685,-84.31770048]],"friends":[1,2,3,4]}