{"messages":["#TweetYourLifeInAPicture http:\/\/t.co\/qDSrxPyuCw","#TweetYourLifeInAPicture http:\/\/t.co\/qDSrxPyuCw","@its_steffdood27 that picture from last night \ud83d\ude02\ud83d\ude02\ud83d\udc4c","#TweetYourLifeInAPicture http:\/\/t.co\/qDSrxPyuCw","#TweetYourLifeInAPicture http:\/\/t.co\/qDSrxPyuCw","@its_steffdood27 that picture from last night \ud83d\ude02\ud83d\ude02\ud83d\udc4c","@its_steffdood27 that picture from last night \ud83d\ude02\ud83d\ude02\ud83d\udc4c"],"messages_no":7,"bad_words":[],"bad_words_no":0,"weight":0,"location":[35.29586774,-93.13950956,35.29586774,-93.13950956,35.29592155,-93.13945868,35.29586774,-93.13950956,35.29586774,-93.13950956,35.29592155,-93.13945868,35.29592155,-93.13945868]}