{"messages":["I had literally the most relaxing day of my life.","Travis is hot.","I had literally the most relaxing day of my life.","Travis is hot.","I had literally the most relaxing day of my life.","Travis is hot."],"messages_no":6,"bad_words":[],"bad_words_no":0,"weight":0,"location":[[42.3829141,-88.1360294],[42.3829305,-88.135995],[42.3829141,-88.1360294],[42.3829305,-88.135995],[42.3829141,-88.1360294],[42.3829305,-88.135995]],"friends":[1,2,3,4]}