{"messages":["@JamaicaMacasero why aren't you here\ud83d\ude15","@JamaicaMacasero why aren't you here\ud83d\ude15","@JamaicaMacasero why aren't you here\ud83d\ude15","@JamaicaMacasero why aren't you here\ud83d\ude15"],"messages_no":4,"bad_words":[],"bad_words_no":0,"weight":0,"location":[41.84714261,-87.80016529,41.84714261,-87.80016529,41.84714261,-87.80016529,41.84714261,-87.80016529]}