{"messages":["GM Twitter.","@marquezjohnson5 in the bed with it lol wbu","GM Twitter.","@marquezjohnson5 in the bed with it lol wbu","GM Twitter.","@marquezjohnson5 in the bed with it lol wbu"],"messages_no":6,"bad_words":[],"bad_words_no":0,"weight":0,"location":[[37.47533188,-82.52047836],[37.4752933,-82.52047065],[37.47533188,-82.52047836],[37.4752933,-82.52047065],[37.47533188,-82.52047836],[37.4752933,-82.52047065]],"friends":[1,2,3,4]}