{"messages":["Bitch is you retarded","You burnt bridges. And they can't be rebuilt sorry","Bitch is you retarded","Bitch is you retarded","You burnt bridges. And they can't be rebuilt sorry"],"messages_no":5,"bad_words":[],"bad_words_no":0,"weight":0,"location":[35.42791768,-119.01743164,35.42772226,-119.01769272,35.42791768,-119.01743164,35.42791768,-119.01743164,35.42772226,-119.01769272]}