{"messages":["I swear imma flame thisdickhead \ud83d\ude02\ud83d\ude02","@Inevitable_Luv your taste buds are fugazy","I swear imma flame thisdickhead \ud83d\ude02\ud83d\ude02","@Inevitable_Luv your taste buds are fugazy","@nakedturtles it's cause your not nice \ud83d\ude12\ud83d\ude02","I swear imma flame thisdickhead \ud83d\ude02\ud83d\ude02","@Inevitable_Luv your taste buds are fugazy"],"messages_no":7,"bad_words":[],"bad_words_no":3,"weight":0,"location":[[40.24597223,-76.79399924],[40.24592152,-76.79408667],[40.24597223,-76.79399924],[40.24592152,-76.79408667],[40.24604887,-76.79411034],[40.24597223,-76.79399924],[40.24592152,-76.79408667]],"friends":[1,2,3,4]}