{"messages":["@Lexi_9721 that would be so wonderful \ud83d\ude0d\ud83d\udc95","@Lexi_9721 that would be so wonderful \ud83d\ude0d\ud83d\udc95","Today seriously was a struggle to get to school","@Lexi_9721 that would be so wonderful \ud83d\ude0d\ud83d\udc95"],"messages_no":4,"bad_words":[],"bad_words_no":0,"weight":0,"location":[[42.05818048,-88.10834854],[42.05818048,-88.10834854],[42.05297555,-88.10773225],[42.05818048,-88.10834854]],"friends":[1,2,3,4]}