{"messages":["@_ImJustDione washing, you coming get em ?","this shit over .","what elese they have on ?","@_ImJustDione washing, you coming get em ?"],"messages_no":4,"bad_words":[],"bad_words_no":1,"weight":0,"location":[30.1181557,-91.8047097,30.2183004,-91.9844425,30.2183004,-91.9844425,30.1181557,-91.8047097]}