{"messages":["Mad at Myles","Asdfghjkl Myles","Mad at Myles","Asdfghjkl Myles","Looks like an old lady booooty","Mad at Myles","Asdfghjkl Myles"],"messages_no":7,"bad_words":[],"bad_words_no":0,"weight":0,"location":[[37.32910827,-121.79941604],[37.32084858,-121.89850506],[37.32910827,-121.79941604],[37.32084858,-121.89850506],[37.7086383,-121.44080806],[37.32910827,-121.79941604],[37.32084858,-121.89850506]],"friends":[1,2,3,4]}