{"messages":["All I ever do is give myself false help.","Why does everyone else see it but you?","All I ever do is give myself false help.","Why does everyone else see it but you?","All I ever do is give myself false help.","Why does everyone else see it but you?"],"messages_no":6,"bad_words":[],"bad_words_no":0,"weight":0,"location":[[44.62766616,-123.04913545],[44.64474699,-123.06591461],[44.62766616,-123.04913545],[44.64474699,-123.06591461],[44.62766616,-123.04913545],[44.64474699,-123.06591461]],"friends":[1,2,3,4]}