{"messages":["Goodness Gracious","Got my cat a laser \ud83d\ude38","Goodness Gracious","Got my cat a laser \ud83d\ude38","Lol these guys play too rough","Goodness Gracious","Got my cat a laser \ud83d\ude38"],"messages_no":7,"bad_words":[],"bad_words_no":0,"weight":0,"location":[[42.26197544,-89.07734916],[42.23831191,-89.03101707],[42.26197544,-89.07734916],[42.23831191,-89.03101707],[42.25473586,-89.05033532],[42.26197544,-89.07734916],[42.23831191,-89.03101707]],"friends":[1,2,3,4]}