{"messages":["@Ceirra_Sarai \ud83d\ude12so cause I care \ud83d\ude1e","@Monicaaaaaaaaxx and coming late Ctfu","@Ceirra_Sarai \ud83d\ude12so cause I care \ud83d\ude1e","@Monicaaaaaaaaxx and coming late Ctfu","@Ceirra_Sarai \ud83d\ude12so cause I care \ud83d\ude1e","@Monicaaaaaaaaxx and coming late Ctfu"],"messages_no":6,"bad_words":[],"bad_words_no":0,"weight":0,"location":[[42.89074922,-78.88710331],[42.89061365,-78.88707813],[42.89074922,-78.88710331],[42.89061365,-78.88707813],[42.89074922,-78.88710331],[42.89061365,-78.88707813]],"friends":[1,2,3,4]}