{"messages":["The OC for days","The OC for days","The OC for days"],"messages_no":3,"bad_words":[],"bad_words_no":0,"weight":0,"location":[[41.68045659,-71.26353018],[41.68045659,-71.26353018],[41.68045659,-71.26353018]],"friends":[1,2,3,4]}