{"messages":["What am I going to do today ??","What am I going to do today ??","What am I going to do today ??"],"messages_no":3,"bad_words":[],"bad_words_no":0,"weight":0,"location":[33.26734624,-93.21778053,33.26734624,-93.21778053,33.26734624,-93.21778053]}