{"messages":["What up Gangsta","What up Gangsta","What up Gangsta"],"messages_no":3,"bad_words":[],"bad_words_no":0,"weight":0,"location":[[33.68312804,-116.18477918],[33.68312804,-116.18477918],[33.68312804,-116.18477918]],"friends":[1,2,3,4]}