{"messages":["A little annoyed right now hahaha","A little annoyed right now hahaha","@rita_shikorina you already know!!!!!!!!","A little annoyed right now hahaha"],"messages_no":4,"bad_words":[],"bad_words_no":0,"weight":0,"location":[[39.14956704,-121.08019193],[39.14956704,-121.08019193],[37.31859683,-121.82062486],[39.14956704,-121.08019193]],"friends":[1,2,3,4]}