{"messages":["My heart hurts.","My heart hurts.","My heart hurts."],"messages_no":3,"bad_words":[],"bad_words_no":0,"weight":0,"location":[[40.1588699,-79.8907896],[40.1588699,-79.8907896],[40.1588699,-79.8907896]],"friends":[1,2,3,4]}