{"messages":["I can't wait fucking one more year\ud83d\ude2d http:\/\/t.co\/Ub4rx6loNp","@YouKnowItsFeven *creator","I can't wait fucking one more year\ud83d\ude2d http:\/\/t.co\/Ub4rx6loNp","@YouKnowItsFeven *creator","I can't wait fucking one more year\ud83d\ude2d http:\/\/t.co\/Ub4rx6loNp","@YouKnowItsFeven *creator"],"messages_no":6,"bad_words":[],"bad_words_no":3,"weight":0,"location":[[33.07210474,-96.76243591],[33.07219459,-96.76252652],[33.07210474,-96.76243591],[33.07219459,-96.76252652],[33.07210474,-96.76243591],[33.07219459,-96.76252652]],"friends":[1,2,3,4]}