{"messages":["Go Broncos","Go Broncos","Go Broncos"],"messages_no":3,"bad_words":[],"bad_words_no":0,"weight":0,"location":[[41.97696217,-73.90162904],[41.97696217,-73.90162904],[41.97696217,-73.90162904]],"friends":[1,2,3,4]}