{"messages":["you forgot about me...","you forgot about me...","you forgot about me..."],"messages_no":3,"bad_words":[],"bad_words_no":0,"weight":0,"location":[[33.99642397,-117.85785165],[33.99642397,-117.85785165],[33.99642397,-117.85785165]],"friends":[1,2,3,4]}