{"messages":["Seahawks all day!","Seahawks all day!","What I would do with all that cash.... #EsuranceSave30","Seahawks all day!","What I would do with all that cash.... #EsuranceSave30"],"messages_no":5,"bad_words":[],"bad_words_no":0,"weight":0,"location":[[35.33916586,-94.40909559],[35.33916586,-94.40909559],[35.340313,-94.40900394],[35.33916586,-94.40909559],[35.340313,-94.40900394]],"friends":[1,2,3,4]}