{"messages":["Living on cloud 9 with u in my life.","Living on cloud 9 with u in my life.","Living on cloud 9 with u in my life."],"messages_no":3,"bad_words":[],"bad_words_no":0,"weight":0,"location":[[44.06384698,-75.50690668],[44.06384698,-75.50690668],[44.06384698,-75.50690668]],"friends":[1,2,3,4]}