{"messages":["Missing my SrA promotion today","Missing my SrA promotion today","Missing my SrA promotion today"],"messages_no":3,"bad_words":[],"bad_words_no":0,"weight":0,"location":[[33.43662706,-111.99668135],[33.43662706,-111.99668135],[33.43662706,-111.99668135]],"friends":[1,2,3,4]}