{"messages":["happy birthday love \u2764\ufe0f @brandon26c4u","happy birthday love \u2764\ufe0f @brandon26c4u","happy birthday love \u2764\ufe0f @brandon26c4u","happy birthday love \u2764\ufe0f @brandon26c4u"],"messages_no":4,"bad_words":[],"bad_words_no":0,"weight":0,"location":[26.10359035,-80.32779933,26.10359035,-80.32779933,26.10359035,-80.32779933,26.10359035,-80.32779933]}