{"messages":["THIS IS SILLY","THIS IS SILLY","THIS IS SILLY"],"messages_no":3,"bad_words":[],"bad_words_no":0,"weight":0,"location":[[33.78757437,-116.40355846],[33.78757437,-116.40355846],[33.78757437,-116.40355846]],"friends":[1,2,3,4]}