{"messages":["Entertain me pls","Entertain me pls","Entertain me pls","Entertain me pls"],"messages_no":4,"bad_words":[],"bad_words_no":0,"weight":0,"location":[29.7971804,-95.1233112,29.7971804,-95.1233112,29.7971804,-95.1233112,29.7971804,-95.1233112]}