{"messages":["I'm cray","I'm cray","I'm cray"],"messages_no":3,"bad_words":[],"bad_words_no":0,"weight":0,"location":[[28.61034319,-81.21638883],[28.61034319,-81.21638883],[28.61034319,-81.21638883]],"friends":[1,2,3,4]}