{"messages":["I need some medicine","I need some medicine","I need some medicine"],"messages_no":3,"bad_words":[],"bad_words_no":0,"weight":0,"location":[37.08192755,-76.48034304,37.08192755,-76.48034304,37.08192755,-76.48034304]}