{"messages":["\ud83d\ude02\ud83d\ude02\ud83d\ude02\ud83d\ude02\ud83d\ude02 mama jus text me \"yeah just come threw\" lmfaoooo \ud83d\ude29\ud83d\ude29\ud83d\ude29\ud83d\ude2d","\ud83d\ude02\ud83d\ude02\ud83d\ude02\ud83d\ude02\ud83d\ude02 mama jus text me \"yeah just come threw\" lmfaoooo \ud83d\ude29\ud83d\ude29\ud83d\ude29\ud83d\ude2d"],"messages_no":2,"bad_words":[],"bad_words_no":0,"weight":0,"location":[26.54491788,-81.78748596,26.54491788,-81.78748596]}