{"messages":["Wind 0.0 mph SW. Barometer 29.995 in, Steady. Temperature 55.2 \u00b0F. Rain today 0.01 in. Humidity 54%","Wind 0.0 mph SW. Barometer 29.995 in, Steady. Temperature 55.2 \u00b0F. Rain today 0.01 in. Humidity 54%","Wind 1.0 mph NE. Barometer 30.171 in, Steady. Temperature 34.5 \u00b0F. Rain today 0.26 in. Humidity 97%","Wind 0.0 mph SW. Barometer 29.995 in, Steady. Temperature 55.2 \u00b0F. Rain today 0.01 in. Humidity 54%","Wind 1.0 mph NE. Barometer 30.171 in, Steady. Temperature 34.5 \u00b0F. Rain today 0.26 in. Humidity 97%"],"messages_no":5,"bad_words":[],"bad_words_no":0,"weight":0,"location":[[40.13027778,-74.21444444],[40.13027778,-74.21444444],[40.13027778,-74.21444444],[40.13027778,-74.21444444],[40.13027778,-74.21444444]],"friends":[1,2,3,4]}