{"messages":["New addiction: Jackson 5","New addiction: Jackson 5","New addiction: Jackson 5"],"messages_no":3,"bad_words":[],"bad_words_no":0,"weight":0,"location":[[30.53842288,-97.85181943],[30.53842288,-97.85181943],[30.53842288,-97.85181943]],"friends":[1,2,3,4]}