{"messages":["I'm gay","I'm gay","I'm gay"],"messages_no":3,"bad_words":[],"bad_words_no":3,"weight":0,"location":[[40.91785428,-74.7253095],[40.91785428,-74.7253095],[40.91785428,-74.7253095]],"friends":[1,2,3,4]}