{"messages":["The main &amp; I \ud83d\udc81\ud83d\ude04 @ MOD Pizza\ud83c\udf55 http:\/\/t.co\/ZknwUc10Bw","Swaggy","The main &amp; I \ud83d\udc81\ud83d\ude04 @ MOD Pizza\ud83c\udf55 http:\/\/t.co\/ZknwUc10Bw","Swaggy","The main &amp; I \ud83d\udc81\ud83d\ude04 @ MOD Pizza\ud83c\udf55 http:\/\/t.co\/ZknwUc10Bw","Swaggy"],"messages_no":6,"bad_words":[],"bad_words_no":0,"weight":0,"location":[[47.14078597,-122.27074262],[47.17835289,-122.28952964],[47.14078597,-122.27074262],[47.17835289,-122.28952964],[47.14078597,-122.27074262],[47.17835289,-122.28952964]],"friends":[1,2,3,4]}