{"messages":["My nigga Darius what's good","@Drosehoopfan stop hating hoe","My nigga Darius what's good","@Drosehoopfan stop hating hoe","My nigga Darius what's good","@Drosehoopfan stop hating hoe"],"messages_no":6,"bad_words":[],"bad_words_no":3,"weight":0,"location":[[33.9803207,-81.2293919],[33.9879001,-81.2125605],[33.9803207,-81.2293919],[33.9879001,-81.2125605],[33.9803207,-81.2293919],[33.9879001,-81.2125605]],"friends":[1,2,3,4]}