{"messages":["WTF?  #UFC169","WTF?  #UFC169"],"messages_no":2,"bad_words":[],"bad_words_no":0,"weight":0,"location":[41.2924626,-72.8208663,41.2924626,-72.8208663]}