{"messages":["@quinn10 @maddyloveskatie please do!!!","@quinn10 @maddyloveskatie please do!!!","@quinn10 @maddyloveskatie please do!!!"],"messages_no":3,"bad_words":[],"bad_words_no":0,"weight":0,"location":[[37.86255271,-122.10301839],[37.86255271,-122.10301839],[37.86255271,-122.10301839]],"friends":[1,2,3,4]}