{"messages":["Half of me half what bitch","Half of me half what bitch","Oomf's lol","I'm really fucking with this Rental Car Music 2 @MOOKBOYFLYGOON","Half of me half what bitch","Oomf's lol"],"messages_no":6,"bad_words":[],"bad_words_no":4,"weight":0,"location":[[28.78035525,-81.28035774],[28.78035525,-81.28035774],[28.7803222,-81.28032022],[28.7801986,-81.28016605],[28.78035525,-81.28035774],[28.7803222,-81.28032022]],"friends":[1,2,3,4]}