{"messages":["thats funny \ud83d\ude02\ud83d\ude02 ur so two faced","just ordered a new custom cascade cpx-r helmet for lax","thats funny \ud83d\ude02\ud83d\ude02 ur so two faced","just ordered a new custom cascade cpx-r helmet for lax","thats funny \ud83d\ude02\ud83d\ude02 ur so two faced","just ordered a new custom cascade cpx-r helmet for lax"],"messages_no":6,"bad_words":[],"bad_words_no":0,"weight":0,"location":[[41.97969553,-88.16446917],[41.9802708,-88.16432579],[41.97969553,-88.16446917],[41.9802708,-88.16432579],[41.97969553,-88.16446917],[41.9802708,-88.16432579]],"friends":[1,2,3,4]}