{"messages":["My homies still","My homies still","My homies still"],"messages_no":3,"bad_words":[],"bad_words_no":0,"weight":0,"location":[37.16614049,-83.75165848,37.16614049,-83.75165848,37.16614049,-83.75165848]}