{"messages":["Just hmu","Just hmu","Just hmu"],"messages_no":3,"bad_words":[],"bad_words_no":0,"weight":0,"location":[[29.45995625,-98.44637609],[29.45995625,-98.44637609],[29.45995625,-98.44637609]],"friends":[1,2,3,4]}