{"messages":["Haha! I'm so over you\ud83d\ude02\ud83d\udc4b","Haha! I'm so over you\ud83d\ude02\ud83d\udc4b","Haha! I'm so over you\ud83d\ude02\ud83d\udc4b"],"messages_no":3,"bad_words":[],"bad_words_no":0,"weight":0,"location":[[25.67161619,-80.43006733],[25.67161619,-80.43006733],[25.67161619,-80.43006733]],"friends":[1,2,3,4]}