{"messages":["Wanna go home.","Wanna go home.","Wanna go home."],"messages_no":3,"bad_words":[],"bad_words_no":0,"weight":0,"location":[32.8126474,-79.9434797,32.8126474,-79.9434797,32.8126474,-79.9434797]}