{"messages":["High af I woke up like dis http:\/\/t.co\/j3T1sFfRac","And I right I was gonna be early today \ud83d\ude12","High af I woke up like dis http:\/\/t.co\/j3T1sFfRac","And I right I was gonna be early today \ud83d\ude12","OMG Scheana cannot sing \ud83d\ude02\ud83d\ude02\ud83d\ude02","High af I woke up like dis http:\/\/t.co\/j3T1sFfRac","And I right I was gonna be early today \ud83d\ude12"],"messages_no":7,"bad_words":[],"bad_words_no":0,"weight":0,"location":[[41.50391917,-81.5717848],[41.50184467,-81.51598484],[41.50391917,-81.5717848],[41.50184467,-81.51598484],[41.50389429,-81.57192786],[41.50391917,-81.5717848],[41.50184467,-81.51598484]],"friends":[1,2,3,4]}