{"messages":["Take the points, dumbass","Take the points, dumbass","Take the points, dumbass"],"messages_no":3,"bad_words":[],"bad_words_no":0,"weight":0,"location":[[36.02765357,-86.83071918],[36.02765357,-86.83071918],[36.02765357,-86.83071918]],"friends":[1,2,3,4]}