{"messages":["Harry's not 20","Harry's not 20"],"messages_no":2,"bad_words":[],"bad_words_no":0,"weight":0,"location":[38.12950371,-104.02566071,38.12950371,-104.02566071]}