{"messages":["@nhughes1629 this math test is hard. Feel like I haven't learned shit.","@nhughes1629 this math test is hard. Feel like I haven't learned shit.","My managers crack me up","Flappy bird or nah? http:\/\/t.co\/vtz10IoZqE","Don't have to go to work till 3 now. #swag","\u201c@Markal1993: You ducking sound possessed lol\u201d oh ducking huh?","@nhughes1629 this math test is hard. Feel like I haven't learned shit.","@nhughes1629 this math test is hard. Feel like I haven't learned shit.","My managers crack me up","My managers crack me up"],"messages_no":10,"bad_words":[],"bad_words_no":3,"weight":0,"location":[38.69088824,-104.70131216,38.69088824,-104.70131216,38.71872862,-104.69817532,38.7260718,-104.71502602,38.28192696,-104.61270577,38.73095192,-104.70956901,38.69088824,-104.70131216,38.69088824,-104.70131216,38.71872862,-104.69817532,38.71872862,-104.69817532]}