{"messages":["Passed my permit test \ud83c\udf89\ud83d\ude98 25 more days and I'll be able to drive","Why am I so stressed out","Passed my permit test \ud83c\udf89\ud83d\ude98 25 more days and I'll be able to drive","Why am I so stressed out","sperrys for days \ud83d\ude0d\u26f5\ufe0f http:\/\/t.co\/ZOHoLtdQ5o","Passed my permit test \ud83c\udf89\ud83d\ude98 25 more days and I'll be able to drive","Why am I so stressed out","sperrys for days \ud83d\ude0d\u26f5\ufe0f http:\/\/t.co\/ZOHoLtdQ5o"],"messages_no":8,"bad_words":[],"bad_words_no":0,"weight":0,"location":[[40.22050118,-74.27613328],[40.17013336,-74.30542971],[40.22050118,-74.27613328],[40.17013336,-74.30542971],[40.17013424,-74.30557396],[40.22050118,-74.27613328],[40.17013336,-74.30542971],[40.17013424,-74.30557396]],"friends":[1,2,3,4]}