{"messages":["Passed my permit test \ud83c\udf89\ud83d\ude98 25 more days and I'll be able to drive","Passed my permit test \ud83c\udf89\ud83d\ude98 25 more days and I'll be able to drive","Why am I so stressed out","Passed my permit test \ud83c\udf89\ud83d\ude98 25 more days and I'll be able to drive","Passed my permit test \ud83c\udf89\ud83d\ude98 25 more days and I'll be able to drive","Why am I so stressed out"],"messages_no":6,"bad_words":[],"bad_words_no":0,"weight":0,"location":[40.22050118,-74.27613328,40.22050118,-74.27613328,40.17013336,-74.30542971,40.22050118,-74.27613328,40.22050118,-74.27613328,40.17013336,-74.30542971]}