{"messages":["@crystal_hanna @ryan21h @Senor_El_Jay yea crystal your preety unintelligent","@KLSouth16 we're not going addidas tho","@crystal_hanna @ryan21h @Senor_El_Jay yea crystal your preety unintelligent","@KLSouth16 we're not going addidas tho","@HollyWiemann chill","@crystal_hanna @ryan21h @Senor_El_Jay yea crystal your preety unintelligent","@KLSouth16 we're not going addidas tho"],"messages_no":7,"bad_words":[],"bad_words_no":0,"weight":0,"location":[[33.85124465,-117.80186581],[33.84588197,-117.73189807],[33.85124465,-117.80186581],[33.84588197,-117.73189807],[33.88042656,-117.86369763],[33.85124465,-117.80186581],[33.84588197,-117.73189807]],"friends":[1,2,3,4]}