{"messages":["@ThurmLive_425 heard you","@ThurmLive_425 heard you","Nah but @JabrillPeppers is really different #Jersey http:\/\/t.co\/FT23S0tJUa","@ThurmLive_425 heard you","Nah but @JabrillPeppers is really different #Jersey http:\/\/t.co\/FT23S0tJUa"],"messages_no":5,"bad_words":[],"bad_words_no":0,"weight":0,"location":[[40.23048516,-74.7858395],[40.23048516,-74.7858395],[40.23039629,-74.78552928],[40.23048516,-74.7858395],[40.23039629,-74.78552928]],"friends":[1,2,3,4]}