{"messages":["I hate having allergies man \ud83d\ude30\ud83d\ude45","I need a Bae for moments like this when the broncos are losing \ud83d\ude30","I hate having allergies man \ud83d\ude30\ud83d\ude45","I hate having allergies man \ud83d\ude30\ud83d\ude45"],"messages_no":4,"bad_words":[],"bad_words_no":0,"weight":0,"location":[33.90863204,-117.22897035,33.9087313,-117.2288471,33.90863204,-117.22897035,33.90863204,-117.22897035]}