{"messages":["@Coll_me_Brady you can do it!","@Coll_me_Brady you can do it!","@Coll_me_Brady you can do it!","@Coll_me_Brady you can do it!"],"messages_no":4,"bad_words":[],"bad_words_no":0,"weight":0,"location":[40.86714922,-79.88049275,40.86714922,-79.88049275,40.86714922,-79.88049275,40.86714922,-79.88049275]}