{"messages":["I'm so done with all of this rain..","I'm so done with all of this rain..","I'm so done with all of this rain..","I'm so done with all of this rain.."],"messages_no":4,"bad_words":[],"bad_words_no":0,"weight":0,"location":[28.7357778,-81.66282551,28.7357778,-81.66282551,28.7357778,-81.66282551,28.7357778,-81.66282551]}