{"messages":["@Lemme_ChillHOE You text me.  8166788437","@Lemme_ChillHOE You text me.  8166788437"],"messages_no":2,"bad_words":[],"bad_words_no":0,"weight":0,"location":[39.0481015,-94.5238972,39.0481015,-94.5238972]}