{"messages":["Celebratin mi bday nxt weekend","Celebratin mi bday nxt weekend","Mornin yal gettin ready 4 wrk","Celebratin mi bday nxt weekend"],"messages_no":4,"bad_words":[],"bad_words_no":0,"weight":0,"location":[[33.12324305,-89.03557524],[33.12324305,-89.03557524],[33.1769188,-88.91517126],[33.12324305,-89.03557524]],"friends":[1,2,3,4]}