{"messages":["watching the game \ud83c\udfc8","watching the game \ud83c\udfc8","i want taco bell!","watching the game \ud83c\udfc8","i want taco bell!"],"messages_no":5,"bad_words":[],"bad_words_no":0,"weight":0,"location":[[32.7036961,-97.0143925],[32.7036961,-97.0143925],[32.7197385,-97.0210965],[32.7036961,-97.0143925],[32.7197385,-97.0210965]],"friends":[1,2,3,4]}