{"messages":["Is this a joke","Is this a joke","Is this a joke"],"messages_no":3,"bad_words":[],"bad_words_no":0,"weight":0,"location":[[42.77269389,-73.77035411],[42.77269389,-73.77035411],[42.77269389,-73.77035411]],"friends":[1,2,3,4]}