{"messages":["bien readyyy","bien readyyy","bien readyyy"],"messages_no":3,"bad_words":[],"bad_words_no":0,"weight":0,"location":[[18.0375731,-66.8474623],[18.0375731,-66.8474623],[18.0375731,-66.8474623]],"friends":[1,2,3,4]}