{"messages":["@Queen_Deeliss you look like a pet monkey","\u201c@_BennyX: I'm over protective of mine. Hurt someone I love and I'll kill you. \ud83d\udcaf\u201d#facts","@Queen_Deeliss you look like a pet monkey","\u201c@_BennyX: I'm over protective of mine. Hurt someone I love and I'll kill you. \ud83d\udcaf\u201d#facts","\u201c@gorjesssx3: Martin is too funny \ud83d\ude02\ud83d\ude02\u201d","@Queen_Deeliss you look like a pet monkey","\u201c@_BennyX: I'm over protective of mine. Hurt someone I love and I'll kill you. \ud83d\udcaf\u201d#facts","\u201c@gorjesssx3: Martin is too funny \ud83d\ude02\ud83d\ude02\u201d"],"messages_no":8,"bad_words":[],"bad_words_no":0,"weight":0,"location":[[40.95713033,-75.98069105],[40.94762931,-75.9763202],[40.95713033,-75.98069105],[40.94762931,-75.9763202],[40.97300577,-76.01749764],[40.95713033,-75.98069105],[40.94762931,-75.9763202],[40.97300577,-76.01749764]],"friends":[1,2,3,4]}