{"messages":["showin love and hatership \ud83d\ude18","lol cc thinks shes cool","showin love and hatership \ud83d\ude18","lol cc thinks shes cool","\u201c@tayy_reyy: @ca_twamss @alejandraaa31 its ok we know\u2764\ufe0f\u2764\ufe0f\u201d rft \ud83d\ude0f","showin love and hatership \ud83d\ude18","lol cc thinks shes cool","\u201c@tayy_reyy: @ca_twamss @alejandraaa31 its ok we know\u2764\ufe0f\u2764\ufe0f\u201d rft \ud83d\ude0f"],"messages_no":8,"bad_words":[],"bad_words_no":0,"weight":0,"location":[[33.8344167,-116.43329054],[33.82449915,-116.54007909],[33.8344167,-116.43329054],[33.82449915,-116.54007909],[32.95897109,-117.09959719],[33.8344167,-116.43329054],[33.82449915,-116.54007909],[32.95897109,-117.09959719]],"friends":[1,2,3,4]}