{"messages":["showin love and hatership \ud83d\ude18","showin love and hatership \ud83d\ude18","showin love and hatership \ud83d\ude18"],"messages_no":3,"bad_words":[],"bad_words_no":0,"weight":0,"location":[33.8344167,-116.43329054,33.8344167,-116.43329054,33.8344167,-116.43329054]}