{"messages":["I'm bout to get drunk","I'm bout to get drunk","I'm bout to get drunk"],"messages_no":3,"bad_words":[],"bad_words_no":0,"weight":0,"location":[[26.23738679,-80.14992016],[26.23738679,-80.14992016],[26.23738679,-80.14992016]],"friends":[1,2,3,4]}