{"messages":["@LovePapi_75 I'm just kidding lol","@LovePapi_75 I'm just kidding lol","@LovePapi_75 I'm just kidding lol"],"messages_no":3,"bad_words":[],"bad_words_no":0,"weight":0,"location":[[39.82405363,-104.77207479],[39.82405363,-104.77207479],[39.82405363,-104.77207479]],"friends":[1,2,3,4]}