{"messages":["Yeaaaaaaa I'm cool with not seeing you.... again.","Satellites","Yeaaaaaaa I'm cool with not seeing you.... again.","Satellites","I've hit over 100 tweets tonight","Yeaaaaaaa I'm cool with not seeing you.... again.","Satellites"],"messages_no":7,"bad_words":[],"bad_words_no":0,"weight":0,"location":[[30.3745642,-89.7520931],[30.3840045,-89.753223],[30.3745642,-89.7520931],[30.3840045,-89.753223],[30.3395224,-89.7467868],[30.3745642,-89.7520931],[30.3840045,-89.753223]],"friends":[1,2,3,4]}