{"messages":["\u201c@amariehaydenn: I NEED A WORK OUT BUDDY!\u201d","\u201c@amariehaydenn: I NEED A WORK OUT BUDDY!\u201d","These hoes ain't loyal \ud83d\udcaf","My legs and arms are so sore .","\u201c@amariehaydenn: I NEED A WORK OUT BUDDY!\u201d","These hoes ain't loyal \ud83d\udcaf"],"messages_no":6,"bad_words":[],"bad_words_no":0,"weight":0,"location":[[35.58544099,-82.61809015],[35.58544099,-82.61809015],[35.58544292,-82.61785084],[35.58553273,-82.61802142],[35.58544099,-82.61809015],[35.58544292,-82.61785084]],"friends":[1,2,3,4]}