{"messages":["@DeFeEcT pay up lil bitch","@DeFeEcT pay up lil bitch","@DeFeEcT pay up lil bitch"],"messages_no":3,"bad_words":[],"bad_words_no":3,"weight":0,"location":[[39.51869811,-74.59203827],[39.51869811,-74.59203827],[39.51869811,-74.59203827]],"friends":[1,2,3,4]}