{"messages":["Attitude much?","Attitude much?","Attitude much?"],"messages_no":3,"bad_words":[],"bad_words_no":0,"weight":0,"location":[34.13966274,-118.62786262,34.13966274,-118.62786262,34.13966274,-118.62786262]}