{"messages":["@SLizMills thankyou\ud83d\ude04\ud83d\ude2a","@SLizMills thankyou\ud83d\ude04\ud83d\ude2a","@omfglucass @krissaaaay18 love you lucasss\ud83d\udc95","@SLizMills thankyou\ud83d\ude04\ud83d\ude2a"],"messages_no":4,"bad_words":[],"bad_words_no":0,"weight":0,"location":[[41.4765336,-74.37532456],[41.4765336,-74.37532456],[41.42969564,-74.42113174],[41.4765336,-74.37532456]],"friends":[1,2,3,4]}