{"messages":["I'm bored","Fuck fuck fuck you","I wanna goto church today","The Ozone all fucked up","I'm bored","Fuck fuck fuck you","I wanna goto church today"],"messages_no":7,"bad_words":[],"bad_words_no":7,"weight":0,"location":[37.50679,-77.4684671,37.506628,-77.4687235,37.5066282,-77.4685283,37.5066368,-77.468746,37.50679,-77.4684671,37.506628,-77.4687235,37.5066282,-77.4685283]}