{"messages":["Bros basketball game soon","Amare is playing!!! #knicks #knickstape #nymade #BeatTheHeat","Bros basketball game soon","Bros basketball game soon","Amare is playing!!! #knicks #knickstape #nymade #BeatTheHeat"],"messages_no":5,"bad_words":[],"bad_words_no":0,"weight":0,"location":[40.80492545,-73.21225343,40.80516874,-73.21241428,40.80492545,-73.21225343,40.80492545,-73.21225343,40.80516874,-73.21241428]}