{"messages":["Bros basketball game soon","Amare is playing!!! #knicks #knickstape #nymade #BeatTheHeat","Bros basketball game soon","Amare is playing!!! #knicks #knickstape #nymade #BeatTheHeat","Grant wit a sick lay up #CuseNation","56-49 1:16 left #CuseNation","Im gonna go ham","Bros basketball game soon","Amare is playing!!! #knicks #knickstape #nymade #BeatTheHeat","Grant wit a sick lay up #CuseNation","56-49 1:16 left #CuseNation"],"messages_no":11,"bad_words":[],"bad_words_no":0,"weight":0,"location":[[40.80492545,-73.21225343],[40.80516874,-73.21241428],[40.80492545,-73.21225343],[40.80516874,-73.21241428],[40.80521911,-73.21244358],[40.80522991,-73.2124691],[40.8227332,-73.20099885],[40.80492545,-73.21225343],[40.80516874,-73.21241428],[40.80521911,-73.21244358],[40.80522991,-73.2124691]],"friends":[1,2,3,4]}