{"messages":["@c0ld_s0ul_  i can't with you anymore.","Pretty fun too (x","@c0ld_s0ul_  i can't with you anymore.","Pretty fun too (x","@c0ld_s0ul_  i can't with you anymore.","Pretty fun too (x"],"messages_no":6,"bad_words":[],"bad_words_no":0,"weight":0,"location":[[36.1505768,-115.1124937],[36.1505304,-115.1124593],[36.1505768,-115.1124937],[36.1505304,-115.1124593],[36.1505768,-115.1124937],[36.1505304,-115.1124593]],"friends":[1,2,3,4]}