{"messages":["Bruno doing it huh.","Bruno doing it huh.","Bruno doing it huh."],"messages_no":3,"bad_words":[],"bad_words_no":0,"weight":0,"location":[[33.76385566,-84.35099859],[33.76385566,-84.35099859],[33.76385566,-84.35099859]],"friends":[1,2,3,4]}