{"messages":["im kind of terrified of the dark","im kind of terrified of the dark","im kind of terrified of the dark"],"messages_no":3,"bad_words":[],"bad_words_no":0,"weight":0,"location":[[38.38157713,-121.41916498],[38.38157713,-121.41916498],[38.38157713,-121.41916498]],"friends":[1,2,3,4]}