{"messages":["When will my dad be home with food.\ud83d\ude29","That SUCKSSS","When will my dad be home with food.\ud83d\ude29","That SUCKSSS","Always the end.\u270b","I know that you like me &amp; no it's not a secret \ud83d\ude4a","When will my dad be home with food.\ud83d\ude29","That SUCKSSS"],"messages_no":8,"bad_words":[],"bad_words_no":0,"weight":0,"location":[[41.39717861,-82.19895048],[41.39737923,-82.19954736],[41.39717861,-82.19895048],[41.39737923,-82.19954736],[41.42860458,-82.22760712],[41.42879829,-82.22744832],[41.39717861,-82.19895048],[41.39737923,-82.19954736]],"friends":[1,2,3,4]}