{"messages":["You're telling me.","You're telling me.","@l_rabitaille if I was home I would of hangout with you\ud83d\ude14","You're telling me.","@l_rabitaille if I was home I would of hangout with you\ud83d\ude14"],"messages_no":5,"bad_words":[],"bad_words_no":0,"weight":0,"location":[[46.49100704,-87.8523423],[46.49100704,-87.8523423],[46.47973612,-87.24584293],[46.49100704,-87.8523423],[46.47973612,-87.24584293]],"friends":[1,2,3,4]}