{"messages":["\ud83d\ude24 I'm finna go off .","\ud83d\ude24 I'm finna go off .","I be getting accused of shit ion even think about doing . Crazy \ud83d\ude12","\ud83d\ude24 I'm finna go off ."],"messages_no":4,"bad_words":[],"bad_words_no":1,"weight":0,"location":[[31.29060505,-92.42364948],[31.29060505,-92.42364948],[31.29083997,-92.42373895],[31.29060505,-92.42364948]],"friends":[1,2,3,4]}