{"messages":["Oh hell yeah ! \ud83d\ude0d\ud83d\ude0d\ud83d\ude0d\ud83d\ude0d http:\/\/t.co\/2pqoi95Pkq","Oh hell yeah ! \ud83d\ude0d\ud83d\ude0d\ud83d\ude0d\ud83d\ude0d http:\/\/t.co\/2pqoi95Pkq","Oh hell yeah ! \ud83d\ude0d\ud83d\ude0d\ud83d\ude0d\ud83d\ude0d http:\/\/t.co\/2pqoi95Pkq"],"messages_no":3,"bad_words":[],"bad_words_no":3,"weight":0,"location":[40.92447238,-74.14577583,40.92447238,-74.14577583,40.92447238,-74.14577583]}