{"messages":["Ain't even the least bit tired.","If you need me.","Ain't even the least bit tired.","If you need me."],"messages_no":4,"bad_words":[],"bad_words_no":0,"weight":0,"location":[42.30981708,-83.45347653,42.4377299,-83.42210392,42.30981708,-83.45347653,42.4377299,-83.42210392]}