{"messages":["Nevermind","Nevermind","Nevermind"],"messages_no":3,"bad_words":[],"bad_words_no":0,"weight":0,"location":[[33.80891258,-118.11090558],[33.80891258,-118.11090558],[33.80891258,-118.11090558]],"friends":[1,2,3,4]}