{"messages":["\u201c@CheyPearson: Anyone else still up?\u201d","Who tf is this \ud83d\ude02","\u201c@CheyPearson: Anyone else still up?\u201d","Who tf is this \ud83d\ude02","Real fucking shit","Hush you ass up","@Lamin_12 I sent the message it's not going though tho what's up with your iMessages","You should share some of that smoothie lol \ud83d\ude29\ud83d\ude14","\u201c@CheyPearson: Anyone else still up?\u201d","Who tf is this \ud83d\ude02","Real fucking shit"],"messages_no":11,"bad_words":[],"bad_words_no":4,"weight":0,"location":[[38.57430173,-77.33185566],[38.57423006,-77.33190143],[38.57430173,-77.33185566],[38.57423006,-77.33190143],[38.57414934,-77.33172834],[38.57427239,-77.3318394],[38.57428802,-77.33178534],[38.57419804,-77.33186278],[38.57430173,-77.33185566],[38.57423006,-77.33190143],[38.57414934,-77.33172834]],"friends":[1,2,3,4]}