{"messages":["i love watches","i love watches","i love watches"],"messages_no":3,"bad_words":[],"bad_words_no":0,"weight":0,"location":[41.41708718,-82.23612933,41.41708718,-82.23612933,41.41708718,-82.23612933]}