{"messages":["Sittin just holding gmas hand","Prayers for the Boggs family.","Sittin just holding gmas hand","Sittin just holding gmas hand"],"messages_no":4,"bad_words":[],"bad_words_no":0,"weight":0,"location":[34.1762265,-82.1567625,34.3822004,-82.1460809,34.1762265,-82.1567625,34.1762265,-82.1567625]}