{"messages":["So, skiing is really hard","BABY STEPS","So, skiing is really hard","BABY STEPS","So, skiing is really hard","BABY STEPS"],"messages_no":6,"bad_words":[],"bad_words_no":0,"weight":0,"location":[[40.05605759,-79.25044346],[40.43048519,-79.92343419],[40.05605759,-79.25044346],[40.43048519,-79.92343419],[40.05605759,-79.25044346],[40.43048519,-79.92343419]],"friends":[1,2,3,4]}