{"messages":["i got that biggest attitude in american history right now","i got that biggest attitude in american history right now","too bad im a princess\ud83d\udc78","@TheReal_Terry go to sleep pls","i got that biggest attitude in american history right now","too bad im a princess\ud83d\udc78","@TheReal_Terry go to sleep pls"],"messages_no":7,"bad_words":[],"bad_words_no":0,"weight":0,"location":[[33.57857758,-84.31963269],[33.57857758,-84.31963269],[33.59665747,-84.40101628],[33.59665825,-84.40102787],[33.57857758,-84.31963269],[33.59665747,-84.40101628],[33.59665825,-84.40102787]],"friends":[1,2,3,4]}