{"messages":["Refs already takin over the game","@joeyb043 steelers would have still been in the game tbh","Refs already takin over the game","@joeyb043 steelers would have still been in the game tbh","\u264d\ufe0f\u264d\ufe0f- you're chill &amp; pretty but you be coming crazy lol.","Refs already takin over the game","@joeyb043 steelers would have still been in the game tbh","\u264d\ufe0f\u264d\ufe0f- you're chill &amp; pretty but you be coming crazy lol."],"messages_no":8,"bad_words":[],"bad_words_no":0,"weight":0,"location":[[40.16681506,-74.66070469],[40.16668212,-74.66050273],[40.16681506,-74.66070469],[40.16668212,-74.66050273],[40.16675292,-74.66056953],[40.16681506,-74.66070469],[40.16668212,-74.66050273],[40.16675292,-74.66056953]],"friends":[1,2,3,4]}