{"messages":["@OverdoseMe_ why lil nigga","@OverdoseMe_ why lil nigga","Eyes low off dat gud grass","@OverdoseMe_ why lil nigga","Eyes low off dat gud grass"],"messages_no":5,"bad_words":[],"bad_words_no":3,"weight":0,"location":[[32.7897255,-83.7029974],[32.7897255,-83.7029974],[32.7897087,-83.7057549],[32.7897255,-83.7029974],[32.7897087,-83.7057549]],"friends":[1,2,3,4]}