{"messages":["Goodmorning!","Goodmorning!","Goodmorning!"],"messages_no":3,"bad_words":[],"bad_words_no":0,"weight":0,"location":[[35.042646,-81.61240141],[35.042646,-81.61240141],[35.042646,-81.61240141]],"friends":[1,2,3,4]}