{"messages":["Mark Cuban is a genius","Mark Cuban is a genius","Mark Cuban is a genius"],"messages_no":3,"bad_words":[],"bad_words_no":0,"weight":0,"location":[[33.81310781,-118.03954432],[33.81310781,-118.03954432],[33.81310781,-118.03954432]],"friends":[1,2,3,4]}