{"messages":["Hate waiting in lines, Uggh","Almost tht time n really don't wana get my ass up to walk out tht door","Come on 7","Hate waiting in lines, Uggh","Almost tht time n really don't wana get my ass up to walk out tht door","Come on 7","Hate waiting in lines, Uggh","Almost tht time n really don't wana get my ass up to walk out tht door","Come on 7"],"messages_no":9,"bad_words":[],"bad_words_no":0,"weight":0,"location":[[27.7414375,-97.4256081],[27.7707752,-97.4323495],[27.80455337,-97.4542239],[27.7414375,-97.4256081],[27.7707752,-97.4323495],[27.80455337,-97.4542239],[27.7414375,-97.4256081],[27.7707752,-97.4323495],[27.80455337,-97.4542239]],"friends":[1,2,3,4]}