{"messages":["@Terez_11 well duhh lol","Mcdonalds jus made me mad","@Terez_11 well duhh lol","Mcdonalds jus made me mad","Mcdonalds jus made me mad"],"messages_no":5,"bad_words":[],"bad_words_no":0,"weight":0,"location":[33.72076422,-82.73097586,33.72079238,-82.7308972,33.72076422,-82.73097586,33.72079238,-82.7308972,33.72079238,-82.7308972]}