{"messages":["It's like 80 in Tampa.","It's like 80 in Tampa.","It's like 80 in Tampa."],"messages_no":3,"bad_words":[],"bad_words_no":0,"weight":0,"location":[[28.06645633,-82.41137752],[28.06645633,-82.41137752],[28.06645633,-82.41137752]],"friends":[1,2,3,4]}