{"messages":["Rocket till water falls !","My case came in !","Rocket till water falls !","My case came in !","Rocket till water falls !","My case came in !"],"messages_no":6,"bad_words":[],"bad_words_no":0,"weight":0,"location":[[29.52921248,-95.47958323],[29.52931151,-95.47956364],[29.52921248,-95.47958323],[29.52931151,-95.47956364],[29.52921248,-95.47958323],[29.52931151,-95.47956364]],"friends":[1,2,3,4]}