{"messages":["Cause that only took 3 quarters \ud83d\ude02","Cause that only took 3 quarters \ud83d\ude02","Cause that only took 3 quarters \ud83d\ude02"],"messages_no":3,"bad_words":[],"bad_words_no":0,"weight":0,"location":[[30.01076017,-97.86305688],[30.01076017,-97.86305688],[30.01076017,-97.86305688]],"friends":[1,2,3,4]}