{"messages":["Tuning Fork","Tuning Fork","Tuning Fork"],"messages_no":3,"bad_words":[],"bad_words_no":0,"weight":0,"location":[[34.14454565,-118.3943719],[34.14454565,-118.3943719],[34.14454565,-118.3943719]],"friends":[1,2,3,4]}