{"messages":["Okay he looks like he's having an attack on stage \ud83d\ude02\ud83d\ude02\ud83d\ude33\ud83d\ude29","Okay he looks like he's having an attack on stage \ud83d\ude02\ud83d\ude02\ud83d\ude33\ud83d\ude29","Okay he looks like he's having an attack on stage \ud83d\ude02\ud83d\ude02\ud83d\ude33\ud83d\ude29"],"messages_no":3,"bad_words":[],"bad_words_no":0,"weight":0,"location":[[42.86776323,-78.86357361],[42.86776323,-78.86357361],[42.86776323,-78.86357361]],"friends":[1,2,3,4]}