{"messages":["Another Saturday night goes by that I'm in the house \ud83d\ude10","If they came back that would be wild \ud83d\ude4c","Another Saturday night goes by that I'm in the house \ud83d\ude10","If they came back that would be wild \ud83d\ude4c","@loveeyonna_ that's me \ud83d\ude01","Another Saturday night goes by that I'm in the house \ud83d\ude10","If they came back that would be wild \ud83d\ude4c"],"messages_no":7,"bad_words":[],"bad_words_no":0,"weight":0,"location":[[39.34169799,-76.51781185],[39.34157331,-76.51789684],[39.34169799,-76.51781185],[39.34157331,-76.51789684],[39.34162645,-76.51774404],[39.34169799,-76.51781185],[39.34157331,-76.51789684]],"friends":[1,2,3,4]}