{"messages":["His voice &gt;&gt;&gt;&gt;&gt;&gt;&gt;","Omg another touchdown! \ue411\ue411\ue411\ue411\ue411","His voice &gt;&gt;&gt;&gt;&gt;&gt;&gt;","Omg another touchdown! \ue411\ue411\ue411\ue411\ue411","His voice &gt;&gt;&gt;&gt;&gt;&gt;&gt;","Omg another touchdown! \ue411\ue411\ue411\ue411\ue411"],"messages_no":6,"bad_words":[],"bad_words_no":0,"weight":0,"location":[[26.32116,-98.1035578],[26.3211601,-98.1035596],[26.32116,-98.1035578],[26.3211601,-98.1035596],[26.32116,-98.1035578],[26.3211601,-98.1035596]],"friends":[1,2,3,4]}