{"messages":["Oomf is a qt. \u263a\ufe0f","Oomf is a qt. \u263a\ufe0f","Oomf is a qt. \u263a\ufe0f"],"messages_no":3,"bad_words":[],"bad_words_no":0,"weight":0,"location":[[29.40991,-98.50837525],[29.40991,-98.50837525],[29.40991,-98.50837525]],"friends":[1,2,3,4]}