{"messages":["Thats so messed up yo.","Thats so messed up yo.","Thats so messed up yo.","Thats so messed up yo."],"messages_no":4,"bad_words":[],"bad_words_no":0,"weight":0,"location":[38.7521842,-76.9686678,38.7521842,-76.9686678,38.7521842,-76.9686678,38.7521842,-76.9686678]}