{"messages":["@trudeau31 nice! Loved that show","@trudeau31 nice! Loved that show","@trudeau31 nice! Loved that show"],"messages_no":3,"bad_words":[],"bad_words_no":0,"weight":0,"location":[[38.23628178,-85.7562503],[38.23628178,-85.7562503],[38.23628178,-85.7562503]],"friends":[1,2,3,4]}