{"messages":["Unliked my photo lmao","Unliked my photo lmao","Ritz crackers are so good","Mom is taking me to school tomorrow \ud83d\ude0c","@DiegoTheGreat38 LOL I just LOL'd","Unliked my photo lmao","Ritz crackers are so good"],"messages_no":7,"bad_words":[],"bad_words_no":0,"weight":0,"location":[[41.62065205,-88.12920334],[41.62065205,-88.12920334],[41.62070987,-88.12945143],[41.62073336,-88.12927968],[41.6206873,-88.12916124],[41.62065205,-88.12920334],[41.62070987,-88.12945143]],"friends":[1,2,3,4]}