{"messages":["\u201c@taymontanaaa: WHAT CHANNEL IS THE SUPERBOWL ON????\u201d-1","\u201c@_Melisaw: \u201c@PushaaK: \u201c@_Melisaw: \ud83d\ude2c MY YB \ud83d\ude01\u201dyour my yb ghost.\u201dyour my yb &amp; you ghost\u201dIma text you in the morning.","\u201c@taymontanaaa: WHAT CHANNEL IS THE SUPERBOWL ON????\u201d-1","\u201c@_Melisaw: \u201c@PushaaK: \u201c@_Melisaw: \ud83d\ude2c MY YB \ud83d\ude01\u201dyour my yb ghost.\u201dyour my yb &amp; you ghost\u201dIma text you in the morning.","\ud83d\udc8b\ud83d\udcad: Fuck you! You forgot to text me back? Punk","50$ for a sticker tf \ud83d\ude02\ud83d\ude29\ud83d\ude34","\u201c@taymontanaaa: WHAT CHANNEL IS THE SUPERBOWL ON????\u201d-1","\u201c@_Melisaw: \u201c@PushaaK: \u201c@_Melisaw: \ud83d\ude2c MY YB \ud83d\ude01\u201dyour my yb ghost.\u201dyour my yb &amp; you ghost\u201dIma text you in the morning.","\ud83d\udc8b\ud83d\udcad: Fuck you! You forgot to text me back? Punk","50$ for a sticker tf \ud83d\ude02\ud83d\ude29\ud83d\ude34"],"messages_no":10,"bad_words":[],"bad_words_no":2,"weight":0,"location":[[40.02810235,-75.08336065],[40.02819068,-75.08313027],[40.02810235,-75.08336065],[40.02819068,-75.08313027],[40.02812903,-75.0832796],[40.02811069,-75.08342526],[40.02810235,-75.08336065],[40.02819068,-75.08313027],[40.02812903,-75.0832796],[40.02811069,-75.08342526]],"friends":[1,2,3,4]}