{"messages":["I'm so happy","I'm so happy","I'm so happy"],"messages_no":3,"bad_words":[],"bad_words_no":0,"weight":0,"location":[[40.04553475,-74.99257768],[40.04553475,-74.99257768],[40.04553475,-74.99257768]],"friends":[1,2,3,4]}