{"messages":["Pete Carroll","Pete Carroll","Pete Carroll"],"messages_no":3,"bad_words":[],"bad_words_no":0,"weight":0,"location":[[42.09428121,-70.79006911],[42.09428121,-70.79006911],[42.09428121,-70.79006911]],"friends":[1,2,3,4]}