{"messages":["Im such a faggot","Im such a faggot","Im such a faggot"],"messages_no":3,"bad_words":[],"bad_words_no":3,"weight":0,"location":[[43.577382,-83.8895974],[43.577382,-83.8895974],[43.577382,-83.8895974]],"friends":[1,2,3,4]}