{"messages":["Don't worry about me just do you","Don't worry about me just do you","\u201c@captainskippy15: I want a cute new guy to come to my school.\u201dgirl*!!","Don't worry about me just do you","\u201c@captainskippy15: I want a cute new guy to come to my school.\u201dgirl*!!"],"messages_no":5,"bad_words":[],"bad_words_no":0,"weight":0,"location":[[35.58093007,-119.33980977],[35.58093007,-119.33980977],[35.58109577,-119.34031469],[35.58093007,-119.33980977],[35.58109577,-119.34031469]],"friends":[1,2,3,4]}