{"messages":["Money make the world go round","Money make the world go round","Money make the world go round","Money make the world go round"],"messages_no":4,"bad_words":[],"bad_words_no":0,"weight":0,"location":[37.50754583,-82.13589208,37.50754583,-82.13589208,37.50754583,-82.13589208,37.50754583,-82.13589208]}