{"messages":["Turn down for what niggah\ud83d\ude0d\ud83d\ude1d","Turn down for what niggah\ud83d\ude0d\ud83d\ude1d","Turn down for what niggah\ud83d\ude0d\ud83d\ude1d"],"messages_no":3,"bad_words":[],"bad_words_no":3,"weight":0,"location":[[26.04803967,-80.16229296],[26.04803967,-80.16229296],[26.04803967,-80.16229296]],"friends":[1,2,3,4]}