{"messages":["\u201c@BreezyYelton: nooooooo he wasnt reaaady\u201d \ud83d\ude02\ud83d\ude02\ud83d\ude02","BIG NEWS GUYS I JUST REALIZED THAT I CAN START DRIVERS ED NOW","basically http:\/\/t.co\/0P881T9hKc","\u201c@BreezyYelton: nooooooo he wasnt reaaady\u201d \ud83d\ude02\ud83d\ude02\ud83d\ude02","BIG NEWS GUYS I JUST REALIZED THAT I CAN START DRIVERS ED NOW","basically http:\/\/t.co\/0P881T9hKc","\u201c@BreezyYelton: nooooooo he wasnt reaaady\u201d \ud83d\ude02\ud83d\ude02\ud83d\ude02","BIG NEWS GUYS I JUST REALIZED THAT I CAN START DRIVERS ED NOW","basically http:\/\/t.co\/0P881T9hKc"],"messages_no":9,"bad_words":[],"bad_words_no":0,"weight":0,"location":[[34.99191608,-80.70074371],[34.99185116,-80.70051191],[34.99125735,-80.70134997],[34.99191608,-80.70074371],[34.99185116,-80.70051191],[34.99125735,-80.70134997],[34.99191608,-80.70074371],[34.99185116,-80.70051191],[34.99125735,-80.70134997]],"friends":[1,2,3,4]}