{"messages":["happy birthday @AnnaKotansky \u2728\ud83c\udf89","happy birthday @AnnaKotansky \u2728\ud83c\udf89","happy birthday @AnnaKotansky \u2728\ud83c\udf89"],"messages_no":3,"bad_words":[],"bad_words_no":0,"weight":0,"location":[[41.48859313,-81.80138745],[41.48859313,-81.80138745],[41.48859313,-81.80138745]],"friends":[1,2,3,4]}