{"messages":["You're so obsessed with everything she does man #creepy","You're so obsessed with everything she does man #creepy","Shut up","Funny bc he wold talk shit about you","Funny bc he wold talk shit about you","You're so obsessed with everything she does man #creepy","Shut up","Funny bc he wold talk shit about you","Funny bc he wold talk shit about you"],"messages_no":9,"bad_words":[],"bad_words_no":8,"weight":0,"location":[[25.94284053,-80.33648305],[25.94284053,-80.33648305],[25.9429122,-80.33654365],[26.10893557,-80.30191993],[26.10893557,-80.30191993],[25.94284053,-80.33648305],[25.9429122,-80.33654365],[26.10893557,-80.30191993],[26.10893557,-80.30191993]],"friends":[1,2,3,4]}