{"messages":["IDGAF ! Nomore :\/","Bitch I ah Smack you !","@riyaah__ taker ?????? \ud83d\ude18","IDGAF ! Nomore :\/","Bitch I ah Smack you !","@riyaah__ taker ?????? \ud83d\ude18","@MsPrettyLaa na bitch went to sleep yo shit Like 1500 uh summ I woke up you had a \"K\" onna end of yo shit ! \ud83d\udc4f\ud83d\udc4f\ud83d\udc4fTF bruhh !","IDGAF ! Nomore :\/","Bitch I ah Smack you !","@riyaah__ taker ?????? \ud83d\ude18"],"messages_no":10,"bad_words":[],"bad_words_no":3,"weight":0,"location":[[39.22946971,-84.56865091],[39.22996466,-84.56812383],[39.23001076,-84.56807957],[39.22946971,-84.56865091],[39.22996466,-84.56812383],[39.23001076,-84.56807957],[39.22995112,-84.56795015],[39.22946971,-84.56865091],[39.22996466,-84.56812383],[39.23001076,-84.56807957]],"friends":[1,2,3,4]}