{"messages":["Tonight was good","Tonight was good"],"messages_no":2,"bad_words":[],"bad_words_no":0,"weight":0,"location":[33.70878936,-84.53993587,33.70878936,-84.53993587]}