{"messages":["Settle down \ud83d\ude02\ud83d\ude02\ud83d\ude02 @HayleyYudiski","Settle down \ud83d\ude02\ud83d\ude02\ud83d\ude02 @HayleyYudiski","Settle down \ud83d\ude02\ud83d\ude02\ud83d\ude02 @HayleyYudiski"],"messages_no":3,"bad_words":[],"bad_words_no":0,"weight":0,"location":[[39.58111097,-76.38349814],[39.58111097,-76.38349814],[39.58111097,-76.38349814]],"friends":[1,2,3,4]}