{"messages":["Stop Talkin crazy \u270b\ud83d\ude1d","Song on repeat..? I think yesss\ud83d\udc95\ud83c\udfa7\ud83d\udc4c","Stop Talkin crazy \u270b\ud83d\ude1d","Song on repeat..? I think yesss\ud83d\udc95\ud83c\udfa7\ud83d\udc4c","Stop Talkin crazy \u270b\ud83d\ude1d","Song on repeat..? I think yesss\ud83d\udc95\ud83c\udfa7\ud83d\udc4c"],"messages_no":6,"bad_words":[],"bad_words_no":0,"weight":0,"location":[[35.02357218,-80.96695958],[35.2567266,-80.99031223],[35.02357218,-80.96695958],[35.2567266,-80.99031223],[35.02357218,-80.96695958],[35.2567266,-80.99031223]],"friends":[1,2,3,4]}