{"messages":["Got your nigga in da club","Got your nigga in da club","I just wish my mom was here","Got your nigga in da club","Got your nigga in da club","I just wish my mom was here"],"messages_no":6,"bad_words":[],"bad_words_no":3,"weight":0,"location":[40.40302488,-74.1001015,40.40302488,-74.1001015,39.35477092,-74.43823585,40.40302488,-74.1001015,40.40302488,-74.1001015,39.35477092,-74.43823585]}