{"messages":["You have... The GRIM!","You have... The GRIM!","If I said I had one free moment today, I'd be lying","\u201c@RaberYo: Someone get me subway\u201d Commuter hours","You have... The GRIM!","If I said I had one free moment today, I'd be lying"],"messages_no":6,"bad_words":[],"bad_words_no":0,"weight":0,"location":[[41.14886186,-81.34591466],[41.14886186,-81.34591466],[41.14888193,-81.34594258],[41.14715361,-81.34305417],[41.14886186,-81.34591466],[41.14888193,-81.34594258]],"friends":[1,2,3,4]}