{"messages":["@jalarasha yea yea text me","@jalarasha yea yea text me","@jalarasha yea yea text me"],"messages_no":3,"bad_words":[],"bad_words_no":0,"weight":0,"location":[36.03646682,-77.81462979,36.03646682,-77.81462979,36.03646682,-77.81462979]}