{"messages":["I'm @Desiraeee__ 's bitch","I'm @Desiraeee__ 's bitch","I'm @Desiraeee__ 's bitch"],"messages_no":3,"bad_words":[],"bad_words_no":3,"weight":0,"location":[[33.82614583,-118.25555709],[33.82614583,-118.25555709],[33.82614583,-118.25555709]],"friends":[1,2,3,4]}