{"messages":["Okay? Okay.","Okay? Okay.","Okay? Okay."],"messages_no":3,"bad_words":[],"bad_words_no":0,"weight":0,"location":[[38.97636153,-77.34412139],[38.97636153,-77.34412139],[38.97636153,-77.34412139]],"friends":[1,2,3,4]}