{"messages":["last night&lt;&lt;&lt;","last night&lt;&lt;&lt;","last night&lt;&lt;&lt;"],"messages_no":3,"bad_words":[],"bad_words_no":0,"weight":0,"location":[[42.06310899,-87.71039044],[42.06310899,-87.71039044],[42.06310899,-87.71039044]],"friends":[1,2,3,4]}