{"messages":["I love girls that wear dresses!","I love girls that wear dresses!","I love girls that wear dresses!","I love girls that wear dresses!"],"messages_no":4,"bad_words":[],"bad_words_no":0,"weight":0,"location":[26.3369571,-81.4409837,26.3369571,-81.4409837,26.3369571,-81.4409837,26.3369571,-81.4409837]}