{"messages":["Losing trust in people by the second","Losing trust in people by the second","Losing trust in people by the second","Losing trust in people by the second"],"messages_no":4,"bad_words":[],"bad_words_no":0,"weight":0,"location":[42.56525834,-82.95586333,42.56525834,-82.95586333,42.56525834,-82.95586333,42.56525834,-82.95586333]}