{"messages":["!!! #projectREUTSway","!!! #projectREUTSway","!!! #projectREUTSway"],"messages_no":3,"bad_words":[],"bad_words_no":0,"weight":0,"location":[[38.92224894,-77.03748909],[38.92224894,-77.03748909],[38.92224894,-77.03748909]],"friends":[1,2,3,4]}