{"messages":["Puppy bowl \ud83d\ude0d\ud83d\udc36","Puppy bowl \ud83d\ude0d\ud83d\udc36","@Ver0nicaMarsden orientation is my favorite part! I don't make up school days \ud83d\ude0d","I don't wanna study \ud83d\ude48","Puppy bowl \ud83d\ude0d\ud83d\udc36"],"messages_no":5,"bad_words":[],"bad_words_no":0,"weight":0,"location":[[40.02552358,-75.05252317],[40.02552358,-75.05252317],[40.02558015,-75.05249492],[40.02564179,-75.05258137],[40.02552358,-75.05252317]],"friends":[1,2,3,4]}