{"messages":["Seahawks are killing the Broncos!","Seahawks are killing the Broncos!","I want iHop or Denny's or Norms, omfg I'm hungry \ud83d\ude14","Seahawks are killing the Broncos!","I want iHop or Denny's or Norms, omfg I'm hungry \ud83d\ude14"],"messages_no":5,"bad_words":[],"bad_words_no":0,"weight":0,"location":[[33.99761811,-118.26492088],[33.99761811,-118.26492088],[34.0175778,-118.47225907],[33.99761811,-118.26492088],[34.0175778,-118.47225907]],"friends":[1,2,3,4]}