{"messages":["\ud83d\udcb7 #esurancesave30","\ud83d\udcb7 #esurancesave30","\ud83d\udcb7 #esurancesave30"],"messages_no":3,"bad_words":[],"bad_words_no":0,"weight":0,"location":[[34.01137553,-118.48356248],[34.01137553,-118.48356248],[34.01137553,-118.48356248]],"friends":[1,2,3,4]}