{"messages":["@Oh_KAY15 That's What I saw Yb","@Oh_KAY15 That's What I saw Yb","@Oh_KAY15 That's What I saw Yb"],"messages_no":3,"bad_words":[],"bad_words_no":0,"weight":0,"location":[[40.01544082,-75.20276868],[40.01544082,-75.20276868],[40.01544082,-75.20276868]],"friends":[1,2,3,4]}