{"messages":["My house is crazy right now! \ud83d\ude02\ud83d\udc99\ud83d\udc9a","Well I literally just ripped my pants... Woopsy \ud83d\ude01\ud83d\ude02\ud83d\ude48","My house is crazy right now! \ud83d\ude02\ud83d\udc99\ud83d\udc9a","Well I literally just ripped my pants... Woopsy \ud83d\ude01\ud83d\ude02\ud83d\ude48","My house is crazy right now! \ud83d\ude02\ud83d\udc99\ud83d\udc9a","Well I literally just ripped my pants... Woopsy \ud83d\ude01\ud83d\ude02\ud83d\ude48"],"messages_no":6,"bad_words":[],"bad_words_no":0,"weight":0,"location":[[47.1571228,-122.25125385],[47.15722203,-122.2513962],[47.1571228,-122.25125385],[47.15722203,-122.2513962],[47.1571228,-122.25125385],[47.15722203,-122.2513962]],"friends":[1,2,3,4]}