{"messages":["@grodsaar32671 uhhh no bitch ! \ud83d\ude12","@grodsaar32671 uhhh no bitch ! \ud83d\ude12","@grodsaar32671 uhhh no bitch ! \ud83d\ude12"],"messages_no":3,"bad_words":[],"bad_words_no":3,"weight":0,"location":[[38.0471572,-77.72479825],[38.0471572,-77.72479825],[38.0471572,-77.72479825]],"friends":[1,2,3,4]}