{"messages":["You a homie hopper .","Fuck you then .","Don't Depress yourself by trying to Impress others.","You a homie hopper ."],"messages_no":4,"bad_words":[],"bad_words_no":1,"weight":0,"location":[30.7520395,-81.6492872,32.7168896,-83.7159262,32.7168848,-83.7159239,30.7520395,-81.6492872]}