{"messages":["Hey Mom can you Stop Hating me?","Hey Mom can you Stop Hating me?","Hey Mom can you Stop Hating me?","Hey Mom can you Stop Hating me?"],"messages_no":4,"bad_words":[],"bad_words_no":0,"weight":0,"location":[35.2474485,-80.9520652,35.2474485,-80.9520652,35.2474485,-80.9520652,35.2474485,-80.9520652]}