{"messages":["Finally they scored","Finally they scored","Finally they scored"],"messages_no":3,"bad_words":[],"bad_words_no":0,"weight":0,"location":[[40.2104767,-74.7416631],[40.2104767,-74.7416631],[40.2104767,-74.7416631]],"friends":[1,2,3,4]}