{"messages":["Yes Maxwell! \ud83d\udc9a\ud83d\udc99","Broncos it's done! 36-0 Baby! \ud83d\udc99\ud83d\udc9a\ud83d\udc99\ud83d\udc9a #beastmode"],"messages_no":2,"bad_words":[],"bad_words_no":0,"weight":0,"location":[47.41735297,-122.32825582,47.41745725,-122.32800435]}