{"messages":["Average is the LAST thing you want to be. \ud83d\ude4c","Glad I'm Off On The Weekends.!","Average is the LAST thing you want to be. \ud83d\ude4c","Glad I'm Off On The Weekends.!","Forgiving someone is easy but being able to trust them again is a totally different story \ud83d\udc8b","Average is the LAST thing you want to be. \ud83d\ude4c","Glad I'm Off On The Weekends.!","Forgiving someone is easy but being able to trust them again is a totally different story \ud83d\udc8b"],"messages_no":8,"bad_words":[],"bad_words_no":0,"weight":0,"location":[[33.60057057,-101.88631423],[33.6005526,-101.88631537],[33.60057057,-101.88631423],[33.6005526,-101.88631537],[33.60049752,-101.88633446],[33.60057057,-101.88631423],[33.6005526,-101.88631537],[33.60049752,-101.88633446]],"friends":[1,2,3,4]}