{"messages":["Why do you do this to yourself?","You're stupid","Why do you do this to yourself?","You're stupid"],"messages_no":4,"bad_words":[],"bad_words_no":0,"weight":0,"location":[32.98295416,-115.51337823,32.98300515,-115.51352587,32.98295416,-115.51337823,32.98300515,-115.51352587]}