{"messages":["@jadeseipel #bowdownbitches","@jadeseipel #bowdownbitches","@jarkattack plz no pictures","@jadeseipel #bowdownbitches"],"messages_no":4,"bad_words":[],"bad_words_no":3,"weight":0,"location":[[43.07880472,-87.88220238],[43.07880472,-87.88220238],[43.0788389,-87.88218983],[43.07880472,-87.88220238]],"friends":[1,2,3,4]}