{"messages":["@534peaches been relaxing for a few hours","@534peaches been relaxing for a few hours","@LizMichaels1 I'm so ready for summer!!!!","@534peaches @malsagirl yes off till Friday","@malsagirl @534peaches I need some warm weather","@534peaches been relaxing for a few hours","@LizMichaels1 I'm so ready for summer!!!!"],"messages_no":7,"bad_words":[],"bad_words_no":0,"weight":0,"location":[[38.08396194,-97.92400709],[38.08396194,-97.92400709],[38.08452039,-97.89201478],[38.08388567,-97.92398262],[38.08377762,-97.92385094],[38.08396194,-97.92400709],[38.08452039,-97.89201478]],"friends":[1,2,3,4]}