{"messages":["Goodnight twitter \u270c\ufe0f","Goodnight twitter \u270c\ufe0f"],"messages_no":2,"bad_words":[],"bad_words_no":0,"weight":0,"location":[32.79106351,-96.89959486,32.79106351,-96.89959486]}