{"messages":["This super bowl keg tho","This super bowl keg tho","This super bowl keg tho"],"messages_no":3,"bad_words":[],"bad_words_no":0,"weight":0,"location":[[45.55043088,-94.15570166],[45.55043088,-94.15570166],[45.55043088,-94.15570166]],"friends":[1,2,3,4]}