{"messages":["This song really just came up on the radio","Comeback?","This song really just came up on the radio"],"messages_no":3,"bad_words":[],"bad_words_no":0,"weight":0,"location":[41.81718301,-72.67291085,41.73976939,-72.67575508,41.81718301,-72.67291085]}