{"messages":["Syracuse is salty fo sho","\u201c@ScribnerLindsay: \u201c@cierranstuff: \u201c@xoxotristen: @ScribnerLindsay is the best!! http:\/\/t.co\/tuJP92zy2f\u201d **cierra\u201d fuck outta here\u201d I agree","That light skinned girl scheming her parents for a puppy. Smh.","Syracuse is salty fo sho","\u201c@ScribnerLindsay: \u201c@cierranstuff: \u201c@xoxotristen: @ScribnerLindsay is the best!! http:\/\/t.co\/tuJP92zy2f\u201d **cierra\u201d fuck outta here\u201d I agree","That light skinned girl scheming her parents for a puppy. Smh.","OMG CLASSES ARE CANCELLED NO PSYCHOLOGY EXAM","#EsuranceSave30","Syracuse is salty fo sho","\u201c@ScribnerLindsay: \u201c@cierranstuff: \u201c@xoxotristen: @ScribnerLindsay is the best!! http:\/\/t.co\/tuJP92zy2f\u201d **cierra\u201d fuck outta here\u201d I agree","That light skinned girl scheming her parents for a puppy. Smh.","OMG CLASSES ARE CANCELLED NO PSYCHOLOGY EXAM","#EsuranceSave30"],"messages_no":13,"bad_words":[],"bad_words_no":3,"weight":0,"location":[[39.3249808,-82.10463637],[39.32503062,-82.10469566],[39.32503413,-82.10460607],[39.3249808,-82.10463637],[39.32503062,-82.10469566],[39.32503413,-82.10460607],[39.32472581,-82.10482858],[39.3250203,-82.10462582],[39.3249808,-82.10463637],[39.32503062,-82.10469566],[39.32503413,-82.10460607],[39.32472581,-82.10482858],[39.3250203,-82.10462582]],"friends":[1,2,3,4]}