{"messages":["I'm forcing myself to go to the dentist \ud83d\ude01\ud83d\ude37 #IHateTheDentist","WE WANT BEYONCE","Ok I like this song \"TREASURE\"","I'm forcing myself to go to the dentist \ud83d\ude01\ud83d\ude37 #IHateTheDentist","WE WANT BEYONCE","Ok I like this song \"TREASURE\"","I'm forcing myself to go to the dentist \ud83d\ude01\ud83d\ude37 #IHateTheDentist","WE WANT BEYONCE","Ok I like this song \"TREASURE\""],"messages_no":9,"bad_words":[],"bad_words_no":0,"weight":0,"location":[[32.29206385,-106.73185767],[32.28255056,-106.74446316],[32.2825592,-106.74446388],[32.29206385,-106.73185767],[32.28255056,-106.74446316],[32.2825592,-106.74446388],[32.29206385,-106.73185767],[32.28255056,-106.74446316],[32.2825592,-106.74446388]],"friends":[1,2,3,4]}