{"messages":["I love itgttt","I love itgttt"],"messages_no":2,"bad_words":[],"bad_words_no":0,"weight":0,"location":[41.03025198,-73.76279908,41.03025198,-73.76279908]}