{"messages":["Needa call my dad.","Needa call my dad.","Needa call my dad."],"messages_no":3,"bad_words":[],"bad_words_no":0,"weight":0,"location":[[33.4585928,-94.0097647],[33.4585928,-94.0097647],[33.4585928,-94.0097647]],"friends":[1,2,3,4]}