{"messages":["Happy i finally got back on the field","Seahawks","Happy i finally got back on the field"],"messages_no":3,"bad_words":[],"bad_words_no":0,"weight":0,"location":[34.01152678,-83.95470288,34.00631408,-83.94766966,34.01152678,-83.95470288]}