{"messages":["@thatguyIvy made it look easy !","@marsalaylay you look thick there","@thatguyIvy made it look easy !","@marsalaylay you look thick there","@thatguyIvy made it look easy !","@marsalaylay you look thick there"],"messages_no":6,"bad_words":[],"bad_words_no":0,"weight":0,"location":[[47.59898003,-122.32272559],[47.58918091,-122.29921946],[47.59898003,-122.32272559],[47.58918091,-122.29921946],[47.59898003,-122.32272559],[47.58918091,-122.29921946]],"friends":[1,2,3,4]}