{"messages":["Cleaning spree \ud83d\ude37","I mostly go to super bowl parties for the food #sorrynotsorry","I hope it snows a ton #noschool\ud83d\ude4f","Cleaning spree \ud83d\ude37","Cleaning spree \ud83d\ude37"],"messages_no":5,"bad_words":[],"bad_words_no":0,"weight":0,"location":[37.67123574,-95.46259761,37.67119642,-95.46260071,37.67119099,-95.46260245,37.67123574,-95.46259761,37.67123574,-95.46259761]}