{"messages":["Stay the fuck out my business","Stay the fuck out my business","Stay the fuck out my business"],"messages_no":3,"bad_words":[],"bad_words_no":3,"weight":0,"location":[41.94901917,-88.11513453,41.94901917,-88.11513453,41.94901917,-88.11513453]}