{"messages":["This shii Sadd \ud83d\ude24\ud83c\udfc8","This shii Sadd \ud83d\ude24\ud83c\udfc8","This shii Sadd \ud83d\ude24\ud83c\udfc8"],"messages_no":3,"bad_words":[],"bad_words_no":0,"weight":0,"location":[[33.49207271,-84.39946467],[33.49207271,-84.39946467],[33.49207271,-84.39946467]],"friends":[1,2,3,4]}