{"messages":["My two new buddies . \u2764\ufe0f\ud83d\ude0a http:\/\/t.co\/khUHxL0a82","I have zero motivation to get ready and go to this birthday party","My two new buddies . \u2764\ufe0f\ud83d\ude0a http:\/\/t.co\/khUHxL0a82","I have zero motivation to get ready and go to this birthday party","My two new buddies . \u2764\ufe0f\ud83d\ude0a http:\/\/t.co\/khUHxL0a82","I have zero motivation to get ready and go to this birthday party"],"messages_no":6,"bad_words":[],"bad_words_no":0,"weight":0,"location":[[40.40766455,-104.68847679],[40.40785504,-104.68855629],[40.40766455,-104.68847679],[40.40785504,-104.68855629],[40.40766455,-104.68847679],[40.40785504,-104.68855629]],"friends":[1,2,3,4]}