{"messages":["@InfamousDJae Fasho we need to chief ASAP","@MBurggg u didn't see me","@InfamousDJae Fasho we need to chief ASAP","@MBurggg u didn't see me","@InfamousDJae Fasho we need to chief ASAP","@MBurggg u didn't see me"],"messages_no":6,"bad_words":[],"bad_words_no":0,"weight":0,"location":[[33.69908928,-117.754354],[33.70730625,-117.7495075],[33.69908928,-117.754354],[33.70730625,-117.7495075],[33.69908928,-117.754354],[33.70730625,-117.7495075]],"friends":[1,2,3,4]}