{"messages":["@Flo__3 it did!! \ud83d\ude0a\u2600\ufe0f\u26f5\ufe0f\u2693\ufe0f http:\/\/t.co\/JTfRKQsief","@Flo__3 it did!! \ud83d\ude0a\u2600\ufe0f\u26f5\ufe0f\u2693\ufe0f http:\/\/t.co\/JTfRKQsief","@Flo__3 it did!! \ud83d\ude0a\u2600\ufe0f\u26f5\ufe0f\u2693\ufe0f http:\/\/t.co\/JTfRKQsief"],"messages_no":3,"bad_words":[],"bad_words_no":0,"weight":0,"location":[[25.93635784,-80.12997139],[25.93635784,-80.12997139],[25.93635784,-80.12997139]],"friends":[1,2,3,4]}