{"messages":["Well done #GoHawks","Well done #GoHawks","Well done #GoHawks"],"messages_no":3,"bad_words":[],"bad_words_no":0,"weight":0,"location":[[37.78708886,-122.41514442],[37.78708886,-122.41514442],[37.78708886,-122.41514442]],"friends":[1,2,3,4]}