{"messages":["100 Squads down... 100 More to go \ud83d\ude13\ud83d\udc4c","100 Squads down... 100 More to go \ud83d\ude13\ud83d\udc4c","100 Squads down... 100 More to go \ud83d\ude13\ud83d\udc4c"],"messages_no":3,"bad_words":[],"bad_words_no":0,"weight":0,"location":[[33.1318224,-97.1009399],[33.1318224,-97.1009399],[33.1318224,-97.1009399]],"friends":[1,2,3,4]}