{"messages":["@ZachAuer31 don't do it.... http:\/\/t.co\/GwZCcq366A","@ZachAuer31 don't do it.... http:\/\/t.co\/GwZCcq366A","@HoodieBros sounds like a personal problem \ud83d\ude02","@ZachAuer31 don't do it.... http:\/\/t.co\/GwZCcq366A","@HoodieBros sounds like a personal problem \ud83d\ude02"],"messages_no":5,"bad_words":[],"bad_words_no":0,"weight":0,"location":[[40.19951637,-105.00665425],[40.19951637,-105.00665425],[40.18458105,-104.99513096],[40.19951637,-105.00665425],[40.18458105,-104.99513096]],"friends":[1,2,3,4]}