{"messages":["@Kadams1396 oh shit","@Kadams1396 oh shit","@Kadams1396 oh shit"],"messages_no":3,"bad_words":[],"bad_words_no":3,"weight":0,"location":[[40.3629801,-80.0652844],[40.3629801,-80.0652844],[40.3629801,-80.0652844]],"friends":[1,2,3,4]}