{"messages":["@directionnermen I love you :)","@directionnermen I love you :)","Little mix :) love them","@directionnermen I love you :)"],"messages_no":4,"bad_words":[],"bad_words_no":0,"weight":0,"location":[[39.02548281,-94.2631973],[39.02548281,-94.2631973],[39.16825237,-94.5926388],[39.02548281,-94.2631973]],"friends":[1,2,3,4]}