{"messages":["Well practice Flow","Well practice Flow","Well practice Flow"],"messages_no":3,"bad_words":[],"bad_words_no":0,"weight":0,"location":[[35.12598884,-89.98297158],[35.12598884,-89.98297158],[35.12598884,-89.98297158]],"friends":[1,2,3,4]}