{"messages":["This is just embarrassing..","This is just embarrassing..","This is just embarrassing.."],"messages_no":3,"bad_words":[],"bad_words_no":0,"weight":0,"location":[[44.85652621,-123.23878068],[44.85652621,-123.23878068],[44.85652621,-123.23878068]],"friends":[1,2,3,4]}