{"messages":["Let's go Seahawks !","@LanissaMarie_ force it out \ud83d\ude02\ud83d\ude2d\ud83d\ude02"],"messages_no":2,"bad_words":[],"bad_words_no":0,"weight":0,"location":[36.57682522,-119.60199041,36.50405995,-119.64599205]}