{"messages":["Let's go Seahawks !","@LanissaMarie_ force it out \ud83d\ude02\ud83d\ude2d\ud83d\ude02","Let's go Seahawks !","@LanissaMarie_ force it out \ud83d\ude02\ud83d\ude2d\ud83d\ude02","Girls get mad over the littlest things it's annoying .!","Justin bieber can fuck his dog and his fans would okay with it","Let's go Seahawks !","@LanissaMarie_ force it out \ud83d\ude02\ud83d\ude2d\ud83d\ude02","Girls get mad over the littlest things it's annoying .!"],"messages_no":9,"bad_words":[],"bad_words_no":1,"weight":0,"location":[[36.57682522,-119.60199041],[36.50405995,-119.64599205],[36.57682522,-119.60199041],[36.50405995,-119.64599205],[36.57677638,-119.60207303],[36.69891732,-119.57451747],[36.57682522,-119.60199041],[36.50405995,-119.64599205],[36.57677638,-119.60207303]],"friends":[1,2,3,4]}