{"messages":["#EsuranceSave30","#EsuranceSave30","#EsuranceSave30"],"messages_no":3,"bad_words":[],"bad_words_no":0,"weight":0,"location":[[32.30931176,-81.23762099],[32.30931176,-81.23762099],[32.30931176,-81.23762099]],"friends":[1,2,3,4]}