{"messages":["Another great night","Another great night","Another great night"],"messages_no":3,"bad_words":[],"bad_words_no":0,"weight":0,"location":[[33.43302497,-80.44398232],[33.43302497,-80.44398232],[33.43302497,-80.44398232]],"friends":[1,2,3,4]}