{"messages":["@aurosan great idea","@aurosan great idea","@OhNoRobertLuke add three more and you can make it your cheat week","@aurosan great idea"],"messages_no":4,"bad_words":[],"bad_words_no":0,"weight":0,"location":[[32.89276303,-96.77642274],[32.89276303,-96.77642274],[32.89285708,-96.7764379],[32.89276303,-96.77642274]],"friends":[1,2,3,4]}