{"messages":["Biotin vitamins are good for nail and hair growth! My nails are pretty!","Seriously!","Biotin vitamins are good for nail and hair growth! My nails are pretty!","Seriously!","I love my family.","And a good movie!!!","Biotin vitamins are good for nail and hair growth! My nails are pretty!","Seriously!","I love my family.","And a good movie!!!"],"messages_no":10,"bad_words":[],"bad_words_no":0,"weight":0,"location":[[30.50359569,-87.91135001],[30.50359423,-87.91134079],[30.50359569,-87.91135001],[30.50359423,-87.91134079],[30.50858582,-87.89026642],[30.50885361,-87.89046813],[30.50359569,-87.91135001],[30.50359423,-87.91134079],[30.50858582,-87.89026642],[30.50885361,-87.89046813]],"friends":[1,2,3,4]}