{"messages":["Biotin vitamins are good for nail and hair growth! My nails are pretty!","Seriously!","Biotin vitamins are good for nail and hair growth! My nails are pretty!","Seriously!","Biotin vitamins are good for nail and hair growth! My nails are pretty!","Seriously!","Biotin vitamins are good for nail and hair growth! My nails are pretty!","Seriously!"],"messages_no":8,"bad_words":[],"bad_words_no":0,"weight":0,"location":[30.50359569,-87.91135001,30.50359423,-87.91134079,30.50359569,-87.91135001,30.50359423,-87.91134079,30.50359569,-87.91135001,30.50359423,-87.91134079,30.50359569,-87.91135001,30.50359423,-87.91134079]}