{"messages":["@a_yanci11 your taking that too ?!?","FUCK A PEYTON MANNING","Suck a mother fucking dick Peyton"],"messages_no":3,"bad_words":[],"bad_words_no":2,"weight":0,"location":[[41.13129014,-81.49656644],[41.13870354,-81.33305803],[41.13763222,-81.33300718]]}