{"messages":["i knew it.\ud83d\ude02","i knew it.\ud83d\ude02","i knew it.\ud83d\ude02"],"messages_no":3,"bad_words":[],"bad_words_no":0,"weight":0,"location":[[35.48652365,-97.47576533],[35.48652365,-97.47576533],[35.48652365,-97.47576533]],"friends":[1,2,3,4]}