{"messages":["@GODDAMNIRWIN MEEE TOO","@5SOSHunters @5SOS JUST POST OT","@GODDAMNIRWIN MEEE TOO","@5SOSHunters @5SOS JUST POST OT","@5SOSReporter this got 200RTS","@GODDAMNIRWIN MEEE TOO","@5SOSHunters @5SOS JUST POST OT"],"messages_no":7,"bad_words":[],"bad_words_no":0,"weight":0,"location":[[37.34938515,-122.04926533],[37.34935367,-122.04923716],[37.34938515,-122.04926533],[37.34935367,-122.04923716],[37.34943653,-122.04921621],[37.34938515,-122.04926533],[37.34935367,-122.04923716]],"friends":[1,2,3,4]}