{"messages":["Da fuck","I can't http:\/\/t.co\/MnkkSpoh4F","We don't care what people say","Da fuck"],"messages_no":4,"bad_words":[],"bad_words_no":2,"weight":0,"location":[25.57608064,-80.33779657,25.57611743,-80.33792353,25.57617613,-80.33788728,25.57608064,-80.33779657]}