{"messages":["@0mgmatt \ud83d\ude02\ud83d\ude02\ud83d\ude02\ud83d\ude02 didn't know that was possible","@official3M @Mr_Carterr he will follow us eventually\ud83d\ude01","@0mgmatt \ud83d\ude02\ud83d\ude02\ud83d\ude02\ud83d\ude02 didn't know that was possible","@official3M @Mr_Carterr he will follow us eventually\ud83d\ude01","@Nashgrier follow me pleaseeeee bae\ud83d\udc9a","@Nashgrier quit bein nashty and follow","Chicken nuggs before drugs","@CameronDallas follow me please ily \ud83d\udc4d","@0mgmatt \ud83d\ude02\ud83d\ude02\ud83d\ude02\ud83d\ude02 didn't know that was possible","@official3M @Mr_Carterr he will follow us eventually\ud83d\ude01"],"messages_no":10,"bad_words":[],"bad_words_no":0,"weight":0,"location":[[38.08971792,-85.32750841],[38.08967756,-85.3274624],[38.08971792,-85.32750841],[38.08967756,-85.3274624],[38.08968942,-85.32755611],[38.08967362,-85.32754529],[38.08967538,-85.32759047],[38.0896981,-85.32752233],[38.08971792,-85.32750841],[38.08967756,-85.3274624]],"friends":[1,2,3,4]}