{"messages":["The Bad Lip Readings are always funny \ud83d\ude02\ud83d\ude02","The Bad Lip Readings are always funny \ud83d\ude02\ud83d\ude02","Ew what's an Exeter","The Bad Lip Readings are always funny \ud83d\ude02\ud83d\ude02"],"messages_no":4,"bad_words":[],"bad_words_no":0,"weight":0,"location":[[36.31882574,-119.34087217],[36.31882574,-119.34087217],[36.31827493,-119.34100961],[36.31882574,-119.34087217]],"friends":[1,2,3,4]}