{"messages":["Won the school tournament\ud83d\ude4b\ud83c\udfc6","I hate 2 faced people \ud83d\ude12","@michelleeeers thank youuuu \ud83d\ude0d\ud83d\ude18","Won the school tournament\ud83d\ude4b\ud83c\udfc6","I hate 2 faced people \ud83d\ude12","@michelleeeers thank youuuu \ud83d\ude0d\ud83d\ude18","Won the school tournament\ud83d\ude4b\ud83c\udfc6","I hate 2 faced people \ud83d\ude12","@michelleeeers thank youuuu \ud83d\ude0d\ud83d\ude18"],"messages_no":9,"bad_words":[],"bad_words_no":3,"weight":0,"location":[[29.99224143,-95.14956663],[29.99222743,-95.14956588],[29.58860757,-95.67168636],[29.99224143,-95.14956663],[29.99222743,-95.14956588],[29.58860757,-95.67168636],[29.99224143,-95.14956663],[29.99222743,-95.14956588],[29.58860757,-95.67168636]],"friends":[1,2,3,4]}