{"messages":["@831Fabiann mines tomorrow","@831Fabiann mines tomorrow","@831Fabiann mines tomorrow"],"messages_no":3,"bad_words":[],"bad_words_no":0,"weight":0,"location":[[36.8459129,-121.3894111],[36.8459129,-121.3894111],[36.8459129,-121.3894111]],"friends":[1,2,3,4]}