{"messages":["No normal kids go to Fordham","No normal kids go to Fordham","No normal kids go to Fordham"],"messages_no":3,"bad_words":[],"bad_words_no":0,"weight":0,"location":[[40.89003818,-73.83434932],[40.89003818,-73.83434932],[40.89003818,-73.83434932]],"friends":[1,2,3,4]}