{"messages":["Steady beefin...","Steady beefin...","Forgot a towel , over here drying myself with paper towels nd shit hahaha","Steady beefin..."],"messages_no":4,"bad_words":[],"bad_words_no":1,"weight":0,"location":[[36.3776705,-121.2934069],[36.3776705,-121.2934069],[36.5884493,-121.8857535],[36.3776705,-121.2934069]],"friends":[1,2,3,4]}