{"messages":["Oh my god!!!!!!!!! \ud83d\ude10\ud83d\udd2b","Oh my god!!!!!!!!! \ud83d\ude10\ud83d\udd2b","Oh my god!!!!!!!!! \ud83d\ude10\ud83d\udd2b"],"messages_no":3,"bad_words":[],"bad_words_no":0,"weight":0,"location":[[35.03100679,-85.25659582],[35.03100679,-85.25659582],[35.03100679,-85.25659582]],"friends":[1,2,3,4]}