{"messages":["I want a time machine","I want a time machine","I want a time machine"],"messages_no":3,"bad_words":[],"bad_words_no":0,"weight":0,"location":[[33.74780628,-116.34304778],[33.74780628,-116.34304778],[33.74780628,-116.34304778]],"friends":[1,2,3,4]}