{"messages":["maybe next time \ud83d\udc81","maybe next time \ud83d\udc81","maybe next time \ud83d\udc81"],"messages_no":3,"bad_words":[],"bad_words_no":0,"weight":0,"location":[[34.11992277,-117.54953083],[34.11992277,-117.54953083],[34.11992277,-117.54953083]],"friends":[1,2,3,4]}