{"messages":["Just do with love.\ud83d\ude3c","Just do with love.\ud83d\ude3c","Just do with love.\ud83d\ude3c"],"messages_no":3,"bad_words":[],"bad_words_no":0,"weight":0,"location":[39.68094571,-86.06359173,39.68094571,-86.06359173,39.68094571,-86.06359173]}