{"messages":["Thirsty baby, thirsty","Thirsty baby, thirsty","Thirsty baby, thirsty"],"messages_no":3,"bad_words":[],"bad_words_no":0,"weight":0,"location":[32.52102662,-85.0286421,32.52102662,-85.0286421,32.52102662,-85.0286421]}