{"messages":["575 miles round rip.","575 miles round rip."],"messages_no":2,"bad_words":[],"bad_words_no":0,"weight":0,"location":[41.63601214,-87.67406547,41.63601214,-87.67406547]}