{"messages":["Twisted turnt up","Twisted turnt up","Same old dance just a different partner","Twisted turnt up"],"messages_no":4,"bad_words":[],"bad_words_no":0,"weight":0,"location":[[39.13792118,-123.16578076],[39.13792118,-123.16578076],[39.14431284,-123.20559841],[39.13792118,-123.16578076]],"friends":[1,2,3,4]}