{"messages":["Life gets boring after high school","My kids gone be well taken care of thats ah promise","Life gets boring after high school","My kids gone be well taken care of thats ah promise","My kids gone be well taken care of thats ah promise"],"messages_no":5,"bad_words":[],"bad_words_no":0,"weight":0,"location":[33.43252977,-82.13956399,33.42141824,-82.14186595,33.43252977,-82.13956399,33.42141824,-82.14186595,33.42141824,-82.14186595]}