{"messages":["#InTheMixFriday lov it","#InTheMixFriday lov it","#InTheMixFriday lov it","#InTheMixFriday lov it"],"messages_no":4,"bad_words":[],"bad_words_no":0,"weight":0,"location":[38.6285559,-121.4956675,38.6285559,-121.4956675,38.6285559,-121.4956675,38.6285559,-121.4956675]}