{"messages":["you're pathetic.","you're pathetic.","your mom apologized for something that you should have so long ago.","you're pathetic."],"messages_no":4,"bad_words":[],"bad_words_no":0,"weight":0,"location":[[38.65040498,-121.15034263],[38.65040498,-121.15034263],[38.65062813,-121.15040378],[38.65040498,-121.15034263]],"friends":[1,2,3,4]}