{"messages":["Out of all your 8 friends = fuck off","Out of all your 8 friends = fuck off","Out of all your 8 friends = fuck off"],"messages_no":3,"bad_words":[],"bad_words_no":3,"weight":0,"location":[[33.69231138,-117.98796837],[33.69231138,-117.98796837],[33.69231138,-117.98796837]],"friends":[1,2,3,4]}