{"messages":["@_Michelleee46 @EverlyHasan so what's the plan","I'm bored","@_Michelleee46 @EverlyHasan so what's the plan","I'm bored"],"messages_no":4,"bad_words":[],"bad_words_no":2,"weight":0,"location":[33.79058354,-118.09924602,33.89717013,-118.35503899,33.79058354,-118.09924602,33.89717013,-118.35503899]}