{"messages":["#nw A Nightmare on Elm Street","#nw A Nightmare on Elm Street","#nw A Nightmare on Elm Street"],"messages_no":3,"bad_words":[],"bad_words_no":0,"weight":0,"location":[[44.91738951,-122.96610363],[44.91738951,-122.96610363],[44.91738951,-122.96610363]],"friends":[1,2,3,4]}