{"messages":["my lotion smell good","@Just__Brii haha good morning","my lotion smell good","@Just__Brii haha good morning","i just want love and loyalty . is that too much to ask for geeesh","my lotion smell good","@Just__Brii haha good morning","i just want love and loyalty . is that too much to ask for geeesh"],"messages_no":8,"bad_words":[],"bad_words_no":0,"weight":0,"location":[[33.5894386,-81.7682343],[33.589582,-81.7682337],[33.5894386,-81.7682343],[33.589582,-81.7682337],[33.5896362,-81.7684332],[33.5894386,-81.7682343],[33.589582,-81.7682337],[33.5896362,-81.7684332]],"friends":[1,2,3,4]}