{"messages":["you feel me knoccin?","if you get \"\ud83d\ude18\ud83d\ude18\ud83d\ude18\ud83d\ude18\ud83d\ude18\" from a girl, she tryna fwu.","im sometimey, i dont like people most of the time.","\u201c@trvpmvriv: ahhhh , that wonderful ass day he gave lyric &amp; i a s\/o gets me pregnant every time\u201d lmaoooooooo","you feel me knoccin?","you feel me knoccin?","if you get \"\ud83d\ude18\ud83d\ude18\ud83d\ude18\ud83d\ude18\ud83d\ude18\" from a girl, she tryna fwu."],"messages_no":7,"bad_words":[],"bad_words_no":0,"weight":0,"location":[32.74383479,-97.23438425,32.7221546,-97.18202106,32.68384263,-97.0838154,32.68373146,-97.08398348,32.74383479,-97.23438425,32.74383479,-97.23438425,32.7221546,-97.18202106]}