{"messages":["I love Niah\ud83d\udc95 she's just the best\ud83d\udc6d","I love Niah\ud83d\udc95 she's just the best\ud83d\udc6d","I love Niah\ud83d\udc95 she's just the best\ud83d\udc6d"],"messages_no":3,"bad_words":[],"bad_words_no":0,"weight":0,"location":[[29.50552848,-98.60900922],[29.50552848,-98.60900922],[29.50552848,-98.60900922]],"friends":[1,2,3,4]}