{"messages":["young girls do get weary","\u201c@bne__: never take your guard down .. EVER !!!\u201d","young girls do get weary","\u201c@bne__: never take your guard down .. EVER !!!\u201d","physically,mentally, &amp; spiritually I will be working on me","@leadinq_ladyee @_ITSdayy or come visit me \ud83d\ude12","young girls do get weary","\u201c@bne__: never take your guard down .. EVER !!!\u201d","physically,mentally, &amp; spiritually I will be working on me"],"messages_no":9,"bad_words":[],"bad_words_no":0,"weight":0,"location":[[41.82894301,-71.41137715],[41.82892629,-71.41136181],[41.82894301,-71.41137715],[41.82892629,-71.41136181],[41.82887197,-71.41124354],[41.82895437,-71.41127463],[41.82894301,-71.41137715],[41.82892629,-71.41136181],[41.82887197,-71.41124354]],"friends":[1,2,3,4]}