{"messages":["3rd time going to New Jersey today","3rd time going to New Jersey today","3rd time going to New Jersey today"],"messages_no":3,"bad_words":[],"bad_words_no":0,"weight":0,"location":[[40.84878203,-73.94175134],[40.84878203,-73.94175134],[40.84878203,-73.94175134]],"friends":[1,2,3,4]}