{"messages":["@ShadBunz Lmfao","@ShadBunz Lmfao","@ShadBunz Lmfao"],"messages_no":3,"bad_words":[],"bad_words_no":0,"weight":0,"location":[[42.3818239,-72.5309006],[42.3818239,-72.5309006],[42.3818239,-72.5309006]],"friends":[1,2,3,4]}