{"messages":["yay got paint on my new jeans","yay got paint on my new jeans","yay got paint on my new jeans","yay got paint on my new jeans"],"messages_no":4,"bad_words":[],"bad_words_no":0,"weight":0,"location":[40.1381931,-79.5922308,40.1381931,-79.5922308,40.1381931,-79.5922308,40.1381931,-79.5922308]}