{"messages":["My booty muscles hurt yoo \ud83d\ude2d\ud83d\ude2d","My booty muscles hurt yoo \ud83d\ude2d\ud83d\ude2d","My booty muscles hurt yoo \ud83d\ude2d\ud83d\ude2d"],"messages_no":3,"bad_words":[],"bad_words_no":0,"weight":0,"location":[33.58336124,-112.19545383,33.58336124,-112.19545383,33.58336124,-112.19545383]}