{"messages":["@_LoveeAmara oh Don't favor my shit like I'm ya fan tf \ud83d\ude12","In These Streets Early \ud83d\ude04","@_LoveeAmara oh Don't favor my shit like I'm ya fan tf \ud83d\ude12","In These Streets Early \ud83d\ude04","Learning how to care less &amp; just letting things go with the flow..\ud83d\udc50","Fuck She At Tf \ud83d\ude12","Gone Be Right Back Up My Ass Tomorrow So Stfu \u270b\ud83d\ude2b","@JaZZ_AhBell \ud83d\ude02\ud83d\ude02\ud83d\ude02Forreal man","@BK_03 I really Loved That Lipstick till Lastnight \ud83d\ude22","@_LoveeAmara oh Don't favor my shit like I'm ya fan tf \ud83d\ude12","In These Streets Early \ud83d\ude04","Learning how to care less &amp; just letting things go with the flow..\ud83d\udc50","Fuck She At Tf \ud83d\ude12"],"messages_no":13,"bad_words":[],"bad_words_no":5,"weight":0,"location":[[25.85164279,-80.20373985],[25.84289627,-80.19881423],[25.85164279,-80.20373985],[25.84289627,-80.19881423],[25.8516611,-80.20373876],[25.85164758,-80.20373046],[25.8516823,-80.203726],[25.85177673,-80.20368252],[25.85173933,-80.20370225],[25.85164279,-80.20373985],[25.84289627,-80.19881423],[25.8516611,-80.20373876],[25.85164758,-80.20373046]],"friends":[1,2,3,4]}