{"messages":["I cant wait to destroy these doughnuts","Bird beats the pussy up","I bet a lot of people are gonna go out and buy Toyotas now","I cant wait to destroy these doughnuts","Bird beats the pussy up","I bet a lot of people are gonna go out and buy Toyotas now","I cant wait to destroy these doughnuts","Bird beats the pussy up","I bet a lot of people are gonna go out and buy Toyotas now"],"messages_no":9,"bad_words":[],"bad_words_no":3,"weight":0,"location":[[40.6744536,-78.7026309],[40.6117924,-78.7278412],[40.5840983,-78.7221766],[40.6744536,-78.7026309],[40.6117924,-78.7278412],[40.5840983,-78.7221766],[40.6744536,-78.7026309],[40.6117924,-78.7278412],[40.5840983,-78.7221766]],"friends":[1,2,3,4]}