{"messages":["Got a taste for some wings!!","Got a taste for some wings!!","Got a taste for some wings!!","Got a taste for some wings!!"],"messages_no":4,"bad_words":[],"bad_words_no":0,"weight":0,"location":[32.93543165,-96.72816925,32.93543165,-96.72816925,32.93543165,-96.72816925,32.93543165,-96.72816925]}