{"messages":["Why he gotta play me like that","Why he gotta play me like that","Why he gotta play me like that"],"messages_no":3,"bad_words":[],"bad_words_no":0,"weight":0,"location":[[42.94333225,-87.95696969],[42.94333225,-87.95696969],[42.94333225,-87.95696969]],"friends":[1,2,3,4]}