{"messages":["@sabbiggs she's a man...","@sabbiggs she's a man...","What an idiot. Break up with that slut","@sabbiggs she's a man..."],"messages_no":4,"bad_words":[],"bad_words_no":1,"weight":0,"location":[[32.77606558,-117.04252073],[32.77606558,-117.04252073],[32.77618882,-117.04259781],[32.77606558,-117.04252073]],"friends":[1,2,3,4]}