{"messages":["Mary Jane was my first love since we on the subject","Mary Jane was my first love since we on the subject","Early game prediction  Seahawks 31  Broncos 27","Mary Jane was my first love since we on the subject","Mary Jane was my first love since we on the subject"],"messages_no":5,"bad_words":[],"bad_words_no":0,"weight":0,"location":[30.23677352,-92.07628248,30.23677352,-92.07628248,29.99147201,-92.20515316,30.23677352,-92.07628248,30.23677352,-92.07628248]}