{"messages":["I wanna get Abs :(","I wanna get Abs :(","I wanna get Abs :("],"messages_no":3,"bad_words":[],"bad_words_no":0,"weight":0,"location":[[33.37804131,-111.73003569],[33.37804131,-111.73003569],[33.37804131,-111.73003569]],"friends":[1,2,3,4]}