{"messages":["Don't get me wrong great game though","David beckham.... My body is ready","Don't get me wrong great game though","David beckham.... My body is ready","@ataylor82997 I'm sorry. The opportunity was too good lmao","Don't get me wrong great game though","David beckham.... My body is ready","@ataylor82997 I'm sorry. The opportunity was too good lmao"],"messages_no":8,"bad_words":[],"bad_words_no":0,"weight":0,"location":[[38.3721627,-76.41757241],[38.29870347,-76.55655603],[38.3721627,-76.41757241],[38.29870347,-76.55655603],[38.30235511,-76.51391476],[38.3721627,-76.41757241],[38.29870347,-76.55655603],[38.30235511,-76.51391476]],"friends":[1,2,3,4]}