{"messages":["Have a great Saturday \u2714\ufe0f","Have a great Saturday \u2714\ufe0f","Have a great Saturday \u2714\ufe0f"],"messages_no":3,"bad_words":[],"bad_words_no":0,"weight":0,"location":[[35.30112414,-82.48572637],[35.30112414,-82.48572637],[35.30112414,-82.48572637]],"friends":[1,2,3,4]}