{"messages":["Eli looking at Payton like \ud83d\ude14","Eli looking at Payton like \ud83d\ude14","Eli looking at Payton like \ud83d\ude14"],"messages_no":3,"bad_words":[],"bad_words_no":0,"weight":0,"location":[[39.75144884,-89.69658396],[39.75144884,-89.69658396],[39.75144884,-89.69658396]],"friends":[1,2,3,4]}