{"messages":["my dog loves to cuddle with my foot","my dog loves to cuddle with my foot","@nateehenryy microscopic fuckin cheeseburger","my dog loves to cuddle with my foot","@nateehenryy microscopic fuckin cheeseburger"],"messages_no":5,"bad_words":[],"bad_words_no":2,"weight":0,"location":[[43.66241673,-70.71906113],[43.66241673,-70.71906113],[43.66232897,-70.71935683],[43.66241673,-70.71906113],[43.66232897,-70.71935683]],"friends":[1,2,3,4]}