{"messages":["Amber ur a bitch","Amber ur a bitch","Amber ur a bitch"],"messages_no":3,"bad_words":[],"bad_words_no":3,"weight":0,"location":[38.85661595,-76.6833757,38.85661595,-76.6833757,38.85661595,-76.6833757]}