{"messages":["Bitch I got t level 6 on flappy bird !!!! \u270c\ufe0f-1 all you'll hoes","Bitch I got t level 6 on flappy bird !!!! \u270c\ufe0f-1 all you'll hoes","Yep&amp;&amp; I'm still up","Bitch I got t level 6 on flappy bird !!!! \u270c\ufe0f-1 all you'll hoes","Yep&amp;&amp; I'm still up"],"messages_no":5,"bad_words":[],"bad_words_no":0,"weight":0,"location":[[35.28798236,-79.11206486],[35.28798236,-79.11206486],[35.28801219,-79.11209374],[35.28798236,-79.11206486],[35.28801219,-79.11209374]],"friends":[1,2,3,4]}