{"messages":["About to go to the barbershop","About to go to the barbershop","About to go to the barbershop"],"messages_no":3,"bad_words":[],"bad_words_no":0,"weight":0,"location":[36.09444818,-79.42494178,36.09444818,-79.42494178,36.09444818,-79.42494178]}