{"messages":["@justinbieber SEAHAWKS\ud83d\udc9a\ud83d\udc99\ud83d\udc9a\ud83d\udc99\ud83d\udc4f\ud83d\udc4f\ud83d\udc4f\ud83c\udf89\ud83c\udf89\ud83c\udf89 WWWOOOOOHHOOOO\ud83d\udc99\ud83d\udc9a\ud83d\udc99\ud83d\udc4f\ud83d\udc4f\ud83d\udc4f\ud83d\udc4f\ud83d\udc4f\ud83c\udf89\ud83c\udf89\ud83c\udf89\ud83c\udf89\ud83c\udf89\ud83c\udf89\ud83c\udf89\ud83c\udf89\ud83c\udf89\ud83c\udf89\ud83c\udf89\ud83c\udf89\ud83d\udc99\ud83d\udc99\ud83d\udc99\ud83d\udc9a\ud83d\udc9a\ud83d\udc9a\ud83d\udc9a\ud83d\udc9a\ud83d\udc9a\ud83d\udc9a\ud83d\udc4f\ud83d\udc4f\ud83d\udc4f\ud83d\udc4f\ud83d\udc4f\ud83d\udc4f\ud83d\udc99\ud83d\udc99\ud83d\udc99\ud83d\udc99\ud83d\udc9a\ud83d\udc99\ud83d\udc99\ud83d\udc4f\ud83c\udf89\ud83c\udf89\ud83d\udc4f\ud83d\udc99\ud83c\udf89\ud83d\udc4f\ud83d\udc99\ud83d\udc99\ud83d\udc4f\ud83d\udc4f\ud83c\udf89\ud83d\udc99\ud83d\udc99\ud83d\udc99\ud83d\udc4f\ud83c\udf89\ud83c\udf89\ud83c\udf89\ud83c\udf89\ud83c\udf89\ud83d\udc4f\ud83d\udc4f\ud83c\udf89\ud83c\udf89\ud83c\udf89\ud83d\udc4f\ud83d\udc4f\ud83c\udf89\ud83c\udf89\ud83c\udf89\ud83d\udc4f\ud83d\udc4f\ud83d\udc4f\ud83d\udc4f\ud83d\udc4f\ud83d\udc4f\ud83d\udc4f\ud83d\udc4f\ud83d\udc4f\ud83c\udf89\ud83c\udf89\ud83c\udf89\ud83c\udf89\ud83c\udf89\ud83d\udc99\ud83d\udc9a\ud83d\udc4f\ud83d\udc9a\ud83d\udc99","ARE YOU FUCKING KIDDING ME? WHY WASNT THAT A TOUCH DOWN!?"],"messages_no":2,"bad_words":[],"bad_words_no":0,"weight":0,"location":[[47.46698401,-122.59645619],[47.4670199,-122.59638542]]}