{"messages":["Somethings are outta your control","#focused","Somethings are outta your control","#focused","Somethings are outta your control","#focused"],"messages_no":6,"bad_words":[],"bad_words_no":0,"weight":0,"location":[[39.9320643,-75.1778966],[39.9320643,-75.1778966],[39.9320643,-75.1778966],[39.9320643,-75.1778966],[39.9320643,-75.1778966],[39.9320643,-75.1778966]],"friends":[1,2,3,4]}