{"messages":["@syddthekidd12 looks so good","@syddthekidd12 looks so good","@syddthekidd12 looks so good"],"messages_no":3,"bad_words":[],"bad_words_no":0,"weight":0,"location":[[37.35067106,-121.93614607],[37.35067106,-121.93614607],[37.35067106,-121.93614607]],"friends":[1,2,3,4]}