{"messages":["#CamTo1Mill PLZ","#CamTo1Mill PLZ"],"messages_no":2,"bad_words":[],"bad_words_no":0,"weight":0,"location":[33.91530982,-117.33849208,33.91530982,-117.33849208]}