{"messages":["@Rudy_017 aight","@Rudy_017 aight"],"messages_no":2,"bad_words":[],"bad_words_no":0,"weight":0,"location":[40.21047529,-122.18824136,40.21047529,-122.18824136]}