{"messages":["I'm just tryna get wasted today \ud83d\udc4c","I'm just tryna get wasted today \ud83d\udc4c","She's a dumb bitch tho","I'm just tryna get wasted today \ud83d\udc4c"],"messages_no":4,"bad_words":[],"bad_words_no":1,"weight":0,"location":[[34.99492129,-114.58874269],[34.99492129,-114.58874269],[34.99494694,-114.5887815],[34.99492129,-114.58874269]],"friends":[1,2,3,4]}