{"messages":["@us_cray cause he's the 9th Doctor","@us_cray cause he's the 9th Doctor","@Chapp14 NOT YET!!!!!!! I'm hopefully gonna see her Thursday!!!","@us_cray cause he's the 9th Doctor","@Chapp14 NOT YET!!!!!!! I'm hopefully gonna see her Thursday!!!"],"messages_no":5,"bad_words":[],"bad_words_no":0,"weight":0,"location":[[35.02602649,-85.36334089],[35.02602649,-85.36334089],[28.33889063,-81.57489069],[35.02602649,-85.36334089],[28.33889063,-81.57489069]],"friends":[1,2,3,4]}