{"messages":["I love when @jjthompson__ doesn't text me back \ud83d\ude21\ud83d\ude21","I love when @jjthompson__ doesn't text me back \ud83d\ude21\ud83d\ude21","I love when @jjthompson__ doesn't text me back \ud83d\ude21\ud83d\ude21","I love when @jjthompson__ doesn't text me back \ud83d\ude21\ud83d\ude21"],"messages_no":4,"bad_words":[],"bad_words_no":0,"weight":0,"location":[40.22219508,-85.43744084,40.22219508,-85.43744084,40.22219508,-85.43744084,40.22219508,-85.43744084]}