{"messages":["EASY MONEY #EsuranceSave30","EASY MONEY #EsuranceSave30","EASY MONEY #EsuranceSave30"],"messages_no":3,"bad_words":[],"bad_words_no":0,"weight":0,"location":[[29.44663263,-98.64922469],[29.44663263,-98.64922469],[29.44663263,-98.64922469]],"friends":[1,2,3,4]}