{"messages":["I forgot JayChoppa twitter \ud83d\ude2b","I forgot JayChoppa twitter \ud83d\ude2b","I forgot JayChoppa twitter \ud83d\ude2b"],"messages_no":3,"bad_words":[],"bad_words_no":0,"weight":0,"location":[[40.50582998,-74.36421033],[40.50582998,-74.36421033],[40.50582998,-74.36421033]],"friends":[1,2,3,4]}