{"messages":["Almost 3rd pick","Almost 3rd pick","\"@ceekta: This bong is making me look like a bitch.\" joto","when melted ice fucks up the taste of your soda.... \ud83d\ude2d\ud83d\ude2d\ud83d\ude2d","Almost 3rd pick"],"messages_no":5,"bad_words":[],"bad_words_no":2,"weight":0,"location":[[34.0693106,-117.9467369],[34.0693106,-117.9467369],[34.066152,-117.9610911],[34.066113,-117.9610493],[34.0693106,-117.9467369]],"friends":[1,2,3,4]}