{"messages":["@payne_aj what??","@payne_aj what??","@payne_aj what??"],"messages_no":3,"bad_words":[],"bad_words_no":0,"weight":0,"location":[36.1308422,-80.1339699,36.1308422,-80.1339699,36.1308422,-80.1339699]}