{"messages":["@cadeinfante777 thanks blondie\ud83d\ude0d","@cadeinfante777 thanks blondie\ud83d\ude0d","@cadeinfante777 thanks blondie\ud83d\ude0d"],"messages_no":3,"bad_words":[],"bad_words_no":0,"weight":0,"location":[33.8413499,-117.59517225,33.8413499,-117.59517225,33.8413499,-117.59517225]}