{"messages":["SUPER BOWL DAY!!!\ud83d\ude01\ud83d\ude01\ud83d\ude4c\ud83d\ude4c\ud83c\udfc8\ud83c\udfc8\ud83d\uddfd\ud83d\uddfd\ud83c\udf87\ud83c\udf87\ud83c\udf86\ud83c\udf86\ud83c\udf57\ud83c\udf57\ud83c\udf56\ud83c\udf56\ud83c\udf7b\ud83c\udf7b\ud83c\udf82\ud83c\udf82","SUPER BOWL DAY!!!\ud83d\ude01\ud83d\ude01\ud83d\ude4c\ud83d\ude4c\ud83c\udfc8\ud83c\udfc8\ud83d\uddfd\ud83d\uddfd\ud83c\udf87\ud83c\udf87\ud83c\udf86\ud83c\udf86\ud83c\udf57\ud83c\udf57\ud83c\udf56\ud83c\udf56\ud83c\udf7b\ud83c\udf7b\ud83c\udf82\ud83c\udf82","SUPER BOWL DAY!!!\ud83d\ude01\ud83d\ude01\ud83d\ude4c\ud83d\ude4c\ud83c\udfc8\ud83c\udfc8\ud83d\uddfd\ud83d\uddfd\ud83c\udf87\ud83c\udf87\ud83c\udf86\ud83c\udf86\ud83c\udf57\ud83c\udf57\ud83c\udf56\ud83c\udf56\ud83c\udf7b\ud83c\udf7b\ud83c\udf82\ud83c\udf82"],"messages_no":3,"bad_words":[],"bad_words_no":0,"weight":0,"location":[[34.1221174,-117.65281781],[34.1221174,-117.65281781],[34.1221174,-117.65281781]],"friends":[1,2,3,4]}