{"messages":["Watch @Ali-A YouTube videos","Watch @Ali-A YouTube videos","Watch @Ali-A YouTube videos"],"messages_no":3,"bad_words":[],"bad_words_no":0,"weight":0,"location":[40.42364395,-75.35475415,40.42364395,-75.35475415,40.42364395,-75.35475415]}