{"messages":["@Killa_Jilla  please follow me","@Killa_Jilla  please follow me","@Killa_Jilla  please follow me","@Killa_Jilla  please follow me"],"messages_no":4,"bad_words":[],"bad_words_no":0,"weight":0,"location":[35.54547415,-77.31918287,35.54547415,-77.31918287,35.54547415,-77.31918287,35.54547415,-77.31918287]}