{"messages":["I need to go to Walmart \ud83d\ude29","I need to go to Walmart \ud83d\ude29","I need to go to Walmart \ud83d\ude29","I need to go to Walmart \ud83d\ude29"],"messages_no":4,"bad_words":[],"bad_words_no":0,"weight":0,"location":[31.67693188,-96.47429592,31.67693188,-96.47429592,31.67693188,-96.47429592,31.67693188,-96.47429592]}