{"messages":["God damn.","Popped a molly I'm sweating, wooooooo!","God damn.","Popped a molly I'm sweating, wooooooo!","Kaitlyn from Teen Mom 2 is so ugly. I hate her for no reason.","God damn.","Popped a molly I'm sweating, wooooooo!"],"messages_no":7,"bad_words":[],"bad_words_no":3,"weight":0,"location":[[41.7294496,-87.5520989],[41.7329449,-87.5528813],[41.7294496,-87.5520989],[41.7329449,-87.5528813],[41.7319321,-87.5463413],[41.7294496,-87.5520989],[41.7329449,-87.5528813]],"friends":[1,2,3,4]}