{"messages":["\u201c@Jose67Morales: David Beckham doe\u201d\ud83d\ude0d\ud83d\ude0d\ud83d\ude0d\ud83d\ude0d\ud83d\ude0d\ud83d\ude0d\ud83d\ude0d\ud83d\udc4c\ud83d\udc4c","\u201c@Jose67Morales: David Beckham doe\u201d\ud83d\ude0d\ud83d\ude0d\ud83d\ude0d\ud83d\ude0d\ud83d\ude0d\ud83d\ude0d\ud83d\ude0d\ud83d\udc4c\ud83d\udc4c","\u201c@Jose67Morales: David Beckham doe\u201d\ud83d\ude0d\ud83d\ude0d\ud83d\ude0d\ud83d\ude0d\ud83d\ude0d\ud83d\ude0d\ud83d\ude0d\ud83d\udc4c\ud83d\udc4c"],"messages_no":3,"bad_words":[],"bad_words_no":0,"weight":0,"location":[[47.40006055,-120.31795196],[47.40006055,-120.31795196],[47.40006055,-120.31795196]],"friends":[1,2,3,4]}