{"messages":["@RavenLejai sho nuff","@Rachellmaee vine it or it didn't happen lol","@RavenLejai sho nuff","@Rachellmaee vine it or it didn't happen lol","@KSTVCKZ I'll be looking forward to calling you one if my sisters in arms!","Well you can tell everybody","@RavenLejai sho nuff","@Rachellmaee vine it or it didn't happen lol","@KSTVCKZ I'll be looking forward to calling you one if my sisters in arms!","Well you can tell everybody"],"messages_no":10,"bad_words":[],"bad_words_no":3,"weight":0,"location":[[38.27768967,-121.92877325],[38.26920129,-121.99169073],[38.27768967,-121.92877325],[38.26920129,-121.99169073],[38.26519818,-121.93448313],[38.2647089,-121.94070607],[38.27768967,-121.92877325],[38.26920129,-121.99169073],[38.26519818,-121.93448313],[38.2647089,-121.94070607]],"friends":[1,2,3,4]}