{"messages":["Just posted a photo @ The Bulldog http:\/\/t.co\/350Z285XE5","Just posted a photo @ The Bulldog http:\/\/t.co\/350Z285XE5","Just posted a photo @ The Bulldog http:\/\/t.co\/350Z285XE5"],"messages_no":3,"bad_words":[],"bad_words_no":0,"weight":0,"location":[[30.41780437,-91.14492774],[30.41780437,-91.14492774],[30.41780437,-91.14492774]],"friends":[1,2,3,4]}