{"messages":["Lol shit to funny right now","Lol yea I'm just looking out for you","Lol shit to funny right now"],"messages_no":3,"bad_words":[],"bad_words_no":2,"weight":0,"location":[30.42878448,-90.44888484,30.42945928,-90.44909369,30.42878448,-90.44888484]}