{"messages":["Tied with sharyland for second place. \u270c","Tied with sharyland for second place. \u270c","Tied with sharyland for second place. \u270c","Tied with sharyland for second place. \u270c"],"messages_no":4,"bad_words":[],"bad_words_no":0,"weight":0,"location":[26.2588946,-98.3604378,26.2588946,-98.3604378,26.2588946,-98.3604378,26.2588946,-98.3604378]}