{"messages":["I'm numb right now\ud83d\udc72\ud83d\udc72 http:\/\/t.co\/NO9SqO4N4O","I'm numb right now\ud83d\udc72\ud83d\udc72 http:\/\/t.co\/NO9SqO4N4O","Nap then me and Ri hitting the gym","I'm numb right now\ud83d\udc72\ud83d\udc72 http:\/\/t.co\/NO9SqO4N4O","Nap then me and Ri hitting the gym"],"messages_no":5,"bad_words":[],"bad_words_no":0,"weight":0,"location":[[36.10329941,-78.89219399],[36.10329941,-78.89219399],[35.97557086,-78.90208293],[36.10329941,-78.89219399],[35.97557086,-78.90208293]],"friends":[1,2,3,4]}