{"messages":["Denver can't do nun","Denver can't do nun","Denver can't do nun"],"messages_no":3,"bad_words":[],"bad_words_no":0,"weight":0,"location":[[33.66700495,-83.90734957],[33.66700495,-83.90734957],[33.66700495,-83.90734957]],"friends":[1,2,3,4]}