{"messages":["when selena gomez crys i cry \ud83d\ude2d\ud83d\ude2d","its about damn time","when selena gomez crys i cry \ud83d\ude2d\ud83d\ude2d","its about damn time","when selena gomez crys i cry \ud83d\ude2d\ud83d\ude2d","its about damn time"],"messages_no":6,"bad_words":[],"bad_words_no":3,"weight":0,"location":[[41.7424297,-88.2379609],[41.7424777,-88.2382849],[41.7424297,-88.2379609],[41.7424777,-88.2382849],[41.7424297,-88.2379609],[41.7424777,-88.2382849]],"friends":[1,2,3,4]}