{"messages":["I take 2k why to serious","I take 2k why to serious","I take 2k why to serious"],"messages_no":3,"bad_words":[],"bad_words_no":0,"weight":0,"location":[[41.54938411,-73.03240407],[41.54938411,-73.03240407],[41.54938411,-73.03240407]],"friends":[1,2,3,4]}