{"messages":["Time to smoke. Wutevs.","Time to smoke. Wutevs.","Time to smoke. Wutevs."],"messages_no":3,"bad_words":[],"bad_words_no":0,"weight":0,"location":[[34.3990103,-92.81108215],[34.3990103,-92.81108215],[34.3990103,-92.81108215]],"friends":[1,2,3,4]}