{"messages":["Great night with him :*","Great night with him :*","Great night with him :*"],"messages_no":3,"bad_words":[],"bad_words_no":0,"weight":0,"location":[44.98555338,-122.96539115,44.98555338,-122.96539115,44.98555338,-122.96539115]}