{"messages":["GOOD TIMES #LNEM","GOOD TIMES #LNEM","GOOD TIMES #LNEM"],"messages_no":3,"bad_words":[],"bad_words_no":0,"weight":0,"location":[34.27373647,-119.15575457,34.27373647,-119.15575457,34.27373647,-119.15575457]}