{"messages":["Saving money.... #EsuranceSave30","Saving money.... #EsuranceSave30","Saving money.... #EsuranceSave30"],"messages_no":3,"bad_words":[],"bad_words_no":0,"weight":0,"location":[[25.91397623,-80.15167471],[25.91397623,-80.15167471],[25.91397623,-80.15167471]],"friends":[1,2,3,4]}