{"messages":["Mickey D's breakfast . :)","Mickey D's breakfast . :)","The weather today &gt;&gt;&gt; -__-","Mickey D's breakfast . :)"],"messages_no":4,"bad_words":[],"bad_words_no":0,"weight":0,"location":[[32.2952692,-106.7577407],[32.2952692,-106.7577407],[32.2952692,-106.7577407],[32.2952692,-106.7577407]],"friends":[1,2,3,4]}