{"messages":["@ccrosby12 haha ohhh yeahhhh","@ccrosby12 haha ohhh yeahhhh","@ccrosby12 haha ohhh yeahhhh"],"messages_no":3,"bad_words":[],"bad_words_no":0,"weight":0,"location":[32.90782989,-80.6876709,32.90782989,-80.6876709,32.90782989,-80.6876709]}