{"messages":["#IfWeDate we will take pictures all the time","2 points bitches","#IfWeDate we will take pictures all the time","2 points bitches","#IfWeDate we will take pictures all the time","2 points bitches"],"messages_no":6,"bad_words":[],"bad_words_no":3,"weight":0,"location":[[34.2543739,-84.8382446],[34.2089822,-84.825432],[34.2543739,-84.8382446],[34.2089822,-84.825432],[34.2543739,-84.8382446],[34.2089822,-84.825432]],"friends":[1,2,3,4]}