{"messages":["I think Aidan and I are becoming best friends","I think Aidan and I are becoming best friends","Speaking in third person is great and entertaining","I miss Maya we never talk anymore :\/","I think Aidan and I are becoming best friends","Speaking in third person is great and entertaining","I miss Maya we never talk anymore :\/"],"messages_no":7,"bad_words":[],"bad_words_no":0,"weight":0,"location":[[33.67913139,-117.81007924],[33.67913139,-117.81007924],[33.67938465,-117.8104151],[33.67920485,-117.81043271],[33.67913139,-117.81007924],[33.67938465,-117.8104151],[33.67920485,-117.81043271]],"friends":[1,2,3,4]}