{"messages":["I'm gonna throw up \ud83d\ude37 stop","I'm gonna throw up \ud83d\ude37 stop","Like whaaaaaaa \ud83d\ude48\ud83d\ude48\ud83d\ude4a","I'm gonna throw up \ud83d\ude37 stop"],"messages_no":4,"bad_words":[],"bad_words_no":0,"weight":0,"location":[[38.67829443,-121.31235125],[38.67829443,-121.31235125],[38.67822056,-121.31241779],[38.67829443,-121.31235125]],"friends":[1,2,3,4]}