{"messages":["You a fagot","You a fagot","You a fagot"],"messages_no":3,"bad_words":[],"bad_words_no":3,"weight":0,"location":[[28.55079469,-81.72929216],[28.55079469,-81.72929216],[28.55079469,-81.72929216]],"friends":[1,2,3,4]}