{"messages":["@jennyavila028 I really don't think that will happen","I actually think I did good on that Spanish test \ud83d\ude02","@jennyavila028 I really don't think that will happen","I actually think I did good on that Spanish test \ud83d\ude02","Maybe it's her personality or something","Ayye \ud83d\ude0f\u201c@mhxvrt: @bryyce760 you do. \ud83d\ude0f\u201d","@jennyavila028 I really don't think that will happen","I actually think I did good on that Spanish test \ud83d\ude02","@jennyavila028 I really don't think that will happen","I actually think I did good on that Spanish test \ud83d\ude02","Maybe it's her personality or something","Ayye \ud83d\ude0f\u201c@mhxvrt: @bryyce760 you do. \ud83d\ude0f\u201d"],"messages_no":12,"bad_words":[],"bad_words_no":0,"weight":0,"location":[34.59091377,-118.17544456,34.59063459,-118.17539995,34.59091377,-118.17544456,34.59063459,-118.17539995,34.66539925,-118.18095279,34.66542612,-118.18089791,34.59091377,-118.17544456,34.59063459,-118.17539995,34.59091377,-118.17544456,34.59063459,-118.17539995,34.66539925,-118.18095279,34.66542612,-118.18089791]}