{"messages":["I wish I had a Lil friend that would Cook for me!","I wish I had a Lil friend that would Cook for me!","Tequila got Mr gone!!!","I wish I had a Lil friend that would Cook for me!","Tequila got Mr gone!!!"],"messages_no":5,"bad_words":[],"bad_words_no":0,"weight":0,"location":[[34.1105154,-117.9812476],[34.1105154,-117.9812476],[34.0476081,-118.3266889],[34.1105154,-117.9812476],[34.0476081,-118.3266889]],"friends":[1,2,3,4]}