{"messages":[":31.5 left 77-69 Woodinville",":31.5 left 77-69 Woodinville"],"messages_no":2,"bad_words":[],"bad_words_no":0,"weight":0,"location":[47.77092848,-122.16156498,47.77092848,-122.16156498]}