{"messages":["can there not be drama for once","@dailysecondlife thaaaank you :)","@KianLawley I love you :)","@RickyPDillon how do you feel about shakira and Rihanna's new song together? \ud83d\ude01","can there not be drama for once","can there not be drama for once","@dailysecondlife thaaaank you :)","@KianLawley I love you :)","@RickyPDillon how do you feel about shakira and Rihanna's new song together? \ud83d\ude01"],"messages_no":9,"bad_words":[],"bad_words_no":0,"weight":0,"location":[21.35651839,-158.08676261,21.35648081,-158.08673066,21.35641045,-158.08676243,21.35645424,-158.08676569,21.35651839,-158.08676261,21.35651839,-158.08676261,21.35648081,-158.08673066,21.35641045,-158.08676243,21.35645424,-158.08676569]}