{"messages":["@J8Mo I miss you more\ud83d\ude14","@J8Mo I miss you more\ud83d\ude14","@J8Mo I miss you more\ud83d\ude14"],"messages_no":3,"bad_words":[],"bad_words_no":0,"weight":0,"location":[33.50661801,-84.14315542,33.50661801,-84.14315542,33.50661801,-84.14315542]}