{"messages":["@calbuzz81 I gotcha   #baconfordays","@calbuzz81 I gotcha   #baconfordays","@calbuzz81 I gotcha   #baconfordays"],"messages_no":3,"bad_words":[],"bad_words_no":0,"weight":0,"location":[[41.59526733,-93.55490671],[41.59526733,-93.55490671],[41.59526733,-93.55490671]],"friends":[1,2,3,4]}