{"messages":["If Alana walker loved me &gt;","If Alana walker loved me &gt;","If Alana walker loved me &gt;"],"messages_no":3,"bad_words":[],"bad_words_no":0,"weight":0,"location":[[41.83196712,-87.97028736],[41.83196712,-87.97028736],[41.83196712,-87.97028736]],"friends":[1,2,3,4]}