{"messages":["SO I'LL DO MY TOUCHDOWN DANCE \ud83d\ude0d","SO I'LL DO MY TOUCHDOWN DANCE \ud83d\ude0d","SO I'LL DO MY TOUCHDOWN DANCE \ud83d\ude0d"],"messages_no":3,"bad_words":[],"bad_words_no":0,"weight":0,"location":[[36.74027308,-76.20634163],[36.74027308,-76.20634163],[36.74027308,-76.20634163]],"friends":[1,2,3,4]}