{"messages":["I love my fweeends","I love my fweeends","I love my fweeends"],"messages_no":3,"bad_words":[],"bad_words_no":0,"weight":0,"location":[33.72420222,-118.07563495,33.72420222,-118.07563495,33.72420222,-118.07563495]}