{"messages":["\"@Kayla_Barone: Kyle don't tag Tj in my tweets\" @tjiacono","\"@Kayla_Barone: Kyle don't tag Tj in my tweets\" @tjiacono","#EsuranceSave30 k","#EsuranceSave30 #EsuranceSave30","\"@Kayla_Barone: Kyle don't tag Tj in my tweets\" @tjiacono","#EsuranceSave30 k","#EsuranceSave30 #EsuranceSave30"],"messages_no":7,"bad_words":[],"bad_words_no":0,"weight":0,"location":[[43.0397729,-78.870853],[43.0397729,-78.870853],[43.0397879,-78.8708838],[43.0397731,-78.8708523],[43.0397729,-78.870853],[43.0397879,-78.8708838],[43.0397731,-78.8708523]],"friends":[1,2,3,4]}