{"messages":["My whole living room got quiet....","My whole living room got quiet....","So Asanti has made a 34inch set of rims.... Whooo","My whole living room got quiet...."],"messages_no":4,"bad_words":[],"bad_words_no":0,"weight":0,"location":[[34.25286953,-79.40349604],[34.25286953,-79.40349604],[34.25298833,-79.40362182],[34.25286953,-79.40349604]],"friends":[1,2,3,4]}