{"messages":["Worth a shot. #EsuranceSave30","Worth a shot. #EsuranceSave30","Worth a shot. #EsuranceSave30"],"messages_no":3,"bad_words":[],"bad_words_no":0,"weight":0,"location":[[39.2726793,-76.60610229],[39.2726793,-76.60610229],[39.2726793,-76.60610229]],"friends":[1,2,3,4]}