{"messages":["fuck you pay me \n\nsquad","@jojo_kern I miss you \ud83d\ude14\ud83d\ude14","s\/o to my squad","fuck you pay me \n\nsquad","@jojo_kern I miss you \ud83d\ude14\ud83d\ude14","s\/o to my squad","@goldilockkks clutch http:\/\/t.co\/AbsMO2Fs48","fuck you pay me \n\nsquad","@jojo_kern I miss you \ud83d\ude14\ud83d\ude14","s\/o to my squad","@goldilockkks clutch http:\/\/t.co\/AbsMO2Fs48"],"messages_no":11,"bad_words":[],"bad_words_no":3,"weight":0,"location":[[33.053785,-112.05426059],[33.07763156,-112.01885277],[33.07781126,-112.01926654],[33.053785,-112.05426059],[33.07763156,-112.01885277],[33.07781126,-112.01926654],[33.07756091,-112.01861682],[33.053785,-112.05426059],[33.07763156,-112.01885277],[33.07781126,-112.01926654],[33.07756091,-112.01861682]],"friends":[1,2,3,4]}