{"messages":["fuck you pay me \n\nsquad","fuck you pay me \n\nsquad","@jojo_kern I miss you \ud83d\ude14\ud83d\ude14","fuck you pay me \n\nsquad","fuck you pay me \n\nsquad","@jojo_kern I miss you \ud83d\ude14\ud83d\ude14"],"messages_no":6,"bad_words":[],"bad_words_no":3,"weight":0,"location":[33.053785,-112.05426059,33.053785,-112.05426059,33.07763156,-112.01885277,33.053785,-112.05426059,33.053785,-112.05426059,33.07763156,-112.01885277]}