{"messages":["Guess what ? NOBODY CARES \ud83d\ude02","Guess what ? NOBODY CARES \ud83d\ude02","Life is what you make of it","Guess what ? NOBODY CARES \ud83d\ude02"],"messages_no":4,"bad_words":[],"bad_words_no":0,"weight":0,"location":[[41.44647473,-74.39907844],[41.44647473,-74.39907844],[41.44645536,-74.39954429],[41.44647473,-74.39907844]],"friends":[1,2,3,4]}