{"messages":["I hate feeling this way","I hate feeling this way","Lord forgive me","I hate feeling this way"],"messages_no":4,"bad_words":[],"bad_words_no":0,"weight":0,"location":[[41.73774204,-85.9839679],[41.73774204,-85.9839679],[41.73812047,-85.98393116],[41.73774204,-85.9839679]],"friends":[1,2,3,4]}