{"messages":["Good day!!","Good day!!","Good day!!"],"messages_no":3,"bad_words":[],"bad_words_no":0,"weight":0,"location":[[41.62925486,-93.60982636],[41.62925486,-93.60982636],[41.62925486,-93.60982636]],"friends":[1,2,3,4]}