{"messages":["Everyone loves a nice booty","I want likeeeeee chicken chop suey rn\ud83d\ude0d mmm bomb","Everyone loves a nice booty","Everyone loves a nice booty","I want likeeeeee chicken chop suey rn\ud83d\ude0d mmm bomb"],"messages_no":5,"bad_words":[],"bad_words_no":0,"weight":0,"location":[36.95336348,-120.06700949,36.9533958,-120.06705268,36.95336348,-120.06700949,36.95336348,-120.06700949,36.9533958,-120.06705268]}