{"messages":["@_WhitneyPeace oh idk maybe a dinner and a movie and then we go to vegas?","So what do I do now?","@_WhitneyPeace oh idk maybe a dinner and a movie and then we go to vegas?","So what do I do now?","I actually like turkey bacon...","@_WhitneyPeace oh idk maybe a dinner and a movie and then we go to vegas?","So what do I do now?","I actually like turkey bacon..."],"messages_no":8,"bad_words":[],"bad_words_no":0,"weight":0,"location":[[34.65224943,-98.41367491],[34.61019822,-98.45802322],[34.65224943,-98.41367491],[34.61019822,-98.45802322],[34.60994542,-98.45823549],[34.65224943,-98.41367491],[34.61019822,-98.45802322],[34.60994542,-98.45823549]],"friends":[1,2,3,4]}