{"messages":["Lmao he looked like drake","@deshawnmichelle lmao autocorrect","Lmao he looked like drake","@deshawnmichelle lmao autocorrect","Lmao he looked like drake","@deshawnmichelle lmao autocorrect"],"messages_no":6,"bad_words":[],"bad_words_no":3,"weight":0,"location":[[47.23626152,-122.35344396],[47.23607333,-122.35358658],[47.23626152,-122.35344396],[47.23607333,-122.35358658],[47.23626152,-122.35344396],[47.23607333,-122.35358658]],"friends":[1,2,3,4]}