{"messages":["I ain't even trippin","I ain't even trippin","I ain't even trippin"],"messages_no":3,"bad_words":[],"bad_words_no":0,"weight":0,"location":[32.7890906,-79.9359925,32.7890906,-79.9359925,32.7890906,-79.9359925]}