{"messages":["gotta rep the hometown.","gotta rep the hometown.","gotta rep the hometown."],"messages_no":3,"bad_words":[],"bad_words_no":0,"weight":0,"location":[[38.92357934,-77.03594988],[38.92357934,-77.03594988],[38.92357934,-77.03594988]],"friends":[1,2,3,4]}