{"messages":["#EsuranceSave30 \ud83d\udcb8","#EsuranceSave30 \ud83d\udcb8","#EsuranceSave30 \ud83d\udcb8"],"messages_no":3,"bad_words":[],"bad_words_no":0,"weight":0,"location":[[33.78909043,-118.12748943],[33.78909043,-118.12748943],[33.78909043,-118.12748943]],"friends":[1,2,3,4]}