{"messages":["@ThatAintMy_HOE I dm it 2 u","@ThatAintMy_HOE I dm it 2 u","@ThatAintMy_HOE I dm it 2 u"],"messages_no":3,"bad_words":[],"bad_words_no":0,"weight":0,"location":[[30.3896105,-81.7402695],[30.3896105,-81.7402695],[30.3896105,-81.7402695]],"friends":[1,2,3,4]}