{"messages":["@AsiansRUs96 oh my lanta!","@AsiansRUs96 oh my lanta!","@AsiansRUs96 oh my lanta!"],"messages_no":3,"bad_words":[],"bad_words_no":0,"weight":0,"location":[[38.93805529,-90.18087785],[38.93805529,-90.18087785],[38.93805529,-90.18087785]],"friends":[1,2,3,4]}