{"messages":["Cole be so silly sometimes \ud83d\ude1a","Cole be so silly sometimes \ud83d\ude1a","Cole be so silly sometimes \ud83d\ude1a"],"messages_no":3,"bad_words":[],"bad_words_no":0,"weight":0,"location":[[41.33044965,-71.99942557],[41.33044965,-71.99942557],[41.33044965,-71.99942557]],"friends":[1,2,3,4]}