{"messages":["@BBmain its close","@BBmain its close","@BBmain its close"],"messages_no":3,"bad_words":[],"bad_words_no":0,"weight":0,"location":[[33.90407738,-117.87370761],[33.90407738,-117.87370761],[33.90407738,-117.87370761]],"friends":[1,2,3,4]}