{"messages":["@shayla_boulard short fat people","@shayla_boulard short fat people","@shayla_boulard short fat people","@shayla_boulard short fat people"],"messages_no":4,"bad_words":[],"bad_words_no":0,"weight":0,"location":[42.98795298,-71.43572984,42.98795298,-71.43572984,42.98795298,-71.43572984,42.98795298,-71.43572984]}