{"messages":["Hes coming for u tori hart","Hes coming for u tori hart","Hes coming for u tori hart","Hes coming for u tori hart"],"messages_no":4,"bad_words":[],"bad_words_no":0,"weight":0,"location":[39.65060921,-75.32100214,39.65060921,-75.32100214,39.65060921,-75.32100214,39.65060921,-75.32100214]}