{"messages":["Please stop talking to me. \ud83d\udc4b","Please stop talking to me. \ud83d\udc4b","Please stop talking to me. \ud83d\udc4b"],"messages_no":3,"bad_words":[],"bad_words_no":0,"weight":0,"location":[40.6786388,-111.94260996,40.6786388,-111.94260996,40.6786388,-111.94260996]}