{"messages":["selfie ft. all my b\u00e6s on 407\ud83d\ude0d http:\/\/t.co\/RqGr1u8m6M","selfie ft. all my b\u00e6s on 407\ud83d\ude0d http:\/\/t.co\/RqGr1u8m6M","selfie ft. all my b\u00e6s on 407\ud83d\ude0d http:\/\/t.co\/RqGr1u8m6M"],"messages_no":3,"bad_words":[],"bad_words_no":0,"weight":0,"location":[[33.07447359,-97.11595139],[33.07447359,-97.11595139],[33.07447359,-97.11595139]],"friends":[1,2,3,4]}