{"messages":["I want Tommy \u2665.","I want Tommy \u2665.","I'm gonna go to that coyote ugly club one day.","I want Tommy \u2665."],"messages_no":4,"bad_words":[],"bad_words_no":0,"weight":0,"location":[[32.640337,-117.0461226],[32.640337,-117.0461226],[32.6367982,-117.0474325],[32.640337,-117.0461226]],"friends":[1,2,3,4]}