{"messages":["Off Guards At Lunch ! http:\/\/t.co\/8wwfHJBrbs","Niggq Thats Off Guard ! Gtf\ud83d\ude02","You Gone Miss Me When I'm Gone\ud83d\ude0e .","Off Guards At Lunch ! http:\/\/t.co\/8wwfHJBrbs","Niggq Thats Off Guard ! Gtf\ud83d\ude02","You Gone Miss Me When I'm Gone\ud83d\ude0e .","Lol Woah!!!","@Desirae_Salinas Lol Maybe\ud83d\ude02","Off Guards At Lunch ! http:\/\/t.co\/8wwfHJBrbs","Niggq Thats Off Guard ! Gtf\ud83d\ude02","You Gone Miss Me When I'm Gone\ud83d\ude0e .","Lol Woah!!!","@Desirae_Salinas Lol Maybe\ud83d\ude02"],"messages_no":13,"bad_words":[],"bad_words_no":0,"weight":0,"location":[[32.68363752,-97.17896661],[32.68366347,-97.1789927],[32.68026678,-97.21575498],[32.68363752,-97.17896661],[32.68366347,-97.1789927],[32.68026678,-97.21575498],[32.68038269,-97.21572279],[32.68034653,-97.21562488],[32.68363752,-97.17896661],[32.68366347,-97.1789927],[32.68026678,-97.21575498],[32.68038269,-97.21572279],[32.68034653,-97.21562488]],"friends":[1,2,3,4]}