{"messages":["I'm ready to get back outside....","I'm ready to get back outside....","Why he talkin to me?!?","I'm ready to get back outside...."],"messages_no":4,"bad_words":[],"bad_words_no":0,"weight":0,"location":[[32.33527936,-86.34399452],[32.33527936,-86.34399452],[32.38353315,-86.19286465],[32.33527936,-86.34399452]],"friends":[1,2,3,4]}