{"messages":["Let's see how long that lasts.","Let's see how long that lasts.","Let's see how long that lasts."],"messages_no":3,"bad_words":[],"bad_words_no":0,"weight":0,"location":[[46.21370913,-119.99065558],[46.21370913,-119.99065558],[46.21370913,-119.99065558]],"friends":[1,2,3,4]}