{"messages":["Just got my phone back\ud83d\ude12","Take that shit \ud83d\udc49 way.","Just got my phone back\ud83d\ude12","Just got my phone back\ud83d\ude12","Take that shit \ud83d\udc49 way."],"messages_no":5,"bad_words":[],"bad_words_no":2,"weight":0,"location":[31.5979477,-85.73458652,31.5980249,-85.73458375,31.5979477,-85.73458652,31.5979477,-85.73458652,31.5980249,-85.73458375]}