{"messages":["@BrooksBeau follow me Beau please xxx","@BrooksBeau follow me Beau please xxx","I don't know. That's such an odd last name.","Omg. I just seen my screenshot of one of my old conversations.","The last closest friend I had... \ud83d\udc94","@BrooksBeau follow me Beau please xxx","I don't know. That's such an odd last name.","Omg. I just seen my screenshot of one of my old conversations."],"messages_no":8,"bad_words":[],"bad_words_no":0,"weight":0,"location":[[33.9850283,-118.0368862],[33.9850283,-118.0368862],[33.98501991,-118.0369785],[33.98504484,-118.03697983],[33.98504113,-118.03694434],[33.9850283,-118.0368862],[33.98501991,-118.0369785],[33.98504484,-118.03697983]],"friends":[1,2,3,4]}