{"messages":["@brightsuzaku super dog face","@brightsuzaku super dog face","@siriusly_shit spiders are awesome lol weak","@siriusly_shit they kill flies and Mosquitos I guess","@Ravelord what if he follows u","@RevivedSin yes I'm avoiding saying the name","@aeiouandalsoy UwU hell yes (","@brightsuzaku super dog face","@siriusly_shit spiders are awesome lol weak","@siriusly_shit they kill flies and Mosquitos I guess","@Ravelord what if he follows u","@RevivedSin yes I'm avoiding saying the name","@aeiouandalsoy UwU hell yes ("],"messages_no":13,"bad_words":[],"bad_words_no":6,"weight":0,"location":[[34.13740419,-118.21075609],[34.13740419,-118.21075609],[34.13773513,-118.21069109],[34.1373663,-118.21081392],[34.13757468,-118.21066221],[34.13747837,-118.2106747],[34.13749367,-118.21069054],[34.13740419,-118.21075609],[34.13773513,-118.21069109],[34.1373663,-118.21081392],[34.13757468,-118.21066221],[34.13747837,-118.2106747],[34.13749367,-118.21069054]],"friends":[1,2,3,4]}