{"messages":["team no sleep","team no sleep","team no sleep"],"messages_no":3,"bad_words":[],"bad_words_no":0,"weight":0,"location":[[32.98993494,-97.18185999],[32.98993494,-97.18185999],[32.98993494,-97.18185999]],"friends":[1,2,3,4]}