{"messages":["@Bedi_20 @ripchinaytorta wrong song lol","@Bedi_20 @ripchinaytorta wrong song lol","@Bedi_20 @ripchinaytorta wrong song lol"],"messages_no":3,"bad_words":[],"bad_words_no":0,"weight":0,"location":[[33.91351465,-118.06324997],[33.91351465,-118.06324997],[33.91351465,-118.06324997]],"friends":[1,2,3,4]}