{"messages":["I want pizzza !","I want pizzza !","I lost so many friends . I just don't care anymore .","Or is it the people I'm following ?","I want pizzza !","I lost so many friends . I just don't care anymore .","Or is it the people I'm following ?"],"messages_no":7,"bad_words":[],"bad_words_no":0,"weight":0,"location":[[32.7648794,-97.386601],[32.7648794,-97.386601],[32.7648592,-97.3865541],[32.7648696,-97.3865191],[32.7648794,-97.386601],[32.7648592,-97.3865541],[32.7648696,-97.3865191]],"friends":[1,2,3,4]}