{"messages":["@_BrazilianBITCH what is it called","@_BrazilianBITCH what is it called","@_BrazilianBITCH what is it called","@_BrazilianBITCH what is it called"],"messages_no":4,"bad_words":[],"bad_words_no":0,"weight":0,"location":[43.16034277,-77.60818308,43.16034277,-77.60818308,43.16034277,-77.60818308,43.16034277,-77.60818308]}