{"messages":["how much what ?","how much what ?","how much what ?"],"messages_no":3,"bad_words":[],"bad_words_no":0,"weight":0,"location":[[35.01507068,-85.70994003],[35.01507068,-85.70994003],[35.01507068,-85.70994003]],"friends":[1,2,3,4]}