{"messages":["I keep the beat flowing like water","People love spreadin rumors","Black parents only does this shit:\nYou: I can't find it.\nMom: Now if I go in there an find it,imma beat yo ass !\n#Trueshit","Is the super bowl today","Ridin on my pegs","I keep the beat flowing like water","People love spreadin rumors"],"messages_no":7,"bad_words":[],"bad_words_no":2,"weight":0,"location":[30.0755172,-83.5690259,30.075429,-83.5689545,30.0755097,-83.5690231,30.0755026,-83.5690306,30.0754824,-83.5690206,30.0755172,-83.5690259,30.075429,-83.5689545]}