{"messages":["Senior night \ud83d\ude25","@yellow_boneeee I know exactly what you mean J \ud83d\udc4c","Senior night \ud83d\ude25","Senior night \ud83d\ude25","@yellow_boneeee I know exactly what you mean J \ud83d\udc4c","@yellow_boneeee I know exactly what you mean J \ud83d\udc4c"],"messages_no":6,"bad_words":[],"bad_words_no":0,"weight":0,"location":[40.86767283,-81.36660998,40.92754485,-81.43180677,40.86767283,-81.36660998,40.86767283,-81.36660998,40.92754485,-81.43180677,40.92754485,-81.43180677]}