{"messages":["Don't believe the hype.\ud83d\udc4c","Fuck these niggas #swerve","I ain't doing nothing \u270b","Seahawks trying to show out","I want to see Spider-Man"],"messages_no":5,"bad_words":[],"bad_words_no":2,"weight":0,"location":[[38.21041045,-84.8450951],[38.21040852,-84.84486225],[38.21025048,-84.84503744],[38.21029842,-84.84500972],[38.21041387,-84.84493429]]}