{"messages":["@_IAMJALEN happy birthday bro bro\ud83c\udf89\ud83c\udf88TU !","@_IAMJALEN happy birthday bro bro\ud83c\udf89\ud83c\udf88TU !","@_IAMJALEN happy birthday bro bro\ud83c\udf89\ud83c\udf88TU !"],"messages_no":3,"bad_words":[],"bad_words_no":0,"weight":0,"location":[[32.73697047,-117.00789238],[32.73697047,-117.00789238],[32.73697047,-117.00789238]],"friends":[1,2,3,4]}