{"messages":["#EsuranceSave30","#EsuranceSave30","Hows your knee","#EsuranceSave30"],"messages_no":4,"bad_words":[],"bad_words_no":0,"weight":0,"location":[[39.2378479,-84.6089049],[39.2378479,-84.6089049],[39.2366253,-84.5905022],[39.2378479,-84.6089049]],"friends":[1,2,3,4]}