{"messages":["Starving... Again","@lexcruzz thanks\ud83d\ude0f\u263a\ufe0f"],"messages_no":2,"bad_words":[],"bad_words_no":0,"weight":0,"location":[[33.74593943,-118.02119066],[33.74579018,-118.02116838]]}