{"messages":["@TheCatCrazies How does it feel to take two L's in one day? \ud83d\ude02\ud83d\ude02\ud83d\ude02\ud83d\ude02\ud83d\ude02","@TheCatCrazies How does it feel to take two L's in one day? \ud83d\ude02\ud83d\ude02\ud83d\ude02\ud83d\ude02\ud83d\ude02","Fuck the opps I heard they work with 12","@TheCatCrazies How does it feel to take two L's in one day? \ud83d\ude02\ud83d\ude02\ud83d\ude02\ud83d\ude02\ud83d\ude02","Fuck the opps I heard they work with 12"],"messages_no":5,"bad_words":[],"bad_words_no":2,"weight":0,"location":[[33.95085663,-81.18116215],[33.95085663,-81.18116215],[33.90571531,-81.23690925],[33.95085663,-81.18116215],[33.90571531,-81.23690925]],"friends":[1,2,3,4]}