{"messages":["I've never been so happy to be home","@3400December I'm home","And ofcourse Patrick don't reply .. \ud83d\ude10"],"messages_no":3,"bad_words":[],"bad_words_no":0,"weight":0,"location":[[38.54267525,-121.2799638],[38.54274458,-121.28000917],[38.54286942,-121.2797901]]}