{"messages":["Lei cant text bak fo shit \ud83d\ude14","Lei cant text bak fo shit \ud83d\ude14","Lei cant text bak fo shit \ud83d\ude14"],"messages_no":3,"bad_words":[],"bad_words_no":3,"weight":0,"location":[38.38210146,-121.41880724,38.38210146,-121.41880724,38.38210146,-121.41880724]}