{"messages":["I got guacamole","I got guacamole","I got guacamole"],"messages_no":3,"bad_words":[],"bad_words_no":0,"weight":0,"location":[[43.07166975,-87.88819551],[43.07166975,-87.88819551],[43.07166975,-87.88819551]],"friends":[1,2,3,4]}