{"messages":["Lets go Duke !!","Lets go Duke !!","Lets go Duke !!"],"messages_no":3,"bad_words":[],"bad_words_no":0,"weight":0,"location":[[35.0613595,-106.6347139],[35.0613595,-106.6347139],[35.0613595,-106.6347139]],"friends":[1,2,3,4]}