{"messages":["This boy Christian said he gone steal a ATM . \ud83d\ude02\ud83d\ude02\ud83d\ude02\ud83d\ude02\ud83d\ude02\ud83d\ude02","This boy Christian said he gone steal a ATM . \ud83d\ude02\ud83d\ude02\ud83d\ude02\ud83d\ude02\ud83d\ude02\ud83d\ude02","This boy Christian said he gone steal a ATM . \ud83d\ude02\ud83d\ude02\ud83d\ude02\ud83d\ude02\ud83d\ude02\ud83d\ude02"],"messages_no":3,"bad_words":[],"bad_words_no":0,"weight":0,"location":[[42.93725659,-85.64441124],[42.93725659,-85.64441124],[42.93725659,-85.64441124]],"friends":[1,2,3,4]}