{"messages":["My sister is my only friend","My sister is my only friend","I hate my gums because they bkack","My sister is my only friend","I hate my gums because they bkack"],"messages_no":5,"bad_words":[],"bad_words_no":0,"weight":0,"location":[[34.0479175,-117.449336],[34.0479175,-117.449336],[34.0479165,-117.4494609],[34.0479175,-117.449336],[34.0479165,-117.4494609]],"friends":[1,2,3,4]}