{"messages":["I haven played baseball in 7 months and i went to tryouts and hit a homerun .. What","@TDewsnap7 you saw it?","I haven played baseball in 7 months and i went to tryouts and hit a homerun .. What","@TDewsnap7 you saw it?","Hey shoutout to marley for making my night","I haven played baseball in 7 months and i went to tryouts and hit a homerun .. What","@TDewsnap7 you saw it?","Hey shoutout to marley for making my night"],"messages_no":8,"bad_words":[],"bad_words_no":0,"weight":0,"location":[[33.94491739,-117.55195543],[33.94494499,-117.5519427],[33.94491739,-117.55195543],[33.94494499,-117.5519427],[33.94502734,-117.55183278],[33.94491739,-117.55195543],[33.94494499,-117.5519427],[33.94502734,-117.55183278]],"friends":[1,2,3,4]}