{"messages":["Another nice catch","Nice catch","Another nice catch","Nice catch","Another nice catch","Nice catch"],"messages_no":6,"bad_words":[],"bad_words_no":0,"weight":0,"location":[[32.99021189,-96.55052132],[32.98991388,-96.55032821],[32.99021189,-96.55052132],[32.98991388,-96.55032821],[32.99021189,-96.55052132],[32.98991388,-96.55032821]],"friends":[1,2,3,4]}