{"messages":["It's not even noon and you're pissing off. \ud83c\udd92\ud83d\ude12","They KO\ud83d\ude02 http:\/\/t.co\/LaRfvltxtI","It's not even noon and you're pissing off. \ud83c\udd92\ud83d\ude12","They KO\ud83d\ude02 http:\/\/t.co\/LaRfvltxtI","Please God, let there be school no school Wednesday\ud83d\ude4f","The amount of sugar I take in per day is really unhealthy","It's not even noon and you're pissing off. \ud83c\udd92\ud83d\ude12","They KO\ud83d\ude02 http:\/\/t.co\/LaRfvltxtI","Please God, let there be school no school Wednesday\ud83d\ude4f"],"messages_no":9,"bad_words":[],"bad_words_no":3,"weight":0,"location":[[41.16521988,-87.67480856],[41.48035488,-87.57562789],[41.16521988,-87.67480856],[41.48035488,-87.57562789],[41.16491917,-87.67497514],[41.16502093,-87.67471723],[41.16521988,-87.67480856],[41.48035488,-87.57562789],[41.16491917,-87.67497514]],"friends":[1,2,3,4]}