{"messages":["Love twitter fights \ud83d\udc4c","Love twitter fights \ud83d\udc4c","Love twitter fights \ud83d\udc4c"],"messages_no":3,"bad_words":[],"bad_words_no":0,"weight":0,"location":[[35.05375973,-84.07700775],[35.05375973,-84.07700775],[35.05375973,-84.07700775]],"friends":[1,2,3,4]}