{"messages":["Teen wolf is getting corny","Teen wolf is getting corny","Teen wolf is getting corny","Teen wolf is getting corny"],"messages_no":4,"bad_words":[],"bad_words_no":0,"weight":0,"location":[41.80868835,-71.46322453,41.80868835,-71.46322453,41.80868835,-71.46322453,41.80868835,-71.46322453]}