{"messages":["Hydrocodon got me high as a kite","Someone new hit my phone","Hydrocodon got me high as a kite","Someone new hit my phone","Phone dry","Hydrocodon got me high as a kite","Someone new hit my phone"],"messages_no":7,"bad_words":[],"bad_words_no":0,"weight":0,"location":[[38.6489441,-76.93739082],[38.64904801,-76.93755797],[38.6489441,-76.93739082],[38.64904801,-76.93755797],[38.64866534,-76.937439],[38.6489441,-76.93739082],[38.64904801,-76.93755797]],"friends":[1,2,3,4]}