{"messages":["I really have a hickey on my head from last night. Someone hit me with a beer can. \ud83d\ude12\ud83d\ude10\ud83d\udc86","I really have a hickey on my head from last night. Someone hit me with a beer can. \ud83d\ude12\ud83d\ude10\ud83d\udc86","Diddly proposed to Cassie! He better had cuz I was going to. \ud83d\ude0d\ud83d\udc8d","I'm bored \ud83d\ude10","\u201c@rjb_5: \ud83d\ude14\u201d what's wrong?","I really have a hickey on my head from last night. Someone hit me with a beer can. \ud83d\ude12\ud83d\ude10\ud83d\udc86","Diddly proposed to Cassie! He better had cuz I was going to. \ud83d\ude0d\ud83d\udc8d","I'm bored \ud83d\ude10"],"messages_no":8,"bad_words":[],"bad_words_no":0,"weight":0,"location":[[39.95287971,-75.1706843],[39.95287971,-75.1706843],[40.19979795,-75.23478046],[40.19977169,-75.23514622],[40.15931553,-75.13915141],[39.95287971,-75.1706843],[40.19979795,-75.23478046],[40.19977169,-75.23514622]],"friends":[1,2,3,4]}