{"messages":["Seahawk defense is unreal","Seahawk defense is unreal","Seahawk defense is unreal"],"messages_no":3,"bad_words":[],"bad_words_no":0,"weight":0,"location":[[21.3771926,-157.72511095],[21.3771926,-157.72511095],[21.3771926,-157.72511095]],"friends":[1,2,3,4]}