{"messages":["Hoy cumple mi suegro. Best dad-in-law ever\ud83d\udcaa","I just started living.","Hoy cumple mi suegro. Best dad-in-law ever\ud83d\udcaa","I just started living.","Hoy cumple mi suegro. Best dad-in-law ever\ud83d\udcaa","I just started living."],"messages_no":6,"bad_words":[],"bad_words_no":3,"weight":0,"location":[[18.22523211,-65.90354517],[18.21764879,-65.89618804],[18.22523211,-65.90354517],[18.21764879,-65.89618804],[18.22523211,-65.90354517],[18.21764879,-65.89618804]],"friends":[1,2,3,4]}