{"messages":["@out_of_many_1 where do you take up residency ?","It's a wrap","@out_of_many_1 where do you take up residency ?","It's a wrap","@Flirtatious_Sam alright den I'll believe you","@Flirtatious_Sam your lips","@out_of_many_1 where do you take up residency ?","It's a wrap","@Flirtatious_Sam alright den I'll believe you"],"messages_no":9,"bad_words":[],"bad_words_no":0,"weight":0,"location":[[41.756919,-72.602659],[41.725113,-72.731651],[41.756919,-72.602659],[41.725113,-72.731651],[41.297709,-72.926451],[40.698816,-73.794315],[41.756919,-72.602659],[41.725113,-72.731651],[41.297709,-72.926451]],"friends":[1,2,3,4]}