{"messages":["Sum1 talk to mehhh","Throwback http:\/\/t.co\/uMtflNEuOD","Sum1 talk to mehhh","Throwback http:\/\/t.co\/uMtflNEuOD","@awkcabello awwww","Sum1 talk to mehhh","Throwback http:\/\/t.co\/uMtflNEuOD","@awkcabello awwww"],"messages_no":8,"bad_words":[],"bad_words_no":0,"weight":0,"location":[[33.78967336,-118.26457352],[33.7898323,-118.2643917],[33.78967336,-118.26457352],[33.7898323,-118.2643917],[33.79022839,-118.2642025],[33.78967336,-118.26457352],[33.7898323,-118.2643917],[33.79022839,-118.2642025]],"friends":[1,2,3,4]}