{"messages":["damn almost caught that","8-0 Seahawks"],"messages_no":2,"bad_words":[],"bad_words_no":1,"weight":0,"location":[[41.66835888,-72.69960728],[41.6682033,-72.69991614]]}