{"messages":["*clears throat*\nCAN YOU FUCKING NOT.","Lol at your selfishness","*clears throat*\nCAN YOU FUCKING NOT.","Lol at your selfishness"],"messages_no":4,"bad_words":[],"bad_words_no":0,"weight":0,"location":[47.8509712,-121.79363388,47.85094614,-121.79365824,47.8509712,-121.79363388,47.85094614,-121.79365824]}