{"messages":["Where's the Super Bowl parties at tomorrow?","How do people have fun?","Where's the Super Bowl parties at tomorrow?","How do people have fun?","Where's the Super Bowl parties at tomorrow?","How do people have fun?"],"messages_no":6,"bad_words":[],"bad_words_no":0,"weight":0,"location":[[40.97852501,-81.69256099],[40.97857459,-81.69254783],[40.97852501,-81.69256099],[40.97857459,-81.69254783],[40.97852501,-81.69256099],[40.97857459,-81.69254783]],"friends":[1,2,3,4]}