{"messages":["Krav Maga Session #2 here I come..","Krav Maga Session #2 here I come..","Krav Maga Session #2 here I come.."],"messages_no":3,"bad_words":[],"bad_words_no":0,"weight":0,"location":[[34.08300095,-117.67573487],[34.08300095,-117.67573487],[34.08300095,-117.67573487]],"friends":[1,2,3,4]}