{"messages":["Guys this is the shit I love","Guys this is the shit I love","Guys this is the shit I love"],"messages_no":3,"bad_words":[],"bad_words_no":3,"weight":0,"location":[[29.95110976,-81.48046855],[29.95110976,-81.48046855],[29.95110976,-81.48046855]],"friends":[1,2,3,4]}