{"messages":["I was told I need to live and do drugs lol","The first time I played fun run was funny lmao","I was told I need to live and do drugs lol","The first time I played fun run was funny lmao","I was told I need to live and do drugs lol","The first time I played fun run was funny lmao"],"messages_no":6,"bad_words":[],"bad_words_no":0,"weight":0,"location":[[29.74586377,-95.32740343],[29.74588623,-95.3274118],[29.74586377,-95.32740343],[29.74588623,-95.3274118],[29.74586377,-95.32740343],[29.74588623,-95.3274118]],"friends":[1,2,3,4]}