{"messages":["Let It Go .","Let It Go .","Let It Go ."],"messages_no":3,"bad_words":[],"bad_words_no":0,"weight":0,"location":[[41.6805113,-87.51073401],[41.6805113,-87.51073401],[41.6805113,-87.51073401]],"friends":[1,2,3,4]}