{"messages":["I love being outside. \u2601\ufe0f\u2601\ufe0f\u2601\ufe0f","They know what's up they're playing \"the doors\"","I love being outside. \u2601\ufe0f\u2601\ufe0f\u2601\ufe0f","They know what's up they're playing \"the doors\"","\u26c4\ufe0f\u2744\ufe0f\ud83c\udf00\u26c4\ufe0f\u2744\ufe0f\ud83c\udf00\u26c4\ufe0f\u2744\ufe0f\ud83c\udf00","I love being outside. \u2601\ufe0f\u2601\ufe0f\u2601\ufe0f","They know what's up they're playing \"the doors\"","\u26c4\ufe0f\u2744\ufe0f\ud83c\udf00\u26c4\ufe0f\u2744\ufe0f\ud83c\udf00\u26c4\ufe0f\u2744\ufe0f\ud83c\udf00"],"messages_no":8,"bad_words":[],"bad_words_no":0,"weight":0,"location":[[33.89014169,-117.52891115],[34.14102857,-118.35692173],[33.89014169,-117.52891115],[34.14102857,-118.35692173],[33.89009886,-117.52864603],[33.89014169,-117.52891115],[34.14102857,-118.35692173],[33.89009886,-117.52864603]],"friends":[1,2,3,4]}