{"messages":["I don't trust broke niggas.","I don't trust broke niggas.","i feel fresh as fuck.","no one got me like I got me.","good morning. h8 errbody. http:\/\/t.co\/FVqeKYhLn8","\u201c@idclissa: what the fuck these bitches on?\u201d Stupid.","don't cry because i'm trying you. lol.","I don't trust broke niggas.","i feel fresh as fuck.","no one got me like I got me."],"messages_no":10,"bad_words":[],"bad_words_no":7,"weight":0,"location":[[28.1864451,-81.49831633],[28.1864451,-81.49831633],[28.18641242,-81.4983309],[28.18643052,-81.49834979],[28.16376697,-81.48722356],[28.18633899,-81.49853839],[28.18635582,-81.49846643],[28.1864451,-81.49831633],[28.18641242,-81.4983309],[28.18643052,-81.49834979]],"friends":[1,2,3,4]}