{"messages":["I love being outside. \u2601\ufe0f\u2601\ufe0f\u2601\ufe0f","I love being outside. \u2601\ufe0f\u2601\ufe0f\u2601\ufe0f","They know what's up they're playing \"the doors\"","I love being outside. \u2601\ufe0f\u2601\ufe0f\u2601\ufe0f","I love being outside. \u2601\ufe0f\u2601\ufe0f\u2601\ufe0f"],"messages_no":5,"bad_words":[],"bad_words_no":0,"weight":0,"location":[33.89014169,-117.52891115,33.89014169,-117.52891115,34.14102857,-118.35692173,33.89014169,-117.52891115,33.89014169,-117.52891115]}