{"messages":["@blobrob wtf do u live","@blobrob wtf do u live","@blobrob wtf do u live"],"messages_no":3,"bad_words":[],"bad_words_no":0,"weight":0,"location":[[25.94512276,-80.18507201],[25.94512276,-80.18507201],[25.94512276,-80.18507201]],"friends":[1,2,3,4]}