{"messages":["@YoSoyLazarito what times ??","@YoSoyLazarito what times ??","15 - we should talk more you seem like you could keep a convo \ud83d\ude0a","299 - you are to funny and I still got that selfie we took we look good lmao","@goshhhkaren_ lol I want like 3 kids","@YoSoyLazarito what times ??","15 - we should talk more you seem like you could keep a convo \ud83d\ude0a","299 - you are to funny and I still got that selfie we took we look good lmao"],"messages_no":8,"bad_words":[],"bad_words_no":0,"weight":0,"location":[[25.87108945,-80.32422132],[25.87108945,-80.32422132],[25.87120164,-80.32479678],[25.87126575,-80.32480155],[25.87127855,-80.32490069],[25.87108945,-80.32422132],[25.87120164,-80.32479678],[25.87126575,-80.32480155]],"friends":[1,2,3,4]}