{"messages":["Fuck being ugly","Fuck being ugly"],"messages_no":2,"bad_words":[],"bad_words_no":2,"weight":0,"location":[34.0949734,-117.59266768,34.0949734,-117.59266768]}