{"messages":["So sweeeepy \ud83d\ude34","So sweeeepy \ud83d\ude34"],"messages_no":2,"bad_words":[],"bad_words_no":0,"weight":0,"location":[40.69804573,-73.99285461,40.69804573,-73.99285461]}