{"messages":["I've been eating since 12\ud83d\ude01","I've been eating since 12\ud83d\ude01","I've been eating since 12\ud83d\ude01"],"messages_no":3,"bad_words":[],"bad_words_no":0,"weight":0,"location":[[61.19362793,-149.71981965],[61.19362793,-149.71981965],[61.19362793,-149.71981965]],"friends":[1,2,3,4]}