{"messages":["Ik she is though","Ik she is though","Ik she is though"],"messages_no":3,"bad_words":[],"bad_words_no":0,"weight":0,"location":[[39.79231966,-85.99214246],[39.79231966,-85.99214246],[39.79231966,-85.99214246]],"friends":[1,2,3,4]}