{"messages":["Is it trending yet? #TouchDownDance","Is it trending yet? #TouchDownDance","@KitkatIM5 infront of Cole c;","COLE LIKES TO SAVE HIS FOR LAST BC UNF!","Is it trending yet? #TouchDownDance"],"messages_no":5,"bad_words":[],"bad_words_no":0,"weight":0,"location":[[31.22913,-81.52132357],[31.22913,-81.52132357],[31.22912714,-81.52132143],[31.22912833,-81.52132167],[31.22913,-81.52132357]],"friends":[1,2,3,4]}