{"messages":["Then I have to work","Then I have to work","Tbh I love today's weather","Then I have to work","Tbh I love today's weather"],"messages_no":5,"bad_words":[],"bad_words_no":0,"weight":0,"location":[[33.91220194,-84.14459079],[33.91220194,-84.14459079],[33.91241368,-84.16224376],[33.91220194,-84.14459079],[33.91241368,-84.16224376]],"friends":[1,2,3,4]}