{"messages":["Love money party","Love money party"],"messages_no":2,"bad_words":[],"bad_words_no":0,"weight":0,"location":[38.89287033,-94.73631148,38.89287033,-94.73631148]}