{"messages":["Right here(:","Right here(:"],"messages_no":2,"bad_words":[],"bad_words_no":0,"weight":0,"location":[36.3262719,-121.2382734,36.3262719,-121.2382734]}