{"messages":["My madden game nice!","My madden game nice!","My madden game nice!"],"messages_no":3,"bad_words":[],"bad_words_no":0,"weight":0,"location":[[38.88921888,-94.76348368],[38.88921888,-94.76348368],[38.88921888,-94.76348368]],"friends":[1,2,3,4]}