{"messages":["This nigga","This nigga","This nigga"],"messages_no":3,"bad_words":[],"bad_words_no":3,"weight":0,"location":[[39.3413705,-76.7242775],[39.3413705,-76.7242775],[39.3413705,-76.7242775]],"friends":[1,2,3,4]}