{"messages":["I'm lookin for a riderrrrr.","I'm lookin for a riderrrrr.","I'm lookin for a riderrrrr.","I'm lookin for a riderrrrr."],"messages_no":4,"bad_words":[],"bad_words_no":0,"weight":0,"location":[39.5314087,-86.02969967,39.5314087,-86.02969967,39.5314087,-86.02969967,39.5314087,-86.02969967]}