{"messages":["IG messing up man.","IG messing up man.","IG messing up man."],"messages_no":3,"bad_words":[],"bad_words_no":0,"weight":0,"location":[[34.67683635,-82.83175243],[34.67683635,-82.83175243],[34.67683635,-82.83175243]],"friends":[1,2,3,4]}