{"messages":["Ofelias isn't going hard rn&gt;\ud83d\ude0d","The nap I just took &gt;","Ofelias isn't going hard rn&gt;\ud83d\ude0d","The nap I just took &gt;","Ofelias isn't going hard rn&gt;\ud83d\ude0d","The nap I just took &gt;"],"messages_no":6,"bad_words":[],"bad_words_no":0,"weight":0,"location":[[29.20388561,-99.80106899],[29.19715559,-99.79539475],[29.20388561,-99.80106899],[29.19715559,-99.79539475],[29.20388561,-99.80106899],[29.19715559,-99.79539475]],"friends":[1,2,3,4]}