{"messages":["ill be fine.","ill be fine.","goodnight.","ill be fine."],"messages_no":4,"bad_words":[],"bad_words_no":0,"weight":0,"location":[[40.66865162,-73.8958056],[40.66865162,-73.8958056],[40.66874002,-73.89631497],[40.66865162,-73.8958056]],"friends":[1,2,3,4]}