{"messages":["#EsuranceSave30","#EsuranceSave30","#EsuranceSave30"],"messages_no":3,"bad_words":[],"bad_words_no":0,"weight":0,"location":[[40.86980052,-73.63479805],[40.86980052,-73.63479805],[40.86980052,-73.63479805]],"friends":[1,2,3,4]}