{"messages":["I can't sleep :(","I can't sleep :(","I can't sleep :("],"messages_no":3,"bad_words":[],"bad_words_no":0,"weight":0,"location":[[39.10779973,-77.55092088],[39.10779973,-77.55092088],[39.10779973,-77.55092088]],"friends":[1,2,3,4]}