{"messages":["HAPPY BIRTHDAY\ud83c\udf89\ud83c\udf81\ud83c\udf89\ud83c\udf81\ud83c\udf89\ud83c\udf81 @abbypressley","HAPPY BIRTHDAY\ud83c\udf89\ud83c\udf81\ud83c\udf89\ud83c\udf81\ud83c\udf89\ud83c\udf81 @abbypressley"],"messages_no":2,"bad_words":[],"bad_words_no":0,"weight":0,"location":[35.5166105,-78.63157784,35.5166105,-78.63157784]}