{"messages":["Bitch I don't care","I just want the bills to make it to the playoffs...............","Bitch I don't care","I just want the bills to make it to the playoffs...............","Damn.....","Bitch I don't care","I just want the bills to make it to the playoffs..............."],"messages_no":7,"bad_words":[],"bad_words_no":0,"weight":0,"location":[[42.93126801,-78.81349426],[42.93126214,-78.81332637],[42.93126801,-78.81349426],[42.93126214,-78.81332637],[42.89979067,-78.82034675],[42.93126801,-78.81349426],[42.93126214,-78.81332637]],"friends":[1,2,3,4]}