{"messages":["Fuck this halftime show","Fuck this halftime show","Fuck this halftime show"],"messages_no":3,"bad_words":[],"bad_words_no":3,"weight":0,"location":[[41.43826276,-88.31881117],[41.43826276,-88.31881117],[41.43826276,-88.31881117]],"friends":[1,2,3,4]}