{"messages":["Can't interfere with my money","Y'all stay hullin people , Karma a mf \ud83d\ude02","@_ImJustMikeP yessbet , I know you going with Peyton lol","Can't interfere with my money","Y'all stay hullin people , Karma a mf \ud83d\ude02","@_ImJustMikeP yessbet , I know you going with Peyton lol","Can't interfere with my money","Y'all stay hullin people , Karma a mf \ud83d\ude02","@_ImJustMikeP yessbet , I know you going with Peyton lol"],"messages_no":9,"bad_words":[],"bad_words_no":0,"weight":0,"location":[[32.37778588,-94.87454741],[32.37851277,-94.87433276],[32.3781432,-94.87436122],[32.37778588,-94.87454741],[32.37851277,-94.87433276],[32.3781432,-94.87436122],[32.37778588,-94.87454741],[32.37851277,-94.87433276],[32.3781432,-94.87436122]],"friends":[1,2,3,4]}