{"messages":["F YOU SEATTLE UGHHJ","F YOU SEATTLE UGHHJ","F YOU SEATTLE UGHHJ"],"messages_no":3,"bad_words":[],"bad_words_no":0,"weight":0,"location":[[26.64875115,-82.03291784],[26.64875115,-82.03291784],[26.64875115,-82.03291784]],"friends":[1,2,3,4]}