{"messages":["Loki is on the prowl \ud83d\udc31","Loki is on the prowl \ud83d\udc31"],"messages_no":2,"bad_words":[],"bad_words_no":0,"weight":0,"location":[45.84205743,-122.38710352,45.84205743,-122.38710352]}