{"messages":["Go look at apartment \u2714\ufe0f","I would also love some boneless wings from wingstop","Go look at apartment \u2714\ufe0f","I would also love some boneless wings from wingstop","Go look at apartment \u2714\ufe0f","I would also love some boneless wings from wingstop"],"messages_no":6,"bad_words":[],"bad_words_no":0,"weight":0,"location":[[37.79088689,-122.19822667],[37.74508516,-122.15543428],[37.79088689,-122.19822667],[37.74508516,-122.15543428],[37.79088689,-122.19822667],[37.74508516,-122.15543428]],"friends":[1,2,3,4]}