{"messages":["New sneakers \ud83d\ude0d\ud83d\ude0d\ud83d\ude0d\ud83d\ude0d http:\/\/t.co\/6r89ippHyk","New sneakers \ud83d\ude0d\ud83d\ude0d\ud83d\ude0d\ud83d\ude0d http:\/\/t.co\/6r89ippHyk","New sneakers \ud83d\ude0d\ud83d\ude0d\ud83d\ude0d\ud83d\ude0d http:\/\/t.co\/6r89ippHyk"],"messages_no":3,"bad_words":[],"bad_words_no":0,"weight":0,"location":[39.53598677,-75.73192134,39.53598677,-75.73192134,39.53598677,-75.73192134]}