{"messages":["I missed something today! \ud83d\ude02","I missed something today! \ud83d\ude02","I missed something today! \ud83d\ude02"],"messages_no":3,"bad_words":[],"bad_words_no":0,"weight":0,"location":[[32.7751939,-89.1039988],[32.7751939,-89.1039988],[32.7751939,-89.1039988]],"friends":[1,2,3,4]}