{"messages":["#musicchoice dpk7","#musicchoice dpk7","#musicchoice dpk7"],"messages_no":3,"bad_words":[],"bad_words_no":0,"weight":0,"location":[[33.56651385,-85.84816022],[33.56651385,-85.84816022],[33.56651385,-85.84816022]],"friends":[1,2,3,4]}