{"messages":["@strawnarrys I LPVE TOU","WHAT ARE YOU GONNA DO BRONCOS TELL ME WHAT YOURE GONNA FUCKIN DO WHAT CAN YOU DO","@strawnarrys I LPVE TOU","WHAT ARE YOU GONNA DO BRONCOS TELL ME WHAT YOURE GONNA FUCKIN DO WHAT CAN YOU DO","family drama always keeps me on my toes","@strawnarrys I LPVE TOU","WHAT ARE YOU GONNA DO BRONCOS TELL ME WHAT YOURE GONNA FUCKIN DO WHAT CAN YOU DO"],"messages_no":7,"bad_words":[],"bad_words_no":0,"weight":0,"location":[[47.11181279,-122.26156376],[47.14682467,-122.33133665],[47.11181279,-122.26156376],[47.14682467,-122.33133665],[47.11178822,-122.26206341],[47.11181279,-122.26156376],[47.14682467,-122.33133665]],"friends":[1,2,3,4]}