{"messages":["@thatfye__ aye we need to talk text me 7046147846","@thatfye__ aye we need to talk text me 7046147846"],"messages_no":2,"bad_words":[],"bad_words_no":0,"weight":0,"location":[35.22132064,-80.8834288,35.22132064,-80.8834288]}