{"messages":["@MarkellClay follows me!!! \ud83d\ude01","@MarkellClay follows me!!! \ud83d\ude01","@MarkellClay follows me!!! \ud83d\ude01"],"messages_no":3,"bad_words":[],"bad_words_no":0,"weight":0,"location":[[33.96138813,-118.27614446],[33.96138813,-118.27614446],[33.96138813,-118.27614446]],"friends":[1,2,3,4]}