{"messages":["So I have to get dressed. About to go to dinner.","Always a wild card.","So I have to get dressed. About to go to dinner.","Always a wild card.","So I have to get dressed. About to go to dinner.","Always a wild card."],"messages_no":6,"bad_words":[],"bad_words_no":0,"weight":0,"location":[[41.00028933,-75.16475458],[41.00032351,-75.16479602],[41.00028933,-75.16475458],[41.00032351,-75.16479602],[41.00028933,-75.16475458],[41.00032351,-75.16479602]],"friends":[1,2,3,4]}