{"messages":["@StaIIard i know this feeling all too well","ITS GETTIN CLOSE","@StaIIard i know this feeling all too well"],"messages_no":3,"bad_words":[],"bad_words_no":0,"weight":0,"location":[47.20746904,-122.54382224,47.70900858,-122.28051526,47.20746904,-122.54382224]}