{"messages":["Screaming bc flappy bird bye","Screaming bc flappy bird bye","Screaming bc flappy bird bye","Screaming bc flappy bird bye"],"messages_no":4,"bad_words":[],"bad_words_no":0,"weight":0,"location":[34.41195766,-86.70537209,34.41195766,-86.70537209,34.41195766,-86.70537209,34.41195766,-86.70537209]}