{"messages":["Would give anything to be on the beach right now \ud83c\udfc4\u2600\ufe0f\ud83c\udf34\ud83d\udc2c\ud83d\udc59\ud83c\udf05\ud83d\udc63","Would give anything to be on the beach right now \ud83c\udfc4\u2600\ufe0f\ud83c\udf34\ud83d\udc2c\ud83d\udc59\ud83c\udf05\ud83d\udc63","Would give anything to be on the beach right now \ud83c\udfc4\u2600\ufe0f\ud83c\udf34\ud83d\udc2c\ud83d\udc59\ud83c\udf05\ud83d\udc63"],"messages_no":3,"bad_words":[],"bad_words_no":0,"weight":0,"location":[[40.42810299,-86.91172382],[40.42810299,-86.91172382],[40.42810299,-86.91172382]],"friends":[1,2,3,4]}