{"messages":["@Breezaayy11 lucky I love you!\ud83d\ude20","@Breezaayy11 lucky I love you!\ud83d\ude20","@Breezaayy11 lucky I love you!\ud83d\ude20"],"messages_no":3,"bad_words":[],"bad_words_no":0,"weight":0,"location":[[36.82177305,-119.87425944],[36.82177305,-119.87425944],[36.82177305,-119.87425944]],"friends":[1,2,3,4]}