{"messages":["My mama been missing me lowkey lol","I got a bill up already","My mama been missing me lowkey lol","I got a bill up already","My mama been missing me lowkey lol","I got a bill up already"],"messages_no":6,"bad_words":[],"bad_words_no":0,"weight":0,"location":[[29.86465231,-95.19019119],[29.65537133,-95.38775914],[29.86465231,-95.19019119],[29.65537133,-95.38775914],[29.86465231,-95.19019119],[29.65537133,-95.38775914]],"friends":[1,2,3,4]}