{"messages":["Conceal everything.","Conceal everything.","Conceal everything.","Conceal everything."],"messages_no":4,"bad_words":[],"bad_words_no":0,"weight":0,"location":[40.4277273,-86.9083857,40.4277273,-86.9083857,40.4277273,-86.9083857,40.4277273,-86.9083857]}