{"messages":["This is fixin to be a good weekend","This is fixin to be a good weekend","Heard about a rumor that involves me today...","@RidgleaHearne ridgleaaaaaaa","This is fixin to be a good weekend","Heard about a rumor that involves me today..."],"messages_no":6,"bad_words":[],"bad_words_no":0,"weight":0,"location":[[32.60630595,-97.1280557],[32.60630595,-97.1280557],[32.60637045,-97.12799876],[32.60634254,-97.12811454],[32.60630595,-97.1280557],[32.60637045,-97.12799876]],"friends":[1,2,3,4]}