{"messages":["Good morning","@Spiritsnare that account also trolls the weird twitter people","@Ayu tweet"],"messages_no":3,"bad_words":[],"bad_words_no":0,"weight":0,"location":[[32.88829169,-117.24201323],[32.87988211,-117.23599202],[32.88084217,-117.23732657]]}