{"messages":["Your fault","Your fault","Lame ass sub tweet","Your fault","Lame ass sub tweet"],"messages_no":5,"bad_words":[],"bad_words_no":0,"weight":0,"location":[[35.60252873,-95.8633618],[35.60252873,-95.8633618],[35.61709451,-95.95393637],[35.60252873,-95.8633618],[35.61709451,-95.95393637]],"friends":[1,2,3,4]}