{"messages":["it's so much easier to just not care","it's so much easier to just not care","and if the city never sleeps, that makes two","happy valentines day to me \ud83d\udc81 http:\/\/t.co\/eVLauLoQ8y","it's so much easier to just not care","and if the city never sleeps, that makes two"],"messages_no":6,"bad_words":[],"bad_words_no":0,"weight":0,"location":[[29.63868914,-82.39605126],[29.63868914,-82.39605126],[29.63865804,-82.39616252],[29.63866539,-82.39613039],[29.63868914,-82.39605126],[29.63865804,-82.39616252]],"friends":[1,2,3,4]}