{"messages":["Five guys was too clutch \ud83d\udc4c","#EsuranceSave30","Five guys was too clutch \ud83d\udc4c","#EsuranceSave30","Five guys was too clutch \ud83d\udc4c","#EsuranceSave30"],"messages_no":6,"bad_words":[],"bad_words_no":0,"weight":0,"location":[[40.83171497,-74.10752963],[40.83153919,-74.10752113],[40.83171497,-74.10752963],[40.83153919,-74.10752113],[40.83171497,-74.10752963],[40.83153919,-74.10752113]],"friends":[1,2,3,4]}