{"messages":["@TyB_23 lmaoooo true teammate \ue010\ue010\ue010","@TyB_23 lmaoooo true teammate \ue010\ue010\ue010"],"messages_no":2,"bad_words":[],"bad_words_no":0,"weight":0,"location":[40.3113909,-75.9219019,40.3113909,-75.9219019]}