{"messages":["Dom Kennedy \u2022 Watermelon Sundae ft J Skillz","Dom Kennedy \u2022 Watermelon Sundae ft J Skillz","Dom Kennedy \u2022 Watermelon Sundae ft J Skillz"],"messages_no":3,"bad_words":[],"bad_words_no":0,"weight":0,"location":[33.85376878,-118.26393571,33.85376878,-118.26393571,33.85376878,-118.26393571]}