{"messages":["Up From My Handsome Rest","Up From My Handsome Rest","Up From My Handsome Rest"],"messages_no":3,"bad_words":[],"bad_words_no":0,"weight":0,"location":[[40.61941995,-74.08183983],[40.61941995,-74.08183983],[40.61941995,-74.08183983]],"friends":[1,2,3,4]}