{"messages":["Worst Super Bowl","Worst Super Bowl","Worst Super Bowl"],"messages_no":3,"bad_words":[],"bad_words_no":0,"weight":0,"location":[[39.86642189,-75.09479213],[39.86642189,-75.09479213],[39.86642189,-75.09479213]],"friends":[1,2,3,4]}