{"messages":["@kayla_torres14 happy birthday! Come visit soon \ud83d\ude18","@kayla_torres14 happy birthday! Come visit soon \ud83d\ude18","@kayla_torres14 happy birthday! Come visit soon \ud83d\ude18"],"messages_no":3,"bad_words":[],"bad_words_no":0,"weight":0,"location":[40.00013335,-105.25329253,40.00013335,-105.25329253,40.00013335,-105.25329253]}