{"messages":["My broder http:\/\/t.co\/wGlTgoPHHb","My broder http:\/\/t.co\/wGlTgoPHHb","My broder http:\/\/t.co\/wGlTgoPHHb","My broder http:\/\/t.co\/wGlTgoPHHb"],"messages_no":4,"bad_words":[],"bad_words_no":0,"weight":0,"location":[42.79204083,-71.16420362,42.79204083,-71.16420362,42.79204083,-71.16420362,42.79204083,-71.16420362]}