{"messages":["Today&lt;&lt;","Today&lt;&lt;","Today&lt;&lt;"],"messages_no":3,"bad_words":[],"bad_words_no":0,"weight":0,"location":[[27.1560745,-80.2227646],[27.1560745,-80.2227646],[27.1560745,-80.2227646]],"friends":[1,2,3,4]}