{"messages":["I love that I can sleep in Fridays \ud83d\udc4c","I love that I can sleep in Fridays \ud83d\udc4c","I love that I can sleep in Fridays \ud83d\udc4c","I love that I can sleep in Fridays \ud83d\udc4c"],"messages_no":4,"bad_words":[],"bad_words_no":0,"weight":0,"location":[41.7729334,-71.41791795,41.7729334,-71.41791795,41.7729334,-71.41791795,41.7729334,-71.41791795]}