{"messages":["@jxyare oh come on..!","@jxyare oh come on..!","@jxyare oh come on..!"],"messages_no":3,"bad_words":[],"bad_words_no":0,"weight":0,"location":[[39.32916393,-76.63241696],[39.32916393,-76.63241696],[39.32916393,-76.63241696]],"friends":[1,2,3,4]}