{"messages":["Awesome job @BrunoMars","Awesome job @BrunoMars","Awesome job @BrunoMars"],"messages_no":3,"bad_words":[],"bad_words_no":0,"weight":0,"location":[[41.14700922,-87.86875268],[41.14700922,-87.86875268],[41.14700922,-87.86875268]],"friends":[1,2,3,4]}