{"messages":["Is That Bad Or Nahh ?","Is That Bad Or Nahh ?","But With That Bein ' Said , I'm Goin ' Taa Sleep Now \ud83d\ude12\ud83d\ude24\ud83d\ude20\ud83d\ude21","Is That Bad Or Nahh ?","But With That Bein ' Said , I'm Goin ' Taa Sleep Now \ud83d\ude12\ud83d\ude24\ud83d\ude20\ud83d\ude21"],"messages_no":5,"bad_words":[],"bad_words_no":0,"weight":0,"location":[[30.6623458,-88.15706994],[30.6623458,-88.15706994],[30.66224115,-88.15697925],[30.6623458,-88.15706994],[30.66224115,-88.15697925]],"friends":[1,2,3,4]}