{"messages":["Did the Lions win","Did the Lions win","Did the Lions win"],"messages_no":3,"bad_words":[],"bad_words_no":0,"weight":0,"location":[[42.26613211,-83.78939254],[42.26613211,-83.78939254],[42.26613211,-83.78939254]],"friends":[1,2,3,4]}