{"messages":["I like to take tha time","I like to take tha time","Crazy","I like to take tha time","I like to take tha time","Crazy","Crazy"],"messages_no":7,"bad_words":[],"bad_words_no":0,"weight":0,"location":[34.67624289,-87.40210602,34.67624289,-87.40210602,34.6763669,-87.40198752,34.67624289,-87.40210602,34.67624289,-87.40210602,34.6763669,-87.40198752,34.6763669,-87.40198752]}