{"messages":["I like to take tha time","Crazy"],"messages_no":2,"bad_words":[],"bad_words_no":0,"weight":0,"location":[[34.67624289,-87.40210602],[34.6763669,-87.40198752]]}