{"messages":["STUPID CALLS I SWEAR!","STUPID CALLS I SWEAR!","STUPID CALLS I SWEAR!"],"messages_no":3,"bad_words":[],"bad_words_no":0,"weight":0,"location":[29.56077249,-95.55993682,29.56077249,-95.55993682,29.56077249,-95.55993682]}