{"messages":["Omg imagine my 11:11 wish came true","Omg imagine my 11:11 wish came true"],"messages_no":2,"bad_words":[],"bad_words_no":0,"weight":0,"location":[40.76207145,-72.95533293,40.76207145,-72.95533293]}