{"messages":["For real, for real.","For real, for real.","For real, for real."],"messages_no":3,"bad_words":[],"bad_words_no":0,"weight":0,"location":[[32.6539437,-97.1983359],[32.6539437,-97.1983359],[32.6539437,-97.1983359]],"friends":[1,2,3,4]}