{"messages":["@cheyannecash1 \ud83d\ude1e I know. I'm stuck in my house.","@cheyannecash1 \ud83d\ude1e I know. I'm stuck in my house.","@cheyannecash1 come see me niggah","@cheyannecash1 \ud83d\ude1e I know. I'm stuck in my house.","@cheyannecash1 come see me niggah"],"messages_no":5,"bad_words":[],"bad_words_no":2,"weight":0,"location":[[36.77640648,-90.41866176],[36.77640648,-90.41866176],[36.77673,-90.41880414],[36.77640648,-90.41866176],[36.77673,-90.41880414]],"friends":[1,2,3,4]}