{"messages":["Going to Golden Corral","Going to Golden Corral","This weather .-.","Going to Golden Corral"],"messages_no":4,"bad_words":[],"bad_words_no":0,"weight":0,"location":[[39.15769882,-77.2629415],[39.15769882,-77.2629415],[39.1577989,-77.26296262],[39.15769882,-77.2629415]],"friends":[1,2,3,4]}