{"messages":["That hit&gt;","I'm done. \u270c","That hit&gt;","I'm done. \u270c","That hit&gt;","I'm done. \u270c"],"messages_no":6,"bad_words":[],"bad_words_no":0,"weight":0,"location":[[35.5432077,-82.5157296],[35.5431739,-82.5157362],[35.5432077,-82.5157296],[35.5431739,-82.5157362],[35.5432077,-82.5157296],[35.5431739,-82.5157362]],"friends":[1,2,3,4]}