{"messages":["Footwork!","Footwork!","Footwork!"],"messages_no":3,"bad_words":[],"bad_words_no":0,"weight":0,"location":[[29.44257059,-98.4942797],[29.44257059,-98.4942797],[29.44257059,-98.4942797]],"friends":[1,2,3,4]}