{"messages":["Bid day.","Bid day."],"messages_no":2,"bad_words":[],"bad_words_no":0,"weight":0,"location":[29.57329987,-97.98364928,29.57329987,-97.98364928]}