{"messages":["I want to be an art mjr.","I want to be an art mjr.","I want to be an art mjr.","I want to be an art mjr."],"messages_no":4,"bad_words":[],"bad_words_no":0,"weight":0,"location":[36.8002946,-119.7488281,36.8002946,-119.7488281,36.8002946,-119.7488281,36.8002946,-119.7488281]}