{"messages":["@Fran_Harvey04 you'll be fine. Everything will fall into place.","IM GONNA CRY","@Fran_Harvey04 you'll be fine. Everything will fall into place.","IM GONNA CRY","@Fran_Harvey04 you'll be fine. Everything will fall into place.","IM GONNA CRY"],"messages_no":6,"bad_words":[],"bad_words_no":0,"weight":0,"location":[[43.00304183,-78.87927367],[43.00300679,-78.87881379],[43.00304183,-78.87927367],[43.00300679,-78.87881379],[43.00304183,-78.87927367],[43.00300679,-78.87881379]],"friends":[1,2,3,4]}