{"messages":["Probably gonna be really tardy today! \ud83d\ude12","Haven't been to class all day! \ud83d\udc4c\ud83d\ude0f","@JeliccaLovee @_minee_boo Lol fuck you. Where are you Jel?","Watermelon rum rillos. \ud83d\ude0b They ain't even out yet. \ud83d\udc4f","@justinbieber F A G \ud83d\ude02\ud83d\udc4f","Probably gonna be really tardy today! \ud83d\ude12","Haven't been to class all day! \ud83d\udc4c\ud83d\ude0f","@JeliccaLovee @_minee_boo Lol fuck you. Where are you Jel?","Watermelon rum rillos. \ud83d\ude0b They ain't even out yet. \ud83d\udc4f","@justinbieber F A G \ud83d\ude02\ud83d\udc4f","\"@vcastill399: I dislike ice cream\" Kill yourselfer. \ud83d\ude30","I smoke a lot of weed to keep these niggas off my mind. \ud83c\udfb6","Even tho there's another man in my life you will always be my boo. \u2764","Probably gonna be really tardy today! \ud83d\ude12","Haven't been to class all day! \ud83d\udc4c\ud83d\ude0f","@JeliccaLovee @_minee_boo Lol fuck you. Where are you Jel?","Watermelon rum rillos. \ud83d\ude0b They ain't even out yet. \ud83d\udc4f","@justinbieber F A G \ud83d\ude02\ud83d\udc4f","\"@vcastill399: I dislike ice cream\" Kill yourselfer. \ud83d\ude30","I smoke a lot of weed to keep these niggas off my mind. \ud83c\udfb6","Even tho there's another man in my life you will always be my boo. \u2764"],"messages_no":21,"bad_words":[],"bad_words_no":5,"weight":0,"location":[[27.95618127,-97.14742239],[27.91565197,-97.17079129],[27.91561384,-97.1707655],[27.90639,-97.15846],[27.95627,-97.14082],[27.95618127,-97.14742239],[27.91565197,-97.17079129],[27.91561384,-97.1707655],[27.90639,-97.15846],[27.95627,-97.14082],[27.91572904,-97.17040144],[27.91572927,-97.17065226],[27.91574302,-97.17061301],[27.95618127,-97.14742239],[27.91565197,-97.17079129],[27.91561384,-97.1707655],[27.90639,-97.15846],[27.95627,-97.14082],[27.91572904,-97.17040144],[27.91572927,-97.17065226],[27.91574302,-97.17061301]],"friends":[1,2,3,4]}