{"messages":["@Prime_TimeCray soooooo whackedddd I had to call Earl \ud83d\ude02\ud83d\ude02","@DiceGame_Steve lol fuck youu nooooo I don't","@Prime_TimeCray soooooo whackedddd I had to call Earl \ud83d\ude02\ud83d\ude02","@DiceGame_Steve lol fuck youu nooooo I don't","Hopefully I go home next weekend","@Prime_TimeCray soooooo whackedddd I had to call Earl \ud83d\ude02\ud83d\ude02","@DiceGame_Steve lol fuck youu nooooo I don't","Hopefully I go home next weekend"],"messages_no":8,"bad_words":[],"bad_words_no":3,"weight":0,"location":[[37.02529865,-76.33587283],[37.0215323,-76.3697001],[37.02529865,-76.33587283],[37.0215323,-76.3697001],[37.02242082,-76.33190816],[37.02529865,-76.33587283],[37.0215323,-76.3697001],[37.02242082,-76.33190816]],"friends":[1,2,3,4]}