{"messages":["I drank so much cranberry juice these last few days I'm surprised my pee isn't purple","I drank so much cranberry juice these last few days I'm surprised my pee isn't purple","@doodle_mack heck yeah coach steve","@foggy4545 \ud83d\ude1b dank youu\ud83d\ude0a\ud83d\udc23","I drank so much cranberry juice these last few days I'm surprised my pee isn't purple","@doodle_mack heck yeah coach steve","@foggy4545 \ud83d\ude1b dank youu\ud83d\ude0a\ud83d\udc23"],"messages_no":7,"bad_words":[],"bad_words_no":0,"weight":0,"location":[[27.65686772,-80.36527893],[27.65686772,-80.36527893],[27.65705726,-80.36543418],[27.6569457,-80.36544641],[27.65686772,-80.36527893],[27.65705726,-80.36543418],[27.6569457,-80.36544641]],"friends":[1,2,3,4]}