{"messages":["Real lovaaaaaa","Real lovaaaaaa","Real lovaaaaaa"],"messages_no":3,"bad_words":[],"bad_words_no":0,"weight":0,"location":[[32.93291557,-97.25407418],[32.93291557,-97.25407418],[32.93291557,-97.25407418]],"friends":[1,2,3,4]}