{"messages":["SUSPICIOUS SUBJ, VEH, OR CIRCUMSTANCE at 29500 BLOCK OF SE CHASE RD, MULTNOMAH COUNTY, OR [Multnomah County Sheriff #PM14000004131] 11:56","CIVIL - EVICTION at 12500 BLOCK OF SE FOSTER RD, PORTLAND, OR [Multnomah County Sheriff #PM14000004142] 12:55 #pdx911","CIVIL - SERVE PAPERS at 1900 BLOCK OF NE BELL DR, PORTLAND, OR [Multnomah County Sheriff #PM14000004164] 15:25 #pdx911","PERSON CONTACT (86) at NE 238TH DR \/ I84 FWY, WOOD VILLAGE, OR [Multnomah County Sheriff #PM14000004175] 16:48 #pdx911","ACCIDENT - NON INJURY at 900 BLOCK OF SW 27TH CIR, TROUTDALE, OR [Troutdale Police #PT14000000934] 09:56 #pdx911","TRAFFIC STOP at EB I84 FWY AT \/ NE 201ST AVE, GRESHAM, OR [Gresham Police #PG14000006155] 11:31 #pdx911","THEFT - COLD at 400 BLOCK OF NW PHOENIX DR, TROUTDALE, OR [Troutdale Police #PT14000000951] 00:37 #pdx911","THEFT - COLD at 9800 BLOCK OF NW KAISER RD, MULTNOMAH COUNTY, OR [Multnomah County Sheriff #PM14000004335] 15:04 #pdx911"],"messages_no":8,"bad_words":[],"bad_words_no":0,"weight":0,"location":[[45.481257,-122.358409],[45.476655,-122.534235],[45.536523,-122.559632],[45.539791,-122.418307],[45.522362,-122.39715],[45.539688,-122.456629],[45.543274,-122.393918],[45.593931,-122.855474]]}