{"messages":["@mr_ambition03 idc ask me questions im a puerto rican","@I_be_slackin @Perkyhontas exactly i h8 society","@Deemi____ im not goin","\u201c@SlimiHendrix: That ketchup bottle is bothering me. RT @DailyRapFacts: Kanye and @ChiefKeef working on Bang 3 http:\/\/t.co\/3Mue71t3ZY\u201dYES","@mr_ambition03 idc ask me questions im a puerto rican","@I_be_slackin @Perkyhontas exactly i h8 society","@Deemi____ im not goin","\u201c@SlimiHendrix: That ketchup bottle is bothering me. RT @DailyRapFacts: Kanye and @ChiefKeef working on Bang 3 http:\/\/t.co\/3Mue71t3ZY\u201dYES","\u201c@StaaayPrettty: @KylaRican omg ok Kyla ok: I've learned damn\u201d good.","Yall thirsty as fuck.","@mr_ambition03 idc ask me questions im a puerto rican","@I_be_slackin @Perkyhontas exactly i h8 society","@Deemi____ im not goin","\u201c@SlimiHendrix: That ketchup bottle is bothering me. RT @DailyRapFacts: Kanye and @ChiefKeef working on Bang 3 http:\/\/t.co\/3Mue71t3ZY\u201dYES","\u201c@StaaayPrettty: @KylaRican omg ok Kyla ok: I've learned damn\u201d good.","Yall thirsty as fuck."],"messages_no":16,"bad_words":[],"bad_words_no":4,"weight":0,"location":[[38.57622005,-89.97276795],[38.57629676,-89.97214697],[38.52338741,-89.93836409],[38.50023022,-89.9513664],[38.57622005,-89.97276795],[38.57629676,-89.97214697],[38.52338741,-89.93836409],[38.50023022,-89.9513664],[38.57675085,-89.97280585],[38.57626213,-89.97277566],[38.57622005,-89.97276795],[38.57629676,-89.97214697],[38.52338741,-89.93836409],[38.50023022,-89.9513664],[38.57675085,-89.97280585],[38.57626213,-89.97277566]],"friends":[1,2,3,4]}