{"messages":["Hoping I'll see the Pepsi commercial omg","@TwerkForRoyce my name omfg bye #no","Hoping I'll see the Pepsi commercial omg","@TwerkForRoyce my name omfg bye #no","#TeRobareMusicVideo \ud83d\udc95\ud83d\ude2d","Oh Royce please make this as your avi! @PrinceRoyce http:\/\/t.co\/YnvqtdvWIB","Hoping I'll see the Pepsi commercial omg","@TwerkForRoyce my name omfg bye #no","#TeRobareMusicVideo \ud83d\udc95\ud83d\ude2d","Oh Royce please make this as your avi! @PrinceRoyce http:\/\/t.co\/YnvqtdvWIB"],"messages_no":10,"bad_words":[],"bad_words_no":0,"weight":0,"location":[[36.14782661,-86.69388939],[36.14774255,-86.69397664],[36.14782661,-86.69388939],[36.14774255,-86.69397664],[36.14797679,-86.69393637],[36.14787416,-86.69395933],[36.14782661,-86.69388939],[36.14774255,-86.69397664],[36.14797679,-86.69393637],[36.14787416,-86.69395933]],"friends":[1,2,3,4]}