{"messages":["I'm so tired \ud83d\ude34","I'm so tired \ud83d\ude34","I'm so tired \ud83d\ude34"],"messages_no":3,"bad_words":[],"bad_words_no":0,"weight":0,"location":[36.18717904,-83.89244185,36.18717904,-83.89244185,36.18717904,-83.89244185]}