{"messages":["I just don't know","I just don't know","I just don't know"],"messages_no":3,"bad_words":[],"bad_words_no":0,"weight":0,"location":[[36.14920475,-79.78882227],[36.14920475,-79.78882227],[36.14920475,-79.78882227]],"friends":[1,2,3,4]}