{"messages":["All them bullsh*t ass game you playing","I bet Ashlee is mad af \ud83d\ude02 @Ashlee_LaRae","All them bullsh*t ass game you playing","I bet Ashlee is mad af \ud83d\ude02 @Ashlee_LaRae","I can feel it coming in the air tonight! Hold on.","All them bullsh*t ass game you playing","I bet Ashlee is mad af \ud83d\ude02 @Ashlee_LaRae"],"messages_no":7,"bad_words":[],"bad_words_no":0,"weight":0,"location":[[32.98820637,-94.62062906],[32.53371017,-94.91874703],[32.98820637,-94.62062906],[32.53371017,-94.91874703],[32.53360786,-94.91883245],[32.98820637,-94.62062906],[32.53371017,-94.91874703]],"friends":[1,2,3,4]}