{"messages":["I want a chalk wall in my room \ud83d\ude10","Celina i am going to kill you \ud83d\ude12","Da boo gets out in an hour \\^o^\/","I want a chalk wall in my room \ud83d\ude10","Celina i am going to kill you \ud83d\ude12","Celina i am going to kill you \ud83d\ude12"],"messages_no":6,"bad_words":[],"bad_words_no":0,"weight":0,"location":[32.802948,-97.3425919,32.802901,-97.342726,32.8028959,-97.3427109,32.802948,-97.3425919,32.802901,-97.342726,32.802901,-97.342726]}