{"messages":["And the bronco fans are back on twitter\ud83d\ude02\ud83d\ude2d\ud83d\ude05","And the bronco fans are back on twitter\ud83d\ude02\ud83d\ude2d\ud83d\ude05","And the bronco fans are back on twitter\ud83d\ude02\ud83d\ude2d\ud83d\ude05"],"messages_no":3,"bad_words":[],"bad_words_no":0,"weight":0,"location":[[35.12219829,-101.76866596],[35.12219829,-101.76866596],[35.12219829,-101.76866596]],"friends":[1,2,3,4]}