{"messages":["I want a chalk wall in my room \ud83d\ude10","Celina i am going to kill you \ud83d\ude12","Da boo gets out in an hour \\^o^\/","I want a chalk wall in my room \ud83d\ude10","Celina i am going to kill you \ud83d\ude12","Da boo gets out in an hour \\^o^\/","When you really care about someone, their happiness matters more than yours.","I want a chalk wall in my room \ud83d\ude10","Celina i am going to kill you \ud83d\ude12","Da boo gets out in an hour \\^o^\/"],"messages_no":10,"bad_words":[],"bad_words_no":0,"weight":0,"location":[[32.802948,-97.3425919],[32.802901,-97.342726],[32.8028959,-97.3427109],[32.802948,-97.3425919],[32.802901,-97.342726],[32.8028959,-97.3427109],[32.8029073,-97.3425847],[32.802948,-97.3425919],[32.802901,-97.342726],[32.8028959,-97.3427109]],"friends":[1,2,3,4]}