{"messages":["Sleepy And I Feel Lik Pooo ):","Can I ReFill ??\n#InNeed","Sleepy And I Feel Lik Pooo ):","Sleepy And I Feel Lik Pooo ):","Can I ReFill ??\n#InNeed"],"messages_no":5,"bad_words":[],"bad_words_no":0,"weight":0,"location":[35.017506,-85.7143929,35.0173962,-85.7144049,35.017506,-85.7143929,35.017506,-85.7143929,35.0173962,-85.7144049]}