{"messages":["Why is my mom forcing me to go to New York.?\ud83d\ude1f\ud83d\ude12I wanna stay home \ud83d\udc81\ud83d\ude08 and relax\ud83d\udc86\ud83d\ude0c","Why is my mom forcing me to go to New York.?\ud83d\ude1f\ud83d\ude12I wanna stay home \ud83d\udc81\ud83d\ude08 and relax\ud83d\udc86\ud83d\ude0c","\"@Yung_Swag300: Ima smack the dog shit out of this feen \ud83d\ude02\" what in the \ud83c\udf0f\ud83d\ude02\ud83d\ude02\ud83d\ude02\ud83d\ude02","\"@IBIRAH_: @Ninja_GG I would miss you too\"\ud83d\ude02\ud83d\ude18\ud83d\ude18\ud83d\ude18","\"@A1Queenn__: @Ninja_GG Idgaf .\" Of course you dknt smh \ud83d\ude27\ud83d\ude27\ud83d\ude33\ud83d\ude34\ud83d\ude02","Why is my mom forcing me to go to New York.?\ud83d\ude1f\ud83d\ude12I wanna stay home \ud83d\udc81\ud83d\ude08 and relax\ud83d\udc86\ud83d\ude0c","\"@Yung_Swag300: Ima smack the dog shit out of this feen \ud83d\ude02\" what in the \ud83c\udf0f\ud83d\ude02\ud83d\ude02\ud83d\ude02\ud83d\ude02","\"@IBIRAH_: @Ninja_GG I would miss you too\"\ud83d\ude02\ud83d\ude18\ud83d\ude18\ud83d\ude18","\"@A1Queenn__: @Ninja_GG Idgaf .\" Of course you dknt smh \ud83d\ude27\ud83d\ude27\ud83d\ude33\ud83d\ude34\ud83d\ude02"],"messages_no":9,"bad_words":[],"bad_words_no":2,"weight":0,"location":[[39.590097,-74.726461],[39.590097,-74.726461],[39.5521748,-74.6285824],[39.5517765,-74.6272255],[39.5900299,-74.7263888],[39.590097,-74.726461],[39.5521748,-74.6285824],[39.5517765,-74.6272255],[39.5900299,-74.7263888]],"friends":[1,2,3,4]}