{"messages":["Fuck a hater","Fuck a hater","Fuck a hater"],"messages_no":3,"bad_words":[],"bad_words_no":3,"weight":0,"location":[[41.5465504,-87.1876022],[41.5465504,-87.1876022],[41.5465504,-87.1876022]],"friends":[1,2,3,4]}