{"messages":["@ItsOnlyPj you don't go to state ?","@ItsOnlyPj you don't go to state ?","@ItsOnlyPj you don't go to state ?","@ItsOnlyPj you don't go to state ?"],"messages_no":4,"bad_words":[],"bad_words_no":0,"weight":0,"location":[43.68033892,-85.4827462,43.68033892,-85.4827462,43.68033892,-85.4827462,43.68033892,-85.4827462]}