{"messages":["Gotta balance out the lows","Alll they do is hit stick","Gotta balance out the lows","Alll they do is hit stick","Gotta balance out the lows","Alll they do is hit stick"],"messages_no":6,"bad_words":[],"bad_words_no":0,"weight":0,"location":[[38.67060208,-121.77866137],[38.65331596,-121.73540535],[38.67060208,-121.77866137],[38.65331596,-121.73540535],[38.67060208,-121.77866137],[38.65331596,-121.73540535]],"friends":[1,2,3,4]}