{"messages":["Wake up","This is getting me mad @ 5:47 am. Wtf","Wake up","This is getting me mad @ 5:47 am. Wtf","This is getting me mad @ 5:47 am. Wtf"],"messages_no":5,"bad_words":[],"bad_words_no":0,"weight":0,"location":[33.9297383,-118.0783254,33.9297396,-118.0783462,33.9297383,-118.0783254,33.9297396,-118.0783462,33.9297396,-118.0783462]}