{"messages":["#TEAMNOTITS @SHAYRAmeow_","#TEAMNOTITS @SHAYRAmeow_","My parents are drunk texting and calling me. #DayInTheLife","#TEAMNOTITS @SHAYRAmeow_","My parents are drunk texting and calling me. #DayInTheLife"],"messages_no":5,"bad_words":[],"bad_words_no":0,"weight":0,"location":[[42.80232212,-77.81993771],[42.80232212,-77.81993771],[42.80330961,-77.81844159],[42.80232212,-77.81993771],[42.80330961,-77.81844159]],"friends":[1,2,3,4]}