{"messages":["OH MY LORD THAT DUNK!?\ud83d\ude31","Well that was an interesting half lol","OH MY LORD THAT DUNK!?\ud83d\ude31","Well that was an interesting half lol","@Corey_Wade05 @Micayla_Bounds Corey look at you!? What you talking about? Lol","Can't wait for tomorrow","OH MY LORD THAT DUNK!?\ud83d\ude31","Well that was an interesting half lol","@Corey_Wade05 @Micayla_Bounds Corey look at you!? What you talking about? Lol"],"messages_no":9,"bad_words":[],"bad_words_no":0,"weight":0,"location":[[35.47890473,-84.60389545],[35.47880175,-84.60390554],[35.47890473,-84.60389545],[35.47880175,-84.60390554],[35.47876893,-84.60388122],[35.44284269,-84.63064243],[35.47890473,-84.60389545],[35.47880175,-84.60390554],[35.47876893,-84.60388122]],"friends":[1,2,3,4]}