{"messages":["OH MY LORD THAT DUNK!?\ud83d\ude31","Well that was an interesting half lol","OH MY LORD THAT DUNK!?\ud83d\ude31"],"messages_no":3,"bad_words":[],"bad_words_no":0,"weight":0,"location":[35.47890473,-84.60389545,35.47880175,-84.60390554,35.47890473,-84.60389545]}