{"messages":["I Cant stand living with my parents","Cleveland is my citay\ud83c\udfb6\ud83c\udfa7","I Cant stand living with my parents","Cleveland is my citay\ud83c\udfb6\ud83c\udfa7","Cleveland is my citay\ud83c\udfb6\ud83c\udfa7"],"messages_no":5,"bad_words":[],"bad_words_no":0,"weight":0,"location":[42.69907043,-71.18104027,42.72411602,-71.15244507,42.69907043,-71.18104027,42.72411602,-71.15244507,42.72411602,-71.15244507]}