{"messages":["Man javon needs to answer lol","Man javon needs to answer lol","Man javon needs to answer lol"],"messages_no":3,"bad_words":[],"bad_words_no":0,"weight":0,"location":[[33.94748541,-117.28999889],[33.94748541,-117.28999889],[33.94748541,-117.28999889]],"friends":[1,2,3,4]}