{"messages":["Fuck, shakira can get it \ud83d\ude0d\ud83d\udc45\ud83d\udca6","Fuck, shakira can get it \ud83d\ude0d\ud83d\udc45\ud83d\udca6"],"messages_no":2,"bad_words":[],"bad_words_no":2,"weight":0,"location":[33.70971502,-117.90476298,33.70971502,-117.90476298]}