{"messages":["Why aren't my DMs working \ud83d\ude12\ud83d\ude12","@BieberAchieve I would if I had money on my account \ud83d\ude2d","@LittleMixOffic are you coming to Utah \ud83d\ude2d\ud83d\ude4f\ud83d\ude4f","Why aren't my DMs working \ud83d\ude12\ud83d\ude12","@BieberAchieve I would if I had money on my account \ud83d\ude2d","@LittleMixOffic are you coming to Utah \ud83d\ude2d\ud83d\ude4f\ud83d\ude4f","Why aren't my DMs working \ud83d\ude12\ud83d\ude12","@BieberAchieve I would if I had money on my account \ud83d\ude2d","@LittleMixOffic are you coming to Utah \ud83d\ude2d\ud83d\ude4f\ud83d\ude4f"],"messages_no":9,"bad_words":[],"bad_words_no":0,"weight":0,"location":[[41.03125927,-111.9354303],[41.03129321,-111.93543353],[41.03111798,-111.93528356],[41.03125927,-111.9354303],[41.03129321,-111.93543353],[41.03111798,-111.93528356],[41.03125927,-111.9354303],[41.03129321,-111.93543353],[41.03111798,-111.93528356]],"friends":[1,2,3,4]}