{"messages":["Let's get sexual \ud83c\udf3b","Let's get sexual \ud83c\udf3b","Let's get sexual \ud83c\udf3b","Let's get sexual \ud83c\udf3b"],"messages_no":4,"bad_words":[],"bad_words_no":0,"weight":0,"location":[42.32524785,-83.36907882,42.32524785,-83.36907882,42.32524785,-83.36907882,42.32524785,-83.36907882]}