{"messages":["Snapchat me if you're cool \ud83d\ude09\nBrandi_keller","@apierce710 ok leave me alone.. It was a mistake bye","Snapchat me if you're cool \ud83d\ude09\nBrandi_keller","@apierce710 ok leave me alone.. It was a mistake bye","\u201c@imelox3: So excited to compete this weekend\u201d good luck! \u2764\ufe0f","Ae needs a Junior 5 omg \ud83d\ude0d","Snapchat me if you're cool \ud83d\ude09\nBrandi_keller","@apierce710 ok leave me alone.. It was a mistake bye","\u201c@imelox3: So excited to compete this weekend\u201d good luck! \u2764\ufe0f","Ae needs a Junior 5 omg \ud83d\ude0d"],"messages_no":10,"bad_words":[],"bad_words_no":0,"weight":0,"location":[[41.03551745,-81.6435632],[41.16267571,-81.40961127],[41.03551745,-81.6435632],[41.16267571,-81.40961127],[41.14659686,-81.42513049],[41.146251,-81.42617958],[41.03551745,-81.6435632],[41.16267571,-81.40961127],[41.14659686,-81.42513049],[41.146251,-81.42617958]],"friends":[1,2,3,4]}