{"messages":["The side of my tongue hurts","Safety :) ohhhhhh yeaa","The side of my tongue hurts","Safety :) ohhhhhh yeaa","The side of my tongue hurts","Safety :) ohhhhhh yeaa"],"messages_no":6,"bad_words":[],"bad_words_no":0,"weight":0,"location":[[34.1980037,-118.3335379],[34.197023,-118.3336037],[34.1980037,-118.3335379],[34.197023,-118.3336037],[34.1980037,-118.3335379],[34.197023,-118.3336037]],"friends":[1,2,3,4]}