{"messages":["@jennyyaaabishhh Yosie still goes to hmsa?","@jennyyaaabishhh Yosie still goes to hmsa?","@dummyfuck_ Friday","@likeaboss669 \ud83d\ude2d\ud83d\ude2d\ud83d\ude2d. This can't be happening \ud83d\ude29. I need my haircut pariente.","@jennyyaaabishhh Yosie still goes to hmsa?","@dummyfuck_ Friday"],"messages_no":6,"bad_words":[],"bad_words_no":2,"weight":0,"location":[[33.90256371,-118.35114157],[33.90256371,-118.35114157],[33.89521485,-118.35045182],[33.90263788,-118.35108075],[33.90256371,-118.35114157],[33.89521485,-118.35045182]],"friends":[1,2,3,4]}