{"messages":["Tired!!!","Tired!!!","Tired!!!"],"messages_no":3,"bad_words":[],"bad_words_no":0,"weight":0,"location":[[30.464687,-87.2784136],[30.464687,-87.2784136],[30.464687,-87.2784136]],"friends":[1,2,3,4]}