{"messages":["beyond annoyed","beyond annoyed","beyond annoyed"],"messages_no":3,"bad_words":[],"bad_words_no":0,"weight":0,"location":[[42.76908752,-78.85576589],[42.76908752,-78.85576589],[42.76908752,-78.85576589]],"friends":[1,2,3,4]}