{"messages":["At this rate..... #GoodLawd","At this rate..... #GoodLawd","At this rate..... #GoodLawd"],"messages_no":3,"bad_words":[],"bad_words_no":0,"weight":0,"location":[[43.07319931,-87.88295613],[43.07319931,-87.88295613],[43.07319931,-87.88295613]],"friends":[1,2,3,4]}