{"messages":["Let go of my ego","Let go of my ego"],"messages_no":2,"bad_words":[],"bad_words_no":0,"weight":0,"location":[33.67333538,-84.45279982,33.67333538,-84.45279982]}