{"messages":["Let's go broncos","Let's go broncos","Let's go broncos"],"messages_no":3,"bad_words":[],"bad_words_no":0,"weight":0,"location":[[30.03871125,-81.39609855],[30.03871125,-81.39609855],[30.03871125,-81.39609855]],"friends":[1,2,3,4]}