{"messages":["Goodnight to my niggas","Goodnight to my niggas","Goodnight to my niggas"],"messages_no":3,"bad_words":[],"bad_words_no":3,"weight":0,"location":[[40.61239329,-122.38457104],[40.61239329,-122.38457104],[40.61239329,-122.38457104]],"friends":[1,2,3,4]}