{"messages":["Ya bull you lick that nostril","#EsuranceSave30 hookers","Ya bull you lick that nostril","#EsuranceSave30 hookers","Ya bull you lick that nostril","#EsuranceSave30 hookers"],"messages_no":6,"bad_words":[],"bad_words_no":0,"weight":0,"location":[[43.27698069,-75.92517108],[43.27697937,-75.925172],[43.27698069,-75.92517108],[43.27697937,-75.925172],[43.27698069,-75.92517108],[43.27697937,-75.925172]],"friends":[1,2,3,4]}