{"messages":["Thats 1","Thats 1","Thats 1"],"messages_no":3,"bad_words":[],"bad_words_no":0,"weight":0,"location":[[42.6463282,-82.811063],[42.6463282,-82.811063],[42.6463282,-82.811063]],"friends":[1,2,3,4]}