{"messages":["#SB48","#SB48"],"messages_no":2,"bad_words":[],"bad_words_no":0,"weight":0,"location":[38.8508614,-76.8884232,38.8508614,-76.8884232]}