{"messages":["@kzaf23 love you bb \ud83d\ude09\u263a\ufe0f","@kindraaa_lyn what time do they play??","@kzaf23 love you bb \ud83d\ude09\u263a\ufe0f","@kindraaa_lyn what time do they play??"],"messages_no":4,"bad_words":[],"bad_words_no":0,"weight":0,"location":[37.8064432,-81.20314736,37.80644982,-81.2031832,37.8064432,-81.20314736,37.80644982,-81.2031832]}