{"messages":["Lady On The Bus Annoying.","Quote This With Your Zodic Sign \u2649\ufe0f","Lady On The Bus Annoying.","Quote This With Your Zodic Sign \u2649\ufe0f","Lady On The Bus Annoying.","Quote This With Your Zodic Sign \u2649\ufe0f"],"messages_no":6,"bad_words":[],"bad_words_no":0,"weight":0,"location":[[42.72884228,-73.84547755],[42.79320771,-73.93360547],[42.72884228,-73.84547755],[42.79320771,-73.93360547],[42.72884228,-73.84547755],[42.79320771,-73.93360547]],"friends":[1,2,3,4]}