{"messages":["Living the grounded life \ud83d\ude0f","Wasn't expecting you to anyways","Living the grounded life \ud83d\ude0f","Wasn't expecting you to anyways","Fuck this house when I graduate I will NEVER come back to see you","Living the grounded life \ud83d\ude0f","Wasn't expecting you to anyways","Fuck this house when I graduate I will NEVER come back to see you"],"messages_no":8,"bad_words":[],"bad_words_no":2,"weight":0,"location":[[30.53173701,-97.85110038],[30.53186735,-97.85114941],[30.53173701,-97.85110038],[30.53186735,-97.85114941],[30.53171975,-97.85129484],[30.53173701,-97.85110038],[30.53186735,-97.85114941],[30.53171975,-97.85129484]],"friends":[1,2,3,4]}