{"messages":["@jfirestein79 lmao add me on Xbox","@Vslightning I play with my hotspot so good lol I usually hate 20 upload","@oCrimson @Vslightning I always do in that piece of shit","@jfirestein79 lmao add me on Xbox","@jfirestein79 lmao add me on Xbox","@Vslightning I play with my hotspot so good lol I usually hate 20 upload","@oCrimson @Vslightning I always do in that piece of shit"],"messages_no":7,"bad_words":[],"bad_words_no":2,"weight":0,"location":[34.14317814,-117.34027321,34.14306851,-117.33994332,34.14303523,-117.33999982,34.14317814,-117.34027321,34.14317814,-117.34027321,34.14306851,-117.33994332,34.14303523,-117.33999982]}