{"messages":["just took a 3 hour nap","just took a 3 hour nap","just took a 3 hour nap"],"messages_no":3,"bad_words":[],"bad_words_no":0,"weight":0,"location":[[44.56867273,-88.09387477],[44.56867273,-88.09387477],[44.56867273,-88.09387477]],"friends":[1,2,3,4]}