{"messages":["SHOTS! http:\/\/t.co\/OeGrMRuv06","SHOTS! http:\/\/t.co\/OeGrMRuv06","SHOTS! http:\/\/t.co\/OeGrMRuv06"],"messages_no":3,"bad_words":[],"bad_words_no":0,"weight":0,"location":[[34.16083054,-118.41383116],[34.16083054,-118.41383116],[34.16083054,-118.41383116]],"friends":[1,2,3,4]}