{"messages":["Day 2 of meeting a new cute DOG.","Day 2 of meeting a new cute DOG.","Goodmorning world.","Day 2 of meeting a new cute DOG."],"messages_no":4,"bad_words":[],"bad_words_no":0,"weight":0,"location":[[37.28175337,-76.74280065],[37.28175337,-76.74280065],[37.26800772,-76.78128482],[37.28175337,-76.74280065]],"friends":[1,2,3,4]}