{"messages":["@_esshmefea k lol","@_esshmefea k lol","Lol but I do want a cookie","@_esshmefea k lol","Lol but I do want a cookie"],"messages_no":5,"bad_words":[],"bad_words_no":0,"weight":0,"location":[[37.7068024,-122.1328748],[37.7068024,-122.1328748],[37.6980061,-122.1230682],[37.7068024,-122.1328748],[37.6980061,-122.1230682]],"friends":[1,2,3,4]}