{"messages":["Im so ready to join the army \ud83d\udc4c","Im so ready to join the army \ud83d\udc4c","Im so ready to join the army \ud83d\udc4c"],"messages_no":3,"bad_words":[],"bad_words_no":0,"weight":0,"location":[[34.88452316,-79.70481712],[34.88452316,-79.70481712],[34.88452316,-79.70481712]],"friends":[1,2,3,4]}