{"messages":["@taylorrbaylorr I'm with Kiran. Turn up","@CasonLexie oh really","@taylorrbaylorr I'm with Kiran. Turn up","@CasonLexie oh really"],"messages_no":4,"bad_words":[],"bad_words_no":0,"weight":0,"location":[28.13117921,-82.36617427,28.1310693,-82.36609028,28.13117921,-82.36617427,28.1310693,-82.36609028]}