{"messages":["@cardenassarahi that poem made me cry...","@cardenassarahi love your memorial.","@cardenassarahi that poem made me cry...","@cardenassarahi that poem made me cry...","@cardenassarahi love your memorial.","@cardenassarahi love your memorial."],"messages_no":6,"bad_words":[],"bad_words_no":0,"weight":0,"location":[29.70183383,-95.36798687,29.70179384,-95.36808279,29.70183383,-95.36798687,29.70183383,-95.36798687,29.70179384,-95.36808279,29.70179384,-95.36808279]}