{"messages":["\u201c@BestTextMsgs: Being called babe or baby is just a really good feeling. \ud83d\ude0d\u201d","Def gonna go and support em","\u201c@BestTextMsgs: Being called babe or baby is just a really good feeling. \ud83d\ude0d\u201d","Def gonna go and support em","Def gonna go and support em"],"messages_no":5,"bad_words":[],"bad_words_no":0,"weight":0,"location":[32.8120023,-117.11019862,32.81197154,-117.11034648,32.8120023,-117.11019862,32.81197154,-117.11034648,32.81197154,-117.11034648]}