{"messages":["All dis drama n gossip","All dis drama n gossip","Everyone claims they're different. But what differentiates you from everyone else?","All dis drama n gossip"],"messages_no":4,"bad_words":[],"bad_words_no":0,"weight":0,"location":[[38.02161748,-121.36083582],[38.02161748,-121.36083582],[38.02319591,-121.36221295],[38.02161748,-121.36083582]],"friends":[1,2,3,4]}