{"messages":["Damnnnnn JP just fouled out!","Damnnnnn JP just fouled out!","Damnnnnn JP just fouled out!"],"messages_no":3,"bad_words":[],"bad_words_no":0,"weight":0,"location":[[41.69903851,-87.64618578],[41.69903851,-87.64618578],[41.69903851,-87.64618578]],"friends":[1,2,3,4]}