{"messages":["Had to get off vine after that shit \ud83d\ude37\ud83d\ude37\ud83d\ude37\ud83d\ude37\ud83d\ude37","Had to get off vine after that shit \ud83d\ude37\ud83d\ude37\ud83d\ude37\ud83d\ude37\ud83d\ude37"],"messages_no":2,"bad_words":[],"bad_words_no":2,"weight":0,"location":[29.8634275,-95.66220626,29.8634275,-95.66220626]}