{"messages":["I want cheetoes and Pepsi right now.","I might puke I feel sick.","I want cheetoes and Pepsi right now.","I want cheetoes and Pepsi right now.","I might puke I feel sick.","I might puke I feel sick."],"messages_no":6,"bad_words":[],"bad_words_no":0,"weight":0,"location":[37.7534288,-77.1296883,37.8738425,-77.4550012,37.7534288,-77.1296883,37.7534288,-77.1296883,37.8738425,-77.4550012,37.8738425,-77.4550012]}