{"messages":["I know you get impatient as the time pass, you say you want it fast, define fast","@sam_sousaxo @fvrrvhcxmptxn I DONT GET IT\ud83d\ude29\ud83d\ude29\ud83d\ude29\ud83d\ude29","\u201c@Tommcparlin: Diman confession tom is gay\u201d","Is Inc Clinic good to get a piercing at? It's the only open parlor on Sundays \ud83d\ude2b","Today was a good ass weekend \ud83d\udc4c\ud83d\ude0f definitely worth not doing Shoptimes","I know you get impatient as the time pass, you say you want it fast, define fast","@sam_sousaxo @fvrrvhcxmptxn I DONT GET IT\ud83d\ude29\ud83d\ude29\ud83d\ude29\ud83d\ude29","\u201c@Tommcparlin: Diman confession tom is gay\u201d","Is Inc Clinic good to get a piercing at? It's the only open parlor on Sundays \ud83d\ude2b","Today was a good ass weekend \ud83d\udc4c\ud83d\ude0f definitely worth not doing Shoptimes","Prolly gonna punch Keyshawn in the face","@ayee_yeoo wah\ud83d\ude2d I have plans for Saturday fml","Yes I renamed her shes more of a Sasha that's my babe #tmlt #mycar","They don't know about us","I sleep on my industrial all the time no problem? Doesn't hurt\ud83d\ude33","I know you get impatient as the time pass, you say you want it fast, define fast","@sam_sousaxo @fvrrvhcxmptxn I DONT GET IT\ud83d\ude29\ud83d\ude29\ud83d\ude29\ud83d\ude29","\u201c@Tommcparlin: Diman confession tom is gay\u201d","Is Inc Clinic good to get a piercing at? It's the only open parlor on Sundays \ud83d\ude2b","Today was a good ass weekend \ud83d\udc4c\ud83d\ude0f definitely worth not doing Shoptimes","Prolly gonna punch Keyshawn in the face","@ayee_yeoo wah\ud83d\ude2d I have plans for Saturday fml","Yes I renamed her shes more of a Sasha that's my babe #tmlt #mycar"],"messages_no":23,"bad_words":[],"bad_words_no":3,"weight":0,"location":[[41.72398444,-71.17928761],[41.73501897,-71.16599651],[41.73499688,-71.16589283],[41.73511699,-71.16594236],[41.73504407,-71.16586726],[41.72398444,-71.17928761],[41.73501897,-71.16599651],[41.73499688,-71.16589283],[41.73511699,-71.16594236],[41.73504407,-71.16586726],[41.73505593,-71.16585905],[41.73499092,-71.16586937],[41.73498804,-71.16588268],[41.73491518,-71.16622313],[41.73513682,-71.16587128],[41.72398444,-71.17928761],[41.73501897,-71.16599651],[41.73499688,-71.16589283],[41.73511699,-71.16594236],[41.73504407,-71.16586726],[41.73505593,-71.16585905],[41.73499092,-71.16586937],[41.73498804,-71.16588268]],"friends":[1,2,3,4]}