{"messages":["What is going on?","What is going on?","What is going on?"],"messages_no":3,"bad_words":[],"bad_words_no":0,"weight":0,"location":[[41.94660301,-74.91278031],[41.94660301,-74.91278031],[41.94660301,-74.91278031]],"friends":[1,2,3,4]}