{"messages":["\u201c@scsears: Text ya girl \ud83d\udcf2\ud83d\udc8b\u201d","\u201c@scsears: Text ya girl \ud83d\udcf2\ud83d\udc8b\u201d","Comp ready\ud83d\ude02 http:\/\/t.co\/Ly9hoU6mNz","\u201c@scsears: Text ya girl \ud83d\udcf2\ud83d\udc8b\u201d","Comp ready\ud83d\ude02 http:\/\/t.co\/Ly9hoU6mNz"],"messages_no":5,"bad_words":[],"bad_words_no":0,"weight":0,"location":[[39.11930688,-76.68620381],[39.11930688,-76.68620381],[39.09953,-76.46137401],[39.11930688,-76.68620381],[39.09953,-76.46137401]],"friends":[1,2,3,4]}