{"messages":["Imma hold it down for you","Imma hold it down for you","Imma hold it down for you"],"messages_no":3,"bad_words":[],"bad_words_no":0,"weight":0,"location":[[35.22053509,-81.38640149],[35.22053509,-81.38640149],[35.22053509,-81.38640149]],"friends":[1,2,3,4]}