{"messages":["I LOVEEEE #EllieGoulding","I LOVEEEE #EllieGoulding","I LOVEEEE #EllieGoulding"],"messages_no":3,"bad_words":[],"bad_words_no":0,"weight":0,"location":[[33.41803445,-111.93456122],[33.41803445,-111.93456122],[33.41803445,-111.93456122]],"friends":[1,2,3,4]}