{"messages":["Gaby can't sing for shit !","Gaby can't sing for shit !","Gaby can't sing for shit !"],"messages_no":3,"bad_words":[],"bad_words_no":3,"weight":0,"location":[[33.74658794,-118.28692504],[33.74658794,-118.28692504],[33.74658794,-118.28692504]],"friends":[1,2,3,4]}