{"messages":["WHAT THE FUUUUUUUUCKKKKK!!!!!","WHAT THE FUUUUUUUUCKKKKK!!!!!","WHAT THE FUUUUUUUUCKKKKK!!!!!"],"messages_no":3,"bad_words":[],"bad_words_no":0,"weight":0,"location":[[36.26773206,-115.19690777],[36.26773206,-115.19690777],[36.26773206,-115.19690777]],"friends":[1,2,3,4]}