{"messages":["Bye everyone","Bye everyone","Bye everyone"],"messages_no":3,"bad_words":[],"bad_words_no":0,"weight":0,"location":[[40.59444951,-73.95100281],[40.59444951,-73.95100281],[40.59444951,-73.95100281]],"friends":[1,2,3,4]}