{"messages":["#ilikeyourbackside http:\/\/t.co\/oSu6zC322m","#ilikeyourbackside http:\/\/t.co\/oSu6zC322m","#ilikeyourbackside http:\/\/t.co\/oSu6zC322m"],"messages_no":3,"bad_words":[],"bad_words_no":0,"weight":0,"location":[37.86240456,-122.24923783,37.86240456,-122.24923783,37.86240456,-122.24923783]}