{"messages":["Idk where my gloves are \ud83d\ude29","Idk where my gloves are \ud83d\ude29","Idk where my gloves are \ud83d\ude29","Idk where my gloves are \ud83d\ude29"],"messages_no":4,"bad_words":[],"bad_words_no":0,"weight":0,"location":[34.0480803,-117.39170006,34.0480803,-117.39170006,34.0480803,-117.39170006,34.0480803,-117.39170006]}