{"messages":["find what you love and let it kill you","tonight might actually be fun \ud83d\ude0f","feel like I'm gonna throw up","damn I want a Maserati \ud83d\ude4c","find what you love and let it kill you","tonight might actually be fun \ud83d\ude0f","feel like I'm gonna throw up","damn I want a Maserati \ud83d\ude4c","find what you love and let it kill you","tonight might actually be fun \ud83d\ude0f","feel like I'm gonna throw up","damn I want a Maserati \ud83d\ude4c"],"messages_no":12,"bad_words":[],"bad_words_no":3,"weight":0,"location":[[34.13159689,-117.55005102],[34.08767355,-117.55832936],[34.13173924,-117.54991544],[34.13168361,-117.54985788],[34.13159689,-117.55005102],[34.08767355,-117.55832936],[34.13173924,-117.54991544],[34.13168361,-117.54985788],[34.13159689,-117.55005102],[34.08767355,-117.55832936],[34.13173924,-117.54991544],[34.13168361,-117.54985788]],"friends":[1,2,3,4]}