{"messages":["@followbrady everyone is insane","@followbrady everyone is insane","@blvke hell yeah dude","@followbrady everyone is insane"],"messages_no":4,"bad_words":[],"bad_words_no":1,"weight":0,"location":[[39.95959961,-77.63849761],[39.95959961,-77.63849761],[39.64600194,-77.60666513],[39.95959961,-77.63849761]],"friends":[1,2,3,4]}