{"messages":["@Matt_Waina @BasedScooter Doug man","@Matt_Waina @BasedScooter Doug man","@aschultzzzz haha lol rofl lmao","@Matt_Waina @BasedScooter Doug man","@aschultzzzz haha lol rofl lmao"],"messages_no":5,"bad_words":[],"bad_words_no":0,"weight":0,"location":[[41.67936615,-81.29088879],[41.67936615,-81.29088879],[41.67922894,-81.29090086],[41.67936615,-81.29088879],[41.67922894,-81.29090086]],"friends":[1,2,3,4]}