{"messages":["what I truly waant ..","what I truly waant ..","what I truly waant .."],"messages_no":3,"bad_words":[],"bad_words_no":0,"weight":0,"location":[[44.99914852,-93.47292306],[44.99914852,-93.47292306],[44.99914852,-93.47292306]],"friends":[1,2,3,4]}