{"messages":["The family approves\u263a\ufe0f","The family approves\u263a\ufe0f","The family approves\u263a\ufe0f"],"messages_no":3,"bad_words":[],"bad_words_no":0,"weight":0,"location":[[30.57893459,-90.07534769],[30.57893459,-90.07534769],[30.57893459,-90.07534769]],"friends":[1,2,3,4]}