{"messages":["So Im just here attached to this outlet charging my phone #College \ud83d\ude02\ud83d\ude02","This ***** wont shut up -.-","I really go crazy\ud83c\udfb6","So Im just here attached to this outlet charging my phone #College \ud83d\ude02\ud83d\ude02","This ***** wont shut up -.-","I really go crazy\ud83c\udfb6","So Im just here attached to this outlet charging my phone #College \ud83d\ude02\ud83d\ude02","This ***** wont shut up -.-","I really go crazy\ud83c\udfb6"],"messages_no":9,"bad_words":[],"bad_words_no":0,"weight":0,"location":[[40.81735344,-73.92692598],[40.81728367,-73.92684114],[40.86897445,-73.89392068],[40.81735344,-73.92692598],[40.81728367,-73.92684114],[40.86897445,-73.89392068],[40.81735344,-73.92692598],[40.81728367,-73.92684114],[40.86897445,-73.89392068]],"friends":[1,2,3,4]}