{"messages":["Pissed","Pissed","Pissed"],"messages_no":3,"bad_words":[],"bad_words_no":0,"weight":0,"location":[[41.54831978,-81.48250991],[41.54831978,-81.48250991],[41.54831978,-81.48250991]],"friends":[1,2,3,4]}