{"messages":["Who the fuck is Goldtooth 3.26.14 http:\/\/t.co\/8Tpx4uBa8J","Who the fuck is Goldtooth 3.26.14 http:\/\/t.co\/8Tpx4uBa8J","Who the fuck is Goldtooth 3.26.14 http:\/\/t.co\/8Tpx4uBa8J"],"messages_no":3,"bad_words":[],"bad_words_no":3,"weight":0,"location":[[35.54194062,-97.60730148],[35.54194062,-97.60730148],[35.54194062,-97.60730148]],"friends":[1,2,3,4]}