{"messages":["@Matsy11 I'm going with Crabb","@Matsy11 I'm going with Crabb","@Matsy11 I'm going with Crabb"],"messages_no":3,"bad_words":[],"bad_words_no":0,"weight":0,"location":[[29.42692161,-98.43707201],[29.42692161,-98.43707201],[29.42692161,-98.43707201]],"friends":[1,2,3,4]}