{"messages":["Damn , wtf ...","Damn , wtf ...","Damn , wtf ..."],"messages_no":3,"bad_words":[],"bad_words_no":0,"weight":0,"location":[[33.70819024,-81.26224761],[33.70819024,-81.26224761],[33.70819024,-81.26224761]],"friends":[1,2,3,4]}