{"messages":["@kalenogolini Ours or like varsity","@kalenogolini Ours or like varsity","of course it has to rain today","@kalenogolini Ours or like varsity"],"messages_no":4,"bad_words":[],"bad_words_no":0,"weight":0,"location":[[33.06180275,-96.85423636],[33.06180275,-96.85423636],[33.06179131,-96.85436938],[33.06180275,-96.85423636]],"friends":[1,2,3,4]}