{"messages":["Before I eat sushi I wanna get to know the fish first.","@obbaby_ making me want some now.. \ud83d\ude14","Before I eat sushi I wanna get to know the fish first.","@obbaby_ making me want some now.. \ud83d\ude14","You're a bitch honestly.","Before I eat sushi I wanna get to know the fish first.","@obbaby_ making me want some now.. \ud83d\ude14","You're a bitch honestly."],"messages_no":8,"bad_words":[],"bad_words_no":2,"weight":0,"location":[[38.79267327,-90.37227209],[38.7925218,-90.37265277],[38.79267327,-90.37227209],[38.7925218,-90.37265277],[38.79262781,-90.3724465],[38.79267327,-90.37227209],[38.7925218,-90.37265277],[38.79262781,-90.3724465]],"friends":[1,2,3,4]}