{"messages":["@NotLoganRooney @thechocho HE CHOSE IT.. \ud83d\ude33\ud83d\ude33\ud83d\ude33","@NotLoganRooney @thechocho HE CHOSE IT.. \ud83d\ude33\ud83d\ude33\ud83d\ude33","managed an A- in ap bio \n\ud83d\ude2d\ud83d\udc99 these are tears of joy","@NotLoganRooney @thechocho HE CHOSE IT.. \ud83d\ude33\ud83d\ude33\ud83d\ude33"],"messages_no":4,"bad_words":[],"bad_words_no":0,"weight":0,"location":[[41.12332141,-74.13237912],[41.12332141,-74.13237912],[41.12319474,-74.13204946],[41.12332141,-74.13237912]],"friends":[1,2,3,4]}