{"messages":["@Alex_Flanagan can we crown the Seahawks now?","Sherman is back in","Seahawks Nation: We are the Super Bowl Champions for the first time in franchise history! http:\/\/t.co\/onwUBKl0QR","@Alex_Flanagan can we crown the Seahawks now?","Sherman is back in","Seahawks Nation: We are the Super Bowl Champions for the first time in franchise history! http:\/\/t.co\/onwUBKl0QR","Good night #12s","@Alex_Flanagan can we crown the Seahawks now?","Sherman is back in","Seahawks Nation: We are the Super Bowl Champions for the first time in franchise history! http:\/\/t.co\/onwUBKl0QR","Good night #12s"],"messages_no":11,"bad_words":[],"bad_words_no":0,"weight":0,"location":[[36.97056617,-121.90279935],[36.97053975,-121.90261628],[36.97061476,-121.90288862],[36.97056617,-121.90279935],[36.97053975,-121.90261628],[36.97061476,-121.90288862],[37.08317612,-121.58612432],[36.97056617,-121.90279935],[36.97053975,-121.90261628],[36.97061476,-121.90288862],[37.08317612,-121.58612432]],"friends":[1,2,3,4]}