{"messages":["#family \u2764\ufe0f http:\/\/t.co\/Y4nlajCrYC","#family \u2764\ufe0f http:\/\/t.co\/Y4nlajCrYC","#family \u2764\ufe0f http:\/\/t.co\/Y4nlajCrYC"],"messages_no":3,"bad_words":[],"bad_words_no":0,"weight":0,"location":[[38.9487467,-83.98885259],[38.9487467,-83.98885259],[38.9487467,-83.98885259]],"friends":[1,2,3,4]}