{"messages":["#EsuranceSave30","#EsuranceSave30","#EsuranceSave30"],"messages_no":3,"bad_words":[],"bad_words_no":0,"weight":0,"location":[[44.84433572,-122.87297192],[44.84433572,-122.87297192],[44.84433572,-122.87297192]],"friends":[1,2,3,4]}