{"messages":["@ChristinaPham18 not me \ud83d\ude2d\ud83d\ude02","@ChristinaPham18 not me \ud83d\ude2d\ud83d\ude02","@ChristinaPham18 not me \ud83d\ude2d\ud83d\ude02"],"messages_no":3,"bad_words":[],"bad_words_no":0,"weight":0,"location":[[40.006068,-75.1410534],[40.006068,-75.1410534],[40.006068,-75.1410534]],"friends":[1,2,3,4]}