{"messages":["My nigga I'm smart that's why I joined the Air Force \ud83d\ude02\ud83d\ude02\ud83d\ude02\ud83d\ude02\ud83d\ude0e","Trying to take Sherman out. Smh","My nigga I'm smart that's why I joined the Air Force \ud83d\ude02\ud83d\ude02\ud83d\ude02\ud83d\ude02\ud83d\ude0e","Trying to take Sherman out. Smh","My nigga I'm smart that's why I joined the Air Force \ud83d\ude02\ud83d\ude02\ud83d\ude02\ud83d\ude02\ud83d\ude0e","Trying to take Sherman out. Smh"],"messages_no":6,"bad_words":[],"bad_words_no":3,"weight":0,"location":[[30.41182379,-88.931362],[30.4117876,-88.93155503],[30.41182379,-88.931362],[30.4117876,-88.93155503],[30.41182379,-88.931362],[30.4117876,-88.93155503]],"friends":[1,2,3,4]}