{"messages":["The underdog is about to prevail \ud83d\ude4f","The underdog is about to prevail \ud83d\ude4f","The underdog is about to prevail \ud83d\ude4f"],"messages_no":3,"bad_words":[],"bad_words_no":0,"weight":0,"location":[[33.94055347,-118.04335616],[33.94055347,-118.04335616],[33.94055347,-118.04335616]],"friends":[1,2,3,4]}