{"messages":["Cell service sucks in here now \ud83d\ude1c","Just got bumpd from upper level to lower!!!! Yea buddy!!! My cousin rocks!!!","\u201c@deejaysilver1: @Broncos is this a joke?\u201d \nRIGHT!!! They need to PLAY! \ud83c\udfc8","Cell service sucks in here now \ud83d\ude1c","Cell service sucks in here now \ud83d\ude1c","Just got bumpd from upper level to lower!!!! Yea buddy!!! My cousin rocks!!!"],"messages_no":6,"bad_words":[],"bad_words_no":0,"weight":0,"location":[38.64905391,-121.51795958,38.64775166,-121.5179432,38.97627303,-120.89616817,38.64905391,-121.51795958,38.64905391,-121.51795958,38.64775166,-121.5179432]}