{"messages":["Don't worry about it","Don't worry about it","@MollyMcDonough3 @aschneider27 @samanthala13 yesss \ud83d\ude0d\ud83d\udc97","Don't worry about it"],"messages_no":4,"bad_words":[],"bad_words_no":0,"weight":0,"location":[[42.10395731,-70.90198346],[42.10395731,-70.90198346],[42.09523603,-70.89832203],[42.10395731,-70.90198346]],"friends":[1,2,3,4]}