{"messages":["Good job @esurance #EsuranceSave30","Good job @esurance #EsuranceSave30","Good job @esurance #EsuranceSave30"],"messages_no":3,"bad_words":[],"bad_words_no":0,"weight":0,"location":[[29.55364075,-98.67788582],[29.55364075,-98.67788582],[29.55364075,-98.67788582]],"friends":[1,2,3,4]}