{"messages":["@biggurlDOM thank you \ud83d\ude0c","@biggurlDOM thank you \ud83d\ude0c","@biggurlDOM thank you \ud83d\ude0c"],"messages_no":3,"bad_words":[],"bad_words_no":0,"weight":0,"location":[[28.64819185,-80.87319939],[28.64819185,-80.87319939],[28.64819185,-80.87319939]],"friends":[1,2,3,4]}