{"messages":["I'm way to skinny for jail hoes","Fav birthday coming up","I'm way to skinny for jail hoes","Fav birthday coming up","I'm way to skinny for jail hoes","Fav birthday coming up"],"messages_no":6,"bad_words":[],"bad_words_no":0,"weight":0,"location":[[29.5836407,-95.4695899],[29.5835905,-95.4697849],[29.5836407,-95.4695899],[29.5835905,-95.4697849],[29.5836407,-95.4695899],[29.5835905,-95.4697849]],"friends":[1,2,3,4]}