{"messages":["4 days until my birthday\ud83d\ude0a","4 days until my birthday\ud83d\ude0a","4 days until my birthday\ud83d\ude0a"],"messages_no":3,"bad_words":[],"bad_words_no":0,"weight":0,"location":[[42.05123997,-72.53350414],[42.05123997,-72.53350414],[42.05123997,-72.53350414]],"friends":[1,2,3,4]}