{"messages":["Ayye. Nigga we made it.","Ayye. Nigga we made it.","Watchin hella dance movies.","Ayye. Nigga we made it."],"messages_no":4,"bad_words":[],"bad_words_no":1,"weight":0,"location":[[33.06935828,-97.03974757],[33.06935828,-97.03974757],[33.06934399,-97.03965344],[33.06935828,-97.03974757]],"friends":[1,2,3,4]}