{"messages":["@j_moore123 come home so we can hate everyone together","@j_moore123 come home so we can hate everyone together","my favorite snuggles \u263a\ufe0f","@j_moore123 come home so we can hate everyone together","my favorite snuggles \u263a\ufe0f"],"messages_no":5,"bad_words":[],"bad_words_no":0,"weight":0,"location":[[55.35861901,-131.69016003],[55.35861901,-131.69016003],[55.35862575,-131.69021099],[55.35861901,-131.69016003],[55.35862575,-131.69021099]],"friends":[1,2,3,4]}