{"messages":["Someone text me \ud83d\udc9f","Someone text me \ud83d\udc9f"],"messages_no":2,"bad_words":[],"bad_words_no":0,"weight":0,"location":[39.86174315,-75.54381659,39.86174315,-75.54381659]}