{"messages":["What do I wanna eat?","Thinking bout going for a run tomorrow, its been too long.","What do I wanna eat?","What do I wanna eat?","Thinking bout going for a run tomorrow, its been too long."],"messages_no":5,"bad_words":[],"bad_words_no":0,"weight":0,"location":[34.7030829,-118.1004103,34.7031037,-118.100354,34.7030829,-118.1004103,34.7030829,-118.1004103,34.7031037,-118.100354]}