{"messages":["THEY ARE HOLDING HANDS #KYLER2014","THEY ARE HOLDING HANDS #KYLER2014","THEY ARE HOLDING HANDS #KYLER2014"],"messages_no":3,"bad_words":[],"bad_words_no":0,"weight":0,"location":[[29.80760165,-95.81694378],[29.80760165,-95.81694378],[29.80760165,-95.81694378]],"friends":[1,2,3,4]}