{"messages":["@ConanOBrien @RED done. Thank you.","@DavidSpade damn straight.","@ConanOBrien @RED done. Thank you.","@DavidSpade damn straight.","@ConanOBrien @RED done. Thank you.","@DavidSpade damn straight."],"messages_no":6,"bad_words":[],"bad_words_no":3,"weight":0,"location":[[30.50698592,-97.61788834],[30.50663307,-97.61792378],[30.50698592,-97.61788834],[30.50663307,-97.61792378],[30.50698592,-97.61788834],[30.50663307,-97.61792378]],"friends":[1,2,3,4]}