{"messages":["I remember it all too well.","I remember it all too well.","I remember it all too well."],"messages_no":3,"bad_words":[],"bad_words_no":0,"weight":0,"location":[[37.22778444,-107.58938232],[37.22778444,-107.58938232],[37.22778444,-107.58938232]],"friends":[1,2,3,4]}