{"messages":["Yeah we're FWB \ud83d\ude02","Yeah we're FWB \ud83d\ude02"],"messages_no":2,"bad_words":[],"bad_words_no":0,"weight":0,"location":[42.16816672,-123.64707978,42.16816672,-123.64707978]}