{"messages":["MCDONALDS FWM","K wow.","MCDONALDS FWM","K wow.","MCDONALDS FWM","K wow."],"messages_no":6,"bad_words":[],"bad_words_no":0,"weight":0,"location":[[37.7189327,-76.3837177],[37.7189327,-76.3837177],[37.7189327,-76.3837177],[37.7189327,-76.3837177],[37.7189327,-76.3837177],[37.7189327,-76.3837177]],"friends":[1,2,3,4]}