{"messages":["Im never gonna be a prince","Never had sex before","Im never gonna be a prince","Never had sex before","Im never gonna be a prince","Never had sex before"],"messages_no":6,"bad_words":[],"bad_words_no":0,"weight":0,"location":[[26.1944399,-80.2835647],[26.1944399,-80.2835647],[26.1944399,-80.2835647],[26.1944399,-80.2835647],[26.1944399,-80.2835647],[26.1944399,-80.2835647]],"friends":[1,2,3,4]}