{"messages":["Shorty better be dehydrated! Bout my man","I like to drink juice!!!","@Ant_highguy06 whateva!","Shorty better be dehydrated! Bout my man","Shorty better be dehydrated! Bout my man","I like to drink juice!!!","@Ant_highguy06 whateva!"],"messages_no":7,"bad_words":[],"bad_words_no":0,"weight":0,"location":[26.1834752,-80.2481628,26.1833922,-80.2482967,26.1834418,-80.2482143,26.1834752,-80.2481628,26.1834752,-80.2481628,26.1833922,-80.2482967,26.1834418,-80.2482143]}