{"messages":["@nicoleariel01 I mean it's necessary so it's all good\ud83d\udc4c","Treasure, that is what you are \u263a\ufe0f\ud83d\udc95","@nicoleariel01 I mean it's necessary so it's all good\ud83d\udc4c","Treasure, that is what you are \u263a\ufe0f\ud83d\udc95","My mood swings are out of this world \u270c\ufe0f","Omg stfu!!!!!!\ud83d\ude21","@nicoleariel01 I mean it's necessary so it's all good\ud83d\udc4c","Treasure, that is what you are \u263a\ufe0f\ud83d\udc95","My mood swings are out of this world \u270c\ufe0f"],"messages_no":9,"bad_words":[],"bad_words_no":0,"weight":0,"location":[[29.17411173,-98.42323769],[29.17415666,-98.42321615],[29.17411173,-98.42323769],[29.17415666,-98.42321615],[29.17473752,-98.42240383],[29.32386098,-98.54356077],[29.17411173,-98.42323769],[29.17415666,-98.42321615],[29.17473752,-98.42240383]],"friends":[1,2,3,4]}