{"messages":["Wasn't even my fault","Wasn't even my fault","Wasn't even my fault"],"messages_no":3,"bad_words":[],"bad_words_no":0,"weight":0,"location":[[42.36212135,-83.41602103],[42.36212135,-83.41602103],[42.36212135,-83.41602103]],"friends":[1,2,3,4]}