{"messages":["Might go play Skyrim","Might go play Skyrim","Bored","Might go play Skyrim","Bored"],"messages_no":5,"bad_words":[],"bad_words_no":0,"weight":0,"location":[[33.33202548,-111.83225894],[33.33202548,-111.83225894],[33.33196544,-111.83219225],[33.33202548,-111.83225894],[33.33196544,-111.83219225]],"friends":[1,2,3,4]}