{"messages":["Karson is my cuddle buddy for the night\u270c","Karson is my cuddle buddy for the night\u270c","TLC was that jam \ud83d\ude0f","Karson is my cuddle buddy for the night\u270c"],"messages_no":4,"bad_words":[],"bad_words_no":0,"weight":0,"location":[[42.39821235,-92.117345],[42.39821235,-92.117345],[42.46493911,-92.2569456],[42.39821235,-92.117345]],"friends":[1,2,3,4]}