{"messages":["Refuse to wait on anybody..\ud83d\ude45","Refuse to wait on anybody..\ud83d\ude45","Refuse to wait on anybody..\ud83d\ude45","Refuse to wait on anybody..\ud83d\ude45"],"messages_no":4,"bad_words":[],"bad_words_no":0,"weight":0,"location":[29.53362753,-97.56436218,29.53362753,-97.56436218,29.53362753,-97.56436218,29.53362753,-97.56436218]}