{"messages":["If I'm drunk, blame gollum","If I'm drunk, blame gollum","If I'm drunk, blame gollum"],"messages_no":3,"bad_words":[],"bad_words_no":0,"weight":0,"location":[[32.88486382,-117.24278914],[32.88486382,-117.24278914],[32.88486382,-117.24278914]],"friends":[1,2,3,4]}