{"messages":["Oomf needs to wake up","Now he wants too be lovie with me. \ud83d\ude2e","\u201c@Prettymena1: \u201c@itsbellayoo: Don't expect me to WANT to talk to you after everything you've done to me.\u201d\u201d","Oomf needs to wake up","Oomf needs to wake up","Now he wants too be lovie with me. \ud83d\ude2e","\u201c@Prettymena1: \u201c@itsbellayoo: Don't expect me to WANT to talk to you after everything you've done to me.\u201d\u201d"],"messages_no":7,"bad_words":[],"bad_words_no":0,"weight":0,"location":[29.61665631,-95.63888739,29.50639787,-95.11299103,29.5063586,-95.11296496,29.61665631,-95.63888739,29.61665631,-95.63888739,29.50639787,-95.11299103,29.5063586,-95.11296496]}