{"messages":["@ox_crystal lmao always ask me this","Weed 4 DIFFRENT colors","@ox_crystal lmao always ask me this","Weed 4 DIFFRENT colors","@ox_crystal lmao always ask me this","Weed 4 DIFFRENT colors"],"messages_no":6,"bad_words":[],"bad_words_no":0,"weight":0,"location":[40.8719918,-74.07028195,40.87172119,-74.07008865,40.8719918,-74.07028195,40.87172119,-74.07008865,40.8719918,-74.07028195,40.87172119,-74.07008865]}