{"messages":["We knew what could have happened","They mama do!!\ud83d\ude0d\ud83d\ude0d","Patiently waiting \ud83d\ude1c\ud83d\ude1c\ud83d\ude1c http:\/\/t.co\/r746lFJUBb","Almost that time","We knew what could have happened","They mama do!!\ud83d\ude0d\ud83d\ude0d","They mama do!!\ud83d\ude0d\ud83d\ude0d"],"messages_no":7,"bad_words":[],"bad_words_no":0,"weight":0,"location":[30.71400242,-90.9269706,30.71402912,-90.92695107,30.71411392,-90.92684271,30.71406499,-90.92701385,30.71400242,-90.9269706,30.71402912,-90.92695107,30.71402912,-90.92695107]}