{"messages":["Gonna see my boo today \u2764\ufe0f @salenatran","Gonna see my boo today \u2764\ufe0f @salenatran","Gonna see my boo today \u2764\ufe0f @salenatran"],"messages_no":3,"bad_words":[],"bad_words_no":0,"weight":0,"location":[[27.62998419,-80.40454518],[27.62998419,-80.40454518],[27.62998419,-80.40454518]],"friends":[1,2,3,4]}