{"messages":["@Branndoooon it was bro shit was goin down","Guap it or stop it","@Branndoooon it was bro shit was goin down","@Branndoooon it was bro shit was goin down","Guap it or stop it"],"messages_no":5,"bad_words":[],"bad_words_no":3,"weight":0,"location":[33.96155669,-118.30403226,33.96140444,-118.30397222,33.96155669,-118.30403226,33.96155669,-118.30403226,33.96140444,-118.30397222]}