{"messages":["\u201c@SammySwayy: Cheif forced it\u201d","\u201c@SammySwayy: Cheif forced it\u201d","\u201c@SammySwayy: Cheif forced it\u201d"],"messages_no":3,"bad_words":[],"bad_words_no":0,"weight":0,"location":[[42.22013763,-70.9360655],[42.22013763,-70.9360655],[42.22013763,-70.9360655]],"friends":[1,2,3,4]}