{"messages":["Can I laugh now?","Can I laugh now?","Can I laugh now?"],"messages_no":3,"bad_words":[],"bad_words_no":0,"weight":0,"location":[[41.15624466,-82.2194869],[41.15624466,-82.2194869],[41.15624466,-82.2194869]],"friends":[1,2,3,4]}