{"messages":["Someone take me to Starbucks ?","@_blairalexis FUCK NO","Someone take me to Starbucks ?","@_blairalexis FUCK NO","Someone take me to Starbucks ?","@_blairalexis FUCK NO"],"messages_no":6,"bad_words":[],"bad_words_no":0,"weight":0,"location":[[33.49062686,-112.32690247],[33.49064024,-112.32677481],[33.49062686,-112.32690247],[33.49064024,-112.32677481],[33.49062686,-112.32690247],[33.49064024,-112.32677481]],"friends":[1,2,3,4]}