{"messages":["GOAT of games http:\/\/t.co\/NevLdWGHDd","Drrry","HE DONT CARE","@ZubinC13 @ashleyplotkinx3 Zubin caught feelings for you Ashley","GOAT of games http:\/\/t.co\/NevLdWGHDd","Drrry","HE DONT CARE","@ZubinC13 @ashleyplotkinx3 Zubin caught feelings for you Ashley","I swear my dog has learned to open doors by turning the knob, I close my door all the way every night and then this http:\/\/t.co\/qLCf6ww2cK","@Zach_Scir3 @ashleyplotkinx3 #LetsMakeItAwkward","GOAT of games http:\/\/t.co\/NevLdWGHDd","Drrry","HE DONT CARE","@ZubinC13 @ashleyplotkinx3 Zubin caught feelings for you Ashley","I swear my dog has learned to open doors by turning the knob, I close my door all the way every night and then this http:\/\/t.co\/qLCf6ww2cK"],"messages_no":15,"bad_words":[],"bad_words_no":0,"weight":0,"location":[[40.4034959,-74.33030862],[40.40333932,-74.33055698],[40.39753888,-74.32784325],[40.39555182,-74.33279227],[40.4034959,-74.33030862],[40.40333932,-74.33055698],[40.39753888,-74.32784325],[40.39555182,-74.33279227],[40.40343869,-74.33040812],[40.40346807,-74.33043444],[40.4034959,-74.33030862],[40.40333932,-74.33055698],[40.39753888,-74.32784325],[40.39555182,-74.33279227],[40.40343869,-74.33040812]],"friends":[1,2,3,4]}