{"messages":["I hate having regrets","I hate having regrets","I hate having regrets"],"messages_no":3,"bad_words":[],"bad_words_no":0,"weight":0,"location":[[41.31374989,-81.72659889],[41.31374989,-81.72659889],[41.31374989,-81.72659889]],"friends":[1,2,3,4]}