{"messages":["@iliza nope got dish","@iliza nope got dish","@iliza nope got dish"],"messages_no":3,"bad_words":[],"bad_words_no":0,"weight":0,"location":[[40.17995951,-118.48489132],[40.17995951,-118.48489132],[40.17995951,-118.48489132]],"friends":[1,2,3,4]}