{"messages":["@Harry_Styles Happy Birthday(: &lt;3","@Harry_Styles Happy Birthday(: &lt;3","@Harry_Styles Happy Birthday(: &lt;3"],"messages_no":3,"bad_words":[],"bad_words_no":0,"weight":0,"location":[36.18588164,-115.25244898,36.18588164,-115.25244898,36.18588164,-115.25244898]}