{"messages":["Rude man, ya broke my heart.","Rude man, ya broke my heart.","Dad why are you making food?","Rude man, ya broke my heart.","Dad why are you making food?"],"messages_no":5,"bad_words":[],"bad_words_no":0,"weight":0,"location":[[48.08190028,-122.16191533],[48.08190028,-122.16191533],[48.08192653,-122.16180636],[48.08190028,-122.16191533],[48.08192653,-122.16180636]],"friends":[1,2,3,4]}