{"messages":["FUCKKK YES BOYS #Caps","FUCKKK YES BOYS #Caps","FUCKKK YES BOYS #Caps"],"messages_no":3,"bad_words":[],"bad_words_no":0,"weight":0,"location":[[39.11814806,-77.20095062],[39.11814806,-77.20095062],[39.11814806,-77.20095062]],"friends":[1,2,3,4]}