{"messages":["#EsuranceSave30","#EsuranceSave30","#EsuranceSave30"],"messages_no":3,"bad_words":[],"bad_words_no":0,"weight":0,"location":[[41.68792696,-72.76721586],[41.68792696,-72.76721586],[41.68792696,-72.76721586]],"friends":[1,2,3,4]}