{"messages":["@Knight_20Era word lil bruh get that bread feed the fam either way\u270a\ud83d\udcb0","@majoreking @Yella_BitchGANG get up with me lit bro \ud83d\ude08","@Knight_20Era word lil bruh get that bread feed the fam either way\u270a\ud83d\udcb0","@majoreking @Yella_BitchGANG get up with me lit bro \ud83d\ude08","Females so bipolar. That shit stupid","I won't compete for anything if it isn't dealing with sports.","@extraSMcreep \ud83d\ude12\ud83d\ude14 I'm listening","@_AkaciaEllandra need to get to class cause we got group work to do \ud83d\ude11","@Knight_20Era word lil bruh get that bread feed the fam either way\u270a\ud83d\udcb0","@majoreking @Yella_BitchGANG get up with me lit bro \ud83d\ude08","Females so bipolar. That shit stupid"],"messages_no":11,"bad_words":[],"bad_words_no":2,"weight":0,"location":[[31.7199015,-89.42239635],[31.34624845,-89.36240673],[31.7199015,-89.42239635],[31.34624845,-89.36240673],[31.59418731,-89.19985112],[31.59357058,-89.19813464],[31.5935995,-89.19803331],[31.59432379,-89.19976992],[31.7199015,-89.42239635],[31.34624845,-89.36240673],[31.59418731,-89.19985112]],"friends":[1,2,3,4]}