{"messages":["I call bullshit","I call bullshit","Just realized that I have Friday and Saturday night off!! #snityeah","I call bullshit","Just realized that I have Friday and Saturday night off!! #snityeah"],"messages_no":5,"bad_words":[],"bad_words_no":3,"weight":0,"location":[[38.06210698,-78.94129378],[38.06210698,-78.94129378],[35.38570267,-77.35158012],[38.06210698,-78.94129378],[35.38570267,-77.35158012]],"friends":[1,2,3,4]}