{"messages":["I'm liking this :)","I'm liking this :)"],"messages_no":2,"bad_words":[],"bad_words_no":0,"weight":0,"location":[35.09649961,-106.53542793,35.09649961,-106.53542793]}