{"messages":["my faces everyday: \ud83d\ude0for \ud83d\ude12","my faces everyday: \ud83d\ude0for \ud83d\ude12","my faces everyday: \ud83d\ude0for \ud83d\ude12"],"messages_no":3,"bad_words":[],"bad_words_no":0,"weight":0,"location":[40.1034054,-75.3325617,40.1034054,-75.3325617,40.1034054,-75.3325617]}