{"messages":["WHAT A PERFORMANCE #IUBB #HOOSIERS","Walt's pissed #SuperBowlSquares #JamWins","WHAT A PERFORMANCE #IUBB #HOOSIERS","Walt's pissed #SuperBowlSquares #JamWins","WHAT A PERFORMANCE #IUBB #HOOSIERS","Walt's pissed #SuperBowlSquares #JamWins"],"messages_no":6,"bad_words":[],"bad_words_no":3,"weight":0,"location":[[39.16381271,-86.51825884],[39.16383073,-86.51836353],[39.16381271,-86.51825884],[39.16383073,-86.51836353],[39.16381271,-86.51825884],[39.16383073,-86.51836353]],"friends":[1,2,3,4]}