{"messages":["@DJBOSSMAN_ really though","@DJBOSSMAN_ really though","@DJBOSSMAN_ really though"],"messages_no":3,"bad_words":[],"bad_words_no":0,"weight":0,"location":[[39.92780487,-75.24190295],[39.92780487,-75.24190295],[39.92780487,-75.24190295]],"friends":[1,2,3,4]}