{"messages":["Hey this song isn't right","Hey this song isn't right","Hey this song isn't right"],"messages_no":3,"bad_words":[],"bad_words_no":0,"weight":0,"location":[[33.88082015,-118.29258099],[33.88082015,-118.29258099],[33.88082015,-118.29258099]],"friends":[1,2,3,4]}