{"messages":["Come on sherm","Come on sherm","She's transferring!","Come on sherm","She's transferring!"],"messages_no":5,"bad_words":[],"bad_words_no":0,"weight":0,"location":[[43.60737368,-116.2083888],[43.60737368,-116.2083888],[43.60441126,-116.20458389],[43.60737368,-116.2083888],[43.60441126,-116.20458389]],"friends":[1,2,3,4]}