{"messages":["I'm soooooo tired","I'm soooooo tired","I'm soooooo tired"],"messages_no":3,"bad_words":[],"bad_words_no":0,"weight":0,"location":[32.85592636,-96.74661552,32.85592636,-96.74661552,32.85592636,-96.74661552]}