{"messages":["Really.. \ud83d\ude12","Really.. \ud83d\ude12","Really.. \ud83d\ude12"],"messages_no":3,"bad_words":[],"bad_words_no":0,"weight":0,"location":[[30.57096519,-97.82069183],[30.57096519,-97.82069183],[30.57096519,-97.82069183]],"friends":[1,2,3,4]}