{"messages":["That throw is all day","That throw is all day","That throw is all day"],"messages_no":3,"bad_words":[],"bad_words_no":0,"weight":0,"location":[[37.30219759,-78.38704155],[37.30219759,-78.38704155],[37.30219759,-78.38704155]],"friends":[1,2,3,4]}