{"messages":["The day I meet @officialR5 is the day I die \ud83d\ude4a\ud83d\udc4f\ud83d\udc81","Tbh I may sound weird when I say this but I love Laura's hands","The day I meet @officialR5 is the day I die \ud83d\ude4a\ud83d\udc4f\ud83d\udc81","The day I meet @officialR5 is the day I die \ud83d\ude4a\ud83d\udc4f\ud83d\udc81","Tbh I may sound weird when I say this but I love Laura's hands"],"messages_no":5,"bad_words":[],"bad_words_no":0,"weight":0,"location":[38.17886047,-85.81227285,38.17980775,-85.81203668,38.17886047,-85.81227285,38.17886047,-85.81227285,38.17980775,-85.81203668]}