{"messages":["Oops... #SuperBowl","Oops... #SuperBowl","Oops... #SuperBowl"],"messages_no":3,"bad_words":[],"bad_words_no":0,"weight":0,"location":[[40.76351532,-74.43152693],[40.76351532,-74.43152693],[40.76351532,-74.43152693]],"friends":[1,2,3,4]}