{"messages":["#EsuranceSave30 #EsuranceSave30","#EsuranceSave30 #EsuranceSave30","#EsuranceSave30 #EsuranceSave30"],"messages_no":3,"bad_words":[],"bad_words_no":0,"weight":0,"location":[[29.3904253,-98.3392917],[29.3904253,-98.3392917],[29.3904253,-98.3392917]],"friends":[1,2,3,4]}