{"messages":["My stomach is killing me \ud83d\ude29","My stomach is killing me \ud83d\ude29","My stomach is killing me \ud83d\ude29"],"messages_no":3,"bad_words":[],"bad_words_no":0,"weight":0,"location":[[26.01715013,-80.398674],[26.01715013,-80.398674],[26.01715013,-80.398674]],"friends":[1,2,3,4]}