{"messages":["Good morning!","Good morning!","Good morning!"],"messages_no":3,"bad_words":[],"bad_words_no":0,"weight":0,"location":[[43.91678849,-69.89797861],[43.91678849,-69.89797861],[43.91678849,-69.89797861]],"friends":[1,2,3,4]}