{"messages":["Drunk in love&gt;&gt;&gt;","Drunk in love&gt;&gt;&gt;","@Willmarch23 already","Drunk in love&gt;&gt;&gt;"],"messages_no":4,"bad_words":[],"bad_words_no":0,"weight":0,"location":[[42.32332,-71.0956413],[42.32332,-71.0956413],[42.3981157,-71.0639466],[42.32332,-71.0956413]],"friends":[1,2,3,4]}