{"messages":["@BrentRivera i have its amazing! Haha\ud83d\ude02","#MagconFamSlays Most definitely.","@BrentRivera i have its amazing! Haha\ud83d\ude02","#MagconFamSlays Most definitely.","@BrentRivera i have its amazing! Haha\ud83d\ude02","#MagconFamSlays Most definitely."],"messages_no":6,"bad_words":[],"bad_words_no":0,"weight":0,"location":[[43.08313431,-88.02797933],[43.08294102,-88.02799609],[43.08313431,-88.02797933],[43.08294102,-88.02799609],[43.08313431,-88.02797933],[43.08294102,-88.02799609]],"friends":[1,2,3,4]}