{"messages":["Worse Kick Ever .","# 77 On Seahawks Has A Big Ole Belly . \ud83d\ude02\ud83d\ude02","@MatthewKerlin28 You're They Only Reason I Started Watching Them But You Know What I'm Saying \u270b Your Ass Is About Too Get Smart I Know . \ud83d\ude02","Worse Kick Ever .","# 77 On Seahawks Has A Big Ole Belly . \ud83d\ude02\ud83d\ude02","@MatthewKerlin28 You're They Only Reason I Started Watching Them But You Know What I'm Saying \u270b Your Ass Is About Too Get Smart I Know . \ud83d\ude02","Worse Kick Ever .","# 77 On Seahawks Has A Big Ole Belly . \ud83d\ude02\ud83d\ude02","@MatthewKerlin28 You're They Only Reason I Started Watching Them But You Know What I'm Saying \u270b Your Ass Is About Too Get Smart I Know . \ud83d\ude02"],"messages_no":9,"bad_words":[],"bad_words_no":0,"weight":0,"location":[[33.24598707,-84.12929758],[33.24596955,-84.12930965],[33.24596329,-84.12914286],[33.24598707,-84.12929758],[33.24596955,-84.12930965],[33.24596329,-84.12914286],[33.24598707,-84.12929758],[33.24596955,-84.12930965],[33.24596329,-84.12914286]],"friends":[1,2,3,4]}