{"messages":["@sweetheart__024 yea right.","@i_LoveBoosie do I know him?","@sweetheart__024 yea right.","@sweetheart__024 yea right.","@i_LoveBoosie do I know him?"],"messages_no":5,"bad_words":[],"bad_words_no":0,"weight":0,"location":[35.5639741,-90.0421451,35.5639863,-90.0421682,35.5639741,-90.0421451,35.5639741,-90.0421451,35.5639863,-90.0421682]}