{"messages":["Tweakers.","Tweakers."],"messages_no":2,"bad_words":[],"bad_words_no":0,"weight":0,"location":[47.3263094,-119.54882108,47.3263094,-119.54882108]}