{"messages":["That's cause it's time to take a nap Paris","That's cause it's time to take a nap Paris","@_0hshitMarisa Ima text you","That's cause it's time to take a nap Paris"],"messages_no":4,"bad_words":[],"bad_words_no":1,"weight":0,"location":[[29.08953447,-81.97460725],[29.08953447,-81.97460725],[29.11150013,-82.01509553],[29.08953447,-81.97460725]],"friends":[1,2,3,4]}