{"messages":["Lmao bad start for manning","Lmao bad start for manning","Lmao bad start for manning"],"messages_no":3,"bad_words":[],"bad_words_no":0,"weight":0,"location":[[34.02433028,-117.67097704],[34.02433028,-117.67097704],[34.02433028,-117.67097704]],"friends":[1,2,3,4]}