{"messages":["OMG I needa pee so badly!","OMG I needa pee so badly!","Love these girls! \u2764\ufe0f http:\/\/t.co\/T30YuhTtIh","OMG I needa pee so badly!","OMG I needa pee so badly!"],"messages_no":5,"bad_words":[],"bad_words_no":0,"weight":0,"location":[33.94478551,-118.22273505,33.94478551,-118.22273505,33.94233807,-118.21137987,33.94478551,-118.22273505,33.94478551,-118.22273505]}