{"messages":["@victoria_roney WHEN WHEN WHEN. ME ME ME \ud83d\ude4b\ud83d\ude4b\ud83d\ude4b\ud83d\ude4b\ud83d\ude4b\ud83d\ude4b\ud83d\ude4b\ud83d\ude4b","I must be your favorite since you favorite everything I tweet #yourcool","@victoria_roney WHEN WHEN WHEN. ME ME ME \ud83d\ude4b\ud83d\ude4b\ud83d\ude4b\ud83d\ude4b\ud83d\ude4b\ud83d\ude4b\ud83d\ude4b\ud83d\ude4b","I must be your favorite since you favorite everything I tweet #yourcool","WOOOOOOW","@victoria_roney WHEN WHEN WHEN. ME ME ME \ud83d\ude4b\ud83d\ude4b\ud83d\ude4b\ud83d\ude4b\ud83d\ude4b\ud83d\ude4b\ud83d\ude4b\ud83d\ude4b","I must be your favorite since you favorite everything I tweet #yourcool","WOOOOOOW"],"messages_no":8,"bad_words":[],"bad_words_no":0,"weight":0,"location":[[35.04470233,-85.30146115],[36.43387421,-86.74439354],[35.04470233,-85.30146115],[36.43387421,-86.74439354],[35.04214958,-85.30865734],[35.04470233,-85.30146115],[36.43387421,-86.74439354],[35.04214958,-85.30865734]],"friends":[1,2,3,4]}