{"messages":["It's a @LilSnupe type of day...","It's a @LilSnupe type of day...","It's a @LilSnupe type of day...","It's a @LilSnupe type of day..."],"messages_no":4,"bad_words":[],"bad_words_no":0,"weight":0,"location":[37.10267008,-85.29756041,37.10267008,-85.29756041,37.10267008,-85.29756041,37.10267008,-85.29756041]}