{"messages":["Boy let me love you \ud83c\udfb6","Boy let me love you \ud83c\udfb6","Damn. Okay! \ud83d\udc4c","Boy let me love you \ud83c\udfb6"],"messages_no":4,"bad_words":[],"bad_words_no":0,"weight":0,"location":[[30.5939633,-85.60239946],[30.5939633,-85.60239946],[30.20110539,-85.6499623],[30.5939633,-85.60239946]],"friends":[1,2,3,4]}