{"messages":["Can't wait to see @SoVeryAwkward tonight \ud83d\ude4c","@montanastupka22 ugh I hate coffee even more \ud83d\ude37","Can't wait to see @SoVeryAwkward tonight \ud83d\ude4c","@montanastupka22 ugh I hate coffee even more \ud83d\ude37","I haven't done anything besides school work since I got out of class at 2 \ud83d\ude34","Can't wait to see @SoVeryAwkward tonight \ud83d\ude4c","@montanastupka22 ugh I hate coffee even more \ud83d\ude37"],"messages_no":7,"bad_words":[],"bad_words_no":0,"weight":0,"location":[[41.07263706,-81.51480915],[41.07301407,-81.51452427],[41.07263706,-81.51480915],[41.07301407,-81.51452427],[41.07295378,-81.51494246],[41.07263706,-81.51480915],[41.07301407,-81.51452427]],"friends":[1,2,3,4]}