{"messages":["2 more months .","lord please give me the patience to deal with leeron tomorrow.","2 more months .","lord please give me the patience to deal with leeron tomorrow.","2 more months .","lord please give me the patience to deal with leeron tomorrow."],"messages_no":6,"bad_words":[],"bad_words_no":0,"weight":0,"location":[[35.4009287,-97.5429036],[35.3973462,-97.5488924],[35.4009287,-97.5429036],[35.3973462,-97.5488924],[35.4009287,-97.5429036],[35.3973462,-97.5488924]],"friends":[1,2,3,4]}