{"messages":["@KFUSE_XOXO yeah the trash guy probably thinks I'm an idiot \ud83d\ude02","\ud83d\ude02 playing zombies.","@KFUSE_XOXO yeah the trash guy probably thinks I'm an idiot \ud83d\ude02","\ud83d\ude02 playing zombies.","\u201c@HeartlessBi_: @emilysmommyy_ And in between your legs? Reporting for booty ma'am \ud83d\ude0f\u201d\n\n\ud83d\ude02\ud83d\ude02\ud83d\ude02\ud83d\ude02\ud83d\udc80","@keeeem94 oh god no baby daddy is still non existent \ud83d\ude02 Julian \ud83d\ude33","Adore you by Miley Cyrus \ud83d\udc4c","@Tay_Marie_Leger wtf I hate you","@ZaiiKriss it's so freakin true though \ud83d\ude12 can't tell you how many customers do that to me.","Three more hours.","All these PLL tweets and I'm stuck in class and can't watch it \ud83d\ude12","I'm too chicken to tell him though \ud83d\ude02","@KFUSE_XOXO yeah the trash guy probably thinks I'm an idiot \ud83d\ude02","\ud83d\ude02 playing zombies.","\u201c@HeartlessBi_: @emilysmommyy_ And in between your legs? Reporting for booty ma'am \ud83d\ude0f\u201d\n\n\ud83d\ude02\ud83d\ude02\ud83d\ude02\ud83d\ude02\ud83d\udc80","@keeeem94 oh god no baby daddy is still non existent \ud83d\ude02 Julian \ud83d\ude33","Adore you by Miley Cyrus \ud83d\udc4c"],"messages_no":17,"bad_words":[],"bad_words_no":0,"weight":0,"location":[[31.27394473,-92.46436478],[30.96854184,-91.95727757],[31.27394473,-92.46436478],[30.96854184,-91.95727757],[30.96839821,-91.95700399],[31.32273197,-92.53590843],[31.08968875,-92.0574393],[31.32275289,-92.53576711],[31.32286387,-92.53623046],[31.32281123,-92.53659138],[31.32292648,-92.53641151],[31.32273822,-92.53670529],[31.27394473,-92.46436478],[30.96854184,-91.95727757],[30.96839821,-91.95700399],[31.32273197,-92.53590843],[31.08968875,-92.0574393]],"friends":[1,2,3,4]}