{"messages":["LOVE MY \ud83d\udc40 BROWS! \ud83d\ude0d","LOVE MY \ud83d\udc40 BROWS! \ud83d\ude0d","LOVE MY \ud83d\udc40 BROWS! \ud83d\ude0d"],"messages_no":3,"bad_words":[],"bad_words_no":0,"weight":0,"location":[[29.87192936,-95.67001998],[29.87192936,-95.67001998],[29.87192936,-95.67001998]],"friends":[1,2,3,4]}