{"messages":["@_Mariaahh_ nothing between my cousin and xiara \ud83d\ude21","@xoxo_marie6 were at","@_Mariaahh_ nothing between my cousin and xiara \ud83d\ude21","@xoxo_marie6 were at","@_Mariaahh_ nothing between my cousin and xiara \ud83d\ude21","@xoxo_marie6 were at"],"messages_no":6,"bad_words":[],"bad_words_no":0,"weight":0,"location":[[39.98577104,-76.27213756],[40.03698821,-76.2532685],[39.98577104,-76.27213756],[40.03698821,-76.2532685],[39.98577104,-76.27213756],[40.03698821,-76.2532685]],"friends":[1,2,3,4]}