{"messages":["#EsuranceSave30","#EsuranceSave30","#EsuranceSave30"],"messages_no":3,"bad_words":[],"bad_words_no":0,"weight":0,"location":[[31.06931666,-98.21085434],[31.06931666,-98.21085434],[31.06931666,-98.21085434]],"friends":[1,2,3,4]}