{"messages":["Mall thine","\u201c@BballProblemz: Basketball &gt; Football\u201d","Mall thine","\u201c@BballProblemz: Basketball &gt; Football\u201d","Mall thine","\u201c@BballProblemz: Basketball &gt; Football\u201d"],"messages_no":6,"bad_words":[],"bad_words_no":0,"weight":0,"location":[[42.61257732,-83.09035515],[42.57539148,-83.0521257],[42.61257732,-83.09035515],[42.57539148,-83.0521257],[42.61257732,-83.09035515],[42.57539148,-83.0521257]],"friends":[1,2,3,4]}