{"messages":["Y'all - the rap battles back","Y'all - the rap battles back","Y'all - the rap battles back"],"messages_no":3,"bad_words":[],"bad_words_no":0,"weight":0,"location":[[33.76163268,-84.37266621],[33.76163268,-84.37266621],[33.76163268,-84.37266621]],"friends":[1,2,3,4]}