{"messages":["2-0 seahawks #GoHawks #safety #1stPlay","2-0 seahawks #GoHawks #safety #1stPlay","2-0 seahawks #GoHawks #safety #1stPlay"],"messages_no":3,"bad_words":[],"bad_words_no":0,"weight":0,"location":[[42.71658916,-71.31170307],[42.71658916,-71.31170307],[42.71658916,-71.31170307]],"friends":[1,2,3,4]}