{"messages":["O $hit","O $hit","O $hit"],"messages_no":3,"bad_words":[],"bad_words_no":0,"weight":0,"location":[[33.98827322,-80.8307337],[33.98827322,-80.8307337],[33.98827322,-80.8307337]],"friends":[1,2,3,4]}