{"messages":["@gteighlor nash please\ud83d\udc9e\ud83d\udc9e\ud83d\udc9e\ud83d\udc9e\ud83d\udc9e","@gteighlor nash please\ud83d\udc9e\ud83d\udc9e\ud83d\udc9e\ud83d\udc9e\ud83d\udc9e","@gteighlor nash please\ud83d\udc9e\ud83d\udc9e\ud83d\udc9e\ud83d\udc9e\ud83d\udc9e"],"messages_no":3,"bad_words":[],"bad_words_no":0,"weight":0,"location":[40.71164169,-73.85638844,40.71164169,-73.85638844,40.71164169,-73.85638844]}