{"messages":["Ahr'mani gets pissed when I take away his bottle \ud83d\ude02 http:\/\/t.co\/xH2qDtUdQi","It got cold up in hur http:\/\/t.co\/CNPyZARHs6","Black hair or red hair?","You're still beautiful to me","Ahr'mani gets pissed when I take away his bottle \ud83d\ude02 http:\/\/t.co\/xH2qDtUdQi","It got cold up in hur http:\/\/t.co\/CNPyZARHs6","Black hair or red hair?","You're still beautiful to me","Friends with benefits is basically like a modern love story lmao \ud83d\ude02","fuck these other niggas, I'll be right by your side, til 3005 \ud83d\ude0c","Me when I'm mad LMFAO","I wish I had nice cheekbones too like my cheeks are just really chubby","Ahr'mani gets pissed when I take away his bottle \ud83d\ude02 http:\/\/t.co\/xH2qDtUdQi","It got cold up in hur http:\/\/t.co\/CNPyZARHs6","Black hair or red hair?","You're still beautiful to me","Friends with benefits is basically like a modern love story lmao \ud83d\ude02","fuck these other niggas, I'll be right by your side, til 3005 \ud83d\ude0c","Me when I'm mad LMFAO","I wish I had nice cheekbones too like my cheeks are just really chubby"],"messages_no":20,"bad_words":[],"bad_words_no":7,"weight":0,"location":[[41.55735636,-73.05839634],[41.55745585,-73.05833361],[41.55752395,-73.05825474],[41.55743464,-73.05832682],[41.55735636,-73.05839634],[41.55745585,-73.05833361],[41.55752395,-73.05825474],[41.55743464,-73.05832682],[41.55752026,-73.05831651],[41.55736306,-73.05831341],[41.55770689,-73.05828474],[41.55747186,-73.05831576],[41.55735636,-73.05839634],[41.55745585,-73.05833361],[41.55752395,-73.05825474],[41.55743464,-73.05832682],[41.55752026,-73.05831651],[41.55736306,-73.05831341],[41.55770689,-73.05828474],[41.55747186,-73.05831576]],"friends":[1,2,3,4]}