{"messages":["WE WANT TEBOW","WE WANT TEBOW","WE WANT TEBOW"],"messages_no":3,"bad_words":[],"bad_words_no":0,"weight":0,"location":[[44.95420963,-89.63842286],[44.95420963,-89.63842286],[44.95420963,-89.63842286]],"friends":[1,2,3,4]}