{"messages":["5 more days till my birthday \ud83d\ude0a","5 more days till my birthday \ud83d\ude0a","I ain't looking at you no more , I'm looking past you.","5 more days till my birthday \ud83d\ude0a"],"messages_no":4,"bad_words":[],"bad_words_no":0,"weight":0,"location":[[34.213326,-118.55434723],[34.213326,-118.55434723],[34.21338367,-118.55432519],[34.213326,-118.55434723]],"friends":[1,2,3,4]}