{"messages":["@xkarencitaa we and me? Lol","@xkarencitaa we and me? Lol","@xkarencitaa we and me? Lol"],"messages_no":3,"bad_words":[],"bad_words_no":0,"weight":0,"location":[[40.52576548,-74.43756603],[40.52576548,-74.43756603],[40.52576548,-74.43756603]],"friends":[1,2,3,4]}