{"messages":["I'm watching the croods. leave me alone","Retiring from twitter for a few hours","I'm watching the croods. leave me alone","I'm watching the croods. leave me alone"],"messages_no":4,"bad_words":[],"bad_words_no":0,"weight":0,"location":[37.52997987,-77.42382802,37.70738369,-77.41791601,37.52997987,-77.42382802,37.52997987,-77.42382802]}