{"messages":["NYC part two!","NYC part two!","NYC part two!"],"messages_no":3,"bad_words":[],"bad_words_no":0,"weight":0,"location":[[42.92746714,-78.87711568],[42.92746714,-78.87711568],[42.92746714,-78.87711568]],"friends":[1,2,3,4]}