{"messages":["I don't go out.","I don't go out.","I'm only seeing ONE , talking to ONE , texting ONE.  I'm good with my only ONE!","I don't go out."],"messages_no":4,"bad_words":[],"bad_words_no":0,"weight":0,"location":[[33.8967423,-81.5424139],[33.8967423,-81.5424139],[34.0657212,-81.1743083],[33.8967423,-81.5424139]],"friends":[1,2,3,4]}