{"messages":["I want some tacos \ud83d\ude2b","I want some tacos \ud83d\ude2b","I want some tacos \ud83d\ude2b","I want some tacos \ud83d\ude2b"],"messages_no":4,"bad_words":[],"bad_words_no":0,"weight":0,"location":[29.90469111,-95.5443194,29.90469111,-95.5443194,29.90469111,-95.5443194,29.90469111,-95.5443194]}