{"messages":["Fresher den a mf","@lexaaaaye_ lmfao \ud83d\ude02\ud83d\ude02\ud83d\ude02 dude I know.","Fresher den a mf"],"messages_no":3,"bad_words":[],"bad_words_no":0,"weight":0,"location":[41.19791571,-95.98774413,41.29733312,-96.05495069,41.19791571,-95.98774413]}