{"messages":["Hittin up great lakes later","Hittin up great lakes later","Hittin up great lakes later","Hittin up great lakes later"],"messages_no":4,"bad_words":[],"bad_words_no":0,"weight":0,"location":[42.355028,-83.0721821,42.355028,-83.0721821,42.355028,-83.0721821,42.355028,-83.0721821]}