{"messages":["Home made pho.","Home made pho."],"messages_no":2,"bad_words":[],"bad_words_no":0,"weight":0,"location":[33.6209383,-112.22546149,33.6209383,-112.22546149]}