{"messages":["Ready to party tonifht! \ud83c\udf7b\ud83c\udf7b\ud83c\udf7b","Ready to party tonifht! \ud83c\udf7b\ud83c\udf7b\ud83c\udf7b","Ready to party tonifht! \ud83c\udf7b\ud83c\udf7b\ud83c\udf7b"],"messages_no":3,"bad_words":[],"bad_words_no":0,"weight":0,"location":[[38.03769681,-93.64489297],[38.03769681,-93.64489297],[38.03769681,-93.64489297]],"friends":[1,2,3,4]}