{"messages":["Incubus needs to come to philly soon","Incubus needs to come to philly soon","I'm so numb to this feeling and that's the saddest part","Incubus needs to come to philly soon","Incubus needs to come to philly soon"],"messages_no":5,"bad_words":[],"bad_words_no":0,"weight":0,"location":[40.27991747,-75.36086464,40.27991747,-75.36086464,40.06414626,-75.05523146,40.27991747,-75.36086464,40.27991747,-75.36086464]}