{"messages":["wow that is real \ud83d\ude33\ud83d\ude18 @MarioTheeBarber","wow that is real \ud83d\ude33\ud83d\ude18 @MarioTheeBarber","excited to be reunited with the golf girls \ud83d\udc6d\ud83d\udc6d\ud83d\udc6d \ud83d\udc97","wow that is real \ud83d\ude33\ud83d\ude18 @MarioTheeBarber"],"messages_no":4,"bad_words":[],"bad_words_no":0,"weight":0,"location":[[32.13798523,-111.00917637],[32.13798523,-111.00917637],[32.13794967,-111.00932256],[32.13798523,-111.00917637]],"friends":[1,2,3,4]}