{"messages":["@RootCody @MarisaAlyna fuck both of yall http:\/\/t.co\/rClxputR3n","Wake up its the first of the mouth","@RootCody @MarisaAlyna fuck both of yall http:\/\/t.co\/rClxputR3n","Wake up its the first of the mouth","At nite its the worst","@RootCody @MarisaAlyna fuck both of yall http:\/\/t.co\/rClxputR3n","Wake up its the first of the mouth","At nite its the worst"],"messages_no":8,"bad_words":[],"bad_words_no":3,"weight":0,"location":[[46.4479788,-120.4151747],[46.4479498,-120.4151553],[46.4479788,-120.4151747],[46.4479498,-120.4151553],[46.4531218,-120.4168691],[46.4479788,-120.4151747],[46.4479498,-120.4151553],[46.4531218,-120.4168691]],"friends":[1,2,3,4]}