{"messages":["@Jmart730 12 days. :)","@Jmart730 12 days. :)","@Jmart730 12 days. :)"],"messages_no":3,"bad_words":[],"bad_words_no":0,"weight":0,"location":[[33.76849836,-84.36727306],[33.76849836,-84.36727306],[33.76849836,-84.36727306]],"friends":[1,2,3,4]}