{"messages":["@Snickers_xO_ pshh the lies you tell woman \ud83d\ude34\ud83d\ude05","denver offense barely even been on the field.","@Snickers_xO_ pshh the lies you tell woman \ud83d\ude34\ud83d\ude05","denver offense barely even been on the field.","#1017","@yungtallynt i mess around crash and end up in a wheelchair with no legs. \ud83d\ude0c\ud83d\ude14","@_TravJohnson nah spider sent it to me earlier, i'm thinking linebacker bro lol, i'm at 236 i'm trying to get to 250 by beginning of fall!","@Snickers_xO_ pshh the lies you tell woman \ud83d\ude34\ud83d\ude05","denver offense barely even been on the field."],"messages_no":9,"bad_words":[],"bad_words_no":0,"weight":0,"location":[[40.77322139,-74.2429785],[40.74384625,-74.1811502],[40.77322139,-74.2429785],[40.74384625,-74.1811502],[40.77315261,-74.24314343],[40.77321941,-74.24316953],[40.77329658,-74.24318176],[40.77322139,-74.2429785],[40.74384625,-74.1811502]],"friends":[1,2,3,4]}