{"messages":["She just had a heart attack \ud83d\ude2d\ud83d\ude2d\ud83d\ude2d\ud83d\ude2d\ud83d\ude2d\ud83d\ude2d\ud83d\ude2d\ud83d\ude2d\ud83d\ude2d\ud83d\ude2d https:\/\/t.co\/3n7dZPx5q4","She just had a heart attack \ud83d\ude2d\ud83d\ude2d\ud83d\ude2d\ud83d\ude2d\ud83d\ude2d\ud83d\ude2d\ud83d\ude2d\ud83d\ude2d\ud83d\ude2d\ud83d\ude2d https:\/\/t.co\/3n7dZPx5q4","@FreeCliff_ @_kiesam_ mais who we talking about ?","Shut up ade , i might just slap you today .","I should've slapped yo ass today !","@I_GetStrong Mary Jane's brother girlfriend .","Got my girls back in volleyball with me ! YAAAAAAY ! Shit about to fun .","She just had a heart attack \ud83d\ude2d\ud83d\ude2d\ud83d\ude2d\ud83d\ude2d\ud83d\ude2d\ud83d\ude2d\ud83d\ude2d\ud83d\ude2d\ud83d\ude2d\ud83d\ude2d https:\/\/t.co\/3n7dZPx5q4","@FreeCliff_ @_kiesam_ mais who we talking about ?"],"messages_no":9,"bad_words":[],"bad_words_no":0,"weight":0,"location":[[29.61831425,-95.50773113],[29.61831425,-95.50773113],[29.61837441,-95.50766733],[29.61829306,-95.50786162],[29.6183986,-95.50778218],[29.61823397,-95.50793725],[29.61824108,-95.50794156],[29.61831425,-95.50773113],[29.61837441,-95.50766733]],"friends":[1,2,3,4]}