{"messages":["@fotoflow @Fuji400 loved the muppets!!!!","#bestbuds was fabulous.","@fotoflow @Fuji400 loved the muppets!!!!","#bestbuds was fabulous.","I am learning so much from @drshow interview with @TimGunn. Powerful stuff.","@fotoflow @Fuji400 loved the muppets!!!!","#bestbuds was fabulous."],"messages_no":7,"bad_words":[],"bad_words_no":3,"weight":0,"location":[[27.39845768,-82.50211705],[27.39834872,-82.50213834],[27.39845768,-82.50211705],[27.39834872,-82.50213834],[27.18708184,-82.48124342],[27.39845768,-82.50211705],[27.39834872,-82.50213834]],"friends":[1,2,3,4]}