{"messages":["waiting...","waiting...","waiting..."],"messages_no":3,"bad_words":[],"bad_words_no":0,"weight":0,"location":[[40.60859666,-74.27087766],[40.60859666,-74.27087766],[40.60859666,-74.27087766]],"friends":[1,2,3,4]}