{"messages":["You think a bitch look better than Miley Cyrus? http:\/\/t.co\/8RUHzctQib","You think a bitch look better than Miley Cyrus? http:\/\/t.co\/8RUHzctQib","Tongue rings &gt;&gt;","Small boobs \ud83d\ude0d\ud83d\udc4b","You think a bitch look better than Miley Cyrus? http:\/\/t.co\/8RUHzctQib","Tongue rings &gt;&gt;","Small boobs \ud83d\ude0d\ud83d\udc4b"],"messages_no":7,"bad_words":[],"bad_words_no":5,"weight":0,"location":[[33.51911068,-83.92200432],[33.51911068,-83.92200432],[33.6802603,-84.0049454],[33.51908752,-83.92189363],[33.51911068,-83.92200432],[33.6802603,-84.0049454],[33.51908752,-83.92189363]],"friends":[1,2,3,4]}