{"messages":["Roll Up ...","* looks around * nah it's just me ... *hugs self*","Roll Up ...","* looks around * nah it's just me ... *hugs self*","6:00 can't come faster .","Roll Up ...","* looks around * nah it's just me ... *hugs self*"],"messages_no":7,"bad_words":[],"bad_words_no":0,"weight":0,"location":[[38.35421964,-75.60281467],[38.35421792,-75.60281211],[38.35421964,-75.60281467],[38.35421792,-75.60281211],[38.35443998,-75.60282509],[38.35421964,-75.60281467],[38.35421792,-75.60281211]],"friends":[1,2,3,4]}