{"messages":["Fuck my knee is killing me \ud83d\ude29\ud83d\ude2b\ud83d\ude29","Fuck my knee is killing me \ud83d\ude29\ud83d\ude2b\ud83d\ude29","Fuck my knee is killing me \ud83d\ude29\ud83d\ude2b\ud83d\ude29"],"messages_no":3,"bad_words":[],"bad_words_no":3,"weight":0,"location":[[37.39524154,-120.71568509],[37.39524154,-120.71568509],[37.39524154,-120.71568509]],"friends":[1,2,3,4]}