{"messages":["Someone hit me up with plans.","Someone hit me up with plans.","Someone hit me up with plans."],"messages_no":3,"bad_words":[],"bad_words_no":0,"weight":0,"location":[[34.03182225,-93.50994961],[34.03182225,-93.50994961],[34.03182225,-93.50994961]],"friends":[1,2,3,4]}