{"messages":["NO BRUCE WILLIS.","NO BRUCE WILLIS.","NO BRUCE WILLIS."],"messages_no":3,"bad_words":[],"bad_words_no":0,"weight":0,"location":[[32.2885811,-106.7480665],[32.2885811,-106.7480665],[32.2885811,-106.7480665]],"friends":[1,2,3,4]}