{"messages":["\u201c@RAIDERS: 2014 begins right now. #RaiderNation\u201d\/\/ #boom","\u201c@RAIDERS: 2014 begins right now. #RaiderNation\u201d\/\/ #boom","\u201c@RAIDERS: 2014 begins right now. #RaiderNation\u201d\/\/ #boom"],"messages_no":3,"bad_words":[],"bad_words_no":0,"weight":0,"location":[[46.9845672,-122.81046853],[46.9845672,-122.81046853],[46.9845672,-122.81046853]],"friends":[1,2,3,4]}