{"messages":["The Flint Hills: Still just Kansas.","The Flint Hills: Still just Kansas.","The Flint Hills: Still just Kansas.","The Flint Hills: Still just Kansas."],"messages_no":4,"bad_words":[],"bad_words_no":0,"weight":0,"location":[38.23511142,-96.39982154,38.23511142,-96.39982154,38.23511142,-96.39982154,38.23511142,-96.39982154]}