{"messages":["why don't u two just date already........","to be completly honest dangly belly button rings are a pain","chocolate by 1975 just came on life is good","@ernsosso i know \ud83d\ude0f","the usual http:\/\/t.co\/jR6h95zpbH"],"messages_no":5,"bad_words":[],"bad_words_no":0,"weight":0,"location":[[41.17265313,-96.02717564],[41.17269603,-96.02718836],[41.15752346,-96.04338285],[41.17284908,-96.02718266],[41.1813684,-96.04136727]]}