{"messages":["@margauxugalino it's open :)!","@margauxugalino it's open :)!","@alexchz1 Michael designed them lol ask him!","@margauxugalino it's open :)!"],"messages_no":4,"bad_words":[],"bad_words_no":0,"weight":0,"location":[[33.79302609,-118.14725389],[33.79302609,-118.14725389],[33.79317468,-118.14717902],[33.79302609,-118.14725389]],"friends":[1,2,3,4]}