{"messages":["Party at wolfs \n\n905 moffet Joplin.","Party at wolfs \n\n905 moffet Joplin.","Party at wolfs \n\n905 moffet Joplin."],"messages_no":3,"bad_words":[],"bad_words_no":0,"weight":0,"location":[[37.10042465,-94.46052105],[37.10042465,-94.46052105],[37.10042465,-94.46052105]],"friends":[1,2,3,4]}