{"messages":["@zachnie march 10th!!","Love this http:\/\/t.co\/wHD7xubLZ4","@zachnie march 10th!!","Love this http:\/\/t.co\/wHD7xubLZ4","Love this http:\/\/t.co\/wHD7xubLZ4"],"messages_no":5,"bad_words":[],"bad_words_no":0,"weight":0,"location":[39.57109874,-84.10272548,39.53640754,-84.08671835,39.57109874,-84.10272548,39.53640754,-84.08671835,39.53640754,-84.08671835]}