{"messages":["@yog052 THIS IS IT !!! http:\/\/t.co\/ckEdH175F5","@yog052 THIS IS IT !!! http:\/\/t.co\/ckEdH175F5"],"messages_no":2,"bad_words":[],"bad_words_no":0,"weight":0,"location":[34.66337796,-118.16987847,34.66337796,-118.16987847]}