{"messages":["Lol fucking incompetent","Lol fucking incompetent","Lol fucking incompetent"],"messages_no":3,"bad_words":[],"bad_words_no":3,"weight":0,"location":[[41.75964896,-72.46929444],[41.75964896,-72.46929444],[41.75964896,-72.46929444]],"friends":[1,2,3,4]}