{"messages":["Rain makes me so sleepy \ud83d\ude0c","Rain makes me so sleepy \ud83d\ude0c","\u201c@DizzyWright: Man Seahawks defense got me feeling like they got more players on the field, wtf\u201d","Rain makes me so sleepy \ud83d\ude0c","Rain makes me so sleepy \ud83d\ude0c"],"messages_no":5,"bad_words":[],"bad_words_no":0,"weight":0,"location":[36.11398885,-115.08574585,36.11398885,-115.08574585,36.15169182,-115.06589008,36.11398885,-115.08574585,36.11398885,-115.08574585]}