{"messages":["First of the month","I just might go back to sleep.","You hoes geeked for Valentine's day?","First of the month","I just might go back to sleep."],"messages_no":5,"bad_words":[],"bad_words_no":0,"weight":0,"location":[33.0299547,-96.6499959,33.0298984,-96.649951,33.0300547,-96.6500719,33.0299547,-96.6499959,33.0298984,-96.649951]}