{"messages":["I feel like shit","I feel like shit","I feel like shit"],"messages_no":3,"bad_words":[],"bad_words_no":3,"weight":0,"location":[[39.77213696,-74.234236],[39.77213696,-74.234236],[39.77213696,-74.234236]],"friends":[1,2,3,4]}