{"messages":["Think I need a nap","Think I need a nap","I need more people to snapchat","Think I need a nap","I need more people to snapchat"],"messages_no":5,"bad_words":[],"bad_words_no":0,"weight":0,"location":[[39.85480851,-82.97406781],[39.85480851,-82.97406781],[39.85533477,-82.97379302],[39.85480851,-82.97406781],[39.85533477,-82.97379302]],"friends":[1,2,3,4]}