{"messages":["Oomf is just\ud83d\ude0d\ud83d\ude0d\ud83d\ude0d\ud83d\ude0d","\u201c@BaIIplayer: So who's ready for baseball season now!? \u270b\u270b\u270b\u270b\u201d\ud83d\ude4c\ud83d\ude4c\ud83d\ude4c\ud83d\ude4c\ud83d\ude4c"],"messages_no":2,"bad_words":[],"bad_words_no":0,"weight":0,"location":[[30.26104799,-85.51549685],[30.26104904,-85.51549638]]}