{"messages":["I guess you say I'm pro bullying?","I guess you say I'm pro bullying?","@jakehella7 dr pepper is owned by coke...","I guess you say I'm pro bullying?"],"messages_no":4,"bad_words":[],"bad_words_no":1,"weight":0,"location":[[33.73982875,-117.7649075],[33.73982875,-117.7649075],[33.73975748,-117.7646469],[33.73982875,-117.7649075]],"friends":[1,2,3,4]}