{"messages":["Shots \ud83d\ude0b","Shots \ud83d\ude0b","Shots \ud83d\ude0b"],"messages_no":3,"bad_words":[],"bad_words_no":0,"weight":0,"location":[[47.11300851,-122.28338456],[47.11300851,-122.28338456],[47.11300851,-122.28338456]],"friends":[1,2,3,4]}