{"messages":["Uncle snoop","Got off work early \ud83d\ude4c"],"messages_no":2,"bad_words":[],"bad_words_no":0,"weight":0,"location":[[42.48643069,-83.20113793],[42.51750663,-83.20384193]]}