{"messages":["@KameronAlley10 is a dime","@KameronAlley10 is a dime","@KameronAlley10 is a dime"],"messages_no":3,"bad_words":[],"bad_words_no":0,"weight":0,"location":[[40.34882941,-94.87307237],[40.34882941,-94.87307237],[40.34882941,-94.87307237]],"friends":[1,2,3,4]}