{"messages":["@FvckMani_ oh okay","@FvckMani_ oh okay","Need somebody to talk to","Getting tired of this fr","@FvckMani_ oh okay"],"messages_no":5,"bad_words":[],"bad_words_no":0,"weight":0,"location":[[35.03944666,-79.00699719],[35.03944666,-79.00699719],[35.04166135,-79.05784645],[35.04167266,-79.05786231],[35.03944666,-79.00699719]],"friends":[1,2,3,4]}