{"messages":["Ew hahahaha for real? You're a piece of shit","PUPPY BOWL X \ud83d\udc36\ud83c\udfc8\ud83c\udf89\ud83d\udc3e\ud83d\udc9c","Ew hahahaha for real? You're a piece of shit"],"messages_no":3,"bad_words":[],"bad_words_no":2,"weight":0,"location":[41.29519393,-81.76655154,41.28935143,-81.78999917,41.29519393,-81.76655154]}