{"messages":["the tears are real","the tears are real","the tears are real"],"messages_no":3,"bad_words":[],"bad_words_no":0,"weight":0,"location":[[40.72176585,-73.53448346],[40.72176585,-73.53448346],[40.72176585,-73.53448346]],"friends":[1,2,3,4]}