{"messages":["He sounds amazing live \ud83d\udc4c","He sounds amazing live \ud83d\udc4c","He sounds amazing live \ud83d\udc4c"],"messages_no":3,"bad_words":[],"bad_words_no":0,"weight":0,"location":[[35.46650879,-97.52830155],[35.46650879,-97.52830155],[35.46650879,-97.52830155]],"friends":[1,2,3,4]}