{"messages":["But what will they say","But what will they say","But what will they say"],"messages_no":3,"bad_words":[],"bad_words_no":0,"weight":0,"location":[[32.23516472,-110.95782299],[32.23516472,-110.95782299],[32.23516472,-110.95782299]],"friends":[1,2,3,4]}