{"messages":["Gardiner's lead down to 38-34. #mesports","Gardiner's lead down to 38-34. #mesports","Gardiner's lead down to 38-34. #mesports"],"messages_no":3,"bad_words":[],"bad_words_no":0,"weight":0,"location":[[44.2274437,-69.78814008],[44.2274437,-69.78814008],[44.2274437,-69.78814008]],"friends":[1,2,3,4]}