{"messages":["I just wanna go home","I just wanna go home","I just wanna go home"],"messages_no":3,"bad_words":[],"bad_words_no":0,"weight":0,"location":[[44.74088875,-93.21535839],[44.74088875,-93.21535839],[44.74088875,-93.21535839]],"friends":[1,2,3,4]}