{"messages":["You understand me , at least you say you do .","You understand me , at least you say you do .","Created my own lane.","Not in the mood today .","You understand me , at least you say you do .","Created my own lane."],"messages_no":6,"bad_words":[],"bad_words_no":0,"weight":0,"location":[[40.75452844,-73.98530525],[40.75452844,-73.98530525],[40.91486177,-73.8374492],[40.7546695,-73.99426076],[40.75452844,-73.98530525],[40.91486177,-73.8374492]],"friends":[1,2,3,4]}