{"messages":["Don't make me make you fall in love with a nigga like me","@shaneeamber I hear you!","Don't make me make you fall in love with a nigga like me","@shaneeamber I hear you!","Don't make me make you fall in love with a nigga like me","@shaneeamber I hear you!"],"messages_no":6,"bad_words":[],"bad_words_no":3,"weight":0,"location":[[41.87649268,-87.6253695],[41.87649526,-87.62533635],[41.87649268,-87.6253695],[41.87649526,-87.62533635],[41.87649268,-87.6253695],[41.87649526,-87.62533635]],"friends":[1,2,3,4]}