{"messages":["All that's waiting is regret","All that's waiting is regret","@LibDaddy_xo thanks babes\ud83d\ude18\ud83d\ude18","All that's waiting is regret"],"messages_no":4,"bad_words":[],"bad_words_no":0,"weight":0,"location":[[41.53702354,-72.78256598],[41.53702354,-72.78256598],[41.53707722,-72.78218044],[41.53702354,-72.78256598]],"friends":[1,2,3,4]}