{"messages":["@laugirl27 don't be sassy","@laugirl27 don't be sassy","@laugirl27 don't be sassy"],"messages_no":3,"bad_words":[],"bad_words_no":0,"weight":0,"location":[[42.55237239,-70.83808818],[42.55237239,-70.83808818],[42.55237239,-70.83808818]],"friends":[1,2,3,4]}