{"messages":["Popping by Chris brown. Is my shit.","Popping by Chris brown. Is my shit.","Popping by Chris brown. Is my shit.","Popping by Chris brown. Is my shit."],"messages_no":4,"bad_words":[],"bad_words_no":3,"weight":0,"location":[41.50179006,-81.56339463,41.50179006,-81.56339463,41.50179006,-81.56339463,41.50179006,-81.56339463]}