{"messages":["@s_lomax8 yeah of course","No justice lol","@s_lomax8 yeah of course","No justice lol","@s_lomax8 yeah of course","No justice lol"],"messages_no":6,"bad_words":[],"bad_words_no":0,"weight":0,"location":[[31.1066094,-97.35310043],[31.09754632,-97.92236399],[31.1066094,-97.35310043],[31.09754632,-97.92236399],[31.1066094,-97.35310043],[31.09754632,-97.92236399]],"friends":[1,2,3,4]}