{"messages":["Ok I'll bite #EsuranceSave30","Ok I'll bite #EsuranceSave30","Ok I'll bite #EsuranceSave30"],"messages_no":3,"bad_words":[],"bad_words_no":0,"weight":0,"location":[[35.12306362,-89.76766343],[35.12306362,-89.76766343],[35.12306362,-89.76766343]],"friends":[1,2,3,4]}