{"messages":["0934- I talked to you a couple times and I know some stories about you and some people\ud83d\ude02\ud83d\ude02","Just kidding. Had to delete that tweet\ud83d\ude02\ud83d\ude02","Damn another touchdown\ud83d\ude02\ud83d\udc4c","0934- I talked to you a couple times and I know some stories about you and some people\ud83d\ude02\ud83d\ude02"],"messages_no":4,"bad_words":[],"bad_words_no":0,"weight":0,"location":[42.08613014,-83.25245538,42.08609133,-83.25241799,42.08613262,-83.25242721,42.08613014,-83.25245538]}