{"messages":["God runaway is fantastic.","I want you. I want you. I want YOU.","Eating a pop tart in the shower bc yolo. http:\/\/t.co\/mcthjkNGkN","God runaway is fantastic.","I want you. I want you. I want YOU.","Eating a pop tart in the shower bc yolo. http:\/\/t.co\/mcthjkNGkN"],"messages_no":6,"bad_words":[],"bad_words_no":0,"weight":0,"location":[34.16175819,-84.80216727,34.16176921,-84.80215997,34.16183639,-84.80214405,34.16175819,-84.80216727,34.16176921,-84.80215997,34.16183639,-84.80214405]}