{"messages":["God runaway is fantastic.","I want you. I want you. I want YOU.","Eating a pop tart in the shower bc yolo. http:\/\/t.co\/mcthjkNGkN","&amp;&amp;&amp;&amp; okay guess we aren't friends.","God runaway is fantastic.","I want you. I want you. I want YOU.","Eating a pop tart in the shower bc yolo. http:\/\/t.co\/mcthjkNGkN","&amp;&amp;&amp;&amp; okay guess we aren't friends.","I guess some people just don't get the message. \ud83d\ude05\n\n#dontbethatguy http:\/\/t.co\/1jJhgrPpU3","God runaway is fantastic.","I want you. I want you. I want YOU.","Eating a pop tart in the shower bc yolo. http:\/\/t.co\/mcthjkNGkN","&amp;&amp;&amp;&amp; okay guess we aren't friends."],"messages_no":13,"bad_words":[],"bad_words_no":0,"weight":0,"location":[[34.16175819,-84.80216727],[34.16176921,-84.80215997],[34.16183639,-84.80214405],[34.16187629,-84.80200407],[34.16175819,-84.80216727],[34.16176921,-84.80215997],[34.16183639,-84.80214405],[34.16187629,-84.80200407],[34.16194174,-84.80189459],[34.16175819,-84.80216727],[34.16176921,-84.80215997],[34.16183639,-84.80214405],[34.16187629,-84.80200407]],"friends":[1,2,3,4]}