{"messages":["I got da munchies","I got da munchies","I got da munchies"],"messages_no":3,"bad_words":[],"bad_words_no":0,"weight":0,"location":[[37.47142225,-77.63891187],[37.47142225,-77.63891187],[37.47142225,-77.63891187]],"friends":[1,2,3,4]}