{"messages":["#iloveyouargy\nlet's trend this instead\nit's his birfday","HOLY FUCKIN SHIT","#iloveyouargy\nlet's trend this instead\nit's his birfday","#iloveyouargy\nlet's trend this instead\nit's his birfday","HOLY FUCKIN SHIT","HOLY FUCKIN SHIT"],"messages_no":6,"bad_words":[],"bad_words_no":0,"weight":0,"location":[36.18571908,-81.23699281,36.1857609,-81.2368121,36.18571908,-81.23699281,36.18571908,-81.23699281,36.1857609,-81.2368121,36.1857609,-81.2368121]}