{"messages":["@KitKat1404 you have no clue","@KitKat1404 you have no clue"],"messages_no":2,"bad_words":[],"bad_words_no":0,"weight":0,"location":[37.9674548,-121.325763,37.9674548,-121.325763]}