{"messages":["I coulda stayed where I was .","I coulda stayed where I was .","Think I won't pull up on ya \ud83d\ude12","I coulda stayed where I was ."],"messages_no":4,"bad_words":[],"bad_words_no":0,"weight":0,"location":[[33.79040725,-84.3243767],[33.79040725,-84.3243767],[33.67569489,-84.26396342],[33.79040725,-84.3243767]],"friends":[1,2,3,4]}