{"messages":["Money on phone","Money on phone"],"messages_no":2,"bad_words":[],"bad_words_no":0,"weight":0,"location":[33.51899047,-80.85780884,33.51899047,-80.85780884]}