{"messages":["Getting weird http:\/\/t.co\/uEatgj794Y","Getting weird http:\/\/t.co\/uEatgj794Y","Getting weird http:\/\/t.co\/uEatgj794Y"],"messages_no":3,"bad_words":[],"bad_words_no":0,"weight":0,"location":[42.28035307,-85.62561947,42.28035307,-85.62561947,42.28035307,-85.62561947]}