{"messages":["Cody secretly recorded me singing... Who wants to hear? \ud83d\ude45\ud83d\ude45\ud83d\ude45\ud83d\ude45\ud83d\ude45\ud83d\ude45\ud83d\ude45\ud83d\ude45\ud83d\ude45","Cody secretly recorded me singing... Who wants to hear? \ud83d\ude45\ud83d\ude45\ud83d\ude45\ud83d\ude45\ud83d\ude45\ud83d\ude45\ud83d\ude45\ud83d\ude45\ud83d\ude45","#EsuranceSave30 because the steamed sandwich industry has an unforeseen future","Cody secretly recorded me singing... Who wants to hear? \ud83d\ude45\ud83d\ude45\ud83d\ude45\ud83d\ude45\ud83d\ude45\ud83d\ude45\ud83d\ude45\ud83d\ude45\ud83d\ude45","#EsuranceSave30 because the steamed sandwich industry has an unforeseen future"],"messages_no":5,"bad_words":[],"bad_words_no":0,"weight":0,"location":[[32.59646023,-85.48649325],[32.59646023,-85.48649325],[32.59681029,-85.48666548],[32.59646023,-85.48649325],[32.59681029,-85.48666548]],"friends":[1,2,3,4]}