{"messages":["Team clumsy . \ud83d\ude4b\ud83d\ude4b\ud83d\ude02","Team clumsy . \ud83d\ude4b\ud83d\ude4b\ud83d\ude02","It's helped me so much this year .\ud83d\ude02","You remind me of a boy that I once knew, see his face whenever I , I look at you . Wouldn't believe all of the things he put me through..\ud83c\udfb6","Team clumsy . \ud83d\ude4b\ud83d\ude4b\ud83d\ude02","It's helped me so much this year .\ud83d\ude02","You remind me of a boy that I once knew, see his face whenever I , I look at you . Wouldn't believe all of the things he put me through..\ud83c\udfb6"],"messages_no":7,"bad_words":[],"bad_words_no":0,"weight":0,"location":[[37.99645802,-122.54717008],[37.99645802,-122.54717008],[38.0023989,-122.5530278],[37.93947487,-122.36064522],[37.99645802,-122.54717008],[38.0023989,-122.5530278],[37.93947487,-122.36064522]],"friends":[1,2,3,4]}