{"messages":["I hate saying goodbye.","I hate saying goodbye.","I hate saying goodbye."],"messages_no":3,"bad_words":[],"bad_words_no":0,"weight":0,"location":[[30.00482944,-96.6501522],[30.00482944,-96.6501522],[30.00482944,-96.6501522]],"friends":[1,2,3,4]}