{"messages":["@ptarkkonen ( Ty for the follow )","@ptarkkonen ( Ty for the follow )","@TrentonJason ( Ty for the follow )","@ptarkkonen ( Ty for the follow )"],"messages_no":4,"bad_words":[],"bad_words_no":0,"weight":0,"location":[[26.25559885,-98.25078545],[26.25559885,-98.25078545],[26.25564762,-98.25084043],[26.25559885,-98.25078545]],"friends":[1,2,3,4]}