{"messages":["Walkin like a one man army.","Walkin like a one man army.","Walkin like a one man army."],"messages_no":3,"bad_words":[],"bad_words_no":0,"weight":0,"location":[[34.80796244,-87.67071244],[34.80796244,-87.67071244],[34.80796244,-87.67071244]],"friends":[1,2,3,4]}