{"messages":["@MrWright_4 I swear","Tonight should be good if it goes as planned","Seahawks are planning the night out they're not worried about this game anymore","@MrWright_4 I swear","Tonight should be good if it goes as planned"],"messages_no":5,"bad_words":[],"bad_words_no":0,"weight":0,"location":[34.22121283,-77.86570427,34.22118088,-77.87065379,34.22114485,-77.87074515,34.22121283,-77.86570427,34.22118088,-77.87065379]}