{"messages":["Jaxon is a shit","Jaxon is a shit"],"messages_no":2,"bad_words":[],"bad_words_no":2,"weight":0,"location":[41.00609799,-111.94501718,41.00609799,-111.94501718]}