{"messages":["Im up\ud83d\ude15","Lawwwd im stuffed\ud83d\ude0d\ud83d\ude0d\ud83d\ude0d\ud83d\ude0d"],"messages_no":2,"bad_words":[],"bad_words_no":0,"weight":0,"location":[[30.46639235,-91.11662115],[30.46617234,-91.11681769]]}