{"messages":["RIP Philip Seymour Hoffman.","RIP Philip Seymour Hoffman.","RIP Philip Seymour Hoffman."],"messages_no":3,"bad_words":[],"bad_words_no":0,"weight":0,"location":[[36.00779532,-75.67214216],[36.00779532,-75.67214216],[36.00779532,-75.67214216]],"friends":[1,2,3,4]}