{"messages":["Sleeping with my huge bear\ud83d\ude03\ud83d\udc9c\ud83d\udc9c\ud83d\udc9c\ud83d\udc9c\ud83d\udc9c\ud83d\udc9c\ud83d\udc9c\ud83d\udc9c\ud83d\udc9c\ud83d\udc9c\ud83d\udc9c\ud83d\udc9c\ud83d\udc9c\ud83d\udc9c\ud83d\udc9c\ud83d\udc9c","\u201c@girlposts: go broncos because Eric Decker http:\/\/t.co\/fVmwEtD3kR\u201d @Toribtw","Sleeping with my huge bear\ud83d\ude03\ud83d\udc9c\ud83d\udc9c\ud83d\udc9c\ud83d\udc9c\ud83d\udc9c\ud83d\udc9c\ud83d\udc9c\ud83d\udc9c\ud83d\udc9c\ud83d\udc9c\ud83d\udc9c\ud83d\udc9c\ud83d\udc9c\ud83d\udc9c\ud83d\udc9c\ud83d\udc9c","Sleeping with my huge bear\ud83d\ude03\ud83d\udc9c\ud83d\udc9c\ud83d\udc9c\ud83d\udc9c\ud83d\udc9c\ud83d\udc9c\ud83d\udc9c\ud83d\udc9c\ud83d\udc9c\ud83d\udc9c\ud83d\udc9c\ud83d\udc9c\ud83d\udc9c\ud83d\udc9c\ud83d\udc9c\ud83d\udc9c"],"messages_no":4,"bad_words":[],"bad_words_no":0,"weight":0,"location":[44.93283776,-89.61853678,44.93278778,-89.61847689,44.93283776,-89.61853678,44.93283776,-89.61853678]}