{"messages":["Professor snape is my favorite","My body kills and I need a back rub","Professor snape is my favorite","Professor snape is my favorite","My body kills and I need a back rub"],"messages_no":5,"bad_words":[],"bad_words_no":0,"weight":0,"location":[43.22884618,-123.3791969,43.22886437,-123.37915189,43.22884618,-123.3791969,43.22884618,-123.3791969,43.22886437,-123.37915189]}