{"messages":["I want you nah nah\ud83d\ude0f","I want you nah nah\ud83d\ude0f","I want you nah nah\ud83d\ude0f"],"messages_no":3,"bad_words":[],"bad_words_no":0,"weight":0,"location":[[39.36389463,-76.60000201],[39.36389463,-76.60000201],[39.36389463,-76.60000201]],"friends":[1,2,3,4]}