{"messages":["#SuperBowl","#SuperBowl","#SuperBowl"],"messages_no":3,"bad_words":[],"bad_words_no":0,"weight":0,"location":[[30.49837938,-86.44108833],[30.49837938,-86.44108833],[30.49837938,-86.44108833]],"friends":[1,2,3,4]}