{"messages":["I need entertainment","I need entertainment","I need entertainment"],"messages_no":3,"bad_words":[],"bad_words_no":0,"weight":0,"location":[[40.86235985,-73.92728095],[40.86235985,-73.92728095],[40.86235985,-73.92728095]],"friends":[1,2,3,4]}