{"messages":["SF i'm coming for yaaa","SF i'm coming for yaaa","SF i'm coming for yaaa"],"messages_no":3,"bad_words":[],"bad_words_no":0,"weight":0,"location":[[37.99442348,-121.31389691],[37.99442348,-121.31389691],[37.99442348,-121.31389691]],"friends":[1,2,3,4]}