{"messages":["@LaynaShaie I play with whichcraft.","@LaynaShaie I play with whichcraft.","The quote in my bio is so beautiful.","@LaynaShaie I play with whichcraft.","The quote in my bio is so beautiful."],"messages_no":5,"bad_words":[],"bad_words_no":0,"weight":0,"location":[[37.2011923,-82.11962222],[37.2011923,-82.11962222],[37.20158564,-82.11946928],[37.2011923,-82.11962222],[37.20158564,-82.11946928]],"friends":[1,2,3,4]}