{"messages":["Bish you wet or nah","Bish you wet or nah","Bish you wet or nah"],"messages_no":3,"bad_words":[],"bad_words_no":0,"weight":0,"location":[[40.74594463,-73.59132649],[40.74594463,-73.59132649],[40.74594463,-73.59132649]],"friends":[1,2,3,4]}