{"messages":["I don't know what happened dad, I don't know what happened.","Oh my god I have to pee \ud83d\ude02\ud83d\ude02\ud83d\ude02\ud83d\ude02\ud83d\ude29\ud83d\ude29\ud83d\ude29\ud83d\ude29\ud83d\udc80\ud83d\udc80\ud83d\udc80\ud83d\udc80","\u201c@wahlean: so this homework.....shit\u201d","I don't know what happened dad, I don't know what happened.","Oh my god I have to pee \ud83d\ude02\ud83d\ude02\ud83d\ude02\ud83d\ude02\ud83d\ude29\ud83d\ude29\ud83d\ude29\ud83d\ude29\ud83d\udc80\ud83d\udc80\ud83d\udc80\ud83d\udc80","\u201c@wahlean: so this homework.....shit\u201d","I don't know what happened dad, I don't know what happened.","Oh my god I have to pee \ud83d\ude02\ud83d\ude02\ud83d\ude02\ud83d\ude02\ud83d\ude29\ud83d\ude29\ud83d\ude29\ud83d\ude29\ud83d\udc80\ud83d\udc80\ud83d\udc80\ud83d\udc80","\u201c@wahlean: so this homework.....shit\u201d"],"messages_no":9,"bad_words":[],"bad_words_no":3,"weight":0,"location":[[32.63639262,-116.94134242],[32.63633334,-116.9422761],[32.63649543,-116.94122968],[32.63639262,-116.94134242],[32.63633334,-116.9422761],[32.63649543,-116.94122968],[32.63639262,-116.94134242],[32.63633334,-116.9422761],[32.63649543,-116.94122968]],"friends":[1,2,3,4]}