{"messages":["I'm in love with this movie","I'm in love with this movie","wow. my mom barely left her work. \ud83d\ude12","I'm in love with this movie","wow. my mom barely left her work. \ud83d\ude12"],"messages_no":5,"bad_words":[],"bad_words_no":0,"weight":0,"location":[[36.00517019,-115.15207262],[36.00517019,-115.15207262],[36.13844108,-115.1202095],[36.00517019,-115.15207262],[36.13844108,-115.1202095]],"friends":[1,2,3,4]}