{"messages":["Yeas\ud83d\udc4f the white people get it crunk \ud83d\udc4f\ud83d\ude02\ud83d\ude02","Yeas\ud83d\udc4f the white people get it crunk \ud83d\udc4f\ud83d\ude02\ud83d\ude02","Yeas\ud83d\udc4f the white people get it crunk \ud83d\udc4f\ud83d\ude02\ud83d\ude02"],"messages_no":3,"bad_words":[],"bad_words_no":0,"weight":0,"location":[[32.99635073,-96.97500972],[32.99635073,-96.97500972],[32.99635073,-96.97500972]],"friends":[1,2,3,4]}