{"messages":["Don't see me as what everybody else see me as!","\u201c@ImonlyKaty: So is my followers horny or nah? \ud83d\ude02\ud83d\ude02\u201d \ud83d\udc40","Don't see me as what everybody else see me as!","\u201c@ImonlyKaty: So is my followers horny or nah? \ud83d\ude02\ud83d\ude02\u201d \ud83d\udc40","The lies this nigga tell phone never be dry","\u201c@rosaSPARKS____: When a nigga nut real quick it's so funny \ud83d\ude02\u201d then you pregnant not funny\ud83d\ude2d\ud83d\ude2d","\u201c@DjCasRVA: Girls be calling other females hoes but your mom got 3 different baby daddies n married to another nigga\u201d","I'm tired!","Don't see me as what everybody else see me as!","\u201c@ImonlyKaty: So is my followers horny or nah? \ud83d\ude02\ud83d\ude02\u201d \ud83d\udc40"],"messages_no":10,"bad_words":[],"bad_words_no":3,"weight":0,"location":[[37.02718441,-76.34188626],[37.54623414,-77.46874706],[37.02718441,-76.34188626],[37.54623414,-77.46874706],[36.88621517,-76.30862367],[36.88621674,-76.30862614],[36.88621612,-76.30861641],[36.88741805,-76.3037692],[37.02718441,-76.34188626],[37.54623414,-77.46874706]],"friends":[1,2,3,4]}