{"messages":["Sonos speakers be on point \ud83d\udc4c\ud83d\udc4c\ud83d\udc4c\ud83d\udc4c\ud83d\udc4c","Sonos speakers be on point \ud83d\udc4c\ud83d\udc4c\ud83d\udc4c\ud83d\udc4c\ud83d\udc4c","Sonos speakers be on point \ud83d\udc4c\ud83d\udc4c\ud83d\udc4c\ud83d\udc4c\ud83d\udc4c"],"messages_no":3,"bad_words":[],"bad_words_no":0,"weight":0,"location":[[40.86289808,-74.13819959],[40.86289808,-74.13819959],[40.86289808,-74.13819959]],"friends":[1,2,3,4]}