{"messages":["\"@BestOfAdvTime: True beauty http:\/\/t.co\/rYVDcKax3i\"","Refuse to get flappy bird","First competition of the season","\"@BestOfAdvTime: True beauty http:\/\/t.co\/rYVDcKax3i\"","Refuse to get flappy bird","First competition of the season","\"@BestOfAdvTime: True beauty http:\/\/t.co\/rYVDcKax3i\"","Refuse to get flappy bird","First competition of the season"],"messages_no":9,"bad_words":[],"bad_words_no":0,"weight":0,"location":[[29.306256,-98.6693693],[29.361191,-98.6375588],[29.3076087,-98.6721548],[29.306256,-98.6693693],[29.361191,-98.6375588],[29.3076087,-98.6721548],[29.306256,-98.6693693],[29.361191,-98.6375588],[29.3076087,-98.6721548]],"friends":[1,2,3,4]}