{"messages":["Beautiful","Beautiful","Beautiful"],"messages_no":3,"bad_words":[],"bad_words_no":0,"weight":0,"location":[[41.48163869,-81.51001688],[41.48163869,-81.51001688],[41.48163869,-81.51001688]],"friends":[1,2,3,4]}