{"messages":["Lil nigga is 6 and a half years old lol","Lil nigga is 6 and a half years old lol","Lil nigga is 6 and a half years old lol"],"messages_no":3,"bad_words":[],"bad_words_no":3,"weight":0,"location":[[38.42191337,-121.47269571],[38.42191337,-121.47269571],[38.42191337,-121.47269571]],"friends":[1,2,3,4]}