{"messages":["Made it to chipotle at 9:59\ud83d\ude0b\ud83d\udc4c","Made it to chipotle at 9:59\ud83d\ude0b\ud83d\udc4c","Made it to chipotle at 9:59\ud83d\ude0b\ud83d\udc4c"],"messages_no":3,"bad_words":[],"bad_words_no":0,"weight":0,"location":[[38.34948764,-75.60226647],[38.34948764,-75.60226647],[38.34948764,-75.60226647]],"friends":[1,2,3,4]}