{"messages":["Drunk as guck","Drunk as guck","Enjoy the show people","@marissa_808 nahhhhhh I hate folding clothes","I need a water bottle. I really don't drink anything else","@austinntweets_ hell yeah \ud83d\ude2d\ud83d\ude02","Drunk as guck","Enjoy the show people","@marissa_808 nahhhhhh I hate folding clothes","I need a water bottle. I really don't drink anything else"],"messages_no":10,"bad_words":[],"bad_words_no":1,"weight":0,"location":[[41.15404864,-81.34706455],[41.15404864,-81.34706455],[41.4343298,-82.13066806],[41.43411887,-82.13051157],[41.43440303,-82.13074545],[41.44385185,-82.13063814],[41.15404864,-81.34706455],[41.4343298,-82.13066806],[41.43411887,-82.13051157],[41.43440303,-82.13074545]],"friends":[1,2,3,4]}