{"messages":["i love my sister man \ud83d\ude02","i love my sister man \ud83d\ude02","i love my sister man \ud83d\ude02"],"messages_no":3,"bad_words":[],"bad_words_no":0,"weight":0,"location":[[41.41538923,-81.54504704],[41.41538923,-81.54504704],[41.41538923,-81.54504704]],"friends":[1,2,3,4]}