{"messages":["Anybody up?","Anybody up?","Anybody up?"],"messages_no":3,"bad_words":[],"bad_words_no":0,"weight":0,"location":[[33.22454029,-117.26567027],[33.22454029,-117.26567027],[33.22454029,-117.26567027]],"friends":[1,2,3,4]}