{"messages":["I so fucked up","I so fucked up"],"messages_no":2,"bad_words":[],"bad_words_no":2,"weight":0,"location":[32.7317133,-116.9735539,32.7317133,-116.9735539]}