{"messages":["Chente 4 da soul","Chente 4 da soul","@joanaaa_16 didnt get my ticket today lol i have class tomorrow :(","@__PDA thank you :) yeah it really does -,-","Chente 4 da soul","@joanaaa_16 didnt get my ticket today lol i have class tomorrow :("],"messages_no":6,"bad_words":[],"bad_words_no":0,"weight":0,"location":[[33.9716143,-117.3148815],[33.9716143,-117.3148815],[34.1783908,-118.3737136],[33.9771477,-117.3414973],[33.9716143,-117.3148815],[34.1783908,-118.3737136]],"friends":[1,2,3,4]}