{"messages":["@TRVRx it's okay I forgive you \ud83d\ude05","@TRVRx it's okay I forgive you \ud83d\ude05","@TRVRx it's okay I forgive you \ud83d\ude05"],"messages_no":3,"bad_words":[],"bad_words_no":0,"weight":0,"location":[[37.72536707,-122.17495104],[37.72536707,-122.17495104],[37.72536707,-122.17495104]],"friends":[1,2,3,4]}