{"messages":["I adore you","I adore you","I adore you"],"messages_no":3,"bad_words":[],"bad_words_no":0,"weight":0,"location":[[33.95554359,-117.2303009],[33.95554359,-117.2303009],[33.95554359,-117.2303009]],"friends":[1,2,3,4]}