{"messages":["I love him so much. http:\/\/t.co\/51u7SBRaEF","I love him so much. http:\/\/t.co\/51u7SBRaEF","I'm complaining.","We speak in different voices when fighting with the ones we've loved #saosin","I love him so much. http:\/\/t.co\/51u7SBRaEF","I'm complaining.","We speak in different voices when fighting with the ones we've loved #saosin"],"messages_no":7,"bad_words":[],"bad_words_no":0,"weight":0,"location":[[38.47387487,-121.39972438],[38.47387487,-121.39972438],[38.40950194,-121.40656396],[38.47389315,-121.39977682],[38.47387487,-121.39972438],[38.40950194,-121.40656396],[38.47389315,-121.39977682]],"friends":[1,2,3,4]}