{"messages":["Bad red bone all red thong","Bad red bone all red thong","@Kaitlin_Babe come?","Bad red bone all red thong","@Kaitlin_Babe come?"],"messages_no":5,"bad_words":[],"bad_words_no":0,"weight":0,"location":[[42.11923082,-80.03865056],[42.11923082,-80.03865056],[42.12055308,-80.0796863],[42.11923082,-80.03865056],[42.12055308,-80.0796863]],"friends":[1,2,3,4]}