{"messages":["\"@layz87gang: @djnasty305 1500 TO 15,000\" &lt; JUST KNOW THAT","\"@layz87gang: @djnasty305 1500 TO 15,000\" &lt; JUST KNOW THAT","\"@layz87gang: @djnasty305 1500 TO 15,000\" &lt; JUST KNOW THAT","\"@layz87gang: @djnasty305 1500 TO 15,000\" &lt; JUST KNOW THAT"],"messages_no":4,"bad_words":[],"bad_words_no":0,"weight":0,"location":[26.0353618,-80.164974,26.0353618,-80.164974,26.0353618,-80.164974,26.0353618,-80.164974]}