{"messages":["I love the beginning \ud83d\ude2d","I love the beginning \ud83d\ude2d","I honestly hate seeing my mom come home around this time and barely making dinner.","I love the beginning \ud83d\ude2d"],"messages_no":4,"bad_words":[],"bad_words_no":0,"weight":0,"location":[[41.81524455,-87.70678505],[41.81524455,-87.70678505],[41.86222332,-87.79322226],[41.81524455,-87.70678505]],"friends":[1,2,3,4]}