{"messages":["Still a Broncos fan!","Still a Broncos fan!","Still a Broncos fan!"],"messages_no":3,"bad_words":[],"bad_words_no":0,"weight":0,"location":[[32.49040342,-85.06042846],[32.49040342,-85.06042846],[32.49040342,-85.06042846]],"friends":[1,2,3,4]}