{"messages":["@_tieonasimone you too \ud83d\ude18 follow back ?","@_tieonasimone you too \ud83d\ude18 follow back ?","then we fuck all night till things get right ..","@_tieonasimone you too \ud83d\ude18 follow back ?"],"messages_no":4,"bad_words":[],"bad_words_no":1,"weight":0,"location":[[33.38425837,-84.15650166],[33.38425837,-84.15650166],[33.38427668,-84.15645296],[33.38425837,-84.15650166]],"friends":[1,2,3,4]}