{"messages":["Gonna go back red doe in a week","Gonna go back red doe in a week","Gonna go back red doe in a week"],"messages_no":3,"bad_words":[],"bad_words_no":0,"weight":0,"location":[41.64494175,-83.62820185,41.64494175,-83.62820185,41.64494175,-83.62820185]}