{"messages":["Grateful for my soul sisters.","@Lo4sho1 it was on Netflix!? I think it still is!","Grateful for my soul sisters.","Grateful for my soul sisters.","@Lo4sho1 it was on Netflix!? I think it still is!"],"messages_no":5,"bad_words":[],"bad_words_no":0,"weight":0,"location":[45.04955382,-93.25958925,44.96969095,-93.26223999,45.04955382,-93.25958925,45.04955382,-93.25958925,44.96969095,-93.26223999]}