{"messages":["That was fast\u263a\ufe0f\u263a\ufe0f\u263a\ufe0f","That was fast\u263a\ufe0f\u263a\ufe0f\u263a\ufe0f"],"messages_no":2,"bad_words":[],"bad_words_no":0,"weight":0,"location":[43.11865062,-123.4144017,43.11865062,-123.4144017]}