{"messages":["@solojess_ yea all I need is the keys and 20 bucks lol","@solojess_ yea all I need is the keys and 20 bucks lol","My stock isn't looking to good \ud83d\udcb1","@solojess_ yea all I need is the keys and 20 bucks lol","My stock isn't looking to good \ud83d\udcb1"],"messages_no":5,"bad_words":[],"bad_words_no":0,"weight":0,"location":[[41.08143876,-73.61880734],[41.08143876,-73.61880734],[41.02865178,-73.66966922],[41.08143876,-73.61880734],[41.02865178,-73.66966922]],"friends":[1,2,3,4]}