{"messages":["\u201c@CallMeWaab: 2 Jobs don't mean shit I need a 3rd one\u201d rftttt","February March April and May all birthday months","Say you love me whatever that is do me a favor save that shit","@___bello @AlmightyEbrum y'all cute \ud83d\ude29\ud83d\ude18","\u201c@CallMeWaab: 2 Jobs don't mean shit I need a 3rd one\u201d rftttt","February March April and May all birthday months","February March April and May all birthday months","Say you love me whatever that is do me a favor save that shit","Say you love me whatever that is do me a favor save that shit","@___bello @AlmightyEbrum y'all cute \ud83d\ude29\ud83d\ude18"],"messages_no":10,"bad_words":[],"bad_words_no":5,"weight":0,"location":[33.97049204,-83.91370372,33.9476011,-83.98638203,33.95013778,-83.98615691,34.04749428,-84.24848003,33.97049204,-83.91370372,33.9476011,-83.98638203,33.9476011,-83.98638203,33.95013778,-83.98615691,33.95013778,-83.98615691,34.04749428,-84.24848003]}