{"messages":["@VictoriasSecret I need a sticker can I get them at any store?","I miss my boyfriend damn it","@VictoriasSecret I need a sticker can I get them at any store?","I miss my boyfriend damn it","\ud83d\ude2d\ud83d\ude2d\ud83d\ude2d\ud83d\ude2d I just miss you &amp; I can make myself stop. Now what...","@VictoriasSecret I need a sticker can I get them at any store?","I miss my boyfriend damn it"],"messages_no":7,"bad_words":[],"bad_words_no":3,"weight":0,"location":[[30.85304461,-83.27979329],[30.85306705,-83.28014863],[30.85304461,-83.27979329],[30.85306705,-83.28014863],[30.85301103,-83.28016314],[30.85304461,-83.27979329],[30.85306705,-83.28014863]],"friends":[1,2,3,4]}