{"messages":["It's too early. \ud83d\ude34","It's too early. \ud83d\ude34","It's too early. \ud83d\ude34"],"messages_no":3,"bad_words":[],"bad_words_no":0,"weight":0,"location":[40.23818947,-79.79360847,40.23818947,-79.79360847,40.23818947,-79.79360847]}