{"messages":["12th man 2 - Denver 0","12th man 2 - Denver 0","12th man 2 - Denver 0"],"messages_no":3,"bad_words":[],"bad_words_no":0,"weight":0,"location":[[35.3623559,-97.54036406],[35.3623559,-97.54036406],[35.3623559,-97.54036406]],"friends":[1,2,3,4]}