{"messages":["Fuck you, flappy bird.","Fuck you, flappy bird.","Fuck you, flappy bird."],"messages_no":3,"bad_words":[],"bad_words_no":3,"weight":0,"location":[[43.40522294,-124.22379784],[43.40522294,-124.22379784],[43.40522294,-124.22379784]],"friends":[1,2,3,4]}