{"messages":["@Kippcity now that's funny!","@Kippcity now that's funny!","@Kippcity now that's funny!"],"messages_no":3,"bad_words":[],"bad_words_no":0,"weight":0,"location":[[42.46484796,-73.24998599],[42.46484796,-73.24998599],[42.46484796,-73.24998599]],"friends":[1,2,3,4]}