{"messages":["Dancing eating dancing again \ud83d\ude0a\ud83d\ude0a\ud83d\ude0a\ud83d\udc81","Dancing eating dancing again \ud83d\ude0a\ud83d\ude0a\ud83d\ude0a\ud83d\udc81","Legs r throbbing still \ud83d\udc81a rubdown is due \ud83d\ude0f","Dancing eating dancing again \ud83d\ude0a\ud83d\ude0a\ud83d\ude0a\ud83d\udc81"],"messages_no":4,"bad_words":[],"bad_words_no":0,"weight":0,"location":[[39.96020545,-75.25866641],[39.96020545,-75.25866641],[39.95932226,-75.26388113],[39.96020545,-75.25866641]],"friends":[1,2,3,4]}