{"messages":["Moonlight Beach \u2744\ufe0f http:\/\/t.co\/yDWP9hwoj7","Moonlight Beach \u2744\ufe0f http:\/\/t.co\/yDWP9hwoj7","Moonlight Beach \u2744\ufe0f http:\/\/t.co\/yDWP9hwoj7"],"messages_no":3,"bad_words":[],"bad_words_no":0,"weight":0,"location":[[33.04756647,-117.29826397],[33.04756647,-117.29826397],[33.04756647,-117.29826397]],"friends":[1,2,3,4]}