{"messages":["Cheap ass fucking game -_____-","Cheap ass fucking game -_____-","Cheap ass fucking game -_____-"],"messages_no":3,"bad_words":[],"bad_words_no":3,"weight":0,"location":[[39.98589285,-105.24682387],[39.98589285,-105.24682387],[39.98589285,-105.24682387]],"friends":[1,2,3,4]}