{"messages":["I hate this shit","I hate this shit","Whose.this hair having bitch?! @KeyAndPeele","I hate this shit"],"messages_no":4,"bad_words":[],"bad_words_no":4,"weight":0,"location":[[36.7209099,-108.1610073],[36.7209099,-108.1610073],[36.749027,-108.1570014],[36.7209099,-108.1610073]],"friends":[1,2,3,4]}