{"messages":["SOMEONE BRING ME A BED","SOMEONE BRING ME A BED","SOMEONE BRING ME A BED"],"messages_no":3,"bad_words":[],"bad_words_no":0,"weight":0,"location":[[39.72912527,-121.8407754],[39.72912527,-121.8407754],[39.72912527,-121.8407754]],"friends":[1,2,3,4]}