{"messages":["I am up way to early...","I am up way to early...","I am up way to early..."],"messages_no":3,"bad_words":[],"bad_words_no":0,"weight":0,"location":[[30.2912586,-91.2435827],[30.2912586,-91.2435827],[30.2912586,-91.2435827]],"friends":[1,2,3,4]}