{"messages":["Sea lion","Sea lion","Need to eat healthy after that work out !","Sea lion","Need to eat healthy after that work out !"],"messages_no":5,"bad_words":[],"bad_words_no":0,"weight":0,"location":[[40.59957003,-74.16478849],[40.59957003,-74.16478849],[40.59955934,-74.16492906],[40.59957003,-74.16478849],[40.59955934,-74.16492906]],"friends":[1,2,3,4]}