{"messages":["Spending my Friday night in my bed watching Netflix.... FML","Spending my Friday night in my bed watching Netflix.... FML","Goodmorning","Spending my Friday night in my bed watching Netflix.... FML","Goodmorning"],"messages_no":5,"bad_words":[],"bad_words_no":0,"weight":0,"location":[[37.54464055,-77.45111963],[37.54464055,-77.45111963],[37.54510077,-77.45101438],[37.54464055,-77.45111963],[37.54510077,-77.45101438]],"friends":[1,2,3,4]}