{"messages":["Door county bound #upnorth","Door county bound #upnorth","Door county bound #upnorth"],"messages_no":3,"bad_words":[],"bad_words_no":0,"weight":0,"location":[[43.29533333,-87.99140917],[43.29533333,-87.99140917],[43.29533333,-87.99140917]],"friends":[1,2,3,4]}