{"messages":["It's 8 o'clock; no plans; I'm about to sleep \ud83d\ude34","@jusscottoXI what are you doing tonight","It's 8 o'clock; no plans; I'm about to sleep \ud83d\ude34","@jusscottoXI what are you doing tonight"],"messages_no":4,"bad_words":[],"bad_words_no":0,"weight":0,"location":[33.80795262,-118.19958257,33.80795931,-118.19949917,33.80795262,-118.19958257,33.80795931,-118.19949917]}