{"messages":["@Jayla_Jenae supposed to snow btr day too!","@SuburbiaFestTX I can not wait!!!","@Jayla_Jenae supposed to snow btr day too!","@SuburbiaFestTX I can not wait!!!","@SuburbiaFestTX I can not wait!!!"],"messages_no":5,"bad_words":[],"bad_words_no":0,"weight":0,"location":[33.08481468,-96.76796487,32.95460173,-96.82168817,33.08481468,-96.76796487,32.95460173,-96.82168817,32.95460173,-96.82168817]}