{"messages":["@littlefishey3 Yeah, it was! \ud83d\ude0a","@littlefishey3 Yeah, it was! \ud83d\ude0a","@littlefishey3 Yeah, it was! \ud83d\ude0a"],"messages_no":3,"bad_words":[],"bad_words_no":0,"weight":0,"location":[[29.89438493,-95.63782892],[29.89438493,-95.63782892],[29.89438493,-95.63782892]],"friends":[1,2,3,4]}