{"messages":["Not dealing with all these dumbasses.","LET'S GO BRONCOS","Not dealing with all these dumbasses.","LET'S GO BRONCOS","@Rickaaaaay_ lmao I don't work there I just know people that do","\"@Heisenberg_54_: Wtf only at de http:\/\/t.co\/3MZNQMXAbX\" #wifey","Not dealing with all these dumbasses.","LET'S GO BRONCOS","@Rickaaaaay_ lmao I don't work there I just know people that do"],"messages_no":9,"bad_words":[],"bad_words_no":0,"weight":0,"location":[[33.4795143,-112.2896216],[33.4203707,-112.5975769],[33.4795143,-112.2896216],[33.4203707,-112.5975769],[33.480323,-112.2883552],[33.4850836,-112.2785925],[33.4795143,-112.2896216],[33.4203707,-112.5975769],[33.480323,-112.2883552]],"friends":[1,2,3,4]}