{"messages":["Fuck what they think \ud83d\ude0a","Fuck what they think \ud83d\ude0a","Fuck what they think \ud83d\ude0a"],"messages_no":3,"bad_words":[],"bad_words_no":3,"weight":0,"location":[[29.75017486,-94.94134883],[29.75017486,-94.94134883],[29.75017486,-94.94134883]],"friends":[1,2,3,4]}