{"messages":["Oh the disrespect ...........","Oh the disrespect ...........","Oh the disrespect ..........."],"messages_no":3,"bad_words":[],"bad_words_no":0,"weight":0,"location":[38.03385901,-84.52148679,38.03385901,-84.52148679,38.03385901,-84.52148679]}