{"messages":["@thatkid_alicia I know be insecure","@thatkid_alicia I know be insecure","@RachelWhaat I always had a feeling he hated me idk but I did \ud83d\ude02","@thatkid_alicia I know be insecure","@thatkid_alicia I know be insecure","@RachelWhaat I always had a feeling he hated me idk but I did \ud83d\ude02"],"messages_no":6,"bad_words":[],"bad_words_no":0,"weight":0,"location":[37.36658768,-120.46996498,37.36658768,-120.46996498,37.34189272,-120.49189009,37.36658768,-120.46996498,37.36658768,-120.46996498,37.34189272,-120.49189009]}