{"messages":["Took that nigga taxis \ud83d\ude02\ud83d\ude02","Took that nigga taxis \ud83d\ude02\ud83d\ude02","@_xoanjeli Leave my mans alone .. \ud83d\ude02\ud83d\ude02\u270b","Paul George is that fucking boy","I jive just rolled the splif ,\ud83d\udcaf","@Keep_It_Pretty on the 32","Took that nigga taxis \ud83d\ude02\ud83d\ude02","@_xoanjeli Leave my mans alone .. \ud83d\ude02\ud83d\ude02\u270b","Paul George is that fucking boy"],"messages_no":9,"bad_words":[],"bad_words_no":5,"weight":0,"location":[[42.9450185,-78.7946596],[42.9450185,-78.7946596],[42.9335482,-78.8204039],[42.9333057,-78.8204367],[42.9334576,-78.8203283],[42.9333182,-78.8204036],[42.9450185,-78.7946596],[42.9335482,-78.8204039],[42.9333057,-78.8204367]],"friends":[1,2,3,4]}