{"messages":["Hit the action button \ud83d\ude0d","Hit the action button \ud83d\ude0d","Hit the action button \ud83d\ude0d"],"messages_no":3,"bad_words":[],"bad_words_no":0,"weight":0,"location":[40.695365,-74.0989106,40.695365,-74.0989106,40.695365,-74.0989106]}