{"messages":["Go Seahawks!","Go Seahawks!","Go Seahawks!"],"messages_no":3,"bad_words":[],"bad_words_no":0,"weight":0,"location":[[34.16384968,-118.37816505],[34.16384968,-118.37816505],[34.16384968,-118.37816505]],"friends":[1,2,3,4]}