{"messages":["\u201c@RAV0lAUGHS_: Cee Better Not Be Mad\u201d I was mad.","Breaks my heart because I love fast good lol","\u201c@ShortyyCee: @CierraAniceee_ nigga I just realized you changed the tweet \ud83d\ude12\ud83d\ude02\u201d a micro teacup chihuahua.","\u201c@RAV0lAUGHS_: Cee Better Not Be Mad\u201d I was mad.","Breaks my heart because I love fast good lol","\u201c@ShortyyCee: @CierraAniceee_ nigga I just realized you changed the tweet \ud83d\ude12\ud83d\ude02\u201d a micro teacup chihuahua.","I was hella fine when I had my braces before lol \ud83d\ude0f\ud83d\ude1c","\u201c@RAV0lAUGHS_: Cee Better Not Be Mad\u201d I was mad.","Breaks my heart because I love fast good lol","\u201c@ShortyyCee: @CierraAniceee_ nigga I just realized you changed the tweet \ud83d\ude12\ud83d\ude02\u201d a micro teacup chihuahua.","I was hella fine when I had my braces before lol \ud83d\ude0f\ud83d\ude1c"],"messages_no":11,"bad_words":[],"bad_words_no":5,"weight":0,"location":[[29.46175373,-95.09062979],[29.4617566,-95.09078116],[29.46183313,-95.09069701],[29.46175373,-95.09062979],[29.4617566,-95.09078116],[29.46183313,-95.09069701],[29.46712723,-95.09263901],[29.46175373,-95.09062979],[29.4617566,-95.09078116],[29.46183313,-95.09069701],[29.46712723,-95.09263901]],"friends":[1,2,3,4]}