{"messages":["that's when you know","that's when you know","that's when you know"],"messages_no":3,"bad_words":[],"bad_words_no":0,"weight":0,"location":[40.82404356,-73.14398912,40.82404356,-73.14398912,40.82404356,-73.14398912]}