{"messages":["yaaaassss re get buttahddd","yaaaassss re get buttahddd","yaaaassss re get buttahddd"],"messages_no":3,"bad_words":[],"bad_words_no":0,"weight":0,"location":[38.15781887,-85.85379237,38.15781887,-85.85379237,38.15781887,-85.85379237]}