{"messages":["\u201c@GenuineGent_x: Bruno is killing it #SuperBowl\u201d \ud83d\ude18","\u201c@GenuineGent_x: Bruno is killing it #SuperBowl\u201d \ud83d\ude18","Lmao what I'm about to do is kinda psycho","@mikayla_flo it is! There's no denying it \ud83d\ude0a","\u201c@GenuineGent_x: Bruno is killing it #SuperBowl\u201d \ud83d\ude18","Lmao what I'm about to do is kinda psycho"],"messages_no":6,"bad_words":[],"bad_words_no":0,"weight":0,"location":[[27.51100824,-97.85022698],[27.51100824,-97.85022698],[27.51105426,-97.85022564],[27.51103951,-97.85027476],[27.51100824,-97.85022698],[27.51105426,-97.85022564]],"friends":[1,2,3,4]}