{"messages":["@EvelynEchever11 yeah at 4 ! Get out at  8","@EvelynEchever11 yeah at 4 ! Get out at  8","@EvelynEchever11 yeah at 4 ! Get out at  8"],"messages_no":3,"bad_words":[],"bad_words_no":0,"weight":0,"location":[32.82227388,-97.16493103,32.82227388,-97.16493103,32.82227388,-97.16493103]}