{"messages":["#maxsucks","#maxsucks","#maxsucks"],"messages_no":3,"bad_words":[],"bad_words_no":0,"weight":0,"location":[[41.29527873,-96.1641735],[41.29527873,-96.1641735],[41.29527873,-96.1641735]],"friends":[1,2,3,4]}