{"messages":["@ItzGomez_ didnt even say hi \ue40e","Let thisss month bee unforgetable ! \ue106\ue418","@LazyAss_Alan next time \ue40a","Cutest shit iv ever owned!!\ue106\ue106\ue106\ue106\ue106","@ItzGomez_ didnt even say hi \ue40e","Let thisss month bee unforgetable ! \ue106\ue418","@LazyAss_Alan next time \ue40a","Cutest shit iv ever owned!!\ue106\ue106\ue106\ue106\ue106","i hatee martha rn \ue411\ue411\ue411\ue411\ue411","\"@MelissaMari_: Either you make the time or just forget me \u270c\ufe0f\"","@ItzGomez_ didnt even say hi \ue40e","Let thisss month bee unforgetable ! \ue106\ue418","@LazyAss_Alan next time \ue40a","Cutest shit iv ever owned!!\ue106\ue106\ue106\ue106\ue106"],"messages_no":14,"bad_words":[],"bad_words_no":3,"weight":0,"location":[[36.5154539,-121.4404854],[36.5154499,-121.4404805],[36.5155166,-121.4399564],[36.5154499,-121.4404805],[36.5154539,-121.4404854],[36.5154499,-121.4404805],[36.5155166,-121.4399564],[36.5154499,-121.4404805],[36.5152232,-121.4404195],[36.5152232,-121.4404195],[36.5154539,-121.4404854],[36.5154499,-121.4404805],[36.5155166,-121.4399564],[36.5154499,-121.4404805]],"friends":[1,2,3,4]}