{"messages":["New friends \ud83d\udc6d\ud83d\udc6c\ud83d\udc97","New friends \ud83d\udc6d\ud83d\udc6c\ud83d\udc97"],"messages_no":2,"bad_words":[],"bad_words_no":0,"weight":0,"location":[33.41272035,-111.93013502,33.41272035,-111.93013502]}