{"messages":["Terry Crews!","Terry Crews!","Terry Crews!"],"messages_no":3,"bad_words":[],"bad_words_no":0,"weight":0,"location":[[47.4970656,-122.3524674],[47.4970656,-122.3524674],[47.4970656,-122.3524674]],"friends":[1,2,3,4]}