{"messages":["Tom brady wouldnt\ud83d\ude24","Tom brady wouldnt\ud83d\ude24","Sitten at the round table makin boss moves\ud83d\udc7f\ud83d\udca1","I see Folk tryna take pictures so im like whole up wait, freeze boy\u270b\u2728\ud83d\ude24\u2728\ud83d\udcf7\ud83d\udcf1","Tom brady wouldnt\ud83d\ude24","Sitten at the round table makin boss moves\ud83d\udc7f\ud83d\udca1"],"messages_no":6,"bad_words":[],"bad_words_no":0,"weight":0,"location":[[34.97942307,-81.24950859],[34.97942307,-81.24950859],[34.97909505,-81.24900846],[34.97944931,-81.24898173],[34.97942307,-81.24950859],[34.97909505,-81.24900846]],"friends":[1,2,3,4]}