{"messages":["My bitch \/ bestest friend !! \ud83d\udc9b\ud83d\udc99\ud83d\udc9c\ud83d\udc9a\u2764\ufe0f\ud83d\udc96 @brooke5550821","My bitch \/ bestest friend !! \ud83d\udc9b\ud83d\udc99\ud83d\udc9c\ud83d\udc9a\u2764\ufe0f\ud83d\udc96 @brooke5550821"],"messages_no":2,"bad_words":[],"bad_words_no":2,"weight":0,"location":[39.03617062,-74.8663294,39.03617062,-74.8663294]}