{"messages":["@mell0wiwi 11 :) you?","@AnnasGay4U lol no. They're like electric\/industrial.","@mell0wiwi 11 :) you?","@AnnasGay4U lol no. They're like electric\/industrial.","@mell0wiwi 11 :) you?","@AnnasGay4U lol no. They're like electric\/industrial."],"messages_no":6,"bad_words":[],"bad_words_no":0,"weight":0,"location":[[29.46702513,-98.50206546],[29.49338961,-98.48060285],[29.46702513,-98.50206546],[29.49338961,-98.48060285],[29.46702513,-98.50206546],[29.49338961,-98.48060285]],"friends":[1,2,3,4]}