{"messages":["Have my natural hair out. \ud83d\ude01","Have my natural hair out. \ud83d\ude01","Have my natural hair out. \ud83d\ude01"],"messages_no":3,"bad_words":[],"bad_words_no":0,"weight":0,"location":[[39.79264788,-75.93717276],[39.79264788,-75.93717276],[39.79264788,-75.93717276]],"friends":[1,2,3,4]}