{"messages":["I Wanna Be A Bartender !","I Wanna Be A Bartender !","Who In #FVSU Willing To Help Me In #Biology !!! I'm In Need Me Professor Is Hell \ud83d\ude23\ud83d\ude29","I Wanna Be A Bartender !"],"messages_no":4,"bad_words":[],"bad_words_no":0,"weight":0,"location":[[32.53481271,-83.89702573],[32.53481271,-83.89702573],[32.53541666,-83.89817654],[32.53481271,-83.89702573]],"friends":[1,2,3,4]}