{"messages":["I keep changing the channel like it ain't nothing man.","Her crazy ass \ud83d\ude02\ud83d\ude12","I keep changing the channel like it ain't nothing man.","Her crazy ass \ud83d\ude02\ud83d\ude12","I'm hungry my head hurts people get on my nerves. Like I just don't understand \ud83d\ude29\ud83d\ude29","Idk why thoe.","Having a heart to heart with him tonight gotta get some stuff off my chest!\ud83d\udc4c\ud83d\udcaf","Somebody should snap chat me","I keep changing the channel like it ain't nothing man.","Her crazy ass \ud83d\ude02\ud83d\ude12","I'm hungry my head hurts people get on my nerves. Like I just don't understand \ud83d\ude29\ud83d\ude29","Idk why thoe.","Having a heart to heart with him tonight gotta get some stuff off my chest!\ud83d\udc4c\ud83d\udcaf"],"messages_no":13,"bad_words":[],"bad_words_no":0,"weight":0,"location":[[36.95597042,-78.96764408],[36.95596879,-78.9675214],[36.95597042,-78.96764408],[36.95596879,-78.9675214],[36.73126394,-78.90815425],[36.95579935,-78.9674875],[36.95600228,-78.9675017],[36.95600211,-78.96749594],[36.95597042,-78.96764408],[36.95596879,-78.9675214],[36.73126394,-78.90815425],[36.95579935,-78.9674875],[36.95600228,-78.9675017]],"friends":[1,2,3,4]}