{"messages":["Because fuck math.","Because fuck math.","Because fuck math.","Because fuck math."],"messages_no":4,"bad_words":[],"bad_words_no":3,"weight":0,"location":[39.78088504,-84.06591855,39.78088504,-84.06591855,39.78088504,-84.06591855,39.78088504,-84.06591855]}