{"messages":["Car and a crib she bout to pay em both off\ud83d\ude0d\ud83d\ude0d\ud83d\udc85\ud83d\udc85","@DrayaLegit mines bigger tho","Dam let's just go back to 2 years ago she has done so much... my fav is unstoppable","Car and a crib she bout to pay em both off\ud83d\ude0d\ud83d\ude0d\ud83d\udc85\ud83d\udc85","Car and a crib she bout to pay em both off\ud83d\ude0d\ud83d\ude0d\ud83d\udc85\ud83d\udc85","@DrayaLegit mines bigger tho","@DrayaLegit mines bigger tho"],"messages_no":7,"bad_words":[],"bad_words_no":0,"weight":0,"location":[38.6144713,-121.4249242,38.5894842,-121.4166418,38.6106722,-121.4383897,38.6144713,-121.4249242,38.6144713,-121.4249242,38.5894842,-121.4166418,38.5894842,-121.4166418]}