{"messages":["Goodmorning Thots","Goodmorning Thots","Goodmorning Thots"],"messages_no":3,"bad_words":[],"bad_words_no":0,"weight":0,"location":[[41.87409004,-71.41888825],[41.87409004,-71.41888825],[41.87409004,-71.41888825]],"friends":[1,2,3,4]}