{"messages":["@NALBJ__ that's what's up what autumn doing","@ARIEdaJABRONI right lol Seahawks game","@NALBJ__ that's what's up what autumn doing","@ARIEdaJABRONI right lol Seahawks game","To do list: 1) You.","@NALBJ__ that's what's up what autumn doing","@ARIEdaJABRONI right lol Seahawks game"],"messages_no":7,"bad_words":[],"bad_words_no":0,"weight":0,"location":[[42.41140107,-83.1040125],[42.41151791,-83.10359509],[42.41140107,-83.1040125],[42.41151791,-83.10359509],[42.41144304,-83.10415261],[42.41140107,-83.1040125],[42.41151791,-83.10359509]],"friends":[1,2,3,4]}