{"messages":["#6thFan #UTST","#6thFan #UTST","#6thFan #UTST"],"messages_no":3,"bad_words":[],"bad_words_no":0,"weight":0,"location":[41.7011311,-111.9745423,41.7011311,-111.9745423,41.7011311,-111.9745423]}