{"messages":["i don't like pushovers","i swear if ulisses uses up all the hot water ..","i don't like pushovers","i swear if ulisses uses up all the hot water ..","i don't like pushovers","i swear if ulisses uses up all the hot water .."],"messages_no":6,"bad_words":[],"bad_words_no":0,"weight":0,"location":[[29.46377155,-98.57536917],[29.46385468,-98.57597935],[29.46377155,-98.57536917],[29.46385468,-98.57597935],[29.46377155,-98.57536917],[29.46385468,-98.57597935]],"friends":[1,2,3,4]}