{"messages":["#APSuperBowl Go Broncos!!","#APSuperBowl Go Broncos!!","#APSuperBowl Go Broncos!!"],"messages_no":3,"bad_words":[],"bad_words_no":0,"weight":0,"location":[[33.10092339,-96.89374271],[33.10092339,-96.89374271],[33.10092339,-96.89374271]],"friends":[1,2,3,4]}