{"messages":["@_Agnes101 or some chips...\ud83d\ude1d","@_Agnes101 or some chips...\ud83d\ude1d","@_Agnes101 or some chips...\ud83d\ude1d"],"messages_no":3,"bad_words":[],"bad_words_no":0,"weight":0,"location":[[35.02655035,-80.73566144],[35.02655035,-80.73566144],[35.02655035,-80.73566144]],"friends":[1,2,3,4]}