{"messages":["Fuck em","Fuck em","Fuck em"],"messages_no":3,"bad_words":[],"bad_words_no":3,"weight":0,"location":[[39.83267685,-84.10190578],[39.83267685,-84.10190578],[39.83267685,-84.10190578]],"friends":[1,2,3,4]}