{"messages":["@AjQuiero whats poppin?","@AjQuiero whats poppin?","@AjQuiero whats poppin?"],"messages_no":3,"bad_words":[],"bad_words_no":0,"weight":0,"location":[40.0347239,-82.8957525,40.0347239,-82.8957525,40.0347239,-82.8957525]}