{"messages":["@Amanda_Rosex3 honestly \ud83d\ude29\ud83d\ude29\ud83d\ude29","@Amanda_Rosex3 honestly \ud83d\ude29\ud83d\ude29\ud83d\ude29","@Amanda_Rosex3 honestly \ud83d\ude29\ud83d\ude29\ud83d\ude29"],"messages_no":3,"bad_words":[],"bad_words_no":0,"weight":0,"location":[40.86386753,-74.02686671,40.86386753,-74.02686671,40.86386753,-74.02686671]}