{"messages":["@lespaulguy222 will do","Death Magnetic wasn't bad at all: http:\/\/t.co\/tpPeOXAsrp","SEATTLE IS BRINGING THE HEAT GODDAMN","@lespaulguy222 will do","@lespaulguy222 will do","Death Magnetic wasn't bad at all: http:\/\/t.co\/tpPeOXAsrp","Death Magnetic wasn't bad at all: http:\/\/t.co\/tpPeOXAsrp"],"messages_no":7,"bad_words":[],"bad_words_no":0,"weight":0,"location":[34.08628978,-81.17544274,34.08633255,-81.1754498,34.06602432,-81.21743664,34.08628978,-81.17544274,34.08628978,-81.17544274,34.08633255,-81.1754498,34.08633255,-81.1754498]}