{"messages":["Fefe on the block.","Fefe on the block.","Fefe on the block."],"messages_no":3,"bad_words":[],"bad_words_no":0,"weight":0,"location":[[41.8960108,-87.7345613],[41.8960108,-87.7345613],[41.8960108,-87.7345613]],"friends":[1,2,3,4]}