{"messages":["Happy birthday phaggot @escobedoa31","Happy birthday phaggot @escobedoa31","Happy birthday phaggot @escobedoa31"],"messages_no":3,"bad_words":[],"bad_words_no":0,"weight":0,"location":[[32.42699567,-99.83933785],[32.42699567,-99.83933785],[32.42699567,-99.83933785]],"friends":[1,2,3,4]}