{"messages":["@TwerkForTwerk @CrzyCanucklehed do we really have the same birthday?","I SHARE A BIRTHDAY WITH TERRY JONES OF MONTY PYTHON","DAE TWO GOAL LEADS","@TwerkForTwerk @CrzyCanucklehed do we really have the same birthday?","@TwerkForTwerk @CrzyCanucklehed do we really have the same birthday?","I SHARE A BIRTHDAY WITH TERRY JONES OF MONTY PYTHON","I SHARE A BIRTHDAY WITH TERRY JONES OF MONTY PYTHON","DAE TWO GOAL LEADS"],"messages_no":8,"bad_words":[],"bad_words_no":0,"weight":0,"location":[33.62260567,-97.75678754,33.54726858,-97.83657756,33.54704657,-97.83685742,33.62260567,-97.75678754,33.62260567,-97.75678754,33.54726858,-97.83657756,33.54726858,-97.83657756,33.54704657,-97.83685742]}