{"messages":["Lmfao I'm such an asshole","Lmfao I'm such an asshole","A lot of people feel the same about wings huh","Lmfao I'm such an asshole"],"messages_no":4,"bad_words":[],"bad_words_no":0,"weight":0,"location":[[40.87273843,-74.64726375],[40.87273843,-74.64726375],[40.83289489,-74.83401801],[40.87273843,-74.64726375]],"friends":[1,2,3,4]}