{"messages":["@TheBookOfErock who you got?","@TheBookOfErock who you got?","@TheBookOfErock who you got?"],"messages_no":3,"bad_words":[],"bad_words_no":0,"weight":0,"location":[[37.99494014,-121.86623298],[37.99494014,-121.86623298],[37.99494014,-121.86623298]],"friends":[1,2,3,4]}