{"messages":["im in this house starving .","im in this house starving .","im in this house starving ."],"messages_no":3,"bad_words":[],"bad_words_no":0,"weight":0,"location":[[29.95870242,-90.09098816],[29.95870242,-90.09098816],[29.95870242,-90.09098816]],"friends":[1,2,3,4]}