{"messages":["Good halftime show!","Good halftime show!","Good halftime show!"],"messages_no":3,"bad_words":[],"bad_words_no":0,"weight":0,"location":[[44.57025158,-92.61272885],[44.57025158,-92.61272885],[44.57025158,-92.61272885]],"friends":[1,2,3,4]}