{"messages":["Don't start shit with me.","Baby it's not that easy.","Don't start shit with me.","Baby it's not that easy.","Baby it's not that easy."],"messages_no":5,"bad_words":[],"bad_words_no":2,"weight":0,"location":[32.89847877,-111.76510629,32.89846533,-111.76519135,32.89847877,-111.76510629,32.89846533,-111.76519135,32.89846533,-111.76519135]}