{"messages":["Scott won't do shit","Scott won't do shit","Scott won't do shit"],"messages_no":3,"bad_words":[],"bad_words_no":3,"weight":0,"location":[[42.24050936,-83.2872489],[42.24050936,-83.2872489],[42.24050936,-83.2872489]],"friends":[1,2,3,4]}