{"messages":["I'll be right there, beginning to the end","I'll be right there, beginning to the end","Got a secret can you keep it??\ud83d\ude36","I'll be right there, beginning to the end"],"messages_no":4,"bad_words":[],"bad_words_no":0,"weight":0,"location":[[37.6681372,-122.42238732],[37.6681372,-122.42238732],[37.66818677,-122.42221873],[37.6681372,-122.42238732]],"friends":[1,2,3,4]}