{"messages":["Yea bitch I'm livin \ud83d\ude02\ud83d\ude02\ud83d\udc4b","Yea bitch I'm livin \ud83d\ude02\ud83d\ude02\ud83d\udc4b","I needa clean my mirror while I'm steady takin pictures \ud83d\ude29 bum ass.","Yea bitch I'm livin \ud83d\ude02\ud83d\ude02\ud83d\udc4b"],"messages_no":4,"bad_words":[],"bad_words_no":3,"weight":0,"location":[[41.7505339,-87.60712664],[41.7505339,-87.60712664],[41.75048859,-87.60706806],[41.7505339,-87.60712664]],"friends":[1,2,3,4]}