{"messages":["For The Right One","Let Me Text Kwon Back Now","For The Right One","For The Right One","Let Me Text Kwon Back Now","Let Me Text Kwon Back Now"],"messages_no":6,"bad_words":[],"bad_words_no":0,"weight":0,"location":[28.20557734,-82.75734276,28.20557556,-82.75734124,28.20557734,-82.75734276,28.20557734,-82.75734276,28.20557556,-82.75734124,28.20557556,-82.75734124]}