{"messages":["@alyssansmith id have 908, boom.","@alyssansmith id have 908, boom.","@alyssansmith id have 908, boom."],"messages_no":3,"bad_words":[],"bad_words_no":0,"weight":0,"location":[[33.06916871,-97.06589413],[33.06916871,-97.06589413],[33.06916871,-97.06589413]],"friends":[1,2,3,4]}