{"messages":["This class is awkward","This class is awkward","This class is awkward"],"messages_no":3,"bad_words":[],"bad_words_no":0,"weight":0,"location":[[42.98305352,-87.96507196],[42.98305352,-87.96507196],[42.98305352,-87.96507196]],"friends":[1,2,3,4]}