{"messages":["IHOP with the sis @mmhh_Our2ndlife","PRAISING CLARISSA RIGHT NOW","IHOP with the sis @mmhh_Our2ndlife","PRAISING CLARISSA RIGHT NOW","IHOP with the sis @mmhh_Our2ndlife","PRAISING CLARISSA RIGHT NOW"],"messages_no":6,"bad_words":[],"bad_words_no":0,"weight":0,"location":[[33.84707661,-117.9981405],[33.69607645,-117.38959611],[33.84707661,-117.9981405],[33.69607645,-117.38959611],[33.84707661,-117.9981405],[33.69607645,-117.38959611]],"friends":[1,2,3,4]}