{"messages":["Bruno finna kill it","Bruno finna kill it","Bruno finna kill it"],"messages_no":3,"bad_words":[],"bad_words_no":0,"weight":0,"location":[[32.76929633,-96.45481939],[32.76929633,-96.45481939],[32.76929633,-96.45481939]],"friends":[1,2,3,4]}