{"messages":["Pizza $ wine http:\/\/t.co\/4gk0GiM1fS","Pizza $ wine http:\/\/t.co\/4gk0GiM1fS","Pizza $ wine http:\/\/t.co\/4gk0GiM1fS"],"messages_no":3,"bad_words":[],"bad_words_no":0,"weight":0,"location":[[44.94592331,-93.17786808],[44.94592331,-93.17786808],[44.94592331,-93.17786808]],"friends":[1,2,3,4]}