{"messages":["\"Read a book.\"","\"Read a book.\""],"messages_no":2,"bad_words":[],"bad_words_no":0,"weight":0,"location":[37.06435966,-76.48731572,37.06435966,-76.48731572]}