{"messages":["@Sunny_D812 dude the sexiest thing ever.","@Sunny_D812 dude the sexiest thing ever.","@Sunny_D812 dude the sexiest thing ever."],"messages_no":3,"bad_words":[],"bad_words_no":0,"weight":0,"location":[[39.46625961,-87.45934666],[39.46625961,-87.45934666],[39.46625961,-87.45934666]],"friends":[1,2,3,4]}