{"messages":["Ride along had me crakin up","Ride along had me crakin up","Ride along had me crakin up"],"messages_no":3,"bad_words":[],"bad_words_no":0,"weight":0,"location":[[38.32749982,-122.30179942],[38.32749982,-122.30179942],[38.32749982,-122.30179942]],"friends":[1,2,3,4]}