{"messages":["Peep the J's tho http:\/\/t.co\/bBtcCJl8ep","Peep the J's tho http:\/\/t.co\/bBtcCJl8ep","Follow me http:\/\/t.co\/s6d2q7d8wr","Peep the J's tho http:\/\/t.co\/bBtcCJl8ep"],"messages_no":4,"bad_words":[],"bad_words_no":0,"weight":0,"location":[[38.50303628,-121.53541903],[38.50303628,-121.53541903],[38.5241103,-121.51980481],[38.50303628,-121.53541903]],"friends":[1,2,3,4]}