{"messages":["I see your coat Hollywood Joe \ud83d\ude02\ud83d\ude02#SB48","I see your coat Hollywood Joe \ud83d\ude02\ud83d\ude02#SB48","I see your coat Hollywood Joe \ud83d\ude02\ud83d\ude02#SB48"],"messages_no":3,"bad_words":[],"bad_words_no":0,"weight":0,"location":[[39.82825276,-84.90640596],[39.82825276,-84.90640596],[39.82825276,-84.90640596]],"friends":[1,2,3,4]}