{"messages":["Ugh whatevs.","\u201c@_jordyngarcia: michaela really trying hard to steal my bae cara \u270b\ud83d\udd2b\u201d not trying. Already did.","Ugh whatevs.","\u201c@_jordyngarcia: michaela really trying hard to steal my bae cara \u270b\ud83d\udd2b\u201d not trying. Already did.","I never finish reading books","Ugh whatevs.","\u201c@_jordyngarcia: michaela really trying hard to steal my bae cara \u270b\ud83d\udd2b\u201d not trying. Already did."],"messages_no":7,"bad_words":[],"bad_words_no":0,"weight":0,"location":[[37.89742499,-121.32253395],[37.89735856,-121.32249146],[37.89742499,-121.32253395],[37.89735856,-121.32249146],[37.97934271,-121.33517185],[37.89742499,-121.32253395],[37.89735856,-121.32249146]],"friends":[1,2,3,4]}