{"messages":["I'm so over tired holy crap","I'm so over tired holy crap","I'm so over tired holy crap"],"messages_no":3,"bad_words":[],"bad_words_no":0,"weight":0,"location":[[41.96821952,-71.47494242],[41.96821952,-71.47494242],[41.96821952,-71.47494242]],"friends":[1,2,3,4]}