{"messages":["I don't really give a fuck.","I don't really give a fuck.","Ima fucking goof ball.","I don't really give a fuck."],"messages_no":4,"bad_words":[],"bad_words_no":4,"weight":0,"location":[[38.91126702,-92.33911442],[38.91126702,-92.33911442],[38.95772453,-92.3379206],[38.91126702,-92.33911442]],"friends":[1,2,3,4]}