{"messages":["I need to pee man.","I need to pee man.","I need to pee man."],"messages_no":3,"bad_words":[],"bad_words_no":0,"weight":0,"location":[[34.5852534,-118.1084884],[34.5852534,-118.1084884],[34.5852534,-118.1084884]],"friends":[1,2,3,4]}