{"messages":["@kimsahpsta COLD!!!!","@kimsahpsta COLD!!!!","@kimsahpsta COLD!!!!"],"messages_no":3,"bad_words":[],"bad_words_no":0,"weight":0,"location":[[37.63931468,-118.97155504],[37.63931468,-118.97155504],[37.63931468,-118.97155504]],"friends":[1,2,3,4]}