{"messages":["It's gonna be so on:)","It's gonna be so on:)","It's gonna be so on:)"],"messages_no":3,"bad_words":[],"bad_words_no":0,"weight":0,"location":[[46.97534542,-123.88836083],[46.97534542,-123.88836083],[46.97534542,-123.88836083]],"friends":[1,2,3,4]}