{"messages":["OK\n\nWORST HEADACHE EVER","OK\n\nWORST HEADACHE EVER","OK\n\nWORST HEADACHE EVER","OK\n\nWORST HEADACHE EVER"],"messages_no":4,"bad_words":[],"bad_words_no":0,"weight":0,"location":[29.574904,-95.6334693,29.574904,-95.6334693,29.574904,-95.6334693,29.574904,-95.6334693]}