{"messages":["@ThatSoEric what?","@ThatSoEric what?","Today is just one of those days. Hoping for a brighter tomorrow","@ThatSoEric what?","Today is just one of those days. Hoping for a brighter tomorrow"],"messages_no":5,"bad_words":[],"bad_words_no":0,"weight":0,"location":[[40.67321162,-73.97027424],[40.67321162,-73.97027424],[40.69415568,-73.98269256],[40.67321162,-73.97027424],[40.69415568,-73.98269256]],"friends":[1,2,3,4]}