{"messages":["This is so gross. I couldn't even pretend to be a zombie \ud83d\ude37\ud83d\ude37","This is so gross. I couldn't even pretend to be a zombie \ud83d\ude37\ud83d\ude37","Ugh nothing sounds good.","This is so gross. I couldn't even pretend to be a zombie \ud83d\ude37\ud83d\ude37","Ugh nothing sounds good."],"messages_no":5,"bad_words":[],"bad_words_no":0,"weight":0,"location":[[31.11690714,-97.88750444],[31.11690714,-97.88750444],[31.11710646,-97.88776525],[31.11690714,-97.88750444],[31.11710646,-97.88776525]],"friends":[1,2,3,4]}