{"messages":["Stupid me","Stupid me"],"messages_no":2,"bad_words":[],"bad_words_no":0,"weight":0,"location":[29.66454736,-95.12758912,29.66454736,-95.12758912]}