{"messages":["Bowling \ud83c\udfb3","Bowling \ud83c\udfb3","Bowling \ud83c\udfb3"],"messages_no":3,"bad_words":[],"bad_words_no":0,"weight":0,"location":[[40.14266285,-82.97770695],[40.14266285,-82.97770695],[40.14266285,-82.97770695]],"friends":[1,2,3,4]}