{"messages":["Ugh bite me yb \ud83d\ude12","\u201c@Thareal_Noriega: @theyh8mira_ that ain't cool tho I'm at 15 now\u201dlol u shitty yb","\u201c@Na_Gottii: iont like u either nigga\u201dwasn't even talking about u but hurry up","I wanna c somebody today","\u201c@_LABassNigga: @theyh8mira_ Seahawks won ?\u201dyeah","Ugh bite me yb \ud83d\ude12","\u201c@Thareal_Noriega: @theyh8mira_ that ain't cool tho I'm at 15 now\u201dlol u shitty yb","\u201c@Na_Gottii: iont like u either nigga\u201dwasn't even talking about u but hurry up","I wanna c somebody today","\u201c@_LABassNigga: @theyh8mira_ Seahawks won ?\u201dyeah","\u201c@Thareal_Noriega: I ain't texting her back she disrespectful\u201d\ud83d\udc40","Feel like all these tears about to start streaming down my face \ud83d\ude2a","\ud83d\ude02\ud83d\ude02 she said she give have a baby just for food stamps \ud83d\ude02\ud83d\ude02","Ugh bite me yb \ud83d\ude12","\u201c@Thareal_Noriega: @theyh8mira_ that ain't cool tho I'm at 15 now\u201dlol u shitty yb","\u201c@Na_Gottii: iont like u either nigga\u201dwasn't even talking about u but hurry up","I wanna c somebody today","\u201c@_LABassNigga: @theyh8mira_ Seahawks won ?\u201dyeah","\u201c@Thareal_Noriega: I ain't texting her back she disrespectful\u201d\ud83d\udc40"],"messages_no":19,"bad_words":[],"bad_words_no":9,"weight":0,"location":[[39.91188508,-75.24546987],[39.91179083,-75.24554844],[39.91195138,-75.24556182],[39.91184304,-75.24544229],[39.91191048,-75.2454713],[39.91188508,-75.24546987],[39.91179083,-75.24554844],[39.91195138,-75.24556182],[39.91184304,-75.24544229],[39.91191048,-75.2454713],[39.9118974,-75.24551396],[39.91171061,-75.24528882],[39.91188292,-75.24529625],[39.91188508,-75.24546987],[39.91179083,-75.24554844],[39.91195138,-75.24556182],[39.91184304,-75.24544229],[39.91191048,-75.2454713],[39.9118974,-75.24551396]],"friends":[1,2,3,4]}