{"messages":["Go pacers!!! @marcus2617","Go pacers!!! @marcus2617","Go pacers!!! @marcus2617"],"messages_no":3,"bad_words":[],"bad_words_no":0,"weight":0,"location":[[39.76399134,-86.15547797],[39.76399134,-86.15547797],[39.76399134,-86.15547797]],"friends":[1,2,3,4]}