{"messages":["@UhOh_itsTAL thank you","@UhOh_itsTAL thank you","@UhOh_itsTAL thank you"],"messages_no":3,"bad_words":[],"bad_words_no":0,"weight":0,"location":[37.56249717,-77.45132075,37.56249717,-77.45132075,37.56249717,-77.45132075]}