{"messages":["Wind 1.3 mph E. Barometer 1008.0 mb, Steady. Temperature 46.0 \u00b0F. Rain today 0.00 in. Humidity 94%","Wind 1.3 mph S. Barometer 1006.0 mb, Steady. Temperature 53.6 \u00b0F. Rain today 0.00 in. Humidity 98%","Wind 3.8 mph NW. Barometer 1006.0 mb, Steady. Temperature 39.2 \u00b0F. Rain today 0.00 in. Humidity 96%","Wind 1.3 mph E. Barometer 1008.0 mb, Steady. Temperature 46.0 \u00b0F. Rain today 0.00 in. Humidity 94%","Wind 1.3 mph S. Barometer 1006.0 mb, Steady. Temperature 53.6 \u00b0F. Rain today 0.00 in. Humidity 98%","Wind 3.8 mph NW. Barometer 1006.0 mb, Steady. Temperature 39.2 \u00b0F. Rain today 0.00 in. Humidity 96%","Wind 0.0 mph ---. Barometer 1022.0 mb, Steady. Temperature 3.2 \u00b0F. Rain today 0.00 in. Humidity 78%","Wind 1.3 mph E. Barometer 1008.0 mb, Steady. Temperature 46.0 \u00b0F. Rain today 0.00 in. Humidity 94%","Wind 1.3 mph S. Barometer 1006.0 mb, Steady. Temperature 53.6 \u00b0F. Rain today 0.00 in. Humidity 98%","Wind 3.8 mph NW. Barometer 1006.0 mb, Steady. Temperature 39.2 \u00b0F. Rain today 0.00 in. Humidity 96%","Wind 0.0 mph ---. Barometer 1022.0 mb, Steady. Temperature 3.2 \u00b0F. Rain today 0.00 in. Humidity 78%"],"messages_no":11,"bad_words":[],"bad_words_no":0,"weight":0,"location":[[36.325,-94.12722222],[36.325,-94.12722222],[36.325,-94.12722222],[36.325,-94.12722222],[36.325,-94.12722222],[36.325,-94.12722222],[36.325,-94.12722222],[36.325,-94.12722222],[36.325,-94.12722222],[36.325,-94.12722222],[36.325,-94.12722222]],"friends":[1,2,3,4]}