{"messages":["@cotton_eye what?!","@cotton_eye what?!","@cotton_eye what?!"],"messages_no":3,"bad_words":[],"bad_words_no":0,"weight":0,"location":[[41.0798156,-85.2674626],[41.0798156,-85.2674626],[41.0798156,-85.2674626]],"friends":[1,2,3,4]}