{"messages":[". straight up \ue420","Surff Boardd Surff Boardd \ue402\ue418\ue111\n http:\/\/t.co\/FOqLRYNnbk",". straight up \ue420","Surff Boardd Surff Boardd \ue402\ue418\ue111\n http:\/\/t.co\/FOqLRYNnbk",". straight up \ue420","Surff Boardd Surff Boardd \ue402\ue418\ue111\n http:\/\/t.co\/FOqLRYNnbk"],"messages_no":6,"bad_words":[],"bad_words_no":0,"weight":0,"location":[[32.9741022,-89.9659435],[32.9740713,-89.965965],[32.9741022,-89.9659435],[32.9740713,-89.965965],[32.9741022,-89.9659435],[32.9740713,-89.965965]],"friends":[1,2,3,4]}