{"messages":["Stomach cramps and back cramps... \ud83d\ude29","Stomach cramps and back cramps... \ud83d\ude29","Stomach cramps and back cramps... \ud83d\ude29"],"messages_no":3,"bad_words":[],"bad_words_no":0,"weight":0,"location":[[44.71913694,-123.00995993],[44.71913694,-123.00995993],[44.71913694,-123.00995993]],"friends":[1,2,3,4]}