{"messages":["Watch out","Watch out"],"messages_no":2,"bad_words":[],"bad_words_no":0,"weight":0,"location":[30.6308793,-96.30125455,30.6308793,-96.30125455]}