{"messages":["haha wow. like really? \ud83d\ude11","I really want a chocolate milkshake from mcdonalds","haha wow. like really? \ud83d\ude11","I really want a chocolate milkshake from mcdonalds","haha wow. like really? \ud83d\ude11","I really want a chocolate milkshake from mcdonalds"],"messages_no":6,"bad_words":[],"bad_words_no":0,"weight":0,"location":[[39.293573,-80.26291148],[39.29355187,-80.26288407],[39.293573,-80.26291148],[39.29355187,-80.26288407],[39.293573,-80.26291148],[39.29355187,-80.26288407]],"friends":[1,2,3,4]}