{"messages":["I found my nose ring bless","I found my nose ring bless","I found my nose ring bless"],"messages_no":3,"bad_words":[],"bad_words_no":0,"weight":0,"location":[[38.87461829,-76.77050155],[38.87461829,-76.77050155],[38.87461829,-76.77050155]],"friends":[1,2,3,4]}