{"messages":["@thiscrazygirl96 soooooo true lol","@thiscrazygirl96 soooooo true lol","@EDM512 now u feel the cold air hit you face lol","It's cold in this room my nose is cold \ud83d\ude14","@thiscrazygirl96 soooooo true lol"],"messages_no":5,"bad_words":[],"bad_words_no":0,"weight":0,"location":[[30.1632277,-97.79056104],[30.1632277,-97.79056104],[30.08613195,-97.70361342],[30.08616355,-97.70345517],[30.1632277,-97.79056104]],"friends":[1,2,3,4]}