{"messages":["don't kick her sharkeisha.","don't kick her sharkeisha.","don't kick her sharkeisha."],"messages_no":3,"bad_words":[],"bad_words_no":0,"weight":0,"location":[[43.17979868,-86.29231156],[43.17979868,-86.29231156],[43.17979868,-86.29231156]],"friends":[1,2,3,4]}