{"messages":["SOS send someone to hangout","I shake my motherfucking head at the type of girls guys fuck with these days","Javier literally blocked me bc I dared him","SOS send someone to hangout","I shake my motherfucking head at the type of girls guys fuck with these days","Javier literally blocked me bc I dared him","@DeeDotJonesG4B you are wonderful.","SOS send someone to hangout","I shake my motherfucking head at the type of girls guys fuck with these days","Javier literally blocked me bc I dared him"],"messages_no":10,"bad_words":[],"bad_words_no":6,"weight":0,"location":[[39.76019073,-121.57326007],[39.76002095,-121.57343719],[39.75993197,-121.57321775],[39.76019073,-121.57326007],[39.76002095,-121.57343719],[39.75993197,-121.57321775],[39.75976489,-121.57344564],[39.76019073,-121.57326007],[39.76002095,-121.57343719],[39.75993197,-121.57321775]],"friends":[1,2,3,4]}