{"messages":["crowbars and sledgehammers","crowbars and sledgehammers","crowbars and sledgehammers"],"messages_no":3,"bad_words":[],"bad_words_no":0,"weight":0,"location":[[34.04800325,-118.23386615],[34.04800325,-118.23386615],[34.04800325,-118.23386615]],"friends":[1,2,3,4]}