{"messages":["\u201c@_henrylion69: someone hmu\u201dnah","I just wanna be alone","My sister loves making me feel stupid smh","Going to cerritos mall \ud83d\ude0a","\u201c@_henrylion69: someone hmu\u201dnah","I just wanna be alone","My sister loves making me feel stupid smh","Going to cerritos mall \ud83d\ude0a","@TTLYTEALA I know I'm annoying but please follow me that's all I'm asking for babe :)","It's the best feeling ever when your idol notices you \ud83d\udc95","Text me someone","\u201c@_henrylion69: someone hmu\u201dnah","I just wanna be alone","My sister loves making me feel stupid smh","Going to cerritos mall \ud83d\ude0a","@TTLYTEALA I know I'm annoying but please follow me that's all I'm asking for babe :)"],"messages_no":16,"bad_words":[],"bad_words_no":0,"weight":0,"location":[[33.98184566,-118.19728729],[33.98182756,-118.19713374],[33.98185585,-118.19722485],[33.98184072,-118.19723843],[33.98184566,-118.19728729],[33.98182756,-118.19713374],[33.98185585,-118.19722485],[33.98184072,-118.19723843],[33.98178142,-118.19725209],[33.97873388,-118.17769233],[33.98186515,-118.1972826],[33.98184566,-118.19728729],[33.98182756,-118.19713374],[33.98185585,-118.19722485],[33.98184072,-118.19723843],[33.98178142,-118.19725209]],"friends":[1,2,3,4]}