{"messages":["@rjl134 Truee story","@rjl134 Truee story"],"messages_no":2,"bad_words":[],"bad_words_no":0,"weight":0,"location":[42.478473,-90.69901499,42.478473,-90.69901499]}