{"messages":["I just need to move.","I just need to move.","I just need to move."],"messages_no":3,"bad_words":[],"bad_words_no":0,"weight":0,"location":[[41.65754508,-90.48992576],[41.65754508,-90.48992576],[41.65754508,-90.48992576]],"friends":[1,2,3,4]}