{"messages":["This shit is rigged.","This shit is rigged.","This shit is rigged."],"messages_no":3,"bad_words":[],"bad_words_no":3,"weight":0,"location":[[31.87864365,-106.4193369],[31.87864365,-106.4193369],[31.87864365,-106.4193369]],"friends":[1,2,3,4]}