{"messages":["#BeatDuke","#BeatDuke"],"messages_no":2,"bad_words":[],"bad_words_no":0,"weight":0,"location":[42.93593677,-76.56276852,42.93593677,-76.56276852]}