{"messages":["Feeling old \ud83d\ude14","Feeling old \ud83d\ude14"],"messages_no":2,"bad_words":[],"bad_words_no":0,"weight":0,"location":[39.69141441,-104.88654619,39.69141441,-104.88654619]}