{"messages":["Great my stomach pain is back","Great my stomach pain is back","Great my stomach pain is back"],"messages_no":3,"bad_words":[],"bad_words_no":0,"weight":0,"location":[[37.75303414,-120.8913448],[37.75303414,-120.8913448],[37.75303414,-120.8913448]],"friends":[1,2,3,4]}