{"messages":["I'm in complete shock.","I'm in complete shock.","I'm in complete shock."],"messages_no":3,"bad_words":[],"bad_words_no":0,"weight":0,"location":[[31.50619899,-100.44760352],[31.50619899,-100.44760352],[31.50619899,-100.44760352]],"friends":[1,2,3,4]}