{"messages":["#EsuranceSave30","#EsuranceSave30","#EsuranceSave30"],"messages_no":3,"bad_words":[],"bad_words_no":0,"weight":0,"location":[[30.60970517,-96.32749305],[30.60970517,-96.32749305],[30.60970517,-96.32749305]],"friends":[1,2,3,4]}