{"messages":["I love college","I love college","I love college"],"messages_no":3,"bad_words":[],"bad_words_no":0,"weight":0,"location":[[42.73607108,-84.46813902],[42.73607108,-84.46813902],[42.73607108,-84.46813902]],"friends":[1,2,3,4]}