{"messages":["This game is over #SuperBowl #SB48","This game is over #SuperBowl #SB48","This game is over #SuperBowl #SB48"],"messages_no":3,"bad_words":[],"bad_words_no":0,"weight":0,"location":[[40.77319053,-73.95141798],[40.77319053,-73.95141798],[40.77319053,-73.95141798]],"friends":[1,2,3,4]}