{"messages":["\ud83d\ude2d\ud83d\ude2d\ud83d\ude2d\ud83d\ude2d me watching we are Marshall","\ud83d\ude2d\ud83d\ude2d\ud83d\ude2d\ud83d\ude2d me watching we are Marshall","\ud83d\ude2d\ud83d\ude2d\ud83d\ude2d\ud83d\ude2d me watching we are Marshall"],"messages_no":3,"bad_words":[],"bad_words_no":0,"weight":0,"location":[[37.31028782,-89.53423524],[37.31028782,-89.53423524],[37.31028782,-89.53423524]],"friends":[1,2,3,4]}