{"messages":["What a nice eventful night \ud83d\udc4c","I guess 530 is always a good time to go to bed.","\u201c@Kaycarrdd: @de_dennis92 gaaaaayyyy I'm trying to drink but you're not down\u201d come to Vegas ... You're not down haha","What a nice eventful night \ud83d\udc4c","I guess 530 is always a good time to go to bed.","\u201c@Kaycarrdd: @de_dennis92 gaaaaayyyy I'm trying to drink but you're not down\u201d come to Vegas ... You're not down haha","What a nice eventful night \ud83d\udc4c","I guess 530 is always a good time to go to bed.","\u201c@Kaycarrdd: @de_dennis92 gaaaaayyyy I'm trying to drink but you're not down\u201d come to Vegas ... You're not down haha"],"messages_no":9,"bad_words":[],"bad_words_no":0,"weight":0,"location":[[36.0601142,-115.28302722],[36.05997609,-115.28325417],[36.06008727,-115.28305488],[36.0601142,-115.28302722],[36.05997609,-115.28325417],[36.06008727,-115.28305488],[36.0601142,-115.28302722],[36.05997609,-115.28325417],[36.06008727,-115.28305488]],"friends":[1,2,3,4]}