{"messages":["Beyond This Moment","Beyond This Moment","Beyond This Moment"],"messages_no":3,"bad_words":[],"bad_words_no":0,"weight":0,"location":[[33.79515196,-117.85306919],[33.79515196,-117.85306919],[33.79515196,-117.85306919]],"friends":[1,2,3,4]}