{"messages":["#EsuranceSave30","#EsuranceSave30","#EsuranceSave30"],"messages_no":3,"bad_words":[],"bad_words_no":0,"weight":0,"location":[[26.66122667,-80.24194147],[26.66122667,-80.24194147],[26.66122667,-80.24194147]],"friends":[1,2,3,4]}