{"messages":["State Property 2 was a disappointment \ud83d\ude29","Plan on making snow angels for once \ud83d\udc4f","State Property 2 was a disappointment \ud83d\ude29","Plan on making snow angels for once \ud83d\udc4f","State Property 2 was a disappointment \ud83d\ude29","Plan on making snow angels for once \ud83d\udc4f"],"messages_no":6,"bad_words":[],"bad_words_no":0,"weight":0,"location":[[40.4735794,-90.68888213],[40.4735681,-90.68889005],[40.4735794,-90.68888213],[40.4735681,-90.68889005],[40.4735794,-90.68888213],[40.4735681,-90.68889005]],"friends":[1,2,3,4]}