{"messages":["@bobstroup YAY!!!","@bobstroup YAY!!!","@bobstroup YAY!!!","@bobstroup YAY!!!"],"messages_no":4,"bad_words":[],"bad_words_no":0,"weight":0,"location":[33.476779,-111.9384209,33.476779,-111.9384209,33.476779,-111.9384209,33.476779,-111.9384209]}