{"messages":["Happy New Year!","Happy New Year!","Happy New Year!","Happy New Year!"],"messages_no":4,"bad_words":[],"bad_words_no":0,"weight":0,"location":[33.24420321,-111.88482037,33.24420321,-111.88482037,33.24420321,-111.88482037,33.24420321,-111.88482037]}