{"messages":["Pandora on point right now !! \ud83d\udc4c\ud83d\ude0d","Pandora on point right now !! \ud83d\udc4c\ud83d\ude0d","This been a hard day . \ud83d\ude14\ud83d\ude29\ud83d\ude2d","I am really sick of this shit !!","Pandora on point right now !! \ud83d\udc4c\ud83d\ude0d"],"messages_no":5,"bad_words":[],"bad_words_no":1,"weight":0,"location":[[36.03575626,-114.95735053],[36.03575626,-114.95735053],[36.03636773,-114.95695014],[36.03646982,-114.95697597],[36.03575626,-114.95735053]],"friends":[1,2,3,4]}