{"messages":["As long as you happy I gotta be happier","I got shells in my purse I guru buy sun liud","As long as you happy I gotta be happier","I got shells in my purse I guru buy sun liud","TT baby woke \ud83d\ude0d","I see where I get that petty shit from but damn bitch I'm your child","As long as you happy I gotta be happier","I got shells in my purse I guru buy sun liud","TT baby woke \ud83d\ude0d"],"messages_no":9,"bad_words":[],"bad_words_no":6,"weight":0,"location":[[41.45596567,-81.57453449],[41.43092701,-81.49314772],[41.45596567,-81.57453449],[41.43092701,-81.49314772],[41.43788633,-81.57228737],[41.43798699,-81.5720578],[41.45596567,-81.57453449],[41.43092701,-81.49314772],[41.43788633,-81.57228737]],"friends":[1,2,3,4]}