{"messages":["@Atlanta2393 lol idid I'm a good student  \u263a\ufe0f\u270f\ufe0f\ud83d\udcd8","@Atlanta2393 lol idid I'm a good student  \u263a\ufe0f\u270f\ufe0f\ud83d\udcd8","@Atlanta2393 lol idid I'm a good student  \u263a\ufe0f\u270f\ufe0f\ud83d\udcd8"],"messages_no":3,"bad_words":[],"bad_words_no":0,"weight":0,"location":[42.00147118,-87.65725052,42.00147118,-87.65725052,42.00147118,-87.65725052]}