{"messages":["I miss my babe&lt;3","I miss my babe&lt;3","I miss my babe&lt;3"],"messages_no":3,"bad_words":[],"bad_words_no":0,"weight":0,"location":[[31.7526214,-106.2697648],[31.7526214,-106.2697648],[31.7526214,-106.2697648]],"friends":[1,2,3,4]}