{"messages":["@Dave_Melhorn the neary residence shlugging","\u201c@nicolleee_: fuck a manning\u201d #3rings #tombrady","@Dave_Melhorn the neary residence shlugging","\u201c@nicolleee_: fuck a manning\u201d #3rings #tombrady","@ressey_raub I get that a lot","@DAT_NI66A_NEARY you're just a champion","@Dave_Melhorn the neary residence shlugging","\u201c@nicolleee_: fuck a manning\u201d #3rings #tombrady","@ressey_raub I get that a lot"],"messages_no":9,"bad_words":[],"bad_words_no":3,"weight":0,"location":[[39.7500255,-75.3740362],[39.80264323,-75.20499115],[39.7500255,-75.3740362],[39.80264323,-75.20499115],[39.71387768,-75.12819888],[39.80262668,-75.20493231],[39.7500255,-75.3740362],[39.80264323,-75.20499115],[39.71387768,-75.12819888]],"friends":[1,2,3,4]}