{"messages":["That was a foul , deserve three free throws","Textbook tackle","That was a foul , deserve three free throws","Textbook tackle","That was a foul , deserve three free throws","Textbook tackle"],"messages_no":6,"bad_words":[],"bad_words_no":0,"weight":0,"location":[[25.75385786,-80.3752587],[25.75489405,-80.37559561],[25.75385786,-80.3752587],[25.75489405,-80.37559561],[25.75385786,-80.3752587],[25.75489405,-80.37559561]],"friends":[1,2,3,4]}