{"messages":["Lmaooo I'm done with y'all.","Lmaooo I'm done with y'all.","Lmaooo I'm done with y'all."],"messages_no":3,"bad_words":[],"bad_words_no":0,"weight":0,"location":[[39.05129748,-77.43614883],[39.05129748,-77.43614883],[39.05129748,-77.43614883]],"friends":[1,2,3,4]}