{"messages":["Inspirated by cats","@Bengeorgethomas they are! http:\/\/t.co\/M6SDF4s0Ts","So I'm definitely going to see @ThePlotInYou next week with thee @Bengeorgethomas \u263a\ufe0f","Inspirated by cats","@Bengeorgethomas they are! http:\/\/t.co\/M6SDF4s0Ts","So I'm definitely going to see @ThePlotInYou next week with thee @Bengeorgethomas \u263a\ufe0f","Inspirated by cats","@Bengeorgethomas they are! http:\/\/t.co\/M6SDF4s0Ts","So I'm definitely going to see @ThePlotInYou next week with thee @Bengeorgethomas \u263a\ufe0f"],"messages_no":9,"bad_words":[],"bad_words_no":0,"weight":0,"location":[[41.47774332,-81.81494784],[41.49774191,-81.69238892],[41.47765661,-81.81483159],[41.47774332,-81.81494784],[41.49774191,-81.69238892],[41.47765661,-81.81483159],[41.47774332,-81.81494784],[41.49774191,-81.69238892],[41.47765661,-81.81483159]],"friends":[1,2,3,4]}