{"messages":["Boy Meets World \ud83d\ude2d\ud83d\ude2d\ud83d\ude2d\ud83d\ude2d","Boy Meets World \ud83d\ude2d\ud83d\ude2d\ud83d\ude2d\ud83d\ude2d","Boy Meets World \ud83d\ude2d\ud83d\ude2d\ud83d\ude2d\ud83d\ude2d"],"messages_no":3,"bad_words":[],"bad_words_no":0,"weight":0,"location":[[40.75652447,-73.87677318],[40.75652447,-73.87677318],[40.75652447,-73.87677318]],"friends":[1,2,3,4]}