{"messages":["Had a pretty good Sat night","Had a pretty good Sat night","Had a pretty good Sat night"],"messages_no":3,"bad_words":[],"bad_words_no":0,"weight":0,"location":[[45.55782328,-94.15628051],[45.55782328,-94.15628051],[45.55782328,-94.15628051]],"friends":[1,2,3,4]}