{"messages":["#FF @coop_yo so she can maintain her celebrity status.","@punkdlaurenx Never do.","#FF @coop_yo so she can maintain her celebrity status.","@punkdlaurenx Never do.","This sleeping pill isn't working.","#FF @coop_yo so she can maintain her celebrity status.","@punkdlaurenx Never do."],"messages_no":7,"bad_words":[],"bad_words_no":0,"weight":0,"location":[[38.0270647,-121.3604316],[38.5919888,-121.5603914],[38.0270647,-121.3604316],[38.5919888,-121.5603914],[38.0270663,-121.3604306],[38.0270647,-121.3604316],[38.5919888,-121.5603914]],"friends":[1,2,3,4]}