{"messages":["Uh u need a first down idiot. He got lucky","Uh u need a first down idiot. He got lucky","\u201c@TGTheTruth: #thrown\u201d \ud83d\ude2d\ud83d\ude2d\ud83d\ude2d","\u201c@TGTheTruth: #thrown\u201d \ud83d\ude2d\ud83d\ude2d\ud83d\ude2d","Uh u need a first down idiot. He got lucky"],"messages_no":5,"bad_words":[],"bad_words_no":0,"weight":0,"location":[[39.967361,-82.7941185],[39.967361,-82.7941185],[40.08162876,-82.89171016],[40.08162876,-82.89171016],[39.967361,-82.7941185]],"friends":[1,2,3,4]}