{"messages":["I hate snow.","I hate snow.","I hate snow."],"messages_no":3,"bad_words":[],"bad_words_no":0,"weight":0,"location":[[37.14704077,-93.29511431],[37.14704077,-93.29511431],[37.14704077,-93.29511431]],"friends":[1,2,3,4]}