{"messages":["2pm and I'm still drunk .. God help me","\u201c@edeezy13: Family is forever\u201d yes it is sis!! We love you so much :)","2pm and I'm still drunk .. God help me","2pm and I'm still drunk .. God help me"],"messages_no":4,"bad_words":[],"bad_words_no":0,"weight":0,"location":[38.2180532,-85.73733486,38.21793801,-85.73697921,38.2180532,-85.73733486,38.2180532,-85.73733486]}