{"messages":["Still need one more!","Still need one more!","Still need one more!"],"messages_no":3,"bad_words":[],"bad_words_no":0,"weight":0,"location":[[28.17924169,-82.34938141],[28.17924169,-82.34938141],[28.17924169,-82.34938141]],"friends":[1,2,3,4]}