{"messages":["The best damn thing I lucked into \ud83d\udc95","The best damn thing I lucked into \ud83d\udc95","The best damn thing I lucked into \ud83d\udc95"],"messages_no":3,"bad_words":[],"bad_words_no":3,"weight":0,"location":[[26.02934488,-80.21378616],[26.02934488,-80.21378616],[26.02934488,-80.21378616]],"friends":[1,2,3,4]}