{"messages":["@Skittlescxx asleep orrrr ?","Bruno is indeed loaded on good shit","@Skittlescxx asleep orrrr ?"],"messages_no":3,"bad_words":[],"bad_words_no":1,"weight":0,"location":[34.19020205,-119.24030207,34.23724251,-119.17426767,34.19020205,-119.24030207]}