{"messages":["@_darbyjay haha alright. Let me get dressed. Meet me outside?","Halftime! What a game!","@_darbyjay haha alright. Let me get dressed. Meet me outside?","Halftime! What a game!","@_darbyjay not at allll","@_darbyjay haha alright. Let me get dressed. Meet me outside?","Halftime! What a game!","@_darbyjay not at allll"],"messages_no":8,"bad_words":[],"bad_words_no":0,"weight":0,"location":[[34.865405,-92.18776088],[34.86538332,-92.18771865],[34.865405,-92.18776088],[34.86538332,-92.18771865],[34.83037407,-92.19070194],[34.865405,-92.18776088],[34.86538332,-92.18771865],[34.83037407,-92.19070194]],"friends":[1,2,3,4]}