{"messages":["tonight is much needed \ud83d\ude10","electric relaxation","tonight is much needed \ud83d\ude10","electric relaxation","@talonhull oh turn it on private safari.","tonight is much needed \ud83d\ude10","electric relaxation"],"messages_no":7,"bad_words":[],"bad_words_no":0,"weight":0,"location":[[35.57840646,-97.63446087],[35.57827565,-97.63466873],[35.57840646,-97.63446087],[35.57827565,-97.63466873],[35.57835518,-97.63461677],[35.57840646,-97.63446087],[35.57827565,-97.63466873]],"friends":[1,2,3,4]}