{"messages":["Nice checkers, Eddie Lacy.","Nice checkers, Eddie Lacy.","Nice checkers, Eddie Lacy."],"messages_no":3,"bad_words":[],"bad_words_no":0,"weight":0,"location":[[42.46115447,-89.12763941],[42.46115447,-89.12763941],[42.46115447,-89.12763941]],"friends":[1,2,3,4]}