{"messages":["No voice \ud83d\ude14\ud83d\ude14","I'm done\ud83d\ude02","No voice \ud83d\ude14\ud83d\ude14","No voice \ud83d\ude14\ud83d\ude14","I'm done\ud83d\ude02"],"messages_no":5,"bad_words":[],"bad_words_no":0,"weight":0,"location":[41.64604267,-73.80535702,41.64598271,-73.80536571,41.64604267,-73.80535702,41.64604267,-73.80535702,41.64598271,-73.80536571]}