{"messages":["I Would Have Hit Fair With A Jab","I Would Have Hit Fair With A Jab","Disgusting Bitch","I Would Have Hit Fair With A Jab"],"messages_no":4,"bad_words":[],"bad_words_no":0,"weight":0,"location":[[35.56279167,-77.42164026],[35.56279167,-77.42164026],[35.57020958,-77.30132154],[35.56279167,-77.42164026]],"friends":[1,2,3,4]}