{"messages":["@Mother_hen18 love them :)","@Mother_hen18 love them :)","@Mother_hen18 love them :)"],"messages_no":3,"bad_words":[],"bad_words_no":0,"weight":0,"location":[[41.13075119,-111.93779156],[41.13075119,-111.93779156],[41.13075119,-111.93779156]],"friends":[1,2,3,4]}