{"messages":["This game","This game","This game"],"messages_no":3,"bad_words":[],"bad_words_no":0,"weight":0,"location":[[42.08737194,-76.80824851],[42.08737194,-76.80824851],[42.08737194,-76.80824851]],"friends":[1,2,3,4]}