{"messages":["Just woke up \ud83d\ude0c yeeee","Just woke up \ud83d\ude0c yeeee","@Im_ThatDude765 chin up lar \ud83d\udc4c","Just woke up \ud83d\ude0c yeeee","@Im_ThatDude765 chin up lar \ud83d\udc4c"],"messages_no":5,"bad_words":[],"bad_words_no":0,"weight":0,"location":[[40.44724253,-86.10593938],[40.44724253,-86.10593938],[40.44523449,-86.11262357],[40.44724253,-86.10593938],[40.44523449,-86.11262357]],"friends":[1,2,3,4]}