{"messages":["what a comedy of errors","what a comedy of errors","what a comedy of errors"],"messages_no":3,"bad_words":[],"bad_words_no":0,"weight":0,"location":[[32.31558363,-89.93689037],[32.31558363,-89.93689037],[32.31558363,-89.93689037]],"friends":[1,2,3,4]}