{"messages":["Not funny","Not funny","Not funny"],"messages_no":3,"bad_words":[],"bad_words_no":0,"weight":0,"location":[[43.7669526,-87.72109807],[43.7669526,-87.72109807],[43.7669526,-87.72109807]],"friends":[1,2,3,4]}