{"messages":["You make me so mad i just wanna smack your lips with mine. \ud83d\ude0a","Can you have metal cleats im soccer? No","You make me so mad i just wanna smack your lips with mine. \ud83d\ude0a","Can you have metal cleats im soccer? No","Fuck i gotta walk! I hope its canceled","This is my 7.6k tweet\nThank you","How are the bucks 9-39!","I officially declare tonight \"booty night\"","You make me so mad i just wanna smack your lips with mine. \ud83d\ude0a","Can you have metal cleats im soccer? No","Fuck i gotta walk! I hope its canceled","This is my 7.6k tweet\nThank you"],"messages_no":12,"bad_words":[],"bad_words_no":2,"weight":0,"location":[[40.38791707,-79.98759167],[40.3878991,-79.98741961],[40.38791707,-79.98759167],[40.3878991,-79.98741961],[40.38808791,-79.98746082],[40.38808407,-79.98752079],[40.38799323,-79.98742238],[40.38799309,-79.98743945],[40.38791707,-79.98759167],[40.3878991,-79.98741961],[40.38808791,-79.98746082],[40.38808407,-79.98752079]],"friends":[1,2,3,4]}