{"messages":["#weirdsex","#weirdsex"],"messages_no":2,"bad_words":[],"bad_words_no":0,"weight":0,"location":[28.40769211,-81.46924466,28.40769211,-81.46924466]}