{"messages":["#weirdsex","#weirdsex","#weirdsex"],"messages_no":3,"bad_words":[],"bad_words_no":0,"weight":0,"location":[[28.40769211,-81.46924466],[28.40769211,-81.46924466],[28.40769211,-81.46924466]],"friends":[1,2,3,4]}