{"messages":["\u201c@_aliworthy: Cereal so good. Omfg..\u201d","Ppl always bringing my name up n shit\ud83d\ude12 leave alone damn!","\u201c@_charaelatrice: UNTILL a bitch say what she gotta say about me DIRECTLY to me I don't trip I let that shit be\u201d","\u201c@_aliworthy: Cereal so good. Omfg..\u201d","Ppl always bringing my name up n shit\ud83d\ude12 leave alone damn!","\u201c@_charaelatrice: UNTILL a bitch say what she gotta say about me DIRECTLY to me I don't trip I let that shit be\u201d","Moni love my body\u263a\ufe0f\ud83d\ude09","The whether this week \ud83d\ude12\ud83d\udc4e\ud83d\ude14 http:\/\/t.co\/2WQ5GFEzPs","@KINGROSARlO are you subtweeting?\ud83d\ude12","\u201c@Teee_Gotti: People really be thinking my name Teyonc\u00e9 \ud83d\udc80\ud83d\udc80\ud83d\udc80\ud83d\udc80\ud83d\ude02\ud83d\ude02 like what wow\u201dbitch\ud83d\udc80bye\ud83d\ude02\ud83d\ude02\ud83d\ude02","don't feel like being bothered today\ud83d\ude12\ud83d\udc50","\u201c@_BigLanoGuwop: @BaddieMC_ \ud83d\ude33\ud83d\ude02\u201d we ain't gay doe\ud83d\udc80\ud83d\ude02\ud83d\udc4c","\u201c@TheRealSoFalon: Y'all crazy\ud83d\ude29\u201c@BaddieMC_: @chotime__ @TheRealSoFalon no march 8th for you cho\ud83d\ude1b\ud83d\ude1b\ud83d\ude1b\ud83d\ude1b\u201d\u201d\ud83d\ude02\ud83d\ude02\ud83d\ude02\ud83d\ude02\ud83d\ude02","\u201c@_aliworthy: Cereal so good. Omfg..\u201d","Ppl always bringing my name up n shit\ud83d\ude12 leave alone damn!","\u201c@_charaelatrice: UNTILL a bitch say what she gotta say about me DIRECTLY to me I don't trip I let that shit be\u201d","Moni love my body\u263a\ufe0f\ud83d\ude09","The whether this week \ud83d\ude12\ud83d\udc4e\ud83d\ude14 http:\/\/t.co\/2WQ5GFEzPs"],"messages_no":18,"bad_words":[],"bad_words_no":14,"weight":0,"location":[[30.4517943,-97.76235581],[30.45172001,-97.76239176],[30.44478029,-97.78895852],[30.4517943,-97.76235581],[30.45172001,-97.76239176],[30.44478029,-97.78895852],[30.46705084,-97.7632798],[30.46703897,-97.76318454],[30.46701904,-97.76328284],[30.44928493,-97.7333977],[30.44923341,-97.73374027],[30.4670663,-97.76318231],[30.44894066,-97.73283423],[30.4517943,-97.76235581],[30.45172001,-97.76239176],[30.44478029,-97.78895852],[30.46705084,-97.7632798],[30.46703897,-97.76318454]],"friends":[1,2,3,4]}