{"messages":["Bitches are Scandalous","Bitches are Scandalous","She's my bitch &amp; that's yo wifey","Bitches are Scandalous"],"messages_no":4,"bad_words":[],"bad_words_no":1,"weight":0,"location":[[47.50763537,-122.30281769],[47.50763537,-122.30281769],[47.46254625,-122.32425995],[47.50763537,-122.30281769]],"friends":[1,2,3,4]}