{"messages":["So blessed!","So blessed!"],"messages_no":2,"bad_words":[],"bad_words_no":0,"weight":0,"location":[33.77422236,-84.40590349,33.77422236,-84.40590349]}