{"messages":["I suck so hard at texting","I suck so hard at texting","@KianaHafferty where can I get this...","I suck so hard at texting"],"messages_no":4,"bad_words":[],"bad_words_no":0,"weight":0,"location":[[47.64897473,-122.364674],[47.64897473,-122.364674],[47.64884248,-122.36473132],[47.64897473,-122.364674]],"friends":[1,2,3,4]}