{"messages":["Why not?  #EsuranceSave30","Why not?  #EsuranceSave30","Why not?  #EsuranceSave30"],"messages_no":3,"bad_words":[],"bad_words_no":0,"weight":0,"location":[[41.48789017,-84.58253465],[41.48789017,-84.58253465],[41.48789017,-84.58253465]],"friends":[1,2,3,4]}