{"messages":["I know exactly what I want.","I know exactly what I want.","I know exactly what I want."],"messages_no":3,"bad_words":[],"bad_words_no":0,"weight":0,"location":[[29.77537112,-95.60417261],[29.77537112,-95.60417261],[29.77537112,-95.60417261]],"friends":[1,2,3,4]}