{"messages":["'Her' destroyED ME","'Her' destroyED ME","'Her' destroyED ME"],"messages_no":3,"bad_words":[],"bad_words_no":0,"weight":0,"location":[[18.43022116,-66.05895144],[18.43022116,-66.05895144],[18.43022116,-66.05895144]],"friends":[1,2,3,4]}