{"messages":["Seahawks 50 Broncos 0 F\/T","Seahawks 50 Broncos 0 F\/T","Seahawks 50 Broncos 0 F\/T"],"messages_no":3,"bad_words":[],"bad_words_no":0,"weight":0,"location":[[41.43891561,-73.56086416],[41.43891561,-73.56086416],[41.43891561,-73.56086416]],"friends":[1,2,3,4]}