{"messages":["Seahawks win!!","Seahawks win!!","Seahawks win!!"],"messages_no":3,"bad_words":[],"bad_words_no":0,"weight":0,"location":[[38.35055097,-120.94411366],[38.35055097,-120.94411366],[38.35055097,-120.94411366]],"friends":[1,2,3,4]}