{"messages":["Montgomery County Girls 16, TCHS 10 at half","Toombs And Montgomery County Boys tied at 50 after 3 quarters","Montgomery County Girls 16, TCHS 10 at half","Toombs And Montgomery County Boys tied at 50 after 3 quarters","TCHS Boys 13, Jeff Davis 8 after 1","Montgomery County Girls 16, TCHS 10 at half","Toombs And Montgomery County Boys tied at 50 after 3 quarters","TCHS Boys 13, Jeff Davis 8 after 1"],"messages_no":8,"bad_words":[],"bad_words_no":0,"weight":0,"location":[[32.18932873,-82.3369923],[32.1891995,-82.33698238],[32.18932873,-82.3369923],[32.1891995,-82.33698238],[32.18920053,-82.33689716],[32.18932873,-82.3369923],[32.1891995,-82.33698238],[32.18920053,-82.33689716]],"friends":[1,2,3,4]}