{"messages":["\u201c@Mr_Carterr: i need help \ud83d\ude2d\u201d","\u201c@Mr_Carterr: i need help \ud83d\ude2d\u201d","\u201c@Mr_Carterr: i need help \ud83d\ude2d\u201d"],"messages_no":3,"bad_words":[],"bad_words_no":0,"weight":0,"location":[[38.77403376,-77.4726231],[38.77403376,-77.4726231],[38.77403376,-77.4726231]],"friends":[1,2,3,4]}