{"messages":["Next commercial I'm going to bed \ud83d\ude34","Next commercial I'm going to bed \ud83d\ude34","Next commercial I'm going to bed \ud83d\ude34"],"messages_no":3,"bad_words":[],"bad_words_no":0,"weight":0,"location":[42.8722706,-88.37710748,42.8722706,-88.37710748,42.8722706,-88.37710748]}