{"messages":["\u201c@SirPatStew: Football! http:\/\/t.co\/n8QmEu7Z7T\u201d","\u201c@SirPatStew: Football! http:\/\/t.co\/n8QmEu7Z7T\u201d","\u201c@SirPatStew: Football! http:\/\/t.co\/n8QmEu7Z7T\u201d","\u201c@SirPatStew: Football! http:\/\/t.co\/n8QmEu7Z7T\u201d"],"messages_no":4,"bad_words":[],"bad_words_no":0,"weight":0,"location":[40.73633683,-73.99241435,40.73633683,-73.99241435,40.73633683,-73.99241435,40.73633683,-73.99241435]}