{"messages":["Tonight was an adventure\ud83d\ude02","Tonight was an adventure\ud83d\ude02","\u201c@TotesRachelle: Seeing one of your closest friends truly happy is probably one of the greatest things. \u263a\ufe0f\ud83d\udc95\ud83d\ude2d\u201dI love you \ud83d\ude18\ud83d\udc95","How I feel rn http:\/\/t.co\/JjHniW7K3d","Tonight was an adventure\ud83d\ude02","\u201c@TotesRachelle: Seeing one of your closest friends truly happy is probably one of the greatest things. \u263a\ufe0f\ud83d\udc95\ud83d\ude2d\u201dI love you \ud83d\ude18\ud83d\udc95"],"messages_no":6,"bad_words":[],"bad_words_no":2,"weight":0,"location":[[34.15265762,-117.24169727],[34.15265762,-117.24169727],[34.15280061,-117.24167557],[34.15263084,-117.24163106],[34.15265762,-117.24169727],[34.15280061,-117.24167557]],"friends":[1,2,3,4]}