{"messages":["@AlecChirillo stop talking to me.","@AlecChirillo stop talking to me.","@Karenlawhorn @A_Trevor7 I'll find you.","@lauren_balogh @DakotaSteffey she won't.","Nick and I are gonna look like twins because tomorrow in not brushing so my curls are gonna be everywhere.","@AlecChirillo stop talking to me.","@Karenlawhorn @A_Trevor7 I'll find you.","@lauren_balogh @DakotaSteffey she won't."],"messages_no":8,"bad_words":[],"bad_words_no":0,"weight":0,"location":[[42.16796941,-83.19388784],[42.16796941,-83.19388784],[42.20260591,-83.19628372],[42.2027277,-83.19629855],[42.20277799,-83.19631867],[42.16796941,-83.19388784],[42.20260591,-83.19628372],[42.2027277,-83.19629855]],"friends":[1,2,3,4]}