{"messages":["Am the one .","Am the one ."],"messages_no":2,"bad_words":[],"bad_words_no":0,"weight":0,"location":[34.19406342,-118.34235691,34.19406342,-118.34235691]}