{"messages":["#EsuranceSave30","#EsuranceSave30","#EsuranceSave30"],"messages_no":3,"bad_words":[],"bad_words_no":0,"weight":0,"location":[[42.41820203,-71.13725836],[42.41820203,-71.13725836],[42.41820203,-71.13725836]],"friends":[1,2,3,4]}