{"messages":["Ladell rules everything around me","Ladell rules everything around me","Aww Ladell is mad at me","Ladell rules everything around me","Aww Ladell is mad at me"],"messages_no":5,"bad_words":[],"bad_words_no":0,"weight":0,"location":[[37.56388052,-122.01745693],[37.56388052,-122.01745693],[37.56404981,-122.01703098],[37.56388052,-122.01745693],[37.56404981,-122.01703098]],"friends":[1,2,3,4]}