{"messages":["The laws did find my wallet tho","I swear it's the last time every time","The laws did find my wallet tho","The laws did find my wallet tho","I swear it's the last time every time","I swear it's the last time every time"],"messages_no":6,"bad_words":[],"bad_words_no":0,"weight":0,"location":[33.5866451,-101.87959455,33.57874007,-101.88218921,33.5866451,-101.87959455,33.5866451,-101.87959455,33.57874007,-101.88218921,33.57874007,-101.88218921]}