{"messages":["I want bacon :\/","I want bacon :\/","I want bacon :\/"],"messages_no":3,"bad_words":[],"bad_words_no":0,"weight":0,"location":[[29.88980123,-97.9395775],[29.88980123,-97.9395775],[29.88980123,-97.9395775]],"friends":[1,2,3,4]}