{"messages":["Such in a great mood","Such in a great mood","Such in a great mood"],"messages_no":3,"bad_words":[],"bad_words_no":0,"weight":0,"location":[[32.69992188,-96.8156879],[32.69992188,-96.8156879],[32.69992188,-96.8156879]],"friends":[1,2,3,4]}