{"messages":["@nel_ayden ctfu it's true tho Nel u have been lately","@nel_ayden so what yo ctfu","\u201c@mandASSworld: \u201c@manson49_: Letssssss go eagles\u201d\ud83d\ude29\ud83d\ude29\ud83d\ude29\u201dmy team suppose to be there\ud83d\ude29\ud83d\ude29\ud83d\ude29"],"messages_no":3,"bad_words":[],"bad_words_no":0,"weight":0,"location":[[39.96727785,-75.22235225],[39.96718326,-75.22218076],[39.96738605,-75.22221701]]}