{"messages":["@Monnica888 yea it does lol","@Monnica888 yea it does lol","@Monnica888 yea it does lol"],"messages_no":3,"bad_words":[],"bad_words_no":0,"weight":0,"location":[[31.81388255,-106.44634204],[31.81388255,-106.44634204],[31.81388255,-106.44634204]],"friends":[1,2,3,4]}