{"messages":["@nel_ayden ctfu it's true tho Nel u have been lately","@nel_ayden so what yo ctfu","\u201c@mandASSworld: \u201c@manson49_: Letssssss go eagles\u201d\ud83d\ude29\ud83d\ude29\ud83d\ude29\u201dmy team suppose to be there\ud83d\ude29\ud83d\ude29\ud83d\ude29","@nel_ayden ctfu it's true tho Nel u have been lately","@nel_ayden so what yo ctfu","\u201c@mandASSworld: \u201c@manson49_: Letssssss go eagles\u201d\ud83d\ude29\ud83d\ude29\ud83d\ude29\u201dmy team suppose to be there\ud83d\ude29\ud83d\ude29\ud83d\ude29","@nel_ayden @__pRoblem_child*have","@Uneed_KiKee I'm jus finding that hard to believe tho","\u201c@Kyah_Is_Kyah: \u201c@manson49_: Ignoring a girl during a argument be funny they hate that shit\ud83d\ude02\ud83d\ude02\ud83d\ude02\ud83d\ude29\u201d not at all! It get niggas cussed out \ud83d\ude13\u201d\ud83d\ude2d\ud83d\ude2d\ud83d\ude2d","@nel_ayden ctfu it's true tho Nel u have been lately","@nel_ayden so what yo ctfu","\u201c@mandASSworld: \u201c@manson49_: Letssssss go eagles\u201d\ud83d\ude29\ud83d\ude29\ud83d\ude29\u201dmy team suppose to be there\ud83d\ude29\ud83d\ude29\ud83d\ude29","@nel_ayden @__pRoblem_child*have","@Uneed_KiKee I'm jus finding that hard to believe tho","\u201c@Kyah_Is_Kyah: \u201c@manson49_: Ignoring a girl during a argument be funny they hate that shit\ud83d\ude02\ud83d\ude02\ud83d\ude02\ud83d\ude29\u201d not at all! It get niggas cussed out \ud83d\ude13\u201d\ud83d\ude2d\ud83d\ude2d\ud83d\ude2d"],"messages_no":15,"bad_words":[],"bad_words_no":4,"weight":0,"location":[[39.96727785,-75.22235225],[39.96718326,-75.22218076],[39.96738605,-75.22221701],[39.96727785,-75.22235225],[39.96718326,-75.22218076],[39.96738605,-75.22221701],[40.02439097,-75.0497179],[40.02476417,-75.04963274],[40.02450999,-75.04973014],[39.96727785,-75.22235225],[39.96718326,-75.22218076],[39.96738605,-75.22221701],[40.02439097,-75.0497179],[40.02476417,-75.04963274],[40.02450999,-75.04973014]],"friends":[1,2,3,4]}