{"messages":["@bmax67 They'll sleep well tonight!","Entire Denver team looks shell shocked","@bmax67 They'll sleep well tonight!"],"messages_no":3,"bad_words":[],"bad_words_no":1,"weight":0,"location":[38.54243557,-90.36608971,38.5425082,-90.36617432,38.54243557,-90.36608971]}