{"messages":["Thank you for making my day \u263a\ufe0f @crawfor19","Thank you for making my day \u263a\ufe0f @crawfor19","Thank you for making my day \u263a\ufe0f @crawfor19"],"messages_no":3,"bad_words":[],"bad_words_no":0,"weight":0,"location":[38.13515092,-121.2916952,38.13515092,-121.2916952,38.13515092,-121.2916952]}