{"messages":["I Been Sleep all Day ..","I Been Sleep all Day ..","Watchin Tv","Count Up $$","I Been Sleep all Day .."],"messages_no":5,"bad_words":[],"bad_words_no":0,"weight":0,"location":[[39.2434528,-84.5460578],[39.2434528,-84.5460578],[39.2436104,-84.5461054],[39.2434933,-84.5461433],[39.2434528,-84.5460578]],"friends":[1,2,3,4]}