{"messages":["nothing to do","nothing to do","nothing to do"],"messages_no":3,"bad_words":[],"bad_words_no":0,"weight":0,"location":[[34.17923449,-118.52642592],[34.17923449,-118.52642592],[34.17923449,-118.52642592]],"friends":[1,2,3,4]}