{"messages":["LOL that was awk","LOL that was awk","LOL that was awk"],"messages_no":3,"bad_words":[],"bad_words_no":0,"weight":0,"location":[[38.04987805,-121.38956514],[38.04987805,-121.38956514],[38.04987805,-121.38956514]],"friends":[1,2,3,4]}