{"messages":["@summiiiiee thank you!","@summiiiiee thank you!","@summiiiiee thank you!"],"messages_no":3,"bad_words":[],"bad_words_no":0,"weight":0,"location":[[37.4123114,-78.44063472],[37.4123114,-78.44063472],[37.4123114,-78.44063472]],"friends":[1,2,3,4]}