{"messages":["@MarthaPlimpton @mjv1975 why 10.4 mill? Why not just 10? Weird.","@MarthaPlimpton @mjv1975 why 10.4 mill? Why not just 10? Weird.","@MarthaPlimpton @mjv1975 why 10.4 mill? Why not just 10? Weird."],"messages_no":3,"bad_words":[],"bad_words_no":0,"weight":0,"location":[[27.94261254,-82.49794058],[27.94261254,-82.49794058],[27.94261254,-82.49794058]],"friends":[1,2,3,4]}