{"messages":["No one showed up to art lmao","No one showed up to art lmao","But we're both a long way from home","No one showed up to art lmao","No one showed up to art lmao"],"messages_no":5,"bad_words":[],"bad_words_no":0,"weight":0,"location":[41.83183171,-71.50142142,41.83183171,-71.50142142,41.82023819,-71.46904502,41.83183171,-71.50142142,41.83183171,-71.50142142]}