{"messages":["A bitch need her eyebrows done \ud83d\ude2c\ud83d\ude2c","A bitch need her eyebrows done \ud83d\ude2c\ud83d\ude2c","@initiation_x3 happy birthday may \ud83c\udf89\ud83c\udf8a\ud83c\udf8a\ud83c\udf8a\ud83c\udf88\ud83c\udf88\ud83c\udf81","A bitch need her eyebrows done \ud83d\ude2c\ud83d\ude2c"],"messages_no":4,"bad_words":[],"bad_words_no":3,"weight":0,"location":[[40.04761223,-74.91067084],[40.04761223,-74.91067084],[40.0472959,-74.91069943],[40.04761223,-74.91067084]],"friends":[1,2,3,4]}