{"messages":["@AnnalisaSusini  :( very unnecessary....","@AnnalisaSusini I'm ignoring this comment lolol","@AnnalisaSusini  :( very unnecessary....","@AnnalisaSusini I'm ignoring this comment lolol","@AlePizzarulli @TheTeeCat ahh the famous dots....","@AnnalisaSusini  :( very unnecessary....","@AnnalisaSusini I'm ignoring this comment lolol","@AlePizzarulli @TheTeeCat ahh the famous dots...."],"messages_no":8,"bad_words":[],"bad_words_no":0,"weight":0,"location":[[40.77359343,-73.97672129],[40.77359343,-73.97672129],[40.77359343,-73.97672129],[40.77359343,-73.97672129],[40.78378217,-73.94760529],[40.77359343,-73.97672129],[40.77359343,-73.97672129],[40.78378217,-73.94760529]],"friends":[1,2,3,4]}