{"messages":["No one showed up to art lmao","But we're both a long way from home","No one showed up to art lmao","But we're both a long way from home","Everyone's asking me to edit their pictures why \ud83d\ude02\ud83d\ude02","If I go I have to look cute ughhhh \ud83d\ude12","yes bae \u201c@Mr_Carterr: nasty, but she fancy\u201d","No one showed up to art lmao","But we're both a long way from home"],"messages_no":9,"bad_words":[],"bad_words_no":0,"weight":0,"location":[[41.83183171,-71.50142142],[41.82023819,-71.46904502],[41.83183171,-71.50142142],[41.82023819,-71.46904502],[41.83092489,-71.47816645],[41.83098416,-71.47803876],[41.83080803,-71.47818388],[41.83183171,-71.50142142],[41.82023819,-71.46904502]],"friends":[1,2,3,4]}