{"messages":["Must eat......","Must eat......","Must eat......"],"messages_no":3,"bad_words":[],"bad_words_no":0,"weight":0,"location":[[32.81343022,-96.76980522],[32.81343022,-96.76980522],[32.81343022,-96.76980522]],"friends":[1,2,3,4]}