{"messages":["Bruno Mars looks handsome. \ud83d\ude0d","Bruno Mars looks handsome. \ud83d\ude0d","Bruno Mars looks handsome. \ud83d\ude0d"],"messages_no":3,"bad_words":[],"bad_words_no":0,"weight":0,"location":[[41.45801685,-97.06934625],[41.45801685,-97.06934625],[41.45801685,-97.06934625]],"friends":[1,2,3,4]}