{"messages":["Please make it home safe!!","Please make it home safe!!","Please make it home safe!!"],"messages_no":3,"bad_words":[],"bad_words_no":0,"weight":0,"location":[[32.7008593,-117.12518766],[32.7008593,-117.12518766],[32.7008593,-117.12518766]],"friends":[1,2,3,4]}