{"messages":["NO ONE IS UP YET","NO ONE IS UP YET","NO ONE IS UP YET"],"messages_no":3,"bad_words":[],"bad_words_no":0,"weight":0,"location":[[42.20235643,-83.17895735],[42.20235643,-83.17895735],[42.20235643,-83.17895735]],"friends":[1,2,3,4]}