{"messages":["corruption will fill your brain","the birds part 2","imma touch you right","ride it out \ud83c\udfa4","open up ya mind you can fall in love","need summer","@theweeknd please babe","stupid typos fuck you","corruption will fill your brain","corruption will fill your brain","the birds part 2","imma touch you right","imma touch you right","ride it out \ud83c\udfa4","ride it out \ud83c\udfa4","open up ya mind you can fall in love","need summer","@theweeknd please babe","@theweeknd please babe","stupid typos fuck you"],"messages_no":20,"bad_words":[],"bad_words_no":2,"weight":0,"location":[28.33263923,-81.67064893,28.33263787,-81.67069102,28.33269128,-81.67061373,28.33277513,-81.67069597,28.33270054,-81.67075785,28.33258015,-81.67068523,28.33272116,-81.67061624,28.33266953,-81.6707475,28.33263923,-81.67064893,28.33263923,-81.67064893,28.33263787,-81.67069102,28.33269128,-81.67061373,28.33269128,-81.67061373,28.33277513,-81.67069597,28.33277513,-81.67069597,28.33270054,-81.67075785,28.33258015,-81.67068523,28.33272116,-81.67061624,28.33272116,-81.67061624,28.33266953,-81.6707475]}