{"messages":["@MeredithDreams you can do it bae\ud83d\ude18","Just tell me","@MeredithDreams you can do it bae\ud83d\ude18","Just tell me","@MeredithDreams you can do it bae\ud83d\ude18","Just tell me"],"messages_no":6,"bad_words":[],"bad_words_no":0,"weight":0,"location":[[34.17044027,-83.90918189],[34.17065918,-83.9094021],[34.17044027,-83.90918189],[34.17065918,-83.9094021],[34.17044027,-83.90918189],[34.17065918,-83.9094021]],"friends":[1,2,3,4]}