{"messages":["1:59 left a lot of time left@Spensnydawg","1:59 left a lot of time left@Spensnydawg","S\/0 to @MissMegan1432\ud83d\ude18\ud83d\ude18\ud83d\ude18","1:59 left a lot of time left@Spensnydawg","S\/0 to @MissMegan1432\ud83d\ude18\ud83d\ude18\ud83d\ude18"],"messages_no":5,"bad_words":[],"bad_words_no":0,"weight":0,"location":[[41.71397569,-83.74342753],[41.71397569,-83.74342753],[41.71491137,-83.70390133],[41.71397569,-83.74342753],[41.71491137,-83.70390133]],"friends":[1,2,3,4]}