{"messages":["It's snowing","Seahawks are not playing around","It's snowing","Seahawks are not playing around","It's snowing","Seahawks are not playing around"],"messages_no":6,"bad_words":[],"bad_words_no":0,"weight":0,"location":[[34.5750358,-118.01857699],[34.57499934,-118.01880489],[34.5750358,-118.01857699],[34.57499934,-118.01880489],[34.5750358,-118.01857699],[34.57499934,-118.01880489]],"friends":[1,2,3,4]}