{"messages":["\"AMY UR GONNA GIVE ME BRAIN TRAUMA FROM SHAKING MY HEAD\" \"BUT YOU GIVE ME ANXIETY\" \ud83d\ude02\ud83d\ude02\ud83d\ude02","@kittyli_ stop twitching in ur sleep fuckin creep","ur ugly, ur opinion don't matter lmao.","\"AMY UR GONNA GIVE ME BRAIN TRAUMA FROM SHAKING MY HEAD\" \"BUT YOU GIVE ME ANXIETY\" \ud83d\ude02\ud83d\ude02\ud83d\ude02","@kittyli_ stop twitching in ur sleep fuckin creep","ur ugly, ur opinion don't matter lmao.","his smile is so gorgeous stop ima cry","@fabeezzy they're so cute like u i just wanna eat it ima cry \ud83d\ude14\ud83d\ude2d","mom y aren't u home :-(","\"AMY UR GONNA GIVE ME BRAIN TRAUMA FROM SHAKING MY HEAD\" \"BUT YOU GIVE ME ANXIETY\" \ud83d\ude02\ud83d\ude02\ud83d\ude02","@kittyli_ stop twitching in ur sleep fuckin creep","ur ugly, ur opinion don't matter lmao.","his smile is so gorgeous stop ima cry"],"messages_no":13,"bad_words":[],"bad_words_no":3,"weight":0,"location":[[33.92493368,-118.12304394],[33.92491024,-118.12307157],[33.92493749,-118.12286764],[33.92493368,-118.12304394],[33.92491024,-118.12307157],[33.92493749,-118.12286764],[33.92493169,-118.12306117],[33.92490929,-118.12329293],[33.92495169,-118.123145],[33.92493368,-118.12304394],[33.92491024,-118.12307157],[33.92493749,-118.12286764],[33.92493169,-118.12306117]],"friends":[1,2,3,4]}