{"messages":["This is a close one","This is a close one","This is a close one"],"messages_no":3,"bad_words":[],"bad_words_no":0,"weight":0,"location":[[40.60951092,-74.00289556],[40.60951092,-74.00289556],[40.60951092,-74.00289556]],"friends":[1,2,3,4]}