{"messages":["\ue108\ue108\ue32e\ue00eFor #familytime #famfirst","\ue108\ue108\ue32e\ue00eFor #familytime #famfirst"],"messages_no":2,"bad_words":[],"bad_words_no":0,"weight":0,"location":[38.1347521,-122.2139905,38.1347521,-122.2139905]}