{"messages":["I have no life -.-","I have no life -.-","I have no life -.-"],"messages_no":3,"bad_words":[],"bad_words_no":0,"weight":0,"location":[[47.2920699,-122.36096094],[47.2920699,-122.36096094],[47.2920699,-122.36096094]],"friends":[1,2,3,4]}