{"messages":["Bored","@mjones1992 work til 930"],"messages_no":2,"bad_words":[],"bad_words_no":0,"weight":0,"location":[[36.3126837,-119.80048486],[36.32382386,-119.67612452]]}