{"messages":["@Shakgotdat have a good day.","@Shakgotdat have a good day.","@Shakgotdat have a good day.","@Shakgotdat have a good day."],"messages_no":4,"bad_words":[],"bad_words_no":0,"weight":0,"location":[32.7567022,-96.5965167,32.7567022,-96.5965167,32.7567022,-96.5965167,32.7567022,-96.5965167]}