{"messages":["@TannerFrench I love you more \u2764\ufe0f","@TannerFrench I love you more \u2764\ufe0f"],"messages_no":2,"bad_words":[],"bad_words_no":0,"weight":0,"location":[37.79166364,-121.23890207,37.79166364,-121.23890207]}