{"messages":["Interracial couples!!!!","Interracial couples!!!!","Interracial couples!!!!"],"messages_no":3,"bad_words":[],"bad_words_no":0,"weight":0,"location":[[30.20900935,-97.84223702],[30.20900935,-97.84223702],[30.20900935,-97.84223702]],"friends":[1,2,3,4]}