{"messages":["\u201c@jolie_cherie: Hol uh bitch go home! Lmao http:\/\/t.co\/yVkhS9yj5Q\u201d\ud83d\ude02\ud83d\ude02\ud83d\ude02\ud83d\ude02\ud83d\ude02","\u201c@jolie_cherie: Hol uh bitch go home! Lmao http:\/\/t.co\/yVkhS9yj5Q\u201d\ud83d\ude02\ud83d\ude02\ud83d\ude02\ud83d\ude02\ud83d\ude02","\u201c@jolie_cherie: Hol uh bitch go home! Lmao http:\/\/t.co\/yVkhS9yj5Q\u201d\ud83d\ude02\ud83d\ude02\ud83d\ude02\ud83d\ude02\ud83d\ude02"],"messages_no":3,"bad_words":[],"bad_words_no":3,"weight":0,"location":[[30.86000696,-83.27973763],[30.86000696,-83.27973763],[30.86000696,-83.27973763]],"friends":[1,2,3,4]}