{"messages":["Nooooooo just go back home. \ud83d\ude10\ud83d\ude2b\ud83d\ude2d","Nooooooo just go back home. \ud83d\ude10\ud83d\ude2b\ud83d\ude2d","Nooooooo just go back home. \ud83d\ude10\ud83d\ude2b\ud83d\ude2d"],"messages_no":3,"bad_words":[],"bad_words_no":0,"weight":0,"location":[41.06965685,-112.0523316,41.06965685,-112.0523316,41.06965685,-112.0523316]}