{"messages":["Goodnight !!!!","Goodnight !!!!","Goodnight !!!!"],"messages_no":3,"bad_words":[],"bad_words_no":0,"weight":0,"location":[[31.9108339,-98.0825273],[31.9108339,-98.0825273],[31.9108339,-98.0825273]],"friends":[1,2,3,4]}