{"messages":["@QuizMeAnat Head and Neck","@QuizMeAnat Head and Neck","Every day @PreMed_Bitch http:\/\/t.co\/gPAKq42quQ","@QuizMeAnat Head and Neck","Every day @PreMed_Bitch http:\/\/t.co\/gPAKq42quQ"],"messages_no":5,"bad_words":[],"bad_words_no":0,"weight":0,"location":[[40.23245917,-75.29819409],[40.23245917,-75.29819409],[40.23245924,-75.29819323],[40.23245917,-75.29819409],[40.23245924,-75.29819323]],"friends":[1,2,3,4]}