{"messages":["\u201c@kaivandyck: best night in a while\u201d \ud83d\ude18 ily","\u201c@kaivandyck: best night in a while\u201d \ud83d\ude18 ily","\u201c@kaivandyck: best night in a while\u201d \ud83d\ude18 ily"],"messages_no":3,"bad_words":[],"bad_words_no":0,"weight":0,"location":[[38.6578302,-121.32471325],[38.6578302,-121.32471325],[38.6578302,-121.32471325]],"friends":[1,2,3,4]}