{"messages":["Kat. Thinks she's my mom","Kat. Thinks she's my mom","Kat. Thinks she's my mom"],"messages_no":3,"bad_words":[],"bad_words_no":0,"weight":0,"location":[42.25320967,-77.7891819,42.25320967,-77.7891819,42.25320967,-77.7891819]}