{"messages":["I need a green tea frap","I need a green tea frap","I need a green tea frap"],"messages_no":3,"bad_words":[],"bad_words_no":0,"weight":0,"location":[[44.04470352,-123.07631912],[44.04470352,-123.07631912],[44.04470352,-123.07631912]],"friends":[1,2,3,4]}