{"messages":["@caglob This post is a mess.","@caglob This post is a mess.","@caglob This post is a mess."],"messages_no":3,"bad_words":[],"bad_words_no":0,"weight":0,"location":[[28.52320402,-81.54037739],[28.52320402,-81.54037739],[28.52320402,-81.54037739]],"friends":[1,2,3,4]}