{"messages":["I really don't wanna get out of this bed..","I really don't wanna get out of this bed..","Oh heyyyyyy David Beckham \ud83d\udc4b\ud83d\ude0d","I really don't wanna get out of this bed..","I really don't wanna get out of this bed..","Oh heyyyyyy David Beckham \ud83d\udc4b\ud83d\ude0d"],"messages_no":6,"bad_words":[],"bad_words_no":0,"weight":0,"location":[40.86225033,-74.08758663,40.86225033,-74.08758663,40.86239196,-74.08757572,40.86225033,-74.08758663,40.86225033,-74.08758663,40.86239196,-74.08757572]}