{"messages":[":) #nite",":) #nite",":) #nite"],"messages_no":3,"bad_words":[],"bad_words_no":0,"weight":0,"location":[[32.773885,-97.097722],[32.773885,-97.097722],[32.773885,-97.097722]],"friends":[1,2,3,4]}