{"messages":["@Habibah_isBawse why did they stop airing?","we have every food in here you can think of.","@Sofa_KingCole I told u everything.","@Habibah_isBawse why did they stop airing?","we have every food in here you can think of.","@Sofa_KingCole I told u everything.","Ugh...","@Cuarenta_Y_Ocho yes nigga. obviously.","@Habibah_isBawse why did they stop airing?","we have every food in here you can think of.","@Sofa_KingCole I told u everything.","Ugh..."],"messages_no":12,"bad_words":[],"bad_words_no":1,"weight":0,"location":[[41.7985281,-87.60306093],[41.81608459,-87.6113016],[41.81607186,-87.61140836],[41.7985281,-87.60306093],[41.81608459,-87.6113016],[41.81607186,-87.61140836],[41.79853954,-87.60294895],[41.79855818,-87.60265801],[41.7985281,-87.60306093],[41.81608459,-87.6113016],[41.81607186,-87.61140836],[41.79853954,-87.60294895]],"friends":[1,2,3,4]}