{"messages":["Wup is seriously the best cuddler \ud83d\ude2d","How is it already 3?","Wup is seriously the best cuddler \ud83d\ude2d","How is it already 3?"],"messages_no":4,"bad_words":[],"bad_words_no":0,"weight":0,"location":[29.51241385,-98.35574082,29.90416531,-97.89890282,29.51241385,-98.35574082,29.90416531,-97.89890282]}