{"messages":["Time to get up and start my day \ud83d\ude0c","Time to get up and start my day \ud83d\ude0c","Time to get up and start my day \ud83d\ude0c"],"messages_no":3,"bad_words":[],"bad_words_no":0,"weight":0,"location":[[33.93997634,-118.24657707],[33.93997634,-118.24657707],[33.93997634,-118.24657707]],"friends":[1,2,3,4]}