{"messages":["@quirkymia yes lol","@quirkymia yes lol","@quirkymia yes lol"],"messages_no":3,"bad_words":[],"bad_words_no":0,"weight":0,"location":[[37.63671956,-77.42526527],[37.63671956,-77.42526527],[37.63671956,-77.42526527]],"friends":[1,2,3,4]}