{"messages":["Bold #Maserati #SuperBowl","Bold #Maserati #SuperBowl","Bold #Maserati #SuperBowl"],"messages_no":3,"bad_words":[],"bad_words_no":0,"weight":0,"location":[[25.79720162,-80.12769956],[25.79720162,-80.12769956],[25.79720162,-80.12769956]],"friends":[1,2,3,4]}