{"messages":["Literally almost everything I own is Nike","She fell asleep \ud83d\ude14","Literally almost everything I own is Nike","She fell asleep \ud83d\ude14","\"@xmmvx__: I can still get you wet &amp; i can still make you laugh . (;\" \ud83d\udc40","Literally almost everything I own is Nike","She fell asleep \ud83d\ude14"],"messages_no":7,"bad_words":[],"bad_words_no":0,"weight":0,"location":[[38.9476283,-74.8904036],[38.9463449,-74.8920562],[38.9476283,-74.8904036],[38.9463449,-74.8920562],[38.9463522,-74.8920634],[38.9476283,-74.8904036],[38.9463449,-74.8920562]],"friends":[1,2,3,4]}