{"messages":["\u201c@TheCockiestMan: Fuck feelings, be an asshole\u201d","\u201c@TheCockiestMan: Fuck feelings, be an asshole\u201d","Sleeping in is the bees knees","\u201c@TheCockiestMan: Fuck feelings, be an asshole\u201d"],"messages_no":4,"bad_words":[],"bad_words_no":6,"weight":0,"location":[[34.51896317,-86.94141353],[34.51896317,-86.94141353],[33.81814206,-85.769572],[34.51896317,-86.94141353]],"friends":[1,2,3,4]}