{"messages":["My birthday is in 9 days","@CaramelGirl_18 a basketball with a crown with his name on like a banner over it I'll post a pic when it's finished","My birthday is in 9 days","@CaramelGirl_18 a basketball with a crown with his name on like a banner over it I'll post a pic when it's finished","I hit you with that favorite and that retweet \ud83d\ude09","Finally watching 8 Mile \ud83d\ude4f","So do we have school tomorrow or what?","My birthday is in 9 days","@CaramelGirl_18 a basketball with a crown with his name on like a banner over it I'll post a pic when it's finished","I hit you with that favorite and that retweet \ud83d\ude09","Finally watching 8 Mile \ud83d\ude4f"],"messages_no":11,"bad_words":[],"bad_words_no":0,"weight":0,"location":[[35.23115509,-96.68139179],[35.22515482,-96.6690854],[35.23115509,-96.68139179],[35.22515482,-96.6690854],[35.22430602,-96.67643306],[35.22432572,-96.67640506],[35.2311465,-96.68137444],[35.23115509,-96.68139179],[35.22515482,-96.6690854],[35.22430602,-96.67643306],[35.22432572,-96.67640506]],"friends":[1,2,3,4]}