{"messages":["What's this bite radius crap","What's this bite radius crap","What's this bite radius crap"],"messages_no":3,"bad_words":[],"bad_words_no":0,"weight":0,"location":[[41.78756036,-70.51469334],[41.78756036,-70.51469334],[41.78756036,-70.51469334]],"friends":[1,2,3,4]}