{"messages":["soooo pissed","im moving to Africa","but im sneak-out ready http:\/\/t.co\/HJ4H6EjVAN","@tiersabailey yeah he's def not black..\ud83d\ude29\ud83d\ude02\ud83d\ude02\ud83d\ude02\ud83d\ude02\ud83d\ude02\ud83d\ude02\ud83d\ude02\ud83d\ude36"],"messages_no":4,"bad_words":[],"bad_words_no":1,"weight":0,"location":[[36.85191299,-119.79128782],[36.86031849,-119.78869982],[36.76577801,-119.81619797],[36.85025396,-119.80110001]]}