{"messages":["Bad Women.","Bad Women.","Bad Women."],"messages_no":3,"bad_words":[],"bad_words_no":0,"weight":0,"location":[[38.64000306,-121.47658926],[38.64000306,-121.47658926],[38.64000306,-121.47658926]],"friends":[1,2,3,4]}