{"messages":["@Brayden_X3298 that's my name I made up\ud83d\udc4c","@Brayden_X3298 that's my name I made up\ud83d\udc4c","@Brayden_X3298 that's my name I made up\ud83d\udc4c","@Brayden_X3298 that's my name I made up\ud83d\udc4c"],"messages_no":4,"bad_words":[],"bad_words_no":0,"weight":0,"location":[37.34337998,-79.25184424,37.34337998,-79.25184424,37.34337998,-79.25184424,37.34337998,-79.25184424]}