{"messages":["Me and Jimmy's summer project was to make a pong table but that never happened","SOMEONE PLEASE GIVE ME A WHEEL CHAIR","Who wants to give me a lap dance if I get a wheel chair???","@drewchesla someone will","Me and Jimmy's summer project was to make a pong table but that never happened","SOMEONE PLEASE GIVE ME A WHEEL CHAIR","Who wants to give me a lap dance if I get a wheel chair???","@drewchesla someone will","Me and Jimmy's summer project was to make a pong table but that never happened","SOMEONE PLEASE GIVE ME A WHEEL CHAIR","Who wants to give me a lap dance if I get a wheel chair???","@drewchesla someone will"],"messages_no":12,"bad_words":[],"bad_words_no":0,"weight":0,"location":[[41.52428288,-87.80289933],[41.5243211,-87.80272009],[41.5245068,-87.80268794],[41.5244309,-87.8026415],[41.52428288,-87.80289933],[41.5243211,-87.80272009],[41.5245068,-87.80268794],[41.5244309,-87.8026415],[41.52428288,-87.80289933],[41.5243211,-87.80272009],[41.5245068,-87.80268794],[41.5244309,-87.8026415]],"friends":[1,2,3,4]}