{"messages":["that other guy tho \ud83d\ude12\ud83d\ude12 lmao\ud83d\ude02\ud83d\ude02","that other guy tho \ud83d\ude12\ud83d\ude12 lmao\ud83d\ude02\ud83d\ude02","that other guy tho \ud83d\ude12\ud83d\ude12 lmao\ud83d\ude02\ud83d\ude02"],"messages_no":3,"bad_words":[],"bad_words_no":0,"weight":0,"location":[[32.57485433,-97.32556444],[32.57485433,-97.32556444],[32.57485433,-97.32556444]],"friends":[1,2,3,4]}