{"messages":["I'm throw tf up. Damn it","I'm throw tf up. Damn it","I wanna go home. Frfr","Jus a dumb ass idea to come down here .","I'm throw tf up. Damn it","I wanna go home. Frfr","Jus a dumb ass idea to come down here ."],"messages_no":7,"bad_words":[],"bad_words_no":0,"weight":0,"location":[[31.2190689,-98.523414],[31.2190689,-98.523414],[31.9135857,-102.2925613],[31.9135675,-102.2925511],[31.2190689,-98.523414],[31.9135857,-102.2925613],[31.9135675,-102.2925511]],"friends":[1,2,3,4]}