{"messages":["Wizards game was \ud83d\ude4c\ud83d\ude4c","Wizards game was \ud83d\ude4c\ud83d\ude4c","Almost busted my ass \ud83d\ude05\ud83d\ude05","Wizards game was \ud83d\ude4c\ud83d\ude4c"],"messages_no":4,"bad_words":[],"bad_words_no":0,"weight":0,"location":[[39.11216569,-76.84874774],[39.11216569,-76.84874774],[38.93216155,-76.83460755],[39.11216569,-76.84874774]],"friends":[1,2,3,4]}