{"messages":["Like once I'm married \ud83d\ude02","Like once I'm married \ud83d\ude02"],"messages_no":2,"bad_words":[],"bad_words_no":0,"weight":0,"location":[38.38794096,-78.97097387,38.38794096,-78.97097387]}