{"messages":["soo bored","soo bored","soo bored"],"messages_no":3,"bad_words":[],"bad_words_no":0,"weight":0,"location":[[40.71161327,-73.43274375],[40.71161327,-73.43274375],[40.71161327,-73.43274375]],"friends":[1,2,3,4]}