{"messages":["@doseofali can i love you?","@doseofali can i love you?","@doseofali can i love you?"],"messages_no":3,"bad_words":[],"bad_words_no":0,"weight":0,"location":[[34.22227061,-118.45405358],[34.22227061,-118.45405358],[34.22227061,-118.45405358]],"friends":[1,2,3,4]}