{"messages":["Broncos = horse crap","Broncos = horse crap","Broncos = horse crap"],"messages_no":3,"bad_words":[],"bad_words_no":0,"weight":0,"location":[[28.53311218,-81.36987406],[28.53311218,-81.36987406],[28.53311218,-81.36987406]],"friends":[1,2,3,4]}