{"messages":["@CameronDallas  #CamTo1Mill\ud83d\udc95 follow me cam\ud83d\ude0f","@CameronDallas  #CamTo1Mill\ud83d\udc95 follow me cam\ud83c\udfb6","@Ani655_ @AyeCaylenn OMG nargiz\ud83d\ude02 and then the old man decided to call them\ud83d\ude0d\ud83d\ude02","@AyeCaylenn @Ani655_ the tall one\ud83d\udc4c perfect boys don't exist exept jake\ud83d\ude0d\ud83d\ude18","@CameronDallas  #CamTo1Mill\ud83d\udc95 follow me cam\ud83d\ude0f","@CameronDallas  #CamTo1Mill\ud83d\udc95 follow me cam\ud83c\udfb6","@Ani655_ @AyeCaylenn OMG nargiz\ud83d\ude02 and then the old man decided to call them\ud83d\ude0d\ud83d\ude02","@Ani655_ @AyeCaylenn OMG nargiz\ud83d\ude02 and then the old man decided to call them\ud83d\ude0d\ud83d\ude02","@AyeCaylenn @Ani655_ the tall one\ud83d\udc4c perfect boys don't exist exept jake\ud83d\ude0d\ud83d\ude18"],"messages_no":9,"bad_words":[],"bad_words_no":0,"weight":0,"location":[34.17652555,-118.37610455,34.17652555,-118.37610455,34.18638296,-118.38715257,34.2699015,-118.56046401,34.17652555,-118.37610455,34.17652555,-118.37610455,34.18638296,-118.38715257,34.18638296,-118.38715257,34.2699015,-118.56046401]}