{"messages":["Lololol","Lololol","Lololol"],"messages_no":3,"bad_words":[],"bad_words_no":0,"weight":0,"location":[[30.2444409,-97.7725169],[30.2444409,-97.7725169],[30.2444409,-97.7725169]],"friends":[1,2,3,4]}