{"messages":["Can't nobody see it's a black out !!!","Can't nobody see it's a black out !!!","Can't nobody see it's a black out !!!"],"messages_no":3,"bad_words":[],"bad_words_no":0,"weight":0,"location":[34.19315478,-118.34037761,34.19315478,-118.34037761,34.19315478,-118.34037761]}