{"messages":["#nobodycarestho","#nobodycarestho","#nobodycarestho"],"messages_no":3,"bad_words":[],"bad_words_no":0,"weight":0,"location":[38.22292545,-85.76326231,38.22292545,-85.76326231,38.22292545,-85.76326231]}