{"messages":["What hurts you today, makes you stronger tomorrow.","Only if my dreams came true","What hurts you today, makes you stronger tomorrow.","Only if my dreams came true","What hurts you today, makes you stronger tomorrow.","Only if my dreams came true"],"messages_no":6,"bad_words":[],"bad_words_no":0,"weight":0,"location":[[21.45871726,-158.00852074],[21.45840213,-158.0089287],[21.45871726,-158.00852074],[21.45840213,-158.0089287],[21.45871726,-158.00852074],[21.45840213,-158.0089287]],"friends":[1,2,3,4]}