{"messages":["Who are you? \u201c@karlaajasmine: @_Michooo yeah sucio\u201d","Rey Mysterio and Eddie Guerrero were my favorites","@stephaninimarie Lol chill I'm just kidding!","Who are you? \u201c@karlaajasmine: @_Michooo yeah sucio\u201d","Rey Mysterio and Eddie Guerrero were my favorites","@stephaninimarie Lol chill I'm just kidding!","@karlaajasmine Lol chiiiiill you play too much Karla! \ud83d\ude02","@karlaajasmine I hate you.","Who are you? \u201c@karlaajasmine: @_Michooo yeah sucio\u201d","Rey Mysterio and Eddie Guerrero were my favorites","@stephaninimarie Lol chill I'm just kidding!"],"messages_no":11,"bad_words":[],"bad_words_no":0,"weight":0,"location":[[34.01540873,-118.11855398],[34.01542512,-118.11854669],[34.01283712,-118.1065858],[34.01540873,-118.11855398],[34.01542512,-118.11854669],[34.01283712,-118.1065858],[34.01547025,-118.11855281],[34.01539423,-118.11863068],[34.01540873,-118.11855398],[34.01542512,-118.11854669],[34.01283712,-118.1065858]],"friends":[1,2,3,4]}