{"messages":["this is the bullshit that happens","this is the bullshit that happens","\"its been a while... endou.\" GOd arE THEY GONNA KISS","there it is http:\/\/t.co\/69GNJrUAOi","@tigertub Im GOINF TO dO IT MY PROFESSOR IS SUPER COOL","this is the bullshit that happens","\"its been a while... endou.\" GOd arE THEY GONNA KISS"],"messages_no":7,"bad_words":[],"bad_words_no":3,"weight":0,"location":[[21.34918297,-157.90391939],[21.34918297,-157.90391939],[21.34936753,-157.903301],[21.3492504,-157.90347255],[21.34922618,-157.90344103],[21.34918297,-157.90391939],[21.34936753,-157.903301]],"friends":[1,2,3,4]}