{"messages":["Staying home tonight","This is getting to ugly","Staying home tonight"],"messages_no":3,"bad_words":[],"bad_words_no":0,"weight":0,"location":[30.4925541,-97.6886135,30.4924852,-97.689081,30.4925541,-97.6886135]}