{"messages":["I'm so bored \ud83d\ude2a","I'm so bored \ud83d\ude2a"],"messages_no":2,"bad_words":[],"bad_words_no":0,"weight":0,"location":[25.61910579,-80.42400537,25.61910579,-80.42400537]}