{"messages":["I can't even take a nap to much racket going on","I can't stop laughing lmao!!!","I can't even take a nap to much racket going on","I can't stop laughing lmao!!!","Stupid game anyways looks like a DUCK NOT A BIRD LOL","Hahahaha oh man that just made my morning hahaha lol and damn!!!!!!","In class at least is one class today ^_^","I can't even take a nap to much racket going on","I can't stop laughing lmao!!!","Stupid game anyways looks like a DUCK NOT A BIRD LOL"],"messages_no":10,"bad_words":[],"bad_words_no":1,"weight":0,"location":[[35.78779384,-80.84759826],[35.2594982,-80.77642014],[35.78779384,-80.84759826],[35.2594982,-80.77642014],[35.78780159,-80.84757244],[35.78774541,-80.84766578],[35.78343681,-80.89317364],[35.78779384,-80.84759826],[35.2594982,-80.77642014],[35.78780159,-80.84757244]],"friends":[1,2,3,4]}