{"messages":["Filly Brown \ud83d\ude09","Filly Brown \ud83d\ude09","Filly Brown \ud83d\ude09"],"messages_no":3,"bad_words":[],"bad_words_no":0,"weight":0,"location":[[34.10882208,-117.52740499],[34.10882208,-117.52740499],[34.10882208,-117.52740499]],"friends":[1,2,3,4]}