{"messages":["I Need My Nails Done . ASAP","From Seattle To Oklahoma City .","Sea Hawks . Only Because Kevin Durant Is Going For Them . \ud83d\ude02\ud83d\udc4c","Woah . I Hope She Didn't Think I Was About To Confess My Feelings . \ud83d\ude02\ud83d\udc4c","@__Allanaa Noo . Leave Me The Fuck Alone ! \ud83d\ude02\ud83d\ude02","@__Allanaa @StarksDestinee I'm In My Feelings .. So Everything !"],"messages_no":6,"bad_words":[],"bad_words_no":1,"weight":0,"location":[[34.57085608,-82.79404348],[34.57081187,-82.79400232],[34.57087012,-82.79395035],[34.57082612,-82.79397676],[34.57094321,-82.79397701],[34.57087645,-82.79411288]]}