{"messages":["It's the future!","It's the future!","It's the future!"],"messages_no":3,"bad_words":[],"bad_words_no":0,"weight":0,"location":[[35.48196183,-81.2183295],[35.48196183,-81.2183295],[35.48196183,-81.2183295]],"friends":[1,2,3,4]}