{"messages":["@carlahontas love the new picture \u263a\ufe0f\ud83d\udc95","@carlahontas love the new picture \u263a\ufe0f\ud83d\udc95","@carlahontas love the new picture \u263a\ufe0f\ud83d\udc95"],"messages_no":3,"bad_words":[],"bad_words_no":0,"weight":0,"location":[39.63901008,-79.95342387,39.63901008,-79.95342387,39.63901008,-79.95342387]}