{"messages":["Your pushing me away","Your pushing me away","Your pushing me away"],"messages_no":3,"bad_words":[],"bad_words_no":0,"weight":0,"location":[[41.9804338,-71.6142103],[41.9804338,-71.6142103],[41.9804338,-71.6142103]],"friends":[1,2,3,4]}