{"messages":["#EsuranceSave30","#EsuranceSave30","#EsuranceSave30"],"messages_no":3,"bad_words":[],"bad_words_no":0,"weight":0,"location":[[39.97714315,-83.09073172],[39.97714315,-83.09073172],[39.97714315,-83.09073172]],"friends":[1,2,3,4]}