{"messages":["Ow my teeth hurt.","@WeaveDogNasty I miss you already.","Ow my teeth hurt.","@WeaveDogNasty I miss you already."],"messages_no":4,"bad_words":[],"bad_words_no":0,"weight":0,"location":[41.2277988,-84.0321793,41.2278088,-84.0321846,41.2277988,-84.0321793,41.2278088,-84.0321846]}