{"messages":["@KristaBaileyyy6 that's not cool","@KristaBaileyyy6 that's not cool","@KristaBaileyyy6 that's not cool","@KristaBaileyyy6 that's not cool"],"messages_no":4,"bad_words":[],"bad_words_no":0,"weight":0,"location":[33.01935236,-97.20143818,33.01935236,-97.20143818,33.01935236,-97.20143818,33.01935236,-97.20143818]}