{"messages":["Are you kidding me?!? http:\/\/t.co\/jhdw3l2udQ","I love love loveeeeeeee errybody","Are you kidding me?!? http:\/\/t.co\/jhdw3l2udQ","I love love loveeeeeeee errybody","I love love loveeeeeeee errybody"],"messages_no":5,"bad_words":[],"bad_words_no":0,"weight":0,"location":[34.87681382,-82.11054041,34.87811977,-82.06538461,34.87681382,-82.11054041,34.87811977,-82.06538461,34.87811977,-82.06538461]}