{"messages":["My header doe\ud83d\udcaa","My header doe\ud83d\udcaa","My header doe\ud83d\udcaa","My header doe\ud83d\udcaa"],"messages_no":4,"bad_words":[],"bad_words_no":0,"weight":0,"location":[40.79983968,-74.19720046,40.79983968,-74.19720046,40.79983968,-74.19720046,40.79983968,-74.19720046]}