{"messages":["I am actually laughing so hard at @withlovekristie 'a twit pic OMG \ud83d\ude02\ud83d\ude02\ud83d\ude02\ud83d\ude02\ud83d\ude02\ud83d\ude02\ud83d\ude02\ud83d\ude02\ud83d\ude02\ud83d\udc4f\ud83d\ude2d","I am actually laughing so hard at @withlovekristie 'a twit pic OMG \ud83d\ude02\ud83d\ude02\ud83d\ude02\ud83d\ude02\ud83d\ude02\ud83d\ude02\ud83d\ude02\ud83d\ude02\ud83d\ude02\ud83d\udc4f\ud83d\ude2d","I am actually laughing so hard at @withlovekristie 'a twit pic OMG \ud83d\ude02\ud83d\ude02\ud83d\ude02\ud83d\ude02\ud83d\ude02\ud83d\ude02\ud83d\ude02\ud83d\ude02\ud83d\ude02\ud83d\udc4f\ud83d\ude2d"],"messages_no":3,"bad_words":[],"bad_words_no":0,"weight":0,"location":[[38.33217244,-122.26745763],[38.33217244,-122.26745763],[38.33217244,-122.26745763]],"friends":[1,2,3,4]}