{"messages":["@NuteIla Vanessa won my heart","@NuteIla Vanessa won my heart","@NuteIla Vanessa won my heart"],"messages_no":3,"bad_words":[],"bad_words_no":0,"weight":0,"location":[40.91627399,-74.01254011,40.91627399,-74.01254011,40.91627399,-74.01254011]}