{"messages":["I'll rob a rich bicth","I'll rob a rich bicth","I'll rob a rich bicth","I'll rob a rich bicth"],"messages_no":4,"bad_words":[],"bad_words_no":0,"weight":0,"location":[30.06190779,-90.56145537,30.06190779,-90.56145537,30.06190779,-90.56145537,30.06190779,-90.56145537]}