{"messages":["12-you seem really fun","998-You like the kooks and that is awesome and you arecsuper chill","12-you seem really fun","998-You like the kooks and that is awesome and you arecsuper chill","12-you seem really fun","998-You like the kooks and that is awesome and you arecsuper chill"],"messages_no":6,"bad_words":[],"bad_words_no":0,"weight":0,"location":[[32.9376112,-97.2422238],[32.9376209,-97.2422201],[32.9376112,-97.2422238],[32.9376209,-97.2422201],[32.9376112,-97.2422238],[32.9376209,-97.2422201]],"friends":[1,2,3,4]}