{"messages":["These Bitches So Dumb \ud83d\ude29\ud83d\ude29\ud83d\ude29\ud83d\ude02\ud83d\ude02\ud83d\ude02","These Bitches So Dumb \ud83d\ude29\ud83d\ude29\ud83d\ude29\ud83d\ude02\ud83d\ude02\ud83d\ude02","These Bitches So Dumb \ud83d\ude29\ud83d\ude29\ud83d\ude29\ud83d\ude02\ud83d\ude02\ud83d\ude02"],"messages_no":3,"bad_words":[],"bad_words_no":0,"weight":0,"location":[[42.43969349,-83.23991153],[42.43969349,-83.23991153],[42.43969349,-83.23991153]],"friends":[1,2,3,4]}