{"messages":["Cop some shoes!!","Cop some shoes!!"],"messages_no":2,"bad_words":[],"bad_words_no":0,"weight":0,"location":[33.98858203,-118.18860827,33.98858203,-118.18860827]}