{"messages":["@d_allenn love you!","@d_allenn love you!","@a_hagg awe no im notttttt! But thanks dear so Are youuuu!","@d_allenn love you!","@a_hagg awe no im notttttt! But thanks dear so Are youuuu!"],"messages_no":5,"bad_words":[],"bad_words_no":0,"weight":0,"location":[[38.06754502,-83.93360831],[38.06754502,-83.93360831],[38.06766626,-83.93357922],[38.06754502,-83.93360831],[38.06766626,-83.93357922]],"friends":[1,2,3,4]}