{"messages":["@monroe_couture1 in the bathroom we bout to head to the gym \ud83d\ude01\ud83d\ude01\ud83d\ude01","@monroe_couture1 in the bathroom we bout to head to the gym \ud83d\ude01\ud83d\ude01\ud83d\ude01","Greater is coming !","@monroe_couture1 in the bathroom we bout to head to the gym \ud83d\ude01\ud83d\ude01\ud83d\ude01","Greater is coming !"],"messages_no":5,"bad_words":[],"bad_words_no":0,"weight":0,"location":[[33.93549366,-83.47286448],[33.93549366,-83.47286448],[33.918617,-83.46429371],[33.93549366,-83.47286448],[33.918617,-83.46429371]],"friends":[1,2,3,4]}