{"messages":["sleeping in Dustin's T-shirts &gt;&gt;&gt; #socomfy \ud83d\udc4c\ud83d\ude0a","really craving McDonald's right now \ud83c\udf54\ud83c\udf5f","sleeping in Dustin's T-shirts &gt;&gt;&gt; #socomfy \ud83d\udc4c\ud83d\ude0a","really craving McDonald's right now \ud83c\udf54\ud83c\udf5f","really craving McDonald's right now \ud83c\udf54\ud83c\udf5f"],"messages_no":5,"bad_words":[],"bad_words_no":0,"weight":0,"location":[37.35920731,-79.09298305,37.35920262,-79.09293375,37.35920731,-79.09298305,37.35920262,-79.09293375,37.35920262,-79.09293375]}