{"messages":["@d_allenn love you!","@d_allenn love you!","@d_allenn love you!","@d_allenn love you!"],"messages_no":4,"bad_words":[],"bad_words_no":0,"weight":0,"location":[38.06754502,-83.93360831,38.06754502,-83.93360831,38.06754502,-83.93360831,38.06754502,-83.93360831]}