{"messages":["All I want is you.","All I want is you.","All I want is you."],"messages_no":3,"bad_words":[],"bad_words_no":0,"weight":0,"location":[[43.0855149,-89.2005194],[43.0855149,-89.2005194],[43.0855149,-89.2005194]],"friends":[1,2,3,4]}