{"messages":["Night","Night","Night"],"messages_no":3,"bad_words":[],"bad_words_no":0,"weight":0,"location":[29.6737481,-95.2157773,29.6737481,-95.2157773,29.6737481,-95.2157773]}