{"messages":["I'm to thick for my own good","I'm to thick for my own good","I'm to thick for my own good"],"messages_no":3,"bad_words":[],"bad_words_no":0,"weight":0,"location":[[38.89187599,-77.08783046],[38.89187599,-77.08783046],[38.89187599,-77.08783046]],"friends":[1,2,3,4]}