{"messages":["my dad\ud83d\ude33 http:\/\/t.co\/okB2BcxO8T","my dad\ud83d\ude33 http:\/\/t.co\/okB2BcxO8T","my dad\ud83d\ude33 http:\/\/t.co\/okB2BcxO8T"],"messages_no":3,"bad_words":[],"bad_words_no":0,"weight":0,"location":[[25.70643266,-80.255769],[25.70643266,-80.255769],[25.70643266,-80.255769]],"friends":[1,2,3,4]}