{"messages":["I'm stay home alchy lol","@its_just_kema those the best","I'm stay home alchy lol","@its_just_kema those the best","I'm stay home alchy lol","@its_just_kema those the best"],"messages_no":6,"bad_words":[],"bad_words_no":0,"weight":0,"location":[[36.86018887,-76.18344742],[36.86018702,-76.18344826],[36.86018887,-76.18344742],[36.86018702,-76.18344826],[36.86018887,-76.18344742],[36.86018702,-76.18344826]],"friends":[1,2,3,4]}