{"messages":["Weak ass performance for sure.","Weak ass performance for sure.","Weak ass performance for sure."],"messages_no":3,"bad_words":[],"bad_words_no":0,"weight":0,"location":[[46.18810783,-119.20142702],[46.18810783,-119.20142702],[46.18810783,-119.20142702]],"friends":[1,2,3,4]}