{"messages":["Stay down \u270a throw thick n thin \ud83d\udcaf","I ain't even sleepy tho !","Stay down \u270a throw thick n thin \ud83d\udcaf","I ain't even sleepy tho !"],"messages_no":4,"bad_words":[],"bad_words_no":0,"weight":0,"location":[33.73053344,-84.38998447,33.73033006,-84.39005893,33.73053344,-84.38998447,33.73033006,-84.39005893]}