{"messages":["I'm stay home alchy lol","@its_just_kema those the best","I'm stay home alchy lol","I'm stay home alchy lol"],"messages_no":4,"bad_words":[],"bad_words_no":0,"weight":0,"location":[36.86018887,-76.18344742,36.86018702,-76.18344826,36.86018887,-76.18344742,36.86018887,-76.18344742]}