{"messages":["I'm liking twitters new update\ud83d\udc4f","\u201c@Mark_w__: @Skylerbrooke123 do you wanna talk?\u201d Not if you won't tell me who you are","I'm liking twitters new update\ud83d\udc4f","\u201c@Mark_w__: @Skylerbrooke123 do you wanna talk?\u201d Not if you won't tell me who you are","The girl on super sweet sixteen is pissing me off \ud83d\ude12","I'm liking twitters new update\ud83d\udc4f","\u201c@Mark_w__: @Skylerbrooke123 do you wanna talk?\u201d Not if you won't tell me who you are","The girl on super sweet sixteen is pissing me off \ud83d\ude12"],"messages_no":8,"bad_words":[],"bad_words_no":2,"weight":0,"location":[[29.6053989,-98.27751569],[29.60486482,-98.27803303],[29.6053989,-98.27751569],[29.60486482,-98.27803303],[29.60024427,-98.21990052],[29.6053989,-98.27751569],[29.60486482,-98.27803303],[29.60024427,-98.21990052]],"friends":[1,2,3,4]}