{"messages":["Hiccups r bck","Hiccups r bck","\"@endixon23: Got her saved in my phone under big booty\" @ me next time ok?","@NickyNates @endixon23 I know :-(","Hiccups r bck"],"messages_no":5,"bad_words":[],"bad_words_no":0,"weight":0,"location":[[37.0783274,-94.3736825],[37.0783274,-94.3736825],[32.4653791,-97.0641497],[32.4652157,-97.0642873],[37.0783274,-94.3736825]],"friends":[1,2,3,4]}