{"messages":["Waking up now &gt;&gt;","Waking up now &gt;&gt;","Waking up now &gt;&gt;","Waking up now &gt;&gt;"],"messages_no":4,"bad_words":[],"bad_words_no":0,"weight":0,"location":[41.2175901,-81.2642297,41.2175901,-81.2642297,41.2175901,-81.2642297,41.2175901,-81.2642297]}