{"messages":["Look at Ike turner in the Kia 900","Look at Ike turner in the Kia 900","Look at Ike turner in the Kia 900"],"messages_no":3,"bad_words":[],"bad_words_no":0,"weight":0,"location":[[38.42389773,-78.86759971],[38.42389773,-78.86759971],[38.42389773,-78.86759971]],"friends":[1,2,3,4]}