{"messages":["What happend...","What happend...","What happend..."],"messages_no":3,"bad_words":[],"bad_words_no":0,"weight":0,"location":[[35.06781485,-80.67432067],[35.06781485,-80.67432067],[35.06781485,-80.67432067]],"friends":[1,2,3,4]}