{"messages":["audrey can hear me crying. can you?","audrey can hear me crying. can you?","@urbanwhat another word for gunna","audrey can hear me crying. can you?"],"messages_no":4,"bad_words":[],"bad_words_no":0,"weight":0,"location":[[36.04350403,-115.25946877],[36.04350403,-115.25946877],[35.99246845,-115.22167396],[36.04350403,-115.25946877]],"friends":[1,2,3,4]}