{"messages":["Perks got me slow motion ! \ud83d\udc8a","He fake ! \ud83d\ude12","Send them emojis ! \ud83d\udc4c\ud83d\udcaf","Header \u2753","Perks got me slow motion ! \ud83d\udc8a","He fake ! \ud83d\ude12"],"messages_no":6,"bad_words":[],"bad_words_no":0,"weight":0,"location":[40.03264822,-75.12283463,39.98004832,-75.1759569,39.98014069,-75.17592326,39.98009063,-75.17591863,40.03264822,-75.12283463,39.98004832,-75.1759569]}