{"messages":["Getting @TacoBell","Getting @TacoBell","Getting @TacoBell"],"messages_no":3,"bad_words":[],"bad_words_no":0,"weight":0,"location":[39.16183429,-84.68772071,39.16183429,-84.68772071,39.16183429,-84.68772071]}