{"messages":["#EsuranceSave30 qwerty uh","#EsuranceSave30 aaa","#EsuranceSave30 qwerty uh","#EsuranceSave30 aaa","#EsuranceSave30 \u00ee","#EsuranceSave30 \u012b","#EsuranceSave30 qwerty uh","#EsuranceSave30 aaa","#EsuranceSave30 \u00ee","#EsuranceSave30 \u012b"],"messages_no":10,"bad_words":[],"bad_words_no":0,"weight":0,"location":[[35.15704062,-81.01467901],[35.15704884,-81.01470751],[35.15704062,-81.01467901],[35.15704884,-81.01470751],[35.1570488,-81.01465185],[35.15704926,-81.01465537],[35.15704062,-81.01467901],[35.15704884,-81.01470751],[35.1570488,-81.01465185],[35.15704926,-81.01465537]],"friends":[1,2,3,4]}