{"messages":["Lord please forgive me...","One time is fine with me!#Drake","Lord please forgive me...","One time is fine with me!#Drake"],"messages_no":4,"bad_words":[],"bad_words_no":0,"weight":0,"location":[36.80517118,-76.20398705,37.11346941,-76.51403281,36.80517118,-76.20398705,37.11346941,-76.51403281]}