{"messages":["Good evening","Good evening","Good evening"],"messages_no":3,"bad_words":[],"bad_words_no":0,"weight":0,"location":[[33.82725321,-118.27918554],[33.82725321,-118.27918554],[33.82725321,-118.27918554]],"friends":[1,2,3,4]}