{"messages":["Naps &gt;&gt;&gt;&gt;","Naps &gt;&gt;&gt;&gt;","I do see where you get being so rude from","Naps &gt;&gt;&gt;&gt;"],"messages_no":4,"bad_words":[],"bad_words_no":0,"weight":0,"location":[[38.41451809,-81.4789699],[38.41451809,-81.4789699],[38.41472232,-81.47871139],[38.41451809,-81.4789699]],"friends":[1,2,3,4]}