{"messages":["As long as my bitches love me.","I need help for my shopping addiction.","As long as my bitches love me.","I need help for my shopping addiction."],"messages_no":4,"bad_words":[],"bad_words_no":2,"weight":0,"location":[36.7954561,-76.07776461,36.84531421,-76.17200076,36.7954561,-76.07776461,36.84531421,-76.17200076]}