{"messages":["Disappointed.","Disappointed."],"messages_no":2,"bad_words":[],"bad_words_no":0,"weight":0,"location":[32.85287279,-97.37014434,32.85287279,-97.37014434]}