{"messages":["It's official :)","It's official :)","I can't believe I passed the fuck out","It's official :)","It's official :)","I can't believe I passed the fuck out","I can't believe I passed the fuck out"],"messages_no":7,"bad_words":[],"bad_words_no":3,"weight":0,"location":[34.80871879,-106.70208773,34.80871879,-106.70208773,34.82690777,-106.75212501,34.80871879,-106.70208773,34.80871879,-106.70208773,34.82690777,-106.75212501,34.82690777,-106.75212501]}