{"messages":["so sick of love songs","so sick of love songs","so sick of love songs"],"messages_no":3,"bad_words":[],"bad_words_no":0,"weight":0,"location":[[33.76427002,-117.88399933],[33.76427002,-117.88399933],[33.76427002,-117.88399933]],"friends":[1,2,3,4]}