{"messages":[":Ima Change Yo Life \ud83d\ude08\ud83d\udcaf\ud83d\ude12","\u270c\ufe0f\u270c\ufe0f\u270c\ufe0f\u270c\ufe0f",":Ima Change Yo Life \ud83d\ude08\ud83d\udcaf\ud83d\ude12",":Ima Change Yo Life \ud83d\ude08\ud83d\udcaf\ud83d\ude12","\u270c\ufe0f\u270c\ufe0f\u270c\ufe0f\u270c\ufe0f"],"messages_no":5,"bad_words":[],"bad_words_no":0,"weight":0,"location":[41.59509522,-81.53032803,41.53023992,-81.60100407,41.59509522,-81.53032803,41.59509522,-81.53032803,41.53023992,-81.60100407]}