{"messages":["2,000 people here #mylife14","2,000 people here #mylife14"],"messages_no":2,"bad_words":[],"bad_words_no":0,"weight":0,"location":[34.05768406,-84.26007833,34.05768406,-84.26007833]}