{"messages":["Whatever","Whatever","Whatever"],"messages_no":3,"bad_words":[],"bad_words_no":0,"weight":0,"location":[[33.76884466,-117.84749212],[33.76884466,-117.84749212],[33.76884466,-117.84749212]],"friends":[1,2,3,4]}