{"messages":["Some one need to feed me dinner","Some one need to feed me dinner","Some one need to feed me dinner"],"messages_no":3,"bad_words":[],"bad_words_no":0,"weight":0,"location":[[36.84445038,-119.74247891],[36.84445038,-119.74247891],[36.84445038,-119.74247891]],"friends":[1,2,3,4]}