{"messages":["Zachs a total babe","Zachs a total babe","Zachs a total babe","Zachs a total babe"],"messages_no":4,"bad_words":[],"bad_words_no":0,"weight":0,"location":[41.68522204,-81.31545799,41.68522204,-81.31545799,41.68522204,-81.31545799,41.68522204,-81.31545799]}