{"messages":["@MileyCyrus yes you may now come heat","I'm just ready for my energy to feel right","@MileyCyrus yes you may now come heat","I'm just ready for my energy to feel right","@NASA I do appreciate you more","@MileyCyrus yes you may now come heat","I'm just ready for my energy to feel right"],"messages_no":7,"bad_words":[],"bad_words_no":0,"weight":0,"location":[[39.040325,-76.9926016],[39.0988393,-76.8068246],[39.040325,-76.9926016],[39.0988393,-76.8068246],[39.0402415,-76.9925444],[39.040325,-76.9926016],[39.0988393,-76.8068246]],"friends":[1,2,3,4]}