{"messages":["i made it thru the first night of work! \ud83d\ude0c","i made it thru the first night of work! \ud83d\ude0c","if being w, her makes you happy.. then im happy for you guys. \ud83d\ude18","i said how am i going to call if im passed out?","@Lahtal_ ok, lol","@HotBoyTre lol, i dont even listen to him.","@lakieron_ wassupp boo?","i need real going out buddies... cause whenever i do wanna go out which is rare, something always happens.","i made it thru the first night of work! \ud83d\ude0c","if being w, her makes you happy.. then im happy for you guys. \ud83d\ude18"],"messages_no":10,"bad_words":[],"bad_words_no":0,"weight":0,"location":[[30.00762419,-90.02478937],[30.00762419,-90.02478937],[30.00767853,-90.02487708],[30.00812923,-90.02559104],[30.0080856,-90.02547906],[30.00775789,-90.02483477],[30.00776268,-90.0248418],[30.00762704,-90.02482701],[30.00762419,-90.02478937],[30.00767853,-90.02487708]],"friends":[1,2,3,4]}