{"messages":["Ama loose more weight for shure","Ama loose more weight for shure","Ama loose more weight for shure","Ama loose more weight for shure"],"messages_no":4,"bad_words":[],"bad_words_no":0,"weight":0,"location":[32.6623949,-96.8841231,32.6623949,-96.8841231,32.6623949,-96.8841231,32.6623949,-96.8841231]}