{"messages":["I can careless about a female \ud83d\ude1c","Smh broncos loss \ud83d\ude02\ud83d\ude02\ud83d\ude02","I can careless about a female \ud83d\ude1c"],"messages_no":3,"bad_words":[],"bad_words_no":0,"weight":0,"location":[30.49255025,-90.47916394,30.49281041,-90.47896286,30.49255025,-90.47916394]}