{"messages":["@FranchizedCo Broncos 42 Seahawks 21","@FranchizedCo Broncos 42 Seahawks 21","@FranchizedCo Broncos 42 Seahawks 21"],"messages_no":3,"bad_words":[],"bad_words_no":0,"weight":0,"location":[[37.56785491,-85.26123359],[37.56785491,-85.26123359],[37.56785491,-85.26123359]],"friends":[1,2,3,4]}