{"messages":["\u201c@StokesEmily: going to church like a hobo\u201d","\u201c@StokesEmily: going to church like a hobo\u201d","\u201c@StokesEmily: going to church like a hobo\u201d"],"messages_no":3,"bad_words":[],"bad_words_no":0,"weight":0,"location":[[39.78575475,-84.18917455],[39.78575475,-84.18917455],[39.78575475,-84.18917455]],"friends":[1,2,3,4]}