{"messages":["@Topangerssss_ buy me one!!!!!!\ud83d\ude31\ud83d\ude31\ud83d\ude31","@Topangerssss_ buy me one!!!!!!\ud83d\ude31\ud83d\ude31\ud83d\ude31","@Topangerssss_ buy me one!!!!!!\ud83d\ude31\ud83d\ude31\ud83d\ude31"],"messages_no":3,"bad_words":[],"bad_words_no":0,"weight":0,"location":[[34.03477615,-117.9642969],[34.03477615,-117.9642969],[34.03477615,-117.9642969]],"friends":[1,2,3,4]}