{"messages":["Im to forgiving \ud83d\ude24\ud83d\ude14","Im to forgiving \ud83d\ude24\ud83d\ude14","Im to forgiving \ud83d\ude24\ud83d\ude14"],"messages_no":3,"bad_words":[],"bad_words_no":0,"weight":0,"location":[[43.11657613,-79.05168832],[43.11657613,-79.05168832],[43.11657613,-79.05168832]],"friends":[1,2,3,4]}