{"messages":["This organ lady is kinda cute\ud83d\udc40","This organ lady is kinda cute\ud83d\udc40","Wtf is he wearing....","This organ lady is kinda cute\ud83d\udc40","This organ lady is kinda cute\ud83d\udc40"],"messages_no":5,"bad_words":[],"bad_words_no":0,"weight":0,"location":[40.92315703,-75.40239495,40.92315703,-75.40239495,40.97697532,-75.41174118,40.92315703,-75.40239495,40.92315703,-75.40239495]}