{"messages":["Fuck!!!! Heading to work now","Fuck!!!! Heading to work now","About to watch 47 ronin with Brian","It's time to exceed my limits. I have an ample amount of confidence and energy. Time to apply it to making myself even healthier:)","Fuck!!!! Heading to work now","About to watch 47 ronin with Brian"],"messages_no":6,"bad_words":[],"bad_words_no":3,"weight":0,"location":[[33.93955976,-118.0084281],[33.93955976,-118.0084281],[33.89748545,-118.00862076],[33.93937959,-118.00843505],[33.93955976,-118.0084281],[33.89748545,-118.00862076]],"friends":[1,2,3,4]}