{"messages":["2 mile runs\ud83d\ude4c","2 mile runs\ud83d\ude4c","2 mile runs\ud83d\ude4c"],"messages_no":3,"bad_words":[],"bad_words_no":0,"weight":0,"location":[[33.11680333,-96.7765994],[33.11680333,-96.7765994],[33.11680333,-96.7765994]],"friends":[1,2,3,4]}