{"messages":["This game is over :(","This game is over :(","This game is over :("],"messages_no":3,"bad_words":[],"bad_words_no":0,"weight":0,"location":[[43.49357244,-114.27854894],[43.49357244,-114.27854894],[43.49357244,-114.27854894]],"friends":[1,2,3,4]}