{"messages":["SHERMAN IS DOWN. WHAT.","SHERMAN IS DOWN. WHAT.","SHERMAN IS DOWN. WHAT."],"messages_no":3,"bad_words":[],"bad_words_no":0,"weight":0,"location":[[33.55038544,-117.13644354],[33.55038544,-117.13644354],[33.55038544,-117.13644354]],"friends":[1,2,3,4]}