{"messages":["#EsuranceSave30","#EsuranceSave30","#EsuranceSave30"],"messages_no":3,"bad_words":[],"bad_words_no":0,"weight":0,"location":[[40.6722453,-74.26548708],[40.6722453,-74.26548708],[40.6722453,-74.26548708]],"friends":[1,2,3,4]}