{"messages":["Fuckkkkkkkk","This is a shit show","Fuckkkkkkkk","Fuckkkkkkkk"],"messages_no":4,"bad_words":[],"bad_words_no":4,"weight":0,"location":[39.92346101,-75.32596994,39.93409562,-75.32939028,39.92346101,-75.32596994,39.92346101,-75.32596994]}