{"messages":["Let's go SEA HAWKS! \ud83d\udc4c\ud83c\udf0a\ud83d\udc26","Let's go SEA HAWKS! \ud83d\udc4c\ud83c\udf0a\ud83d\udc26","Let's go SEA HAWKS! \ud83d\udc4c\ud83c\udf0a\ud83d\udc26"],"messages_no":3,"bad_words":[],"bad_words_no":0,"weight":0,"location":[[41.70626335,-85.90548781],[41.70626335,-85.90548781],[41.70626335,-85.90548781]],"friends":[1,2,3,4]}