{"messages":["i get dressed up at night time\ud83d\ude48.","i just need someone i can hold on to \u2764\ufe0f\u270a\ud83d\udc8d","thats a example .","i get dressed up at night time\ud83d\ude48.","i just need someone i can hold on to \u2764\ufe0f\u270a\ud83d\udc8d"],"messages_no":5,"bad_words":[],"bad_words_no":0,"weight":0,"location":[30.6903248,-93.82757806,30.67768523,-93.82357646,30.67770622,-93.82353279,30.6903248,-93.82757806,30.67768523,-93.82357646]}