{"messages":["I miss hugging you :(","I miss hugging you :(","I miss hugging you :("],"messages_no":3,"bad_words":[],"bad_words_no":0,"weight":0,"location":[[30.7089675,-83.2738731],[30.7089675,-83.2738731],[30.7089675,-83.2738731]],"friends":[1,2,3,4]}