{"messages":["OMFG I can't take them","OMFG I can't take them","OMFG I can't take them"],"messages_no":3,"bad_words":[],"bad_words_no":0,"weight":0,"location":[[32.60398123,-96.92009205],[32.60398123,-96.92009205],[32.60398123,-96.92009205]],"friends":[1,2,3,4]}