{"messages":["that was the best nap ever.","srsly hate being ignored","that was the best nap ever.","srsly hate being ignored","that was the best nap ever.","srsly hate being ignored"],"messages_no":6,"bad_words":[],"bad_words_no":0,"weight":0,"location":[[41.13777438,-85.09827635],[41.13775357,-85.09818443],[41.13777438,-85.09827635],[41.13775357,-85.09818443],[41.13777438,-85.09827635],[41.13775357,-85.09818443]],"friends":[1,2,3,4]}