{"messages":["it took about a half hour","why are you do COMPLICATED!","it took about a half hour","why are you do COMPLICATED!","it took about a half hour","why are you do COMPLICATED!"],"messages_no":6,"bad_words":[],"bad_words_no":0,"weight":0,"location":[[37.70609125,-122.18482325],[37.70635555,-122.18492594],[37.70609125,-122.18482325],[37.70635555,-122.18492594],[37.70609125,-122.18482325],[37.70635555,-122.18492594]],"friends":[1,2,3,4]}