{"messages":["4 months &amp; 12 days","4 months &amp; 12 days","@lexxxgray I shall do that after I eat\ud83d\ude0a","Your strongest enemy the one that know your weak spot.","@caroline_nolan is he gonna cancel school or like no?","4 months &amp; 12 days","@lexxxgray I shall do that after I eat\ud83d\ude0a"],"messages_no":7,"bad_words":[],"bad_words_no":0,"weight":0,"location":[[40.85634166,-73.40971176],[40.85634166,-73.40971176],[40.85634808,-73.40968941],[40.85628932,-73.40976276],[40.85634133,-73.40966988],[40.85634166,-73.40971176],[40.85634808,-73.40968941]],"friends":[1,2,3,4]}