{"messages":["@kezzy_kee u fuckin gay","I dnt understand what dat commercial had to do wit a mixed breed dog \ud83d\ude10","@kezzy_kee u fuckin gay","I dnt understand what dat commercial had to do wit a mixed breed dog \ud83d\ude10","@kezzy_kee u fuckin gay","I dnt understand what dat commercial had to do wit a mixed breed dog \ud83d\ude10"],"messages_no":6,"bad_words":[],"bad_words_no":6,"weight":0,"location":[[36.77904428,-76.06778994],[36.77892142,-76.06769514],[36.77904428,-76.06778994],[36.77892142,-76.06769514],[36.77904428,-76.06778994],[36.77892142,-76.06769514]],"friends":[1,2,3,4]}