{"messages":["Thanks John...#EsuranceSave30","Thanks John...#EsuranceSave30","Thanks John...#EsuranceSave30"],"messages_no":3,"bad_words":[],"bad_words_no":0,"weight":0,"location":[[40.79045317,-73.97234963],[40.79045317,-73.97234963],[40.79045317,-73.97234963]],"friends":[1,2,3,4]}