{"messages":["What Super Bowl?","What Super Bowl?","What Super Bowl?"],"messages_no":3,"bad_words":[],"bad_words_no":0,"weight":0,"location":[[39.65788823,-79.92324323],[39.65788823,-79.92324323],[39.65788823,-79.92324323]],"friends":[1,2,3,4]}