{"messages":["My grandma asked about moody .. \ud83d\ude02","My grandma asked about moody .. \ud83d\ude02","My dad got me bout to drive home .","\"@YSLThugger: \u201c@HeBeLike_PAIGE: Something wrong with my phone\ud83d\ude24\u201d\n\nI know.\" \ud83d\ude12\ud83d\ude20\ud83d\ude20","My grandma asked about moody .. \ud83d\ude02","My dad got me bout to drive home ."],"messages_no":6,"bad_words":[],"bad_words_no":0,"weight":0,"location":[[42.6439868,-83.2980518],[42.6439868,-83.2980518],[42.6934242,-83.3879402],[42.6562375,-83.3483213],[42.6439868,-83.2980518],[42.6934242,-83.3879402]],"friends":[1,2,3,4]}