{"messages":["@GingaBreadManLR yeeeep","@GingaBreadManLR yeeeep","@GingaBreadManLR yeeeep"],"messages_no":3,"bad_words":[],"bad_words_no":0,"weight":0,"location":[[33.85395671,-78.75829251],[33.85395671,-78.75829251],[33.85395671,-78.75829251]],"friends":[1,2,3,4]}