{"messages":["Just finish watch Frozen. \u26c4\ufe0f\u2744\ufe0f\u26c4\ufe0f\u2744\ufe0f","Just finish watch Frozen. \u26c4\ufe0f\u2744\ufe0f\u26c4\ufe0f\u2744\ufe0f"],"messages_no":2,"bad_words":[],"bad_words_no":0,"weight":0,"location":[41.85300255,-87.77738708,41.85300255,-87.77738708]}