{"messages":["Thats skunk 21-0","Thats skunk 21-0","Everyone  is ignoring me. TF did i do?","Thats skunk 21-0","Everyone  is ignoring me. TF did i do?"],"messages_no":5,"bad_words":[],"bad_words_no":0,"weight":0,"location":[[39.0869671,-75.7247701],[39.0869671,-75.7247701],[39.0399137,-76.0684737],[39.0869671,-75.7247701],[39.0399137,-76.0684737]],"friends":[1,2,3,4]}