{"messages":["Tramp dropping","Tramp dropping"],"messages_no":2,"bad_words":[],"bad_words_no":0,"weight":0,"location":[36.43890154,-121.31633178,36.43890154,-121.31633178]}