{"messages":["#EsuranceSave30","#EsuranceSave30","#EsuranceSave30"],"messages_no":3,"bad_words":[],"bad_words_no":0,"weight":0,"location":[[44.30421,-96.80056661],[44.30421,-96.80056661],[44.30421,-96.80056661]],"friends":[1,2,3,4]}