{"messages":["I'm missing all the commercials \ud83d\ude29\ud83d\ude29\ud83d\ude14","I'm missing all the commercials \ud83d\ude29\ud83d\ude29\ud83d\ude14","24 hour needs to play that music \ud83d\udc83\ud83d\udcaa","I'm missing all the commercials \ud83d\ude29\ud83d\ude29\ud83d\ude14"],"messages_no":4,"bad_words":[],"bad_words_no":0,"weight":0,"location":[[26.14924171,-80.21548091],[26.14924171,-80.21548091],[26.14295298,-80.221569],[26.14924171,-80.21548091]],"friends":[1,2,3,4]}