{"messages":["Goodmorning tL \u2661","Goodmorning tL \u2661","fatty be stalking me !!","chilling w.my niecy Pooh","its levels to this shit &amp; she could never be Cee \ud83d\ude0d","Goodmorning tL \u2661"],"messages_no":6,"bad_words":[],"bad_words_no":1,"weight":0,"location":[[38.5942161,-90.0860153],[38.5942161,-90.0860153],[38.594019,-90.0872005],[38.5940466,-90.087204],[38.5940581,-90.0872373],[38.5942161,-90.0860153]],"friends":[1,2,3,4]}