{"messages":["Love that song!! RT \"@LORELIS_20: -* Is the Climb 88'\u201d","Remember only God can judge us!","Love that song!! RT \"@LORELIS_20: -* Is the Climb 88'\u201d","Remember only God can judge us!","Love that song!! RT \"@LORELIS_20: -* Is the Climb 88'\u201d","Remember only God can judge us!"],"messages_no":6,"bad_words":[],"bad_words_no":0,"weight":0,"location":[[40.72546118,-74.0773225],[40.72567887,-74.07728599],[40.72546118,-74.0773225],[40.72567887,-74.07728599],[40.72546118,-74.0773225],[40.72567887,-74.07728599]],"friends":[1,2,3,4]}