{"messages":["I must be extremely ugly or something","I must be extremely ugly or something","I must be extremely ugly or something","I must be extremely ugly or something"],"messages_no":4,"bad_words":[],"bad_words_no":0,"weight":0,"location":[32.21144492,-110.83130304,32.21144492,-110.83130304,32.21144492,-110.83130304,32.21144492,-110.83130304]}