{"messages":["\ud83d\ude2d\ud83d\ude2d\ud83d\ude2d\ud83d\ude2d\ud83d\ude2dRT \"@YeahThatsDbj: Lmaoooo \u201c@cassyy_baby: Lmfao \ud83d\ude02\ud83d\ude02\ud83d\ude02  http:\/\/t.co\/3DWcR4cieY\u201d\u201d","\ud83d\ude2d\ud83d\ude2d\ud83d\ude2d\ud83d\ude2d\ud83d\ude2dRT \"@YeahThatsDbj: Lmaoooo \u201c@cassyy_baby: Lmfao \ud83d\ude02\ud83d\ude02\ud83d\ude02  http:\/\/t.co\/3DWcR4cieY\u201d\u201d","\ud83d\ude2d\ud83d\ude2d\ud83d\ude2d\ud83d\ude2d\ud83d\ude2dRT \"@YeahThatsDbj: Lmaoooo \u201c@cassyy_baby: Lmfao \ud83d\ude02\ud83d\ude02\ud83d\ude02  http:\/\/t.co\/3DWcR4cieY\u201d\u201d","\ud83d\ude2d\ud83d\ude2d\ud83d\ude2d\ud83d\ude2d\ud83d\ude2dRT \"@YeahThatsDbj: Lmaoooo \u201c@cassyy_baby: Lmfao \ud83d\ude02\ud83d\ude02\ud83d\ude02  http:\/\/t.co\/3DWcR4cieY\u201d\u201d"],"messages_no":4,"bad_words":[],"bad_words_no":0,"weight":0,"location":[34.07071917,-117.49362837,34.07071917,-117.49362837,34.07071917,-117.49362837,34.07071917,-117.49362837]}