{"messages":["@Chief_Pinky what?","@Chief_Pinky what?","Watching my 600lb life..","@Chief_Pinky what?"],"messages_no":4,"bad_words":[],"bad_words_no":0,"weight":0,"location":[[41.43542074,-88.09169576],[41.43542074,-88.09169576],[41.43524774,-88.09160107],[41.43542074,-88.09169576]],"friends":[1,2,3,4]}