{"messages":["Why not me","Why not me","Why not me"],"messages_no":3,"bad_words":[],"bad_words_no":0,"weight":0,"location":[[42.9552643,-70.8434499],[42.9552643,-70.8434499],[42.9552643,-70.8434499]],"friends":[1,2,3,4]}