{"messages":["I just want you back","I just want you back","In love with the smell of bud","I just want you back"],"messages_no":4,"bad_words":[],"bad_words_no":0,"weight":0,"location":[[40.78365714,-74.01089049],[40.78365714,-74.01089049],[40.78364621,-74.01089351],[40.78365714,-74.01089049]],"friends":[1,2,3,4]}