{"messages":["It's over!!!! ALL THE WAY!!!!","Peyton's like What the Fuck.....","It's over!!!! ALL THE WAY!!!!","Peyton's like What the Fuck.....","It's over!!!! ALL THE WAY!!!!","Peyton's like What the Fuck....."],"messages_no":6,"bad_words":[],"bad_words_no":3,"weight":0,"location":[[41.55344779,-93.58168731],[41.55344779,-93.58168731],[41.55344779,-93.58168731],[41.55344779,-93.58168731],[41.55344779,-93.58168731],[41.55344779,-93.58168731]],"friends":[1,2,3,4]}