{"messages":["She's Confident ,","She's Confident ,","She's Confident ,"],"messages_no":3,"bad_words":[],"bad_words_no":0,"weight":0,"location":[[35.93011518,-77.91431],[35.93011518,-77.91431],[35.93011518,-77.91431]],"friends":[1,2,3,4]}