{"messages":["Them feelings at night &lt;&lt;&lt;","90s party \ud83d\ude18 http:\/\/t.co\/2vy6ZWRsvG","Them feelings at night &lt;&lt;&lt;","90s party \ud83d\ude18 http:\/\/t.co\/2vy6ZWRsvG","@Kalon_ I need a booty &amp; a flat stomach lol","Them feelings at night &lt;&lt;&lt;","90s party \ud83d\ude18 http:\/\/t.co\/2vy6ZWRsvG","@Kalon_ I need a booty &amp; a flat stomach lol"],"messages_no":8,"bad_words":[],"bad_words_no":0,"weight":0,"location":[[36.16335201,-86.83235686],[36.16335565,-86.83235103],[36.16335201,-86.83235686],[36.16335565,-86.83235103],[36.16334392,-86.8322783],[36.16335201,-86.83235686],[36.16335565,-86.83235103],[36.16334392,-86.8322783]],"friends":[1,2,3,4]}