{"messages":["@AnnaFlaviaaa yes, really!","@AnnaFlaviaaa yes, really!","@AnnaFlaviaaa yes, really!"],"messages_no":3,"bad_words":[],"bad_words_no":0,"weight":0,"location":[42.39642037,-71.08699787,42.39642037,-71.08699787,42.39642037,-71.08699787]}