{"messages":["@_say_black . Hold sum lol","Bout ride out to my tlady house","@_say_black . Hold sum lol","Bout ride out to my tlady house","@_say_black . Hold sum lol","Bout ride out to my tlady house"],"messages_no":6,"bad_words":[],"bad_words_no":0,"weight":0,"location":[[29.7277896,-95.3454846],[29.6495513,-95.3684737],[29.7277896,-95.3454846],[29.6495513,-95.3684737],[29.7277896,-95.3454846],[29.6495513,-95.3684737]],"friends":[1,2,3,4]}