{"messages":["should just turn my phone off","should just turn my phone off","iPad charger doesn't work anymore .. just bought it like 3 wks ago \ud83d\ude11\ud83d\ude11","should just turn my phone off"],"messages_no":4,"bad_words":[],"bad_words_no":0,"weight":0,"location":[[33.92099652,-84.36088295],[33.92099652,-84.36088295],[33.92091937,-84.36091117],[33.92099652,-84.36088295]],"friends":[1,2,3,4]}