{"messages":["@NiyaCeaser chillin, wyd?","@NiyaCeaser chillin, wyd?","@TheRealBYoung you, lol","@NiyaCeaser chillin, wyd?","@TheRealBYoung you, lol"],"messages_no":5,"bad_words":[],"bad_words_no":0,"weight":0,"location":[[30.0463985,-90.51180823],[30.0463985,-90.51180823],[30.04645663,-90.5119208],[30.0463985,-90.51180823],[30.04645663,-90.5119208]],"friends":[1,2,3,4]}