{"messages":["Ambria wack ass at school","Ambria wack ass at school","Dumb ass lil girls","Ambria wack ass at school","Ambria wack ass at school"],"messages_no":5,"bad_words":[],"bad_words_no":0,"weight":0,"location":[33.1730437,-87.5180941,33.1730437,-87.5180941,33.1728844,-87.5184998,33.1730437,-87.5180941,33.1730437,-87.5180941]}