{"messages":["Gm to all have a great day","Gm to all have a great day","Gm to all have a great day"],"messages_no":3,"bad_words":[],"bad_words_no":0,"weight":0,"location":[40.7567199,-74.2176465,40.7567199,-74.2176465,40.7567199,-74.2176465]}