{"messages":["Can you just be my valentine forever...? Pretty please...with a cherry on top...&lt;3","I really want to go to the beach","Text me when you want to talk...","Can you just be my valentine forever...? Pretty please...with a cherry on top...&lt;3","I really want to go to the beach","Text me when you want to talk...","Can you just be my valentine forever...? Pretty please...with a cherry on top...&lt;3","I really want to go to the beach","Text me when you want to talk..."],"messages_no":9,"bad_words":[],"bad_words_no":0,"weight":0,"location":[[34.14587075,-117.66180891],[34.14589349,-117.66190155],[34.14589363,-117.66191779],[34.14587075,-117.66180891],[34.14589349,-117.66190155],[34.14589363,-117.66191779],[34.14587075,-117.66180891],[34.14589349,-117.66190155],[34.14589363,-117.66191779]],"friends":[1,2,3,4]}