{"messages":["You say text you but you don't text back lol","You say text you but you don't text back lol","Love n hiphop reunion","You say text you but you don't text back lol","Love n hiphop reunion"],"messages_no":5,"bad_words":[],"bad_words_no":0,"weight":0,"location":[[40.99705647,-75.49687919],[40.99705647,-75.49687919],[41.00059552,-75.47956444],[40.99705647,-75.49687919],[41.00059552,-75.47956444]],"friends":[1,2,3,4]}