{"messages":["text me \ud83d\udca6\ud83d\ude08 http:\/\/t.co\/xOxS3OYSbh","text me \ud83d\udca6\ud83d\ude08 http:\/\/t.co\/xOxS3OYSbh","text me \ud83d\udca6\ud83d\ude08 http:\/\/t.co\/xOxS3OYSbh"],"messages_no":3,"bad_words":[],"bad_words_no":0,"weight":0,"location":[[33.40239333,-96.98213915],[33.40239333,-96.98213915],[33.40239333,-96.98213915]],"friends":[1,2,3,4]}