{"messages":["Welbeck be wack pass","Welbeck be wack pass","Welbeck be wack pass"],"messages_no":3,"bad_words":[],"bad_words_no":0,"weight":0,"location":[[40.7352292,-74.1849904],[40.7352292,-74.1849904],[40.7352292,-74.1849904]],"friends":[1,2,3,4]}