{"messages":["It's cool Seahawks keep getting cocky.","I just yelled at my tia. Ooops","It's cool Seahawks keep getting cocky.","I just yelled at my tia. Ooops","It's cool Seahawks keep getting cocky.","I just yelled at my tia. Ooops"],"messages_no":6,"bad_words":[],"bad_words_no":3,"weight":0,"location":[[31.8781108,-106.4418072],[31.8504461,-106.4430622],[31.8781108,-106.4418072],[31.8504461,-106.4430622],[31.8781108,-106.4418072],[31.8504461,-106.4430622]],"friends":[1,2,3,4]}