{"messages":["I'm finna make me sum tacos \ud83d\udcaf","I'm finna make me sum tacos \ud83d\udcaf","I think all Aries \u2648\ufe0f think alike \ud83d\udc9f","I'm finna make me sum tacos \ud83d\udcaf","I'm finna make me sum tacos \ud83d\udcaf","I think all Aries \u2648\ufe0f think alike \ud83d\udc9f","I think all Aries \u2648\ufe0f think alike \ud83d\udc9f"],"messages_no":7,"bad_words":[],"bad_words_no":0,"weight":0,"location":[41.79185679,-87.62060137,41.79185679,-87.62060137,41.79261896,-87.61742807,41.79185679,-87.62060137,41.79185679,-87.62060137,41.79261896,-87.61742807,41.79261896,-87.61742807]}