{"messages":["Lol Erin Andrews was drooling over Decker","Lol Erin Andrews was drooling over Decker","@aubsanselmo just saying hahaha","Lol Erin Andrews was drooling over Decker","@aubsanselmo just saying hahaha"],"messages_no":5,"bad_words":[],"bad_words_no":0,"weight":0,"location":[[31.87639051,-81.62182844],[31.87639051,-81.62182844],[31.87642315,-81.62186239],[31.87639051,-81.62182844],[31.87642315,-81.62186239]],"friends":[1,2,3,4]}