{"messages":["@mmmm_caroline forgot what a fucking cupcake was \ud83d\ude02\ud83d\udc95","@mmmm_caroline forgot what a fucking cupcake was \ud83d\ude02\ud83d\udc95","I miss having someone to cook for","@mmmm_caroline forgot what a fucking cupcake was \ud83d\ude02\ud83d\udc95","I miss having someone to cook for"],"messages_no":5,"bad_words":[],"bad_words_no":3,"weight":0,"location":[[32.24166459,-110.96725839],[32.24166459,-110.96725839],[32.23623967,-110.86990419],[32.24166459,-110.96725839],[32.23623967,-110.86990419]],"friends":[1,2,3,4]}