{"messages":["#EsuranceSave30","#EsuranceSave30","#EsuranceSave30"],"messages_no":3,"bad_words":[],"bad_words_no":0,"weight":0,"location":[[39.2877608,-76.5852298],[39.2877608,-76.5852298],[39.2877608,-76.5852298]],"friends":[1,2,3,4]}