{"messages":["@A_Garcia2352 what branch were ya in? I'm guessing USAF","@sassypants977 @the_mom_dot_com LMAO!!","My Chicago Bears might score as many points in this game as the Broncos do!!!","@A_Garcia2352 what branch were ya in? I'm guessing USAF","@sassypants977 @the_mom_dot_com LMAO!!","My Chicago Bears might score as many points in this game as the Broncos do!!!","@GoBuckeyes19 no.. Margo and her bf","@A_Garcia2352 what branch were ya in? I'm guessing USAF","@sassypants977 @the_mom_dot_com LMAO!!","My Chicago Bears might score as many points in this game as the Broncos do!!!"],"messages_no":10,"bad_words":[],"bad_words_no":0,"weight":0,"location":[[40.81320555,-84.58336289],[40.81320555,-84.58336289],[40.65695293,-84.13543841],[40.81320555,-84.58336289],[40.81320555,-84.58336289],[40.65695293,-84.13543841],[40.82063245,-84.59039142],[40.81320555,-84.58336289],[40.81320555,-84.58336289],[40.65695293,-84.13543841]],"friends":[1,2,3,4]}