{"messages":["Face is so itchy.","Face is so itchy.","Face is so itchy."],"messages_no":3,"bad_words":[],"bad_words_no":0,"weight":0,"location":[[39.46208123,-76.66956729],[39.46208123,-76.66956729],[39.46208123,-76.66956729]],"friends":[1,2,3,4]}