{"messages":["I still bump wild boys lol.","I still bump wild boys lol.","I still bump wild boys lol."],"messages_no":3,"bad_words":[],"bad_words_no":0,"weight":0,"location":[[27.31760171,-80.35705212],[27.31760171,-80.35705212],[27.31760171,-80.35705212]],"friends":[1,2,3,4]}