{"messages":["I'm staying up with him \u2764\ufe0f","I'm staying up with him \u2764\ufe0f"],"messages_no":2,"bad_words":[],"bad_words_no":0,"weight":0,"location":[39.73088522,-104.8613296,39.73088522,-104.8613296]}