{"messages":["I like my niggas in V-necks.\ud83d\ude0d\ud83d\ude02","I like my niggas in V-necks.\ud83d\ude0d\ud83d\ude02","I like my niggas in V-necks.\ud83d\ude0d\ud83d\ude02"],"messages_no":3,"bad_words":[],"bad_words_no":3,"weight":0,"location":[[30.21428622,-92.01769802],[30.21428622,-92.01769802],[30.21428622,-92.01769802]],"friends":[1,2,3,4]}