{"messages":["Hate being sick!","Hate being sick!","Hate being sick!"],"messages_no":3,"bad_words":[],"bad_words_no":0,"weight":0,"location":[[28.46716748,-81.48055357],[28.46716748,-81.48055357],[28.46716748,-81.48055357]],"friends":[1,2,3,4]}