{"messages":["Fine. I liked Bruno Mars.","Fine. I liked Bruno Mars.","Fine. I liked Bruno Mars."],"messages_no":3,"bad_words":[],"bad_words_no":0,"weight":0,"location":[[33.99631413,-118.47791722],[33.99631413,-118.47791722],[33.99631413,-118.47791722]],"friends":[1,2,3,4]}