{"messages":["Damn it.","Damn it."],"messages_no":2,"bad_words":[],"bad_words_no":0,"weight":0,"location":[40.79574987,-77.85645364,40.79574987,-77.85645364]}