{"messages":["Hope bay home tonight!","Hope bay home tonight!","Hope bay home tonight!"],"messages_no":3,"bad_words":[],"bad_words_no":0,"weight":0,"location":[39.29105852,-84.51074245,39.29105852,-84.51074245,39.29105852,-84.51074245]}