{"messages":["Shopping with Granny\ud83d\ude0e","Shopping with Granny\ud83d\ude0e","Shopping with Granny\ud83d\ude0e"],"messages_no":3,"bad_words":[],"bad_words_no":0,"weight":0,"location":[[32.00159862,-81.11499656],[32.00159862,-81.11499656],[32.00159862,-81.11499656]],"friends":[1,2,3,4]}