{"messages":["everyone at my school are TWATS.","can someone pls tweet me a justin icon that'll match my header? plsssss","everyone at my school are TWATS.","everyone at my school are TWATS."],"messages_no":4,"bad_words":[],"bad_words_no":0,"weight":0,"location":[34.19401464,-118.51357733,34.19408697,-118.51361627,34.19401464,-118.51357733,34.19401464,-118.51357733]}