{"messages":["@sydneyfoool nice.","@sydneyfoool nice.","@sydneyfoool nice."],"messages_no":3,"bad_words":[],"bad_words_no":0,"weight":0,"location":[[42.0481977,-104.178831],[42.0481977,-104.178831],[42.0481977,-104.178831]],"friends":[1,2,3,4]}