{"messages":["I'm so hungry","I'm so hungry","I'm so hungry"],"messages_no":3,"bad_words":[],"bad_words_no":0,"weight":0,"location":[[41.47909968,-81.71335294],[41.47909968,-81.71335294],[41.47909968,-81.71335294]],"friends":[1,2,3,4]}