{"messages":["Well this is awkward ...","Well this is awkward ...","Well this is awkward ..."],"messages_no":3,"bad_words":[],"bad_words_no":0,"weight":0,"location":[[30.73708622,-83.24530553],[30.73708622,-83.24530553],[30.73708622,-83.24530553]],"friends":[1,2,3,4]}