{"messages":["Trippin","Trippin","I swear every female today is just blowin me son","What am I gonna do","Sorry sweetheart I thought u were my other woman","Trippin"],"messages_no":6,"bad_words":[],"bad_words_no":0,"weight":0,"location":[[38.7586543,-76.5810144],[38.7586543,-76.5810144],[39.0184294,-76.7603078],[38.7586564,-76.5810127],[38.758655,-76.5810149],[38.7586543,-76.5810144]],"friends":[1,2,3,4]}