{"messages":["I can't make good tweets.","I think I just had the longest hashtag.","I can't make good tweets.","I think I just had the longest hashtag.","I can't make good tweets.","I think I just had the longest hashtag."],"messages_no":6,"bad_words":[],"bad_words_no":0,"weight":0,"location":[[30.15217731,-93.74964298],[30.22040396,-93.97435189],[30.15217731,-93.74964298],[30.22040396,-93.97435189],[30.15217731,-93.74964298],[30.22040396,-93.97435189]],"friends":[1,2,3,4]}