{"messages":["4\u20e3\ud83d\udc99-ily your so pretty and nice","4\u20e3\ud83d\udc99-ily your so pretty and nice"],"messages_no":2,"bad_words":[],"bad_words_no":0,"weight":0,"location":[40.87567415,-74.21917515,40.87567415,-74.21917515]}