{"messages":["@_symone_xoxo lol, like 10years ago. \ud83d\ude02","@_symone_xoxo lol, like 10years ago. \ud83d\ude02","@_symone_xoxo lol, like 10years ago. \ud83d\ude02"],"messages_no":3,"bad_words":[],"bad_words_no":0,"weight":0,"location":[[33.76849228,-84.24664037],[33.76849228,-84.24664037],[33.76849228,-84.24664037]],"friends":[1,2,3,4]}