{"messages":["olivia knows the pain @obuys08","olivia knows the pain @obuys08","olivia knows the pain @obuys08"],"messages_no":3,"bad_words":[],"bad_words_no":0,"weight":0,"location":[[35.23254154,-119.00122136],[35.23254154,-119.00122136],[35.23254154,-119.00122136]],"friends":[1,2,3,4]}