{"messages":["My heart just hurts","My heart just hurts","My heart just hurts"],"messages_no":3,"bad_words":[],"bad_words_no":0,"weight":0,"location":[[31.58036119,-89.52240569],[31.58036119,-89.52240569],[31.58036119,-89.52240569]],"friends":[1,2,3,4]}