{"messages":["De-veganize wtf","De-veganize wtf","Heard scratches on the door","De-veganize wtf","Heard scratches on the door"],"messages_no":5,"bad_words":[],"bad_words_no":0,"weight":0,"location":[[30.27594734,-97.68546094],[30.27594734,-97.68546094],[30.27610163,-97.68492596],[30.27594734,-97.68546094],[30.27610163,-97.68492596]],"friends":[1,2,3,4]}