{"messages":["@TheMattEspinosa i\u2764\ufe0fyou baby","Me and @LGlaurenn love Mary Lambert","@TheMattEspinosa i\u2764\ufe0fyou baby"],"messages_no":3,"bad_words":[],"bad_words_no":0,"weight":0,"location":[43.04287696,-87.95703809,43.04350921,-87.95713392,43.04287696,-87.95703809]}