{"messages":["Don't care about a lot things no more","Or people","Don't care about a lot things no more","Or people","Or people"],"messages_no":5,"bad_words":[],"bad_words_no":0,"weight":0,"location":[34.92715385,-89.80784789,34.92711907,-89.80779944,34.92715385,-89.80784789,34.92711907,-89.80779944,34.92711907,-89.80779944]}