{"messages":["@steezuuuschrist whatever u still a fiend","@cirquedusophlei \ud83d\ude02\ud83d\ude02 I give up on life \ud83d\ude14","@steezuuuschrist whatever u still a fiend","@cirquedusophlei \ud83d\ude02\ud83d\ude02 I give up on life \ud83d\ude14","@steezuuuschrist whatever u still a fiend","@cirquedusophlei \ud83d\ude02\ud83d\ude02 I give up on life \ud83d\ude14"],"messages_no":6,"bad_words":[],"bad_words_no":3,"weight":0,"location":[[39.12984984,-76.87627745],[39.12981779,-76.87605061],[39.12984984,-76.87627745],[39.12981779,-76.87605061],[39.12984984,-76.87627745],[39.12981779,-76.87605061]],"friends":[1,2,3,4]}