{"messages":["Emma's at it again\ud83d\ude02\ud83d\ude02","Emma's at it again\ud83d\ude02\ud83d\ude02"],"messages_no":2,"bad_words":[],"bad_words_no":0,"weight":0,"location":[42.43888525,-83.41603392,42.43888525,-83.41603392]}