{"messages":["@AngelFace_15 Second that notion.","@AngelFace_15 Second that notion.","@AngelFace_15 Second that notion."],"messages_no":3,"bad_words":[],"bad_words_no":0,"weight":0,"location":[[35.51848868,-97.36452965],[35.51848868,-97.36452965],[35.51848868,-97.36452965]],"friends":[1,2,3,4]}