{"messages":["You suppose to be there to make me forget","Money was always the motivation","If your chick let me fuck homie I'm gonna beat it up","You suppose to be there to make me forget","Money was always the motivation","If your chick let me fuck homie I'm gonna beat it up","They got me thinking I ain't human","You suppose to be there to make me forget","Money was always the motivation","If your chick let me fuck homie I'm gonna beat it up"],"messages_no":10,"bad_words":[],"bad_words_no":3,"weight":0,"location":[[33.55897277,-101.91944741],[33.56861206,-101.88922483],[33.57765492,-101.90478439],[33.55897277,-101.91944741],[33.56861206,-101.88922483],[33.57765492,-101.90478439],[33.56046799,-101.87816296],[33.55897277,-101.91944741],[33.56861206,-101.88922483],[33.57765492,-101.90478439]],"friends":[1,2,3,4]}