{"messages":["@seams16 thank you Eric","@seams16 thank you Eric","@seams16 thank you Eric"],"messages_no":3,"bad_words":[],"bad_words_no":0,"weight":0,"location":[[40.74401565,-73.62323436],[40.74401565,-73.62323436],[40.74401565,-73.62323436]],"friends":[1,2,3,4]}