{"messages":["@kristie_bowles you know who. Don't pretend you don't know who","I wish I had friends .","Go head girl , Strip it down , close ya mouth , I just wanna hear ya body talk. \ud83d\ude0f","@kristie_bowles you know who. Don't pretend you don't know who","I wish I had friends .","Go head girl , Strip it down , close ya mouth , I just wanna hear ya body talk. \ud83d\ude0f","Feelings right now ; I dunno","@kristie_bowles you know who. Don't pretend you don't know who","I wish I had friends .","Go head girl , Strip it down , close ya mouth , I just wanna hear ya body talk. \ud83d\ude0f","Feelings right now ; I dunno"],"messages_no":11,"bad_words":[],"bad_words_no":0,"weight":0,"location":[[42.67852713,-82.80873873],[42.67846755,-82.80870176],[42.67845431,-82.80870776],[42.67852713,-82.80873873],[42.67846755,-82.80870176],[42.67845431,-82.80870776],[42.67849155,-82.80871477],[42.67852713,-82.80873873],[42.67846755,-82.80870176],[42.67845431,-82.80870776],[42.67849155,-82.80871477]],"friends":[1,2,3,4]}