{"messages":["\ud83d\ude2b\ud83d\ude29\ud83d\ude4a I was being watched tonight \ud83d\udc40","\ud83d\ude2b\ud83d\ude29\ud83d\ude4a I was being watched tonight \ud83d\udc40","\ud83d\ude2b\ud83d\ude29\ud83d\ude4a I was being watched tonight \ud83d\udc40"],"messages_no":3,"bad_words":[],"bad_words_no":0,"weight":0,"location":[41.10219571,-80.67528368,41.10219571,-80.67528368,41.10219571,-80.67528368]}