{"messages":["\u201c@WhoTFisDEVON: Why do girls just look at me but never speak??\u201d They ain't ready","So who got the sloots?","Twitter has no chill \ud83d\ude02","\u201c@WhoTFisDEVON: Why do girls just look at me but never speak??\u201d They ain't ready","So who got the sloots?","Twitter has no chill \ud83d\ude02","Can't tell ya the last time I've been to the movies smh","\u201c@track147: Well iam not going cause it look horrible out there\u201d quit being lazy lol","@track147 yea I'm eating then I got class @ 9:30","\u201c@WhoTFisDEVON: Why do girls just look at me but never speak??\u201d They ain't ready","So who got the sloots?","Twitter has no chill \ud83d\ude02","Can't tell ya the last time I've been to the movies smh"],"messages_no":13,"bad_words":[],"bad_words_no":0,"weight":0,"location":[[36.8772093,-94.8671911],[36.87656975,-94.86601483],[36.87875232,-94.8670377],[36.8772093,-94.8671911],[36.87656975,-94.86601483],[36.87875232,-94.8670377],[36.87653868,-94.8673507],[36.8792052,-94.86647203],[36.87921654,-94.86662877],[36.8772093,-94.8671911],[36.87656975,-94.86601483],[36.87875232,-94.8670377],[36.87653868,-94.8673507]],"friends":[1,2,3,4]}