{"messages":["OH WELL.","OH WELL.","OH WELL."],"messages_no":3,"bad_words":[],"bad_words_no":0,"weight":0,"location":[[39.1540045,-77.204317],[39.1540045,-77.204317],[39.1540045,-77.204317]],"friends":[1,2,3,4]}