{"messages":["Pizzzzza!\n\nYUP!","Pizzzzza!\n\nYUP!","Pizzzzza!\n\nYUP!","Pizzzzza!\n\nYUP!"],"messages_no":4,"bad_words":[],"bad_words_no":0,"weight":0,"location":[30.5503926,-97.7351031,30.5503926,-97.7351031,30.5503926,-97.7351031,30.5503926,-97.7351031]}