{"messages":["So far so it's going good","No mercy Seattle!","So far so it's going good","So far so it's going good"],"messages_no":4,"bad_words":[],"bad_words_no":0,"weight":0,"location":[31.05892251,-97.66578119,31.05893406,-97.66583129,31.05892251,-97.66578119,31.05892251,-97.66578119]}