{"messages":["Flabby bird sucks","Flabby bird sucks"],"messages_no":2,"bad_words":[],"bad_words_no":0,"weight":0,"location":[41.99557223,-71.19966135,41.99557223,-71.19966135]}