{"messages":["Mmmmm u make me angry","Mmmmm u make me angry"],"messages_no":2,"bad_words":[],"bad_words_no":0,"weight":0,"location":[33.93225424,-118.13171022,33.93225424,-118.13171022]}