{"messages":["Annoying ass bitches!","All I really need on Fridays is my music","Annoying ass bitches!","All I really need on Fridays is my music","Annoying ass bitches!","All I really need on Fridays is my music"],"messages_no":6,"bad_words":[],"bad_words_no":3,"weight":0,"location":[[34.09530259,-117.40275002],[34.09533338,-117.40284963],[34.09530259,-117.40275002],[34.09533338,-117.40284963],[34.09530259,-117.40275002],[34.09533338,-117.40284963]],"friends":[1,2,3,4]}