{"messages":["Annoying ass bitches!","All I really need on Fridays is my music","Annoying ass bitches!","All I really need on Fridays is my music","All I really need on Fridays is my music"],"messages_no":5,"bad_words":[],"bad_words_no":2,"weight":0,"location":[34.09530259,-117.40275002,34.09533338,-117.40284963,34.09530259,-117.40275002,34.09533338,-117.40284963,34.09533338,-117.40284963]}