{"messages":["Young boy about to get roasted \ud83d\ude02","Young boy about to get roasted \ud83d\ude02","Young boy about to get roasted \ud83d\ude02"],"messages_no":3,"bad_words":[],"bad_words_no":0,"weight":0,"location":[[33.49980819,-111.91047837],[33.49980819,-111.91047837],[33.49980819,-111.91047837]],"friends":[1,2,3,4]}