{"messages":["Come onnnnnn 4pm!","@xosjp Hey..everything's good. How've you been?","Come onnnnnn 4pm!","@xosjp Hey..everything's good. How've you been?","@xosjp Hey..everything's good. How've you been?"],"messages_no":5,"bad_words":[],"bad_words_no":0,"weight":0,"location":[41.0235285,-80.6635737,41.0256872,-80.6781009,41.0235285,-80.6635737,41.0256872,-80.6781009,41.0256872,-80.6781009]}