{"messages":["You love when I get up in it\ud83d\ude0e","You love when I get up in it\ud83d\ude0e","You love when I get up in it\ud83d\ude0e"],"messages_no":3,"bad_words":[],"bad_words_no":0,"weight":0,"location":[34.77510957,-77.41398877,34.77510957,-77.41398877,34.77510957,-77.41398877]}