{"messages":["'Merica f*** yeah","'Merica f*** yeah","'Merica f*** yeah"],"messages_no":3,"bad_words":[],"bad_words_no":0,"weight":0,"location":[[28.01091165,-81.76094491],[28.01091165,-81.76094491],[28.01091165,-81.76094491]],"friends":[1,2,3,4]}