{"messages":["off I go \u303d\ufe0f\ud83c\udd71l \ud83d\ude18 http:\/\/t.co\/Q1zy0MYPbn","off I go \u303d\ufe0f\ud83c\udd71l \ud83d\ude18 http:\/\/t.co\/Q1zy0MYPbn","I wish y'all could seen when we be together lol .. nobody else even matters !","off I go \u303d\ufe0f\ud83c\udd71l \ud83d\ude18 http:\/\/t.co\/Q1zy0MYPbn"],"messages_no":4,"bad_words":[],"bad_words_no":0,"weight":0,"location":[[32.4061548,-86.19917531],[32.4061548,-86.19917531],[32.37896401,-86.2716723],[32.4061548,-86.19917531]],"friends":[1,2,3,4]}