{"messages":["Wtf is this...","Wtf is this...","Wtf is this..."],"messages_no":3,"bad_words":[],"bad_words_no":0,"weight":0,"location":[[41.7324508,-71.52186413],[41.7324508,-71.52186413],[41.7324508,-71.52186413]],"friends":[1,2,3,4]}