{"messages":["Get them boys #SEAHAWKSNATION","Get them boys #SEAHAWKSNATION","Get them boys #SEAHAWKSNATION"],"messages_no":3,"bad_words":[],"bad_words_no":0,"weight":0,"location":[[45.39543418,-122.80423249],[45.39543418,-122.80423249],[45.39543418,-122.80423249]],"friends":[1,2,3,4]}