{"messages":["Good Morning","Good Morning","Good Morning"],"messages_no":3,"bad_words":[],"bad_words_no":0,"weight":0,"location":[[36.6933903,-82.0053641],[36.6933903,-82.0053641],[36.6933903,-82.0053641]],"friends":[1,2,3,4]}