{"messages":["Can I kick it","Taco Bell good start to the day","Can I kick it","Can I kick it"],"messages_no":4,"bad_words":[],"bad_words_no":0,"weight":0,"location":[40.9622047,-72.95539082,40.83002791,-73.02087568,40.9622047,-72.95539082,40.9622047,-72.95539082]}