{"messages":["\u201c@ann_rene: \ud83d\ude2dcrying tears of joy bc that performance\u201d\ud83d\ude11","Defense trash as hell","\u201c@ann_rene: \ud83d\ude2dcrying tears of joy bc that performance\u201d\ud83d\ude11","Defense trash as hell","\u201c@ann_rene: \ud83d\ude2dcrying tears of joy bc that performance\u201d\ud83d\ude11","Defense trash as hell"],"messages_no":6,"bad_words":[],"bad_words_no":3,"weight":0,"location":[[35.03559569,-85.22141146],[35.0356609,-85.22129042],[35.03559569,-85.22141146],[35.0356609,-85.22129042],[35.03559569,-85.22141146],[35.0356609,-85.22129042]],"friends":[1,2,3,4]}