{"messages":["I don't lift \ud83d\ude45","S\/O to tina for leaving me at sonic .","I don't lift \ud83d\ude45","S\/O to tina for leaving me at sonic .","I don't lift \ud83d\ude45","S\/O to tina for leaving me at sonic ."],"messages_no":6,"bad_words":[],"bad_words_no":0,"weight":0,"location":[[32.83178951,-104.41202703],[32.84094459,-104.41698527],[32.83178951,-104.41202703],[32.84094459,-104.41698527],[32.83178951,-104.41202703],[32.84094459,-104.41698527]],"friends":[1,2,3,4]}