{"messages":["Made me some money \ud83d\ude02 \ud83d\udc4c","Made me some money \ud83d\ude02 \ud83d\udc4c","Made me some money \ud83d\ude02 \ud83d\udc4c"],"messages_no":3,"bad_words":[],"bad_words_no":0,"weight":0,"location":[[41.80221286,-87.73038467],[41.80221286,-87.73038467],[41.80221286,-87.73038467]],"friends":[1,2,3,4]}