{"messages":["and gushers bc Sherman and bomb","I can straighten my hair or curl it and it can stay that way for like 4 days","my nigga","and gushers bc Sherman and bomb","I can straighten my hair or curl it and it can stay that way for like 4 days"],"messages_no":5,"bad_words":[],"bad_words_no":1,"weight":0,"location":[47.15197949,-122.35601672,47.15304325,-122.35331459,47.15306772,-122.35327058,47.15197949,-122.35601672,47.15304325,-122.35331459]}