{"messages":["and gushers bc Sherman and bomb","I can straighten my hair or curl it and it can stay that way for like 4 days","my nigga","and gushers bc Sherman and bomb","I can straighten my hair or curl it and it can stay that way for like 4 days","my nigga","wow can I not go to bethel so early right now","Happy 18th year of birth to the birthday @BasicBryner_ \ud83d\ude0c\ud83c\udf89\ud83c\udf82\ud83c\udf88 have a good day!","maybe I should just switch math to an elective","and gushers bc Sherman and bomb","I can straighten my hair or curl it and it can stay that way for like 4 days","my nigga","wow can I not go to bethel so early right now","Happy 18th year of birth to the birthday @BasicBryner_ \ud83d\ude0c\ud83c\udf89\ud83c\udf82\ud83c\udf88 have a good day!","maybe I should just switch math to an elective"],"messages_no":15,"bad_words":[],"bad_words_no":3,"weight":0,"location":[[47.15197949,-122.35601672],[47.15304325,-122.35331459],[47.15306772,-122.35327058],[47.15197949,-122.35601672],[47.15304325,-122.35331459],[47.15306772,-122.35327058],[47.15308434,-122.35326933],[47.1530847,-122.35324963],[47.15303625,-122.35338064],[47.15197949,-122.35601672],[47.15304325,-122.35331459],[47.15306772,-122.35327058],[47.15308434,-122.35326933],[47.1530847,-122.35324963],[47.15303625,-122.35338064]],"friends":[1,2,3,4]}