{"messages":["I knew I was a man by the age of 6\ud83d\udc4c\ud83d\ude02","Fuck no!","I knew I was a man by the age of 6\ud83d\udc4c\ud83d\ude02","Fuck no!","I knew I was a man by the age of 6\ud83d\udc4c\ud83d\ude02","Fuck no!"],"messages_no":6,"bad_words":[],"bad_words_no":3,"weight":0,"location":[[35.06957412,-106.52136859],[35.06958012,-106.52132082],[35.06957412,-106.52136859],[35.06958012,-106.52132082],[35.06957412,-106.52136859],[35.06958012,-106.52132082]],"friends":[1,2,3,4]}