{"messages":["Weird or nah !?","Weird or nah !?"],"messages_no":2,"bad_words":[],"bad_words_no":0,"weight":0,"location":[39.93545013,-82.9101838,39.93545013,-82.9101838]}