{"messages":["Oh you dumb ass.","Oh you dumb ass.","Oh you dumb ass."],"messages_no":3,"bad_words":[],"bad_words_no":0,"weight":0,"location":[[40.36462524,-111.86162269],[40.36462524,-111.86162269],[40.36462524,-111.86162269]],"friends":[1,2,3,4]}