{"messages":["look what you've done . .","look what you've done . .","look what you've done . ."],"messages_no":3,"bad_words":[],"bad_words_no":0,"weight":0,"location":[[33.59863792,-84.50519166],[33.59863792,-84.50519166],[33.59863792,-84.50519166]],"friends":[1,2,3,4]}