{"messages":["Morning six","Morning six","AMIR PLEASE DEAR GOD AMIR PLEASE DONT FUCK THIS UP","@J_Carnivale14 I really hope the score doesn't turn out to be like 10-9","Morning six","Morning six","AMIR PLEASE DEAR GOD AMIR PLEASE DONT FUCK THIS UP","AMIR PLEASE DEAR GOD AMIR PLEASE DONT FUCK THIS UP"],"messages_no":8,"bad_words":[],"bad_words_no":0,"weight":0,"location":[44.6049868,-123.07522343,44.6049868,-123.07522343,44.60486014,-123.07550429,44.60490964,-123.0753294,44.6049868,-123.07522343,44.6049868,-123.07522343,44.60486014,-123.07550429,44.60486014,-123.07550429]}