{"messages":["Fire at united and I'm fucking stuck here","Fire at united and I'm fucking stuck here","Bed\u2764\ufe0f","Fire at united and I'm fucking stuck here","Fire at united and I'm fucking stuck here","Bed\u2764\ufe0f","Bed\u2764\ufe0f"],"messages_no":7,"bad_words":[],"bad_words_no":3,"weight":0,"location":[27.59315068,-99.47302295,27.59315068,-99.47302295,27.58921743,-99.47559058,27.59315068,-99.47302295,27.59315068,-99.47302295,27.58921743,-99.47559058,27.58921743,-99.47559058]}