{"messages":["Lmfaoo","Lmfaoo","Lmfaoo"],"messages_no":3,"bad_words":[],"bad_words_no":0,"weight":0,"location":[[42.3900673,-71.0904005],[42.3900673,-71.0904005],[42.3900673,-71.0904005]],"friends":[1,2,3,4]}