{"messages":["Hoes always trynaa destroy a happy home.","Been about you and I'm still about you. \u2764\u270a http:\/\/t.co\/ShEEnmaMzi","\"@BallisLiyahLife: Father God... I THANK YOU!!\"","Off here.","Out with Dukes and Grandpa","Hoes always trynaa destroy a happy home.","Been about you and I'm still about you. \u2764\u270a http:\/\/t.co\/ShEEnmaMzi","\"@BallisLiyahLife: Father God... I THANK YOU!!\"","Off here.","Out with Dukes and Grandpa","\"@__AlmightyA: what that mouf do? #valentinesdaypoem  https:\/\/t.co\/umS7tlAhnc\"","Hoes always trynaa destroy a happy home.","Been about you and I'm still about you. \u2764\u270a http:\/\/t.co\/ShEEnmaMzi","\"@BallisLiyahLife: Father God... I THANK YOU!!\"","Off here.","Out with Dukes and Grandpa"],"messages_no":16,"bad_words":[],"bad_words_no":0,"weight":0,"location":[[41.4827073,-81.5840177],[41.4697074,-81.5762179],[41.4827282,-81.5839758],[41.48269,-81.584032],[41.4105341,-81.6366915],[41.4827073,-81.5840177],[41.4697074,-81.5762179],[41.4827282,-81.5839758],[41.48269,-81.584032],[41.4105341,-81.6366915],[41.4827297,-81.5839867],[41.4827073,-81.5840177],[41.4697074,-81.5762179],[41.4827282,-81.5839758],[41.48269,-81.584032],[41.4105341,-81.6366915]],"friends":[1,2,3,4]}