{"messages":["Black people so confused rn lmao","Black people so confused rn lmao","Black people so confused rn lmao"],"messages_no":3,"bad_words":[],"bad_words_no":0,"weight":0,"location":[[34.05256519,-117.76398047],[34.05256519,-117.76398047],[34.05256519,-117.76398047]],"friends":[1,2,3,4]}