{"messages":["I like boys","I like boys","I like boys"],"messages_no":3,"bad_words":[],"bad_words_no":0,"weight":0,"location":[[36.8535721,-76.2793659],[36.8535721,-76.2793659],[36.8535721,-76.2793659]],"friends":[1,2,3,4]}