{"messages":["Seahawks first Super Bowl \ud83d\udc4f\ud83d\udc4f\ud83d\udc4f\ud83d\udc4f","Seahawks first Super Bowl \ud83d\udc4f\ud83d\udc4f\ud83d\udc4f\ud83d\udc4f","Seahawks first Super Bowl \ud83d\udc4f\ud83d\udc4f\ud83d\udc4f\ud83d\udc4f"],"messages_no":3,"bad_words":[],"bad_words_no":0,"weight":0,"location":[[34.09164889,-117.34430543],[34.09164889,-117.34430543],[34.09164889,-117.34430543]],"friends":[1,2,3,4]}