{"messages":["@DrewHyderr chill","@DrewHyderr chill","@DrewHyderr chill","@DrewHyderr chill"],"messages_no":4,"bad_words":[],"bad_words_no":0,"weight":0,"location":[40.85337003,-82.32423434,40.85337003,-82.32423434,40.85337003,-82.32423434,40.85337003,-82.32423434]}