{"messages":["Good morning","Good morning","One of my tacos nasty","Good morning","One of my tacos nasty"],"messages_no":5,"bad_words":[],"bad_words_no":0,"weight":0,"location":[[33.31168455,-81.12595003],[33.31168455,-81.12595003],[33.31169004,-81.12602807],[33.31168455,-81.12595003],[33.31169004,-81.12602807]],"friends":[1,2,3,4]}