{"messages":["More money more problems!!!","Touchdown Seahawks!!! Let's go Seahawks!!! #SB48","More money more problems!!!","More money more problems!!!"],"messages_no":4,"bad_words":[],"bad_words_no":0,"weight":0,"location":[30.31022024,-81.5648324,30.35768599,-81.73135808,30.31022024,-81.5648324,30.31022024,-81.5648324]}