{"messages":["My shoulders hurt \ud83d\ude2d\ud83d\ude2d","The carrier dome or rocking","My shoulders hurt \ud83d\ude2d\ud83d\ude2d","My shoulders hurt \ud83d\ude2d\ud83d\ude2d","The carrier dome or rocking"],"messages_no":5,"bad_words":[],"bad_words_no":0,"weight":0,"location":[43.10292587,-78.98024459,43.24859268,-79.0478258,43.10292587,-78.98024459,43.10292587,-78.98024459,43.24859268,-79.0478258]}