{"messages":["Let's travel the world together","Let's travel the world together","Let's travel the world together"],"messages_no":3,"bad_words":[],"bad_words_no":0,"weight":0,"location":[34.71465826,-77.45631565,34.71465826,-77.45631565,34.71465826,-77.45631565]}