{"messages":["Random ass guys keep following me. I don't like that. Kinda wired to me","STOP making Instagram your diary. Nobody cares that much about your every 20 minute posts","15 secs of pain","Random ass guys keep following me. I don't like that. Kinda wired to me","Random ass guys keep following me. I don't like that. Kinda wired to me","STOP making Instagram your diary. Nobody cares that much about your every 20 minute posts","15 secs of pain","15 secs of pain"],"messages_no":8,"bad_words":[],"bad_words_no":0,"weight":0,"location":[37.75670591,-122.42041835,37.75669305,-122.42039488,37.75661975,-122.42073737,37.75670591,-122.42041835,37.75670591,-122.42041835,37.75669305,-122.42039488,37.75661975,-122.42073737,37.75661975,-122.42073737]}