{"messages":["Random ass guys keep following me. I don't like that. Kinda wired to me","STOP making Instagram your diary. Nobody cares that much about your every 20 minute posts","15 secs of pain","Random ass guys keep following me. I don't like that. Kinda wired to me","STOP making Instagram your diary. Nobody cares that much about your every 20 minute posts","15 secs of pain","Yea I'm irritated cuz I'm sick. Don't say nothing stupid around right now. \u270b\ud83d\ude12","I miss skateboarding.","Random ass guys keep following me. I don't like that. Kinda wired to me","STOP making Instagram your diary. Nobody cares that much about your every 20 minute posts","15 secs of pain"],"messages_no":11,"bad_words":[],"bad_words_no":0,"weight":0,"location":[[37.75670591,-122.42041835],[37.75669305,-122.42039488],[37.75661975,-122.42073737],[37.75670591,-122.42041835],[37.75669305,-122.42039488],[37.75661975,-122.42073737],[37.75665721,-122.42035816],[37.75705895,-122.40618279],[37.75670591,-122.42041835],[37.75669305,-122.42039488],[37.75661975,-122.42073737]],"friends":[1,2,3,4]}