{"messages":["Nahh I don't feel like it shawdyy \u270b","Nahh I don't feel like it shawdyy \u270b","Nahh I don't feel like it shawdyy \u270b"],"messages_no":3,"bad_words":[],"bad_words_no":0,"weight":0,"location":[[38.73191387,-77.10779248],[38.73191387,-77.10779248],[38.73191387,-77.10779248]],"friends":[1,2,3,4]}