{"messages":["If Peyton Manning get hit hard today it's a wrap","\u201c@HitmanHolla: All My Bets OFF.. No Bet No Bet,,\u201d lol Na Na","If Peyton Manning get hit hard today it's a wrap","\u201c@HitmanHolla: All My Bets OFF.. No Bet No Bet,,\u201d lol Na Na","If Peyton Manning get hit hard today it's a wrap","\u201c@HitmanHolla: All My Bets OFF.. No Bet No Bet,,\u201d lol Na Na"],"messages_no":6,"bad_words":[],"bad_words_no":0,"weight":0,"location":[[39.94856437,-83.06023504],[39.94857621,-83.06020255],[39.94856437,-83.06023504],[39.94857621,-83.06020255],[39.94856437,-83.06023504],[39.94857621,-83.06020255]],"friends":[1,2,3,4]}