{"messages":["Ohh yeah , dats rite I'm doin me\ud83d\udc4c","Nike down today \u2714\ufe0f","Ohh yeah , dats rite I'm doin me\ud83d\udc4c","Nike down today \u2714\ufe0f"],"messages_no":4,"bad_words":[],"bad_words_no":0,"weight":0,"location":[39.07408485,-76.86002353,39.07385904,-76.86017986,39.07408485,-76.86002353,39.07385904,-76.86017986]}