{"messages":["@Ngb_Jd swea I'm finna go rack up\ud83d\ude02\ud83d\ude02\ud83d\ude02\ud83d\ude02","@Ngb_Jd swea I'm finna go rack up\ud83d\ude02\ud83d\ude02\ud83d\ude02\ud83d\ude02","@Ngb_Jd swea I'm finna go rack up\ud83d\ude02\ud83d\ude02\ud83d\ude02\ud83d\ude02"],"messages_no":3,"bad_words":[],"bad_words_no":0,"weight":0,"location":[[33.45028196,-84.34909313],[33.45028196,-84.34909313],[33.45028196,-84.34909313]],"friends":[1,2,3,4]}