{"messages":["Tweet tweet tweet -Margaret","Tweet tweet tweet -Margaret","Tweet tweet tweet -Margaret","Tweet tweet tweet -Margaret"],"messages_no":4,"bad_words":[],"bad_words_no":0,"weight":0,"location":[40.80789695,-87.38406778,40.80789695,-87.38406778,40.80789695,-87.38406778,40.80789695,-87.38406778]}