{"messages":["I hope both teams lose lol","I hope both teams lose lol","I hope both teams lose lol"],"messages_no":3,"bad_words":[],"bad_words_no":0,"weight":0,"location":[[29.50616166,-95.19229915],[29.50616166,-95.19229915],[29.50616166,-95.19229915]],"friends":[1,2,3,4]}