{"messages":["@sarahca29188703 because nobody gives a fuck","@sarahca29188703 nooooo I'm not"],"messages_no":2,"bad_words":[],"bad_words_no":1,"weight":0,"location":[[40.90462839,-73.86442241],[40.90457719,-73.86444976]]}