{"messages":["House party !!!!","House party !!!!","House party !!!!"],"messages_no":3,"bad_words":[],"bad_words_no":0,"weight":0,"location":[[33.20903064,-92.64036386],[33.20903064,-92.64036386],[33.20903064,-92.64036386]],"friends":[1,2,3,4]}