{"messages":["Tristen is slow.","Tristen is slow."],"messages_no":2,"bad_words":[],"bad_words_no":0,"weight":0,"location":[31.07263774,-97.73835691,31.07263774,-97.73835691]}