{"messages":["Pick. It. Up. Broncos. #UGHHHHH","Pick. It. Up. Broncos. #UGHHHHH","Pick. It. Up. Broncos. #UGHHHHH"],"messages_no":3,"bad_words":[],"bad_words_no":0,"weight":0,"location":[[61.18583467,-149.77261003],[61.18583467,-149.77261003],[61.18583467,-149.77261003]],"friends":[1,2,3,4]}