{"messages":["Can't sleep \ud83d\ude29 I'm so uncomfortable","Can't sleep \ud83d\ude29 I'm so uncomfortable","Can't sleep \ud83d\ude29 I'm so uncomfortable"],"messages_no":3,"bad_words":[],"bad_words_no":0,"weight":0,"location":[39.82891068,-75.41861704,39.82891068,-75.41861704,39.82891068,-75.41861704]}