{"messages":["Guess I'll paint my nails","Guess I'll paint my nails","Guess I'll paint my nails"],"messages_no":3,"bad_words":[],"bad_words_no":0,"weight":0,"location":[[43.20162428,-77.80413141],[43.20162428,-77.80413141],[43.20162428,-77.80413141]],"friends":[1,2,3,4]}