{"messages":["Im straight","I wont treat you like youre oh so typical, I want you close, I want you!","Im straight","I wont treat you like youre oh so typical, I want you close, I want you!","Im straight","I wont treat you like youre oh so typical, I want you close, I want you!"],"messages_no":6,"bad_words":[],"bad_words_no":0,"weight":0,"location":[[36.1500712,-115.0714332],[36.1455298,-115.0615382],[36.1500712,-115.0714332],[36.1455298,-115.0615382],[36.1500712,-115.0714332],[36.1455298,-115.0615382]],"friends":[1,2,3,4]}