{"messages":["Don't sleep on me \ud83d\ude34","Hay y'all \ud83d\udc4b","Don't sleep on me \ud83d\ude34","Hay y'all \ud83d\udc4b","Guess I should start getting ready! \ud83d\ude0c","Don't sleep on me \ud83d\ude34","Hay y'all \ud83d\udc4b"],"messages_no":7,"bad_words":[],"bad_words_no":0,"weight":0,"location":[[29.79895682,-94.98150654],[29.76846025,-94.96601829],[29.79895682,-94.98150654],[29.76846025,-94.96601829],[29.76843621,-94.9660251],[29.79895682,-94.98150654],[29.76846025,-94.96601829]],"friends":[1,2,3,4]}