{"messages":["@Summermariee lol you bad \ud83d\ude01\ud83d\ude01\ud83d\ude01","@Summermariee lol you bad \ud83d\ude01\ud83d\ude01\ud83d\ude01","@Summermariee lol you bad \ud83d\ude01\ud83d\ude01\ud83d\ude01"],"messages_no":3,"bad_words":[],"bad_words_no":0,"weight":0,"location":[[33.83745108,-118.29179585],[33.83745108,-118.29179585],[33.83745108,-118.29179585]],"friends":[1,2,3,4]}