{"messages":["@KayleneLowe who do you think you are","@NMillenbach I watched his walk of shame","@KayleneLowe who do you think you are","@KayleneLowe who do you think you are","@NMillenbach I watched his walk of shame"],"messages_no":5,"bad_words":[],"bad_words_no":0,"weight":0,"location":[42.29308107,-85.65010071,42.27781051,-85.63731375,42.29308107,-85.65010071,42.29308107,-85.65010071,42.27781051,-85.63731375]}