{"messages":["Lil kid movie night","Lil kid movie night","Lil kid movie night"],"messages_no":3,"bad_words":[],"bad_words_no":0,"weight":0,"location":[39.73198261,-90.22490137,39.73198261,-90.22490137,39.73198261,-90.22490137]}