{"messages":["Watching house party \ud83d\udc4c","Watching house party \ud83d\udc4c","Watching house party \ud83d\udc4c"],"messages_no":3,"bad_words":[],"bad_words_no":0,"weight":0,"location":[[34.7343673,-92.3238735],[34.7343673,-92.3238735],[34.7343673,-92.3238735]],"friends":[1,2,3,4]}