{"messages":["Harrisburg,Pa why must you be so boring ?!?!? \ud83d\ude29\ud83d\ude29","Mom dukes cooking dinner \ud83d\udc4c","I'm going to see Bruno when comes to Hershey,Pa ... Definitely .","Harrisburg,Pa why must you be so boring ?!?!? \ud83d\ude29\ud83d\ude29","Mom dukes cooking dinner \ud83d\udc4c","I'm going to see Bruno when comes to Hershey,Pa ... Definitely .","@mbudhua avi \ud83d\ude0d\ud83d\ude0d I'm always loving yours ! lol","@ariajay__ do you happen to know who they are ?","\u201c@MaliMusic: Don't mistake YOUR lack of comfort or understanding for being out of the Will of God. Who are You to do that? #TooSmall\u201d","Going to do something different with my hair .. can't wait \u263a\ufe0f\ud83d\ude01\ud83d\ude01","@BrittPollard717 exactly !! lol","Harrisburg,Pa why must you be so boring ?!?!? \ud83d\ude29\ud83d\ude29","Mom dukes cooking dinner \ud83d\udc4c","I'm going to see Bruno when comes to Hershey,Pa ... Definitely .","@mbudhua avi \ud83d\ude0d\ud83d\ude0d I'm always loving yours ! lol"],"messages_no":15,"bad_words":[],"bad_words_no":0,"weight":0,"location":[[40.24645512,-76.82397611],[40.24639011,-76.82398525],[40.24641798,-76.82399455],[40.24645512,-76.82397611],[40.24639011,-76.82398525],[40.24641798,-76.82399455],[40.26077329,-76.8107053],[40.26086566,-76.81050564],[40.24637645,-76.82395751],[40.24643001,-76.82400201],[40.24635772,-76.82399481],[40.24645512,-76.82397611],[40.24639011,-76.82398525],[40.24641798,-76.82399455],[40.26077329,-76.8107053]],"friends":[1,2,3,4]}