{"messages":["don't care anymore","here comes baseball season baby! \ud83d\udc99\u2764\ufe0f\u26be\ufe0f","don't care anymore","here comes baseball season baby! \ud83d\udc99\u2764\ufe0f\u26be\ufe0f","\ud83d\ude2d this movie makes me miss having a boyfriend","don't care anymore","here comes baseball season baby! \ud83d\udc99\u2764\ufe0f\u26be\ufe0f"],"messages_no":7,"bad_words":[],"bad_words_no":0,"weight":0,"location":[[29.68654307,-95.25410244],[29.70269127,-95.34178085],[29.68654307,-95.25410244],[29.70269127,-95.34178085],[29.70269955,-95.34172206],[29.68654307,-95.25410244],[29.70269127,-95.34178085]],"friends":[1,2,3,4]}