{"messages":["Who is 5-0 on the board??? #bigmoney","Who is 5-0 on the board??? #bigmoney","Who is 5-0 on the board??? #bigmoney"],"messages_no":3,"bad_words":[],"bad_words_no":0,"weight":0,"location":[[37.29484801,-121.93206372],[37.29484801,-121.93206372],[37.29484801,-121.93206372]],"friends":[1,2,3,4]}