{"messages":["don't care anymore","don't care anymore","don't care anymore","don't care anymore"],"messages_no":4,"bad_words":[],"bad_words_no":0,"weight":0,"location":[29.68654307,-95.25410244,29.68654307,-95.25410244,29.68654307,-95.25410244,29.68654307,-95.25410244]}