{"messages":["Super Bowl game tho","Super Bowl game tho","School \ud83d\ude4c\ud83d\ude4c","Super Bowl game tho","School \ud83d\ude4c\ud83d\ude4c"],"messages_no":5,"bad_words":[],"bad_words_no":0,"weight":0,"location":[[30.21444916,-92.06144485],[30.21444916,-92.06144485],[30.214392,-92.06131434],[30.21444916,-92.06144485],[30.214392,-92.06131434]],"friends":[1,2,3,4]}