{"messages":["Happy Birthday Daddy!","Spring can't come soon enough! I want to wear @TOMS  and moccasins","Happy Birthday Daddy!","Spring can't come soon enough! I want to wear @TOMS  and moccasins","Happy Birthday Daddy!","Spring can't come soon enough! I want to wear @TOMS  and moccasins","Happy Birthday Daddy!","Spring can't come soon enough! I want to wear @TOMS  and moccasins"],"messages_no":8,"bad_words":[],"bad_words_no":0,"weight":0,"location":[40.72703152,-73.86023255,40.72693255,-73.8604406,40.72703152,-73.86023255,40.72693255,-73.8604406,40.72703152,-73.86023255,40.72693255,-73.8604406,40.72703152,-73.86023255,40.72693255,-73.8604406]}