{"messages":["@dd33aapm whys that","@dd33aapm whys that"],"messages_no":2,"bad_words":[],"bad_words_no":0,"weight":0,"location":[42.28498723,-71.79332631,42.28498723,-71.79332631]}