{"messages":["Who wants to hang","Who wants to hang","Who wants to hang"],"messages_no":3,"bad_words":[],"bad_words_no":0,"weight":0,"location":[42.2954111,-71.28396596,42.2954111,-71.28396596,42.2954111,-71.28396596]}