{"messages":["I've never felt more ugly","I've never felt more ugly","I've never felt more ugly"],"messages_no":3,"bad_words":[],"bad_words_no":0,"weight":0,"location":[[33.98007975,-117.34560026],[33.98007975,-117.34560026],[33.98007975,-117.34560026]],"friends":[1,2,3,4]}