{"messages":["@ChinkoSuave idk lol","@Queenkali1 which one you saw ?","@ChinkoSuave idk lol"],"messages_no":3,"bad_words":[],"bad_words_no":0,"weight":0,"location":[33.54692241,-84.39778495,33.54690393,-84.39801493,33.54692241,-84.39778495]}