{"messages":["John 15:5-6","John 15:5-6","Mmmhmm the month of February is going to be super busy at Sam.","John 15:5-6","John 15:5-6"],"messages_no":5,"bad_words":[],"bad_words_no":0,"weight":0,"location":[30.71167392,-95.54223055,30.71167392,-95.54223055,30.71167392,-95.54223055,30.71167392,-95.54223055]}