{"messages":["Well shit\u2026","Well shit\u2026","Well shit\u2026"],"messages_no":3,"bad_words":[],"bad_words_no":3,"weight":0,"location":[[42.25785436,-89.22595464],[42.25785436,-89.22595464],[42.25785436,-89.22595464]],"friends":[1,2,3,4]}