{"messages":["@purple_swag91 followback?","@purple_swag91 followback?","@purple_swag91 followback?","@purple_swag91 followback?"],"messages_no":4,"bad_words":[],"bad_words_no":0,"weight":0,"location":[32.90560879,-96.71707515,32.90560879,-96.71707515,32.90560879,-96.71707515,32.90560879,-96.71707515]}