{"messages":["\u201c@Potttyyy: goodmorning \ud83d\ude18\ud83d\udc8b\u201d good morning","\u201c@Potttyyy: goodmorning \ud83d\ude18\ud83d\udc8b\u201d good morning","\u201c@Potttyyy: goodmorning \ud83d\ude18\ud83d\udc8b\u201d good morning","\u201c@Potttyyy: goodmorning \ud83d\ude18\ud83d\udc8b\u201d good morning"],"messages_no":4,"bad_words":[],"bad_words_no":0,"weight":0,"location":[39.80435123,-75.92509058,39.80435123,-75.92509058,39.80435123,-75.92509058,39.80435123,-75.92509058]}