{"messages":["My mom is in the shower \ud83d\ude13","My mom is in the shower \ud83d\ude13","CoffeeBean guy was \ud83d\udc4c\ud83d\udc4c\ud83d\udc4c","My mom is in the shower \ud83d\ude13","CoffeeBean guy was \ud83d\udc4c\ud83d\udc4c\ud83d\udc4c"],"messages_no":5,"bad_words":[],"bad_words_no":0,"weight":0,"location":[[33.97740543,-117.33352438],[33.97740543,-117.33352438],[33.97732677,-117.3334631],[33.97740543,-117.33352438],[33.97732677,-117.3334631]],"friends":[1,2,3,4]}