{"messages":["I hate days like this \ud83d\ude14","I hate days like this \ud83d\ude14","I hate days like this \ud83d\ude14"],"messages_no":3,"bad_words":[],"bad_words_no":0,"weight":0,"location":[[35.92112251,-76.12996333],[35.92112251,-76.12996333],[35.92112251,-76.12996333]],"friends":[1,2,3,4]}