{"messages":["@ImADogggg_4 that's fucked up","@ImADogggg_4 that's fucked up","I'm really gon flex","@ImADogggg_4 that's fucked up"],"messages_no":4,"bad_words":[],"bad_words_no":3,"weight":0,"location":[[40.9130295,-97.091202],[40.9130295,-97.091202],[40.9130165,-97.0912239],[40.9130295,-97.091202]],"friends":[1,2,3,4]}