{"messages":["Girl I'll shake the sh*t out you","Girl I'll shake the sh*t out you","Girl I'll shake the sh*t out you"],"messages_no":3,"bad_words":[],"bad_words_no":0,"weight":0,"location":[33.43115383,-86.11405313,33.43115383,-86.11405313,33.43115383,-86.11405313]}