{"messages":["Tf is this performing??","Tf is this performing??","Cant wait to leave this city and majority of you ppl!!!","Tf is this performing??"],"messages_no":4,"bad_words":[],"bad_words_no":0,"weight":0,"location":[[33.40000917,-86.08823595],[33.40000917,-86.08823595],[33.44344068,-86.09830022],[33.40000917,-86.08823595]],"friends":[1,2,3,4]}