{"messages":["If that many cameras were on me I'd faint.","If that many cameras were on me I'd faint.","What a mess.","If that many cameras were on me I'd faint.","What a mess."],"messages_no":5,"bad_words":[],"bad_words_no":0,"weight":0,"location":[[28.2570337,-81.431851],[28.2570337,-81.431851],[28.1704627,-81.4422975],[28.2570337,-81.431851],[28.1704627,-81.4422975]],"friends":[1,2,3,4]}