{"messages":["Lol nah not like that Sister in law","That's my favorite vine bruh","Lol nah not like that Sister in law","Lol nah not like that Sister in law","That's my favorite vine bruh"],"messages_no":5,"bad_words":[],"bad_words_no":0,"weight":0,"location":[32.48964268,-92.11080219,32.4896351,-92.1108912,32.48964268,-92.11080219,32.48964268,-92.11080219,32.4896351,-92.1108912]}