{"messages":["@MonaLOVE_ wee get gett it tho","Ima hurt this girl","She be better on her good behavior tonight","@MonaLOVE_ wee get gett it tho","@MonaLOVE_ wee get gett it tho","Ima hurt this girl","She be better on her good behavior tonight"],"messages_no":7,"bad_words":[],"bad_words_no":0,"weight":0,"location":[35.29204071,-80.89487878,35.30384018,-80.88159678,35.29174647,-80.89467625,35.29204071,-80.89487878,35.29204071,-80.89487878,35.30384018,-80.88159678,35.29174647,-80.89467625]}