{"messages":["Can't sleep #TooAnxiousForSuperBowl","@JordanTPope keep me posted lol","Can't sleep #TooAnxiousForSuperBowl","@JordanTPope keep me posted lol","Can't sleep #TooAnxiousForSuperBowl","@JordanTPope keep me posted lol"],"messages_no":6,"bad_words":[],"bad_words_no":0,"weight":0,"location":[[43.58341373,-116.17707266],[43.58374053,-116.17738159],[43.58341373,-116.17707266],[43.58374053,-116.17738159],[43.58341373,-116.17707266],[43.58374053,-116.17738159]],"friends":[1,2,3,4]}