{"messages":["CanT believe my WINDSHIELD wipers cost me 70bucks","GoodMorning","CanT believe my WINDSHIELD wipers cost me 70bucks","GoodMorning","Its BEST I USE THEM!!","CanT believe my WINDSHIELD wipers cost me 70bucks","GoodMorning"],"messages_no":7,"bad_words":[],"bad_words_no":0,"weight":0,"location":[[29.9630703,-90.1118634],[29.9609052,-90.1126738],[29.9630703,-90.1118634],[29.9609052,-90.1126738],[29.9743789,-90.0997071],[29.9630703,-90.1118634],[29.9609052,-90.1126738]],"friends":[1,2,3,4]}