{"messages":["thank goodness its Friday","thank goodness its Friday","thank goodness its Friday","thank goodness its Friday"],"messages_no":4,"bad_words":[],"bad_words_no":0,"weight":0,"location":[35.7860609,-78.6214514,35.7860609,-78.6214514,35.7860609,-78.6214514,35.7860609,-78.6214514]}