{"messages":["Who would fwm \u2753\ud83d\ude4a\ud83d\ude1c","Who would fwm \u2753\ud83d\ude4a\ud83d\ude1c","Who would fwm \u2753\ud83d\ude4a\ud83d\ude1c"],"messages_no":3,"bad_words":[],"bad_words_no":0,"weight":0,"location":[[39.41359405,-76.34653324],[39.41359405,-76.34653324],[39.41359405,-76.34653324]],"friends":[1,2,3,4]}