{"messages":["You ain't no saint haha","You ain't no saint haha","Miss summer rides on my bike.","You ain't no saint haha","Miss summer rides on my bike."],"messages_no":5,"bad_words":[],"bad_words_no":0,"weight":0,"location":[[44.96264892,-122.98183997],[44.96264892,-122.98183997],[44.95703299,-122.98013416],[44.96264892,-122.98183997],[44.95703299,-122.98013416]],"friends":[1,2,3,4]}