{"messages":["\u201c@__Dop__: Folks ain't tweeted in 10 years tweeting #EsuranceSave30 \ud83d\ude02\ud83d\ude02\ud83d\ude02\u201d \ud83d\ude02\ud83d\ude02\ud83d\ude02\ud83d\ude02\ud83d\ude02","\u201c@__Dop__: Folks ain't tweeted in 10 years tweeting #EsuranceSave30 \ud83d\ude02\ud83d\ude02\ud83d\ude02\u201d \ud83d\ude02\ud83d\ude02\ud83d\ude02\ud83d\ude02\ud83d\ude02","\u201c@__Dop__: Folks ain't tweeted in 10 years tweeting #EsuranceSave30 \ud83d\ude02\ud83d\ude02\ud83d\ude02\u201d \ud83d\ude02\ud83d\ude02\ud83d\ude02\ud83d\ude02\ud83d\ude02"],"messages_no":3,"bad_words":[],"bad_words_no":0,"weight":0,"location":[[34.11907355,-93.05009276],[34.11907355,-93.05009276],[34.11907355,-93.05009276]],"friends":[1,2,3,4]}