{"messages":["@HollyBrook95 bless it's not just me lol","@HollyBrook95 bless it's not just me lol","@HollyBrook95 bless it's not just me lol","@HollyBrook95 bless it's not just me lol"],"messages_no":4,"bad_words":[],"bad_words_no":0,"weight":0,"location":[31.53694224,-97.20173703,31.53694224,-97.20173703,31.53694224,-97.20173703,31.53694224,-97.20173703]}