{"messages":["I swear it's their managers trying to get these garbage rappers some shine telling them to diss cole","I want you\nbut,\nI'm waiting for you to want me","It's like I just turn into a totally different person","Drown me","I swear it's their managers trying to get these garbage rappers some shine telling them to diss cole","I want you\nbut,\nI'm waiting for you to want me","I want you\nbut,\nI'm waiting for you to want me","It's like I just turn into a totally different person","It's like I just turn into a totally different person","Drown me","Drown me"],"messages_no":11,"bad_words":[],"bad_words_no":0,"weight":0,"location":[40.05010168,-75.09426316,40.05012089,-75.09425312,40.33646162,-75.93651508,40.33644834,-75.93654242,40.05010168,-75.09426316,40.05012089,-75.09425312,40.05012089,-75.09425312,40.33646162,-75.93651508,40.33646162,-75.93651508,40.33644834,-75.93654242,40.33644834,-75.93654242]}