{"messages":["Noah is not wearing my helmet \ud83d\ude20","Noah is not wearing my helmet \ud83d\ude20","Noah is not wearing my helmet \ud83d\ude20","Noah is not wearing my helmet \ud83d\ude20","Noah is not wearing my helmet \ud83d\ude20"],"messages_no":5,"bad_words":[],"bad_words_no":0,"weight":0,"location":[39.16106258,-74.75890948,39.16106258,-74.75890948,39.16106258,-74.75890948,39.16106258,-74.75890948,39.16106258,-74.75890948]}