{"messages":["I can't believe it's February already\u2026","@TimJakiel Thanks \ud83d\udc81","I can't believe it's February already\u2026","@TimJakiel Thanks \ud83d\udc81","I wish it was Friday","I can't believe it's February already\u2026","@TimJakiel Thanks \ud83d\udc81","I wish it was Friday"],"messages_no":8,"bad_words":[],"bad_words_no":0,"weight":0,"location":[[42.63946269,-79.07093255],[42.63950195,-79.07098628],[42.63946269,-79.07093255],[42.63950195,-79.07098628],[42.63943231,-79.07084593],[42.63946269,-79.07093255],[42.63950195,-79.07098628],[42.63943231,-79.07084593]],"friends":[1,2,3,4]}