{"messages":["\u201c@CamCetrone: That 4 letter word is a crazy thing\u201d but u say it like a hoe","@omgAlexus \u261d\ufe0f good point there my nig\u263a\ufe0f","\u201c@CamCetrone: That 4 letter word is a crazy thing\u201d but u say it like a hoe","@omgAlexus \u261d\ufe0f good point there my nig\u263a\ufe0f","\u201c@Ju3LzZz: Y'all need some Kleenex or nah? @Tyrone_3445 \u201d awe \ud83d\ude2f\ud83d\ude2f","\u201c@CamCetrone: That 4 letter word is a crazy thing\u201d but u say it like a hoe","@omgAlexus \u261d\ufe0f good point there my nig\u263a\ufe0f","\u201c@Ju3LzZz: Y'all need some Kleenex or nah? @Tyrone_3445 \u201d awe \ud83d\ude2f\ud83d\ude2f"],"messages_no":8,"bad_words":[],"bad_words_no":0,"weight":0,"location":[[39.06640033,-76.70170544],[39.06653205,-76.70166772],[39.06640033,-76.70170544],[39.06653205,-76.70166772],[39.06646738,-76.70170762],[39.06640033,-76.70170544],[39.06653205,-76.70166772],[39.06646738,-76.70170762]],"friends":[1,2,3,4]}