{"messages":["#workflow \ud83d\udcb0\ud83d\udcb8\ud83d\udcb5\ud83d\udcb0\ud83d\udcb8\ud83d\udcb5","#workflow \ud83d\udcb0\ud83d\udcb8\ud83d\udcb5\ud83d\udcb0\ud83d\udcb8\ud83d\udcb5"],"messages_no":2,"bad_words":[],"bad_words_no":0,"weight":0,"location":[30.03147632,-89.97561627,30.03147632,-89.97561627]}