{"messages":["\u201c@DirtyMfIndian: Chief keef- Aimed at You\u201d","\u201c@DirtyMfIndian: Chief keef- Aimed at You\u201d","\u201c@DirtyMfIndian: Chief keef- Aimed at You\u201d"],"messages_no":3,"bad_words":[],"bad_words_no":0,"weight":0,"location":[[36.12714129,-115.1391213],[36.12714129,-115.1391213],[36.12714129,-115.1391213]],"friends":[1,2,3,4]}