{"messages":["That UNT NaeNae video make UNT look live thenahoe","That UNT NaeNae video make UNT look live thenahoe","\u201c@_Chanelliee: \ud83d\ude39 like, yes I know Spanish... I'm mixed \ud83d\ude0c\ud83d\udc4c\u201d \ud83d\udc40\ud83d\udc40","Preachhh","That UNT NaeNae video make UNT look live thenahoe"],"messages_no":5,"bad_words":[],"bad_words_no":0,"weight":0,"location":[[32.60084963,-96.82489672],[32.60084963,-96.82489672],[33.24147029,-95.91290942],[33.24140198,-95.91291592],[32.60084963,-96.82489672]],"friends":[1,2,3,4]}