{"messages":["@hannahbrown05 love you tooooo","@hannahbrown05 love you tooooo","@hannahbrown05 love you tooooo"],"messages_no":3,"bad_words":[],"bad_words_no":0,"weight":0,"location":[[42.22510826,-70.92910272],[42.22510826,-70.92910272],[42.22510826,-70.92910272]],"friends":[1,2,3,4]}