{"messages":["@Loovee_Raee why !?","Birthday tweet ! 10:02 ! \ud83d\ude18\ud83d\ude0d\u263a\ufe0f\ud83d\ude0a"],"messages_no":2,"bad_words":[],"bad_words_no":0,"weight":0,"location":[[41.55510435,-87.15491326],[41.55500947,-87.15500236]]}