{"messages":["Time to lose a few pounds \ud83c\udfc3\ud83d\udcaa","Time to lose a few pounds \ud83c\udfc3\ud83d\udcaa","I have to wake up early in the am \ud83d\ude23","Time to lose a few pounds \ud83c\udfc3\ud83d\udcaa","Time to lose a few pounds \ud83c\udfc3\ud83d\udcaa","I have to wake up early in the am \ud83d\ude23"],"messages_no":6,"bad_words":[],"bad_words_no":0,"weight":0,"location":[31.51852124,-97.1988599,31.51852124,-97.1988599,31.52464163,-97.18133619,31.51852124,-97.1988599,31.51852124,-97.1988599,31.52464163,-97.18133619]}