{"messages":["I can't think he's into head yin is in","I can't think he's into head yin is in","Bout to go ham","@cthagod oh member the red chair king so call","I can't think he's into head yin is in"],"messages_no":5,"bad_words":[],"bad_words_no":0,"weight":0,"location":[[40.67701751,-73.9066232],[40.67701751,-73.9066232],[40.67697006,-73.9059037],[40.67714152,-73.90609112],[40.67701751,-73.9066232]],"friends":[1,2,3,4]}