{"messages":["Ears loops hurt","Ears loops hurt","Ears loops hurt"],"messages_no":3,"bad_words":[],"bad_words_no":0,"weight":0,"location":[[39.163813,-75.5288813],[39.163813,-75.5288813],[39.163813,-75.5288813]],"friends":[1,2,3,4]}