{"messages":["I'm hungry","I'm hungry","I'm hungry"],"messages_no":3,"bad_words":[],"bad_words_no":0,"weight":0,"location":[30.527664,-89.6700945,30.527664,-89.6700945,30.527664,-89.6700945]}