{"messages":["I gots to be tripping","I gots to be tripping","I gots to be tripping"],"messages_no":3,"bad_words":[],"bad_words_no":0,"weight":0,"location":[[36.84684685,-76.23826374],[36.84684685,-76.23826374],[36.84684685,-76.23826374]],"friends":[1,2,3,4]}