{"messages":["I want to go homeeee \ud83d\ude29","I want to go homeeee \ud83d\ude29","I want to go homeeee \ud83d\ude29"],"messages_no":3,"bad_words":[],"bad_words_no":0,"weight":0,"location":[[39.59953507,-86.11576638],[39.59953507,-86.11576638],[39.59953507,-86.11576638]],"friends":[1,2,3,4]}