{"messages":["@TeesoStr8 lol i thought i was the only mf that felt like that.","@TeesoStr8 lol i thought i was the only mf that felt like that.","I got da juice.","@TeesoStr8 lol i thought i was the only mf that felt like that.","@TeesoStr8 lol i thought i was the only mf that felt like that.","I got da juice."],"messages_no":6,"bad_words":[],"bad_words_no":0,"weight":0,"location":[43.09483362,-83.72069021,43.09483362,-83.72069021,43.09483392,-83.72069024,43.09483362,-83.72069021,43.09483362,-83.72069021,43.09483392,-83.72069024]}