{"messages":["I'm hungry","I'm hungry","@_blvckgold_ @iam_danelley well damn","I'm hungry"],"messages_no":4,"bad_words":[],"bad_words_no":1,"weight":0,"location":[[30.527664,-89.6700945],[30.527664,-89.6700945],[30.5271566,-89.670664],[30.527664,-89.6700945]],"friends":[1,2,3,4]}