{"messages":["I only have one had it since I was 15","\u201c@LeosWeAre: #Leo are straightforward\u201d","I only have one had it since I was 15","I only have one had it since I was 15","\u201c@LeosWeAre: #Leo are straightforward\u201d"],"messages_no":5,"bad_words":[],"bad_words_no":0,"weight":0,"location":[38.84233668,-76.9848688,38.84234867,-76.98468957,38.84233668,-76.9848688,38.84233668,-76.9848688,38.84234867,-76.98468957]}