{"messages":["I missed it","I missed it","I missed it"],"messages_no":3,"bad_words":[],"bad_words_no":0,"weight":0,"location":[[33.86549332,-117.31546673],[33.86549332,-117.31546673],[33.86549332,-117.31546673]],"friends":[1,2,3,4]}