{"messages":["5 in the trunk","5 in the trunk"],"messages_no":2,"bad_words":[],"bad_words_no":0,"weight":0,"location":[41.41091307,-72.91057583,41.41091307,-72.91057583]}