{"messages":["\u201c@teresakendel: @BrandiBentz you guys are so cute \ud83d\ude01\u201d thanks we try :)","\u201c@teresakendel: @BrandiBentz you guys are so cute \ud83d\ude01\u201d thanks we try :)","@_MissAmandda_ text me","\u201c@teresakendel: @BrandiBentz you guys are so cute \ud83d\ude01\u201d thanks we try :)","@_MissAmandda_ text me"],"messages_no":5,"bad_words":[],"bad_words_no":0,"weight":0,"location":[[44.10557401,-103.20139406],[44.10557401,-103.20139406],[44.05194089,-103.12632486],[44.10557401,-103.20139406],[44.05194089,-103.12632486]],"friends":[1,2,3,4]}