{"messages":["It feels like saturday","It feels like saturday","@Jasssminee_ didnt i tell you!","It feels like saturday"],"messages_no":4,"bad_words":[],"bad_words_no":0,"weight":0,"location":[[30.12470669,-92.01744677],[30.12470669,-92.01744677],[30.12464488,-92.01739491],[30.12470669,-92.01744677]],"friends":[1,2,3,4]}