{"messages":["I hate hospitals !!!","Somebody come get me !","I hate hospitals !!!"],"messages_no":3,"bad_words":[],"bad_words_no":0,"weight":0,"location":[33.68091044,-84.42738966,33.68340788,-84.41850258,33.68091044,-84.42738966]}