{"messages":["Birthday is TOMORROW\ud83d\udd2b\ud83d\udd2b8\u20e3\ud83c\udf35\ud83d\udd2b\ud83d\ude81\ud83d\ude81\ud83d\ude81\ud83d\udea3\ud83d\udea38\u20e3\ud83d\ude02\ud83c\udf35\ud83d\udd2b\ud83d\ude81\ud83d\udd2b8\u20e3\ud83d\udcb08\u20e3\ud83d\udd2b8\u20e3\ud83d\udea3\ud83d\udea38\u20e3\ud83d\udea3\u2693\ufe0f\u2693\ufe0f\u2693\ufe0f8\u20e3\ud83c\udf35\ud83d\ude81\ud83c\udf35\ud83d\ude33\u2693\ufe0f\ud83d\ude02\ud83c\udf89\ud83d\udcb0\ud83c\udf89\ud83d\ude02\ud83d\ude18\ud83d\ude0b\ud83d\udc84\ud83d\ude18\ud83d\udd08\ud83d\ude02\ud83c\udf89\ud83d\ude02\ud83d\ude02\ud83c\udf89\ud83d\ude18\ud83d\ude1d\ud83d\ude02\ud83d\udd2b\ud83d\ude02\ud83d\udea3\ud83d\ude02\ud83c\udf89\u270c\ufe0f\ud83d\ude0b\u2693\ufe0f\u2693\ufe0f\ud83d\udc84\ud83c\udf89\ud83d\ude18\ud83d\ude1d\ud83d\udc84\ud83c\udf89\ud83d\udcb0\ud83d\udcb0\ud83d\ude1d\ud83d\udea3\u2693\ufe0f\u2693\ufe0f\ud83c\udf35\ud83d\ude02\ud83c\udf89\ud83d\ude33\ud83d\udea3\ud83d\ude18\ud83c\udf35\ud83d\ude81\ud83d\ude1d\ud83d\ude1d\ud83d\ude0b\ud83d\ude18\ud83c\udf35","Birthday is TOMORROW\ud83d\udd2b\ud83d\udd2b8\u20e3\ud83c\udf35\ud83d\udd2b\ud83d\ude81\ud83d\ude81\ud83d\ude81\ud83d\udea3\ud83d\udea38\u20e3\ud83d\ude02\ud83c\udf35\ud83d\udd2b\ud83d\ude81\ud83d\udd2b8\u20e3\ud83d\udcb08\u20e3\ud83d\udd2b8\u20e3\ud83d\udea3\ud83d\udea38\u20e3\ud83d\udea3\u2693\ufe0f\u2693\ufe0f\u2693\ufe0f8\u20e3\ud83c\udf35\ud83d\ude81\ud83c\udf35\ud83d\ude33\u2693\ufe0f\ud83d\ude02\ud83c\udf89\ud83d\udcb0\ud83c\udf89\ud83d\ude02\ud83d\ude18\ud83d\ude0b\ud83d\udc84\ud83d\ude18\ud83d\udd08\ud83d\ude02\ud83c\udf89\ud83d\ude02\ud83d\ude02\ud83c\udf89\ud83d\ude18\ud83d\ude1d\ud83d\ude02\ud83d\udd2b\ud83d\ude02\ud83d\udea3\ud83d\ude02\ud83c\udf89\u270c\ufe0f\ud83d\ude0b\u2693\ufe0f\u2693\ufe0f\ud83d\udc84\ud83c\udf89\ud83d\ude18\ud83d\ude1d\ud83d\udc84\ud83c\udf89\ud83d\udcb0\ud83d\udcb0\ud83d\ude1d\ud83d\udea3\u2693\ufe0f\u2693\ufe0f\ud83c\udf35\ud83d\ude02\ud83c\udf89\ud83d\ude33\ud83d\udea3\ud83d\ude18\ud83c\udf35\ud83d\ude81\ud83d\ude1d\ud83d\ude1d\ud83d\ude0b\ud83d\ude18\ud83c\udf35"],"messages_no":2,"bad_words":[],"bad_words_no":0,"weight":0,"location":[32.57681255,-90.05180276,32.57681255,-90.05180276]}