{"messages":["##jackisback","##jackisback","##jackisback"],"messages_no":3,"bad_words":[],"bad_words_no":0,"weight":0,"location":[[41.54771365,-72.98868635],[41.54771365,-72.98868635],[41.54771365,-72.98868635]],"friends":[1,2,3,4]}