{"messages":["Seattle's gettin it","Seattle's gettin it","Seattle's gettin it"],"messages_no":3,"bad_words":[],"bad_words_no":0,"weight":0,"location":[[36.24452529,-89.75052397],[36.24452529,-89.75052397],[36.24452529,-89.75052397]],"friends":[1,2,3,4]}