{"messages":["Say hello to the Cards Against Humanity Champ 2014 \ud83c\udfc6\ud83d\udc81\ud83c\udf89","Say hello to the Cards Against Humanity Champ 2014 \ud83c\udfc6\ud83d\udc81\ud83c\udf89","Say hello to the Cards Against Humanity Champ 2014 \ud83c\udfc6\ud83d\udc81\ud83c\udf89"],"messages_no":3,"bad_words":[],"bad_words_no":3,"weight":0,"location":[[39.18072722,-86.52873867],[39.18072722,-86.52873867],[39.18072722,-86.52873867]],"friends":[1,2,3,4]}