{"messages":["Yea, being me is such a habit","That's true but I won't RT it.","Yea, being me is such a habit","That's true but I won't RT it.","Yea, being me is such a habit","That's true but I won't RT it."],"messages_no":6,"bad_words":[],"bad_words_no":0,"weight":0,"location":[[36.29037753,-76.97617765],[36.29037144,-76.97616514],[36.29037753,-76.97617765],[36.29037144,-76.97616514],[36.29037753,-76.97617765],[36.29037144,-76.97616514]],"friends":[1,2,3,4]}