{"messages":["@theREALeli_ LOL CHILL","@theREALeli_ LOL CHILL","I miss @SirLorenKnight fineeeeee self, tho.\ud83d\ude4a","@theREALeli_ LOL CHILL"],"messages_no":4,"bad_words":[],"bad_words_no":0,"weight":0,"location":[[34.76651699,-92.26520697],[34.76651699,-92.26520697],[34.75115968,-92.33892396],[34.76651699,-92.26520697]],"friends":[1,2,3,4]}