{"messages":["Vonte all most made this nigga fall \ud83d\ude02\ud83d\ude02","Vonte all most made this nigga fall \ud83d\ude02\ud83d\ude02","Vonte all most made this nigga fall \ud83d\ude02\ud83d\ude02"],"messages_no":3,"bad_words":[],"bad_words_no":3,"weight":0,"location":[[42.34315974,-83.01524169],[42.34315974,-83.01524169],[42.34315974,-83.01524169]],"friends":[1,2,3,4]}