{"messages":["And one.","And one.","And one."],"messages_no":3,"bad_words":[],"bad_words_no":0,"weight":0,"location":[[37.95750157,-84.48709804],[37.95750157,-84.48709804],[37.95750157,-84.48709804]],"friends":[1,2,3,4]}