{"messages":["@KelseyEwing95 yummy! I'm jealous!","@Audijo05 well damnit..","@KelseyEwing95 yummy! I'm jealous!","@Audijo05 well damnit..","Me: \"I wish there was a major where all you did was lay in bed.\" My roommate: \"There is, prostitution.\" \ud83d\ude02","@KelseyEwing95 yummy! I'm jealous!","@Audijo05 well damnit.."],"messages_no":7,"bad_words":[],"bad_words_no":3,"weight":0,"location":[[38.79212472,-90.00369374],[38.79152897,-90.00579097],[38.79212472,-90.00369374],[38.79152897,-90.00579097],[38.79222373,-90.00373528],[38.79212472,-90.00369374],[38.79152897,-90.00579097]],"friends":[1,2,3,4]}