{"messages":["my sisters a model \ud83d\ude0c","my sisters a model \ud83d\ude0c","my sisters a model \ud83d\ude0c"],"messages_no":3,"bad_words":[],"bad_words_no":0,"weight":0,"location":[[40.654856,-74.18767185],[40.654856,-74.18767185],[40.654856,-74.18767185]],"friends":[1,2,3,4]}