{"messages":["http:\/\/t.co\/MftgKyMFO7 trying make it out","http:\/\/t.co\/MftgKyMFO7 trying make it out","http:\/\/t.co\/MftgKyMFO7 trying make it out","http:\/\/t.co\/MftgKyMFO7 trying make it out","http:\/\/t.co\/MftgKyMFO7 trying make it out","http:\/\/t.co\/MftgKyMFO7 trying make it out"],"messages_no":6,"bad_words":[],"bad_words_no":0,"weight":0,"location":[[32.28698921,-90.21800915],[32.28698921,-90.21800915],[32.28698921,-90.21800915],[32.28698921,-90.21800915],[32.28698921,-90.21800915],[32.28698921,-90.21800915]],"friends":[1,2,3,4]}