{"messages":["Trust","Trust","My lil Robbie @AmarillasRobert http:\/\/t.co\/rBSYpHZDR0","You would look so good in my arms rn","Trust"],"messages_no":5,"bad_words":[],"bad_words_no":0,"weight":0,"location":[[44.87990631,-123.04905782],[44.87990631,-123.04905782],[44.88592216,-123.07828082],[44.87991193,-123.04911079],[44.87990631,-123.04905782]],"friends":[1,2,3,4]}