{"messages":["Ain't no hoe gon check me \ud83d\ude02","Ain't no hoe gon check me \ud83d\ude02","Shoes make me happy \ud83d\ude00\ud83d\ude04","If trey was out right now life would be better. #freetrey","Ain't no hoe gon check me \ud83d\ude02","Shoes make me happy \ud83d\ude00\ud83d\ude04","If trey was out right now life would be better. #freetrey"],"messages_no":7,"bad_words":[],"bad_words_no":0,"weight":0,"location":[[33.89923442,-84.22154454],[33.89923442,-84.22154454],[33.89920094,-84.22150472],[33.89908189,-84.22162818],[33.89923442,-84.22154454],[33.89920094,-84.22150472],[33.89908189,-84.22162818]],"friends":[1,2,3,4]}