{"messages":["SPRINGSTEEN. FINALLY.","SPRINGSTEEN. FINALLY.","SPRINGSTEEN. FINALLY."],"messages_no":3,"bad_words":[],"bad_words_no":0,"weight":0,"location":[[40.7823273,-73.94826994],[40.7823273,-73.94826994],[40.7823273,-73.94826994]],"friends":[1,2,3,4]}