{"messages":["@shiveryshakes let's do it","@shiveryshakes let's do it","@shiveryshakes let's do it"],"messages_no":3,"bad_words":[],"bad_words_no":0,"weight":0,"location":[[30.28361302,-97.82442262],[30.28361302,-97.82442262],[30.28361302,-97.82442262]],"friends":[1,2,3,4]}