{"messages":["i love Tom Hanks","i love Tom Hanks"],"messages_no":2,"bad_words":[],"bad_words_no":0,"weight":0,"location":[39.00039397,-77.39960013,39.00039397,-77.39960013]}