{"messages":["\u201c@Flapjack_bri: Why isn't anyone picking up the phone \ud83d\ude2a\u201d\ud83d\ude1e\ud83d\ude4c","I'll do some more shoutouts tomorrow .","\u201c@Flapjack_bri: Why isn't anyone picking up the phone \ud83d\ude2a\u201d\ud83d\ude1e\ud83d\ude4c","I'll do some more shoutouts tomorrow ."],"messages_no":4,"bad_words":[],"bad_words_no":0,"weight":0,"location":[33.18117652,-96.91838934,32.92953515,-96.84145105,33.18117652,-96.91838934,32.92953515,-96.84145105]}