{"messages":["Be real with me that's all I ask.","BWW is poppin right now.","Be real with me that's all I ask.","BWW is poppin right now.","Be real with me that's all I ask.","BWW is poppin right now."],"messages_no":6,"bad_words":[],"bad_words_no":0,"weight":0,"location":[[30.84816245,-92.3849879],[31.26982101,-92.45928607],[30.84816245,-92.3849879],[31.26982101,-92.45928607],[30.84816245,-92.3849879],[31.26982101,-92.45928607]],"friends":[1,2,3,4]}