{"messages":["#EsuranceSave30","#EsuranceSave30","#EsuranceSave30"],"messages_no":3,"bad_words":[],"bad_words_no":0,"weight":0,"location":[[41.76937815,-72.66442833],[41.76937815,-72.66442833],[41.76937815,-72.66442833]],"friends":[1,2,3,4]}