{"messages":["Bittersweet","Bittersweet","Bittersweet"],"messages_no":3,"bad_words":[],"bad_words_no":0,"weight":0,"location":[46.55618502,-87.40020596,46.55618502,-87.40020596,46.55618502,-87.40020596]}