{"messages":["it's 2? what?!","it's 2? what?!","it's 2? what?!"],"messages_no":3,"bad_words":[],"bad_words_no":0,"weight":0,"location":[39.73441752,-85.96931987,39.73441752,-85.96931987,39.73441752,-85.96931987]}