{"messages":["80s movies are life","80s movies are life","80s movies are life"],"messages_no":3,"bad_words":[],"bad_words_no":0,"weight":0,"location":[[29.88955532,-95.48257411],[29.88955532,-95.48257411],[29.88955532,-95.48257411]],"friends":[1,2,3,4]}