{"messages":["My eyes are really green todayyy\ud83d\udc40\u267b\ufe0f","My eyes are really green todayyy\ud83d\udc40\u267b\ufe0f","My eyes are really green todayyy\ud83d\udc40\u267b\ufe0f","My eyes are really green todayyy\ud83d\udc40\u267b\ufe0f"],"messages_no":4,"bad_words":[],"bad_words_no":0,"weight":0,"location":[35.96254244,-84.19691985,35.96254244,-84.19691985,35.96254244,-84.19691985,35.96254244,-84.19691985]}