{"messages":["@cordellsimmons can't go wrong wit IHOP","@cordellsimmons can't go wrong wit IHOP","I was thinking today was Wednesday for the longest....","Niggas still sleep on Fabolous","Aiight I'm lame","Bout to finesse the nutrition test guy \ud83d\ude0f","@cordellsimmons can't go wrong wit IHOP"],"messages_no":7,"bad_words":[],"bad_words_no":0,"weight":0,"location":[[33.9965034,-84.57657101],[33.9965034,-84.57657101],[34.03990752,-84.53442671],[34.0398372,-84.53434675],[34.03999719,-84.53428772],[33.93114929,-84.51699591],[33.9965034,-84.57657101]],"friends":[1,2,3,4]}