{"messages":["11\/01\u2764\ufe0f\ud83d\ude48","11\/01\u2764\ufe0f\ud83d\ude48","\u201c@Xhkucky_Brim: she throwed \ud83d\ude02\ud83d\ude02 http:\/\/t.co\/F5809qU6vI\u201dOMG lmaooo","11\/01\u2764\ufe0f\ud83d\ude48","\u201c@Xhkucky_Brim: she throwed \ud83d\ude02\ud83d\ude02 http:\/\/t.co\/F5809qU6vI\u201dOMG lmaooo"],"messages_no":5,"bad_words":[],"bad_words_no":0,"weight":0,"location":[[33.67696938,-83.9915631],[33.67696938,-83.9915631],[33.6768873,-83.9917107],[33.67696938,-83.9915631],[33.6768873,-83.9917107]],"friends":[1,2,3,4]}