{"messages":["I need to go though my facebook and delete people","I want the dog in the Doritos commercial","I need to go though my facebook and delete people","I want the dog in the Doritos commercial","I need to go though my facebook and delete people","I want the dog in the Doritos commercial"],"messages_no":6,"bad_words":[],"bad_words_no":0,"weight":0,"location":[[38.16279541,-83.44439782],[38.16240778,-83.44405297],[38.16279541,-83.44439782],[38.16240778,-83.44405297],[38.16279541,-83.44439782],[38.16240778,-83.44405297]],"friends":[1,2,3,4]}