{"messages":["Wake n bake?","Wake n bake?","Wake n bake?","Wake n bake?"],"messages_no":4,"bad_words":[],"bad_words_no":0,"weight":0,"location":[41.3791046,-72.0488647,41.3791046,-72.0488647,41.3791046,-72.0488647,41.3791046,-72.0488647]}