{"messages":["@ work..&amp;it's work \ud83d\udcb0","@ work..&amp;it's work \ud83d\udcb0","@ work..&amp;it's work \ud83d\udcb0"],"messages_no":3,"bad_words":[],"bad_words_no":0,"weight":0,"location":[32.9817179,-82.81106978,32.9817179,-82.81106978,32.9817179,-82.81106978]}