{"messages":["@ChristyLamont ya what can I say \ud83d\ude18","@ChristyLamont ya what can I say \ud83d\ude18","@ChristyLamont ya what can I say \ud83d\ude18"],"messages_no":3,"bad_words":[],"bad_words_no":0,"weight":0,"location":[[41.99448682,-71.46835774],[41.99448682,-71.46835774],[41.99448682,-71.46835774]],"friends":[1,2,3,4]}