{"messages":["@courtneytuccio_ I'm really diggin the avi bae","@asaysavang idk tbh","@courtneytuccio_ I'm really diggin the avi bae","@asaysavang idk tbh","@courtneytuccio_ I'm really diggin the avi bae","@asaysavang idk tbh"],"messages_no":6,"bad_words":[],"bad_words_no":0,"weight":0,"location":[[27.85993111,-82.70159829],[27.85993346,-82.70157491],[27.85993111,-82.70159829],[27.85993346,-82.70157491],[27.85993111,-82.70159829],[27.85993346,-82.70157491]],"friends":[1,2,3,4]}