{"messages":["@savesho chillin","@savesho chillin","@savesho chillin"],"messages_no":3,"bad_words":[],"bad_words_no":0,"weight":0,"location":[[39.98024968,-74.92029897],[39.98024968,-74.92029897],[39.98024968,-74.92029897]],"friends":[1,2,3,4]}