{"messages":["@Zachjacob22 basically! \ud83d\udc80\ud83d\ude48","@Zachjacob22 basically! \ud83d\udc80\ud83d\ude48","@Zachjacob22 basically! \ud83d\udc80\ud83d\ude48"],"messages_no":3,"bad_words":[],"bad_words_no":0,"weight":0,"location":[[47.29686975,-122.3830421],[47.29686975,-122.3830421],[47.29686975,-122.3830421]],"friends":[1,2,3,4]}