{"messages":["You know I had to follow that milf page on Instagram \ud83d\ude02","@Anna_Ham_5 I call leftovers","You know I had to follow that milf page on Instagram \ud83d\ude02","@Anna_Ham_5 I call leftovers","You know I had to follow that milf page on Instagram \ud83d\ude02","@Anna_Ham_5 I call leftovers"],"messages_no":6,"bad_words":[],"bad_words_no":0,"weight":0,"location":[[35.86520956,-84.68506982],[35.8652798,-84.68512262],[35.86520956,-84.68506982],[35.8652798,-84.68512262],[35.86520956,-84.68506982],[35.8652798,-84.68512262]],"friends":[1,2,3,4]}