{"messages":["@BasedJessica_ I likeee","@BasedJessica_ I likeee","I'm lowkey excited for my grill to come in","@BasedJessica_ I likeee","I'm lowkey excited for my grill to come in"],"messages_no":5,"bad_words":[],"bad_words_no":0,"weight":0,"location":[[33.6588311,-117.1715278],[33.6588311,-117.1715278],[33.575746,-117.1973886],[33.6588311,-117.1715278],[33.575746,-117.1973886]],"friends":[1,2,3,4]}