{"messages":["U remind me of Tupac with a diamond Up in yo nose !","U remind me of Tupac with a diamond Up in yo nose !","In a dark room in Harlem , thinkin bout shots","@hailstee_ i got 102","@No_Manners_ u think your funny huh ? \ud83d\ude02","U remind me of Tupac with a diamond Up in yo nose !","In a dark room in Harlem , thinkin bout shots","@hailstee_ i got 102"],"messages_no":8,"bad_words":[],"bad_words_no":0,"weight":0,"location":[[40.56812264,-74.45308548],[40.56812264,-74.45308548],[40.56787667,-74.45304173],[40.56787583,-74.45300711],[40.56785278,-74.45294509],[40.56812264,-74.45308548],[40.56787667,-74.45304173],[40.56787583,-74.45300711]],"friends":[1,2,3,4]}