{"messages":["I could sleeping right now.","I could sleeping right now.","Lord Jesus.. David Beckham. \ud83d\ude0d\ud83d\ude0f\ud83d\udc45\ud83d\udca6","I could sleeping right now.","I could sleeping right now."],"messages_no":5,"bad_words":[],"bad_words_no":0,"weight":0,"location":[25.87966684,-80.19720959,25.87966684,-80.19720959,25.87800249,-80.19581719,25.87966684,-80.19720959,25.87966684,-80.19720959]}