{"messages":["IM JUST GLAD FOR THAT CHANGE \ud83d\ude02\ud83d\ude02\ud83d\ude02\ud83d\ude2d\ud83d\ude02\ud83d\ude2d\ud83d\ude02\ud83d\udc4c http:\/\/t.co\/Ko4rSIiPTd","IM JUST GLAD FOR THAT CHANGE \ud83d\ude02\ud83d\ude02\ud83d\ude02\ud83d\ude2d\ud83d\ude02\ud83d\ude2d\ud83d\ude02\ud83d\udc4c http:\/\/t.co\/Ko4rSIiPTd","IM JUST GLAD FOR THAT CHANGE \ud83d\ude02\ud83d\ude02\ud83d\ude02\ud83d\ude2d\ud83d\ude02\ud83d\ude2d\ud83d\ude02\ud83d\udc4c http:\/\/t.co\/Ko4rSIiPTd"],"messages_no":3,"bad_words":[],"bad_words_no":0,"weight":0,"location":[[40.28213209,-84.16860701],[40.28213209,-84.16860701],[40.28213209,-84.16860701]],"friends":[1,2,3,4]}