{"messages":["You sweet as kool-aid!","You sweet as kool-aid!","I got to 20 on flappy bird!  #isuck","You sweet as kool-aid!","I got to 20 on flappy bird!  #isuck"],"messages_no":5,"bad_words":[],"bad_words_no":0,"weight":0,"location":[[33.0062597,-82.3940565],[33.0062597,-82.3940565],[33.0062597,-82.3940564],[33.0062597,-82.3940565],[33.0062597,-82.3940564]],"friends":[1,2,3,4]}