{"messages":["what school am I going to go to \ud83d\ude14","what school am I going to go to \ud83d\ude14","what school am I going to go to \ud83d\ude14","what school am I going to go to \ud83d\ude14"],"messages_no":4,"bad_words":[],"bad_words_no":0,"weight":0,"location":[39.90962035,-82.73354356,39.90962035,-82.73354356,39.90962035,-82.73354356,39.90962035,-82.73354356]}