{"messages":["So now im home alone","So now im home alone","So now im home alone"],"messages_no":3,"bad_words":[],"bad_words_no":0,"weight":0,"location":[36.119396,-115.0563013,36.119396,-115.0563013,36.119396,-115.0563013]}