{"messages":["#EsuranceSave30  let me hold that","#EsuranceSave30  let me hold that","#EsuranceSave30  let me hold that"],"messages_no":3,"bad_words":[],"bad_words_no":0,"weight":0,"location":[[35.25248615,-91.73108768],[35.25248615,-91.73108768],[35.25248615,-91.73108768]],"friends":[1,2,3,4]}