{"messages":["Tell a Hater I said","Tell a Hater I said","Tell a Hater I said","Tell a Hater I said"],"messages_no":4,"bad_words":[],"bad_words_no":0,"weight":0,"location":[32.45015893,-93.85743013,32.45015893,-93.85743013,32.45015893,-93.85743013,32.45015893,-93.85743013]}