{"messages":["Why am I awake? \ud83d\ude01\ud83d\ude29","Why am I awake? \ud83d\ude01\ud83d\ude29","@saraskidmoreee I bet! I think I know who you're talking about though haha","Literally just losing it.","Why am I awake? \ud83d\ude01\ud83d\ude29"],"messages_no":5,"bad_words":[],"bad_words_no":0,"weight":0,"location":[[41.14806442,-81.88802202],[41.14806442,-81.88802202],[41.14799778,-81.88790442],[41.14800854,-81.88803274],[41.14806442,-81.88802202]],"friends":[1,2,3,4]}