{"messages":["\ud83d\ude02\ud83d\ude02 \u201cRT @FunnyPicsDepot: LMAO \u270b\ud83d\ude02\ud83d\ude02 http:\/\/t.co\/bWXpSfYiUO\u201d","@Taylored_Fender I'm off Brody. Just blew lls","\ud83d\ude02\ud83d\ude02 \u201cRT @FunnyPicsDepot: LMAO \u270b\ud83d\ude02\ud83d\ude02 http:\/\/t.co\/bWXpSfYiUO\u201d","@Taylored_Fender I'm off Brody. Just blew lls"],"messages_no":4,"bad_words":[],"bad_words_no":2,"weight":0,"location":[39.18101384,-77.26980368,39.17667198,-77.24081802,39.18101384,-77.26980368,39.17667198,-77.24081802]}