{"messages":["She look like a center fold","PERCY","She look like a center fold","PERCY","@Traw34 we love it","Things like this make my day!!! http:\/\/t.co\/fsVIaK9fEo","She look like a center fold","PERCY","@Traw34 we love it"],"messages_no":9,"bad_words":[],"bad_words_no":0,"weight":0,"location":[[45.3849291,-122.6955333],[45.4229969,-122.6989412],[45.3849291,-122.6955333],[45.4229969,-122.6989412],[45.4061461,-122.7229348],[45.405943,-122.7454391],[45.3849291,-122.6955333],[45.4229969,-122.6989412],[45.4061461,-122.7229348]],"friends":[1,2,3,4]}