{"messages":["Shoppin before the Super Bowl","Shoppin before the Super Bowl","Shoppin before the Super Bowl"],"messages_no":3,"bad_words":[],"bad_words_no":0,"weight":0,"location":[[34.24075607,-119.18438241],[34.24075607,-119.18438241],[34.24075607,-119.18438241]],"friends":[1,2,3,4]}