{"messages":["Hell yeah http:\/\/t.co\/UmHu06N5Xn","Thank you for reminding me I can't afford a Maserati","Anthony Kiedis got mad legging game tho","Hell yeah http:\/\/t.co\/UmHu06N5Xn","Thank you for reminding me I can't afford a Maserati","Anthony Kiedis got mad legging game tho","I drive a hybrid \n#EsuranceSave30 http:\/\/t.co\/AJDWsGVVJm","Bout to put drinking on a hiatus and start looking for a wife","Hell yeah http:\/\/t.co\/UmHu06N5Xn","Thank you for reminding me I can't afford a Maserati","Anthony Kiedis got mad legging game tho"],"messages_no":11,"bad_words":[],"bad_words_no":0,"weight":0,"location":[[30.20921225,-97.69825074],[30.15939293,-97.74305496],[30.15942033,-97.74304206],[30.20921225,-97.69825074],[30.15939293,-97.74305496],[30.15942033,-97.74304206],[30.17011068,-97.78051873],[30.15933003,-97.74325711],[30.20921225,-97.69825074],[30.15939293,-97.74305496],[30.15942033,-97.74304206]],"friends":[1,2,3,4]}