{"messages":["Great night!","Great night!"],"messages_no":2,"bad_words":[],"bad_words_no":0,"weight":0,"location":[35.98526528,-80.0025326,35.98526528,-80.0025326]}