{"messages":["@teslayton no I am","@teslayton no I am","@teslayton no I am"],"messages_no":3,"bad_words":[],"bad_words_no":0,"weight":0,"location":[[31.19404885,-81.36841058],[31.19404885,-81.36841058],[31.19404885,-81.36841058]],"friends":[1,2,3,4]}