{"messages":["Why so emotional?","Why so emotional?","2 is not a winner and 3 nobody remembers.","Why so emotional?","2 is not a winner and 3 nobody remembers."],"messages_no":5,"bad_words":[],"bad_words_no":0,"weight":0,"location":[[41.68150255,-91.5923189],[41.68150255,-91.5923189],[41.66965965,-91.56714853],[41.68150255,-91.5923189],[41.66965965,-91.56714853]],"friends":[1,2,3,4]}