{"messages":["Happy hour","Happy hour","Happy hour"],"messages_no":3,"bad_words":[],"bad_words_no":0,"weight":0,"location":[43.6349807,-70.3181729,43.6349807,-70.3181729,43.6349807,-70.3181729]}