{"messages":["@PaigeeYando purdon't","@PaigeeYando purdon't","@PaigeeYando purdon't"],"messages_no":3,"bad_words":[],"bad_words_no":0,"weight":0,"location":[[38.73535238,-88.10425232],[38.73535238,-88.10425232],[38.73535238,-88.10425232]],"friends":[1,2,3,4]}