{"messages":["Birthday month","Birthday month","Birthday month"],"messages_no":3,"bad_words":[],"bad_words_no":0,"weight":0,"location":[[40.70115516,-73.8920499],[40.70115516,-73.8920499],[40.70115516,-73.8920499]],"friends":[1,2,3,4]}