{"messages":["#mema","#mema","#mema"],"messages_no":3,"bad_words":[],"bad_words_no":0,"weight":0,"location":[[32.36657824,-82.64868351],[32.36657824,-82.64868351],[32.36657824,-82.64868351]],"friends":[1,2,3,4]}