{"messages":["#EsuranceSave30 64","#EsuranceSave30 64","#EsuranceSave30 243","#EsuranceSave30 345","#EsuranceSave30 468","#EsuranceSave30 489","#EsuranceSave30 531","#EsuranceSave30 548","#EsuranceSave30 64","#EsuranceSave30 243","#EsuranceSave30 345","#EsuranceSave30 468","#EsuranceSave30 489","#EsuranceSave30 531","#EsuranceSave30 548"],"messages_no":15,"bad_words":[],"bad_words_no":0,"weight":0,"location":[[47.78748325,-122.59829046],[47.78748325,-122.59829046],[47.78776249,-122.59825568],[47.78772699,-122.59821301],[47.78774149,-122.59818988],[47.78775247,-122.59820312],[47.78775218,-122.59821955],[47.78761279,-122.59830412],[47.78748325,-122.59829046],[47.78776249,-122.59825568],[47.78772699,-122.59821301],[47.78774149,-122.59818988],[47.78775247,-122.59820312],[47.78775218,-122.59821955],[47.78761279,-122.59830412]],"friends":[1,2,3,4]}