{"messages":["Worst Friday \ud83d\ude11\ud83d\ude11","Worst Friday \ud83d\ude11\ud83d\ude11","Worst Friday \ud83d\ude11\ud83d\ude11"],"messages_no":3,"bad_words":[],"bad_words_no":0,"weight":0,"location":[[38.6372296,-77.37740615],[38.6372296,-77.37740615],[38.6372296,-77.37740615]],"friends":[1,2,3,4]}