{"messages":["Happy February","Happy February"],"messages_no":2,"bad_words":[],"bad_words_no":0,"weight":0,"location":[39.36567501,-76.60480251,39.36567501,-76.60480251]}