{"messages":["I'm so happy today \ud83d\ude0a","I'm so happy today \ud83d\ude0a","I'm so happy today \ud83d\ude0a","I'm so happy today \ud83d\ude0a"],"messages_no":4,"bad_words":[],"bad_words_no":0,"weight":0,"location":[42.31219373,-71.03928418,42.31219373,-71.03928418,42.31219373,-71.03928418,42.31219373,-71.03928418]}