{"messages":["@yungbeauty__ sounds about right \ud83d\udc87","@yungbeauty__ sounds about right \ud83d\udc87","@GreatBaller_3 lol fashoo ima be in the city Friday hmu","@yungbeauty__ sounds about right \ud83d\udc87"],"messages_no":4,"bad_words":[],"bad_words_no":0,"weight":0,"location":[[32.55350491,-92.06518644],[32.55350491,-92.06518644],[32.55345596,-92.06515719],[32.55350491,-92.06518644]],"friends":[1,2,3,4]}