{"messages":["God I hate airports.","God I hate airports.","God I hate airports."],"messages_no":3,"bad_words":[],"bad_words_no":0,"weight":0,"location":[[29.52691547,-98.47103943],[29.52691547,-98.47103943],[29.52691547,-98.47103943]],"friends":[1,2,3,4]}