{"messages":["God I hate airports.","God I hate airports.","God I hate airports.","God I hate airports."],"messages_no":4,"bad_words":[],"bad_words_no":0,"weight":0,"location":[29.52691547,-98.47103943,29.52691547,-98.47103943,29.52691547,-98.47103943,29.52691547,-98.47103943]}