{"messages":["@GONUknights nice live commentary guys!","Oh hey #EsuranceSave30","@GONUknights nice live commentary guys!","Oh hey #EsuranceSave30","@GONUknights nice live commentary guys!","Oh hey #EsuranceSave30"],"messages_no":6,"bad_words":[],"bad_words_no":0,"weight":0,"location":[[32.6018356,-96.9532766],[32.6018628,-96.9532309],[32.6018356,-96.9532766],[32.6018628,-96.9532309],[32.6018356,-96.9532766],[32.6018628,-96.9532309]],"friends":[1,2,3,4]}