{"messages":["@ilove_Marnie @tamirtruitt1 not lying you bitch \ud83d\ude12\ud83d\ude29","@ilove_Marnie @tamirtruitt1 not lying you bitch \ud83d\ude12\ud83d\ude29","Fuck he giving me attitude for \ud83d\ude12","@ilove_Marnie @tamirtruitt1 not lying you bitch \ud83d\ude12\ud83d\ude29","Fuck he giving me attitude for \ud83d\ude12"],"messages_no":5,"bad_words":[],"bad_words_no":5,"weight":0,"location":[[40.03990301,-75.37036755],[40.03990301,-75.37036755],[39.96097064,-75.26971201],[40.03990301,-75.37036755],[39.96097064,-75.26971201]],"friends":[1,2,3,4]}