{"messages":["@DalisAndretti wyd today babe","@DalisAndretti wyd today babe","@DalisAndretti wyd today babe"],"messages_no":3,"bad_words":[],"bad_words_no":0,"weight":0,"location":[[33.93467923,-118.33104646],[33.93467923,-118.33104646],[33.93467923,-118.33104646]],"friends":[1,2,3,4]}