{"messages":["Fuck the Seahawks","Fuck the Seahawks","Fuck the Seahawks"],"messages_no":3,"bad_words":[],"bad_words_no":3,"weight":0,"location":[[42.45988189,-83.13601616],[42.45988189,-83.13601616],[42.45988189,-83.13601616]],"friends":[1,2,3,4]}