{"messages":["I just super slept","I just super slept","@0gswank_ preciate it fatboi","I just super slept"],"messages_no":4,"bad_words":[],"bad_words_no":1,"weight":0,"location":[[41.30987054,-92.64460853],[41.30987054,-92.64460853],[41.30986612,-92.64438367],[41.30987054,-92.64460853]],"friends":[1,2,3,4]}