{"messages":["Finally!","Finally!","Finally!"],"messages_no":3,"bad_words":[],"bad_words_no":0,"weight":0,"location":[46.89662884,-96.78814949,46.89662884,-96.78814949,46.89662884,-96.78814949]}