{"messages":["@iGottaBeCold hey relax my dude \ud83d\udc9c","@iGottaBeCold hey relax my dude \ud83d\udc9c","@iGottaBeCold hey relax my dude \ud83d\udc9c","@iGottaBeCold hey relax my dude \ud83d\udc9c"],"messages_no":4,"bad_words":[],"bad_words_no":0,"weight":0,"location":[42.27660169,-83.73919595,42.27660169,-83.73919595,42.27660169,-83.73919595,42.27660169,-83.73919595]}