{"messages":["@giannagarofalo THANK YOU G MAMI! #ImissYou \u2764\ud83d\ude18","@giannagarofalo THANK YOU G MAMI! #ImissYou \u2764\ud83d\ude18","@giannagarofalo THANK YOU G MAMI! #ImissYou \u2764\ud83d\ude18"],"messages_no":3,"bad_words":[],"bad_words_no":0,"weight":0,"location":[42.23616683,-71.00147732,42.23616683,-71.00147732,42.23616683,-71.00147732]}