{"messages":["@GittelovesSOA oh yeah!!!\ud83d\ude04","@StressedM @5inashoe driveway - YES!","@BeFitFoods perfection!"],"messages_no":3,"bad_words":[],"bad_words_no":0,"weight":0,"location":[[41.004793,-95.20230715],[41.00475169,-95.20229341],[41.01252984,-95.21066015]]}