{"messages":["Plans got ruin for today!","Plans got ruin for today!","@KianaLove_ lol, what chu been up too?","Play catch up hoe!","Ain't gone lie , didn't know she was gone get that pink huma limo for me. I was soo happy!","Me &amp; bae conversation right now.\ud83d\ude48\ud83d\ude18","Plans got ruin for today!","@KianaLove_ lol, what chu been up too?","Play catch up hoe!","Ain't gone lie , didn't know she was gone get that pink huma limo for me. I was soo happy!"],"messages_no":10,"bad_words":[],"bad_words_no":0,"weight":0,"location":[[34.2006928,-90.59026611],[34.2006928,-90.59026611],[34.20091689,-90.58755155],[34.20092636,-90.58725374],[34.20056849,-90.59029846],[34.20055693,-90.59056786],[34.2006928,-90.59026611],[34.20091689,-90.58755155],[34.20092636,-90.58725374],[34.20056849,-90.59029846]],"friends":[1,2,3,4]}