{"messages":["\u201c@zellion_warrior: Sketchy ass people\u201d \ud83d\ude21\ud83d\udc4e","\u201c@zellion_warrior: Sketchy ass people\u201d \ud83d\ude21\ud83d\udc4e","\u201c@zellion_warrior: Sketchy ass people\u201d \ud83d\ude21\ud83d\udc4e"],"messages_no":3,"bad_words":[],"bad_words_no":0,"weight":0,"location":[[39.27132377,-76.60157986],[39.27132377,-76.60157986],[39.27132377,-76.60157986]],"friends":[1,2,3,4]}