{"messages":["Waiting for this game to be over so I can watch new girl","@cwhokel24 does it chris?","Waiting for this game to be over so I can watch new girl","@cwhokel24 does it chris?","My lips are so dry that I could start a fire if I rubbed them together.","Free san week = freckles EVERYWHERE.","Waiting for this game to be over so I can watch new girl","@cwhokel24 does it chris?","My lips are so dry that I could start a fire if I rubbed them together.","Free san week = freckles EVERYWHERE."],"messages_no":10,"bad_words":[],"bad_words_no":0,"weight":0,"location":[[41.8745388,-93.6809274],[41.8745292,-93.680903],[41.8745388,-93.6809274],[41.8745292,-93.680903],[42.0466342,-93.8762888],[42.0197689,-93.6708835],[41.8745388,-93.6809274],[41.8745292,-93.680903],[42.0466342,-93.8762888],[42.0197689,-93.6708835]],"friends":[1,2,3,4]}