{"messages":["\ud83d\ude48 MY GOD.","\ud83d\ude48 MY GOD.","molly come over","i'll hurt youre feelings dont talk to me","practicing the living room routine is the hardest and most tiring thing \ud83d\ude2a","\ud83d\ude48 MY GOD.","\ud83d\ude48 MY GOD.","molly come over","i'll hurt youre feelings dont talk to me"],"messages_no":9,"bad_words":[],"bad_words_no":0,"weight":0,"location":[32.61786979,-97.07539836,32.61786979,-97.07539836,32.61983419,-97.08182495,32.61976362,-97.08194892,32.61947242,-97.08155822,32.61786979,-97.07539836,32.61786979,-97.07539836,32.61983419,-97.08182495,32.61976362,-97.08194892]}