{"messages":["The broncos shit the bed.","The broncos shit the bed.","The broncos shit the bed."],"messages_no":3,"bad_words":[],"bad_words_no":3,"weight":0,"location":[[43.04892017,-83.78109356],[43.04892017,-83.78109356],[43.04892017,-83.78109356]],"friends":[1,2,3,4]}