{"messages":["@alandria_ford1 lol I feel ya","@alandria_ford1 lol I feel ya","\"@ThatsBrii_: @DreRaeLongWay lmfao maybe later!\" Kmsl.. be careful","@imTiffanyy_ um bored dats all lol","@alandria_ford1 lol I feel ya"],"messages_no":5,"bad_words":[],"bad_words_no":0,"weight":0,"location":[[33.20262622,-92.66157351],[33.20262622,-92.66157351],[33.20259039,-92.66169118],[33.20259039,-92.66169118],[33.20262622,-92.66157351]],"friends":[1,2,3,4]}