{"messages":["I woke up like this","I woke up like this","I woke up like this"],"messages_no":3,"bad_words":[],"bad_words_no":0,"weight":0,"location":[35.95362706,-77.81219883,35.95362706,-77.81219883,35.95362706,-77.81219883]}