{"messages":["LEGION OF BOOM TOUCHDOWN!","LEGION OF BOOM TOUCHDOWN!","LEGION OF BOOM TOUCHDOWN!"],"messages_no":3,"bad_words":[],"bad_words_no":0,"weight":0,"location":[[39.21948396,-85.89098052],[39.21948396,-85.89098052],[39.21948396,-85.89098052]],"friends":[1,2,3,4]}