{"messages":["Not even gunna reply.","Not even gunna reply.","Sex w\/ a dancer ... Bet you wanna know how that feels like \ud83d\ude0d\ud83d\ude0f\n\nSucks for you \u270b","I'm nice asf but don't get me mad I can be a real B I T C H \ud83d\ude08","Jayyyyy Katy \ud83d\ude02","That's not gunna happen.","Not even gunna reply.","Sex w\/ a dancer ... Bet you wanna know how that feels like \ud83d\ude0d\ud83d\ude0f\n\nSucks for you \u270b"],"messages_no":8,"bad_words":[],"bad_words_no":0,"weight":0,"location":[[34.41152993,-118.45538948],[34.41152993,-118.45538948],[34.41151639,-118.45537179],[34.41145811,-118.45523208],[34.41147914,-118.45533541],[34.41143162,-118.45531642],[34.41152993,-118.45538948],[34.41151639,-118.45537179]],"friends":[1,2,3,4]}