{"messages":["@Mdolla55 me!! Lmfaoooo","@Mdolla55 me!! Lmfaoooo","@Mdolla55 me!! Lmfaoooo"],"messages_no":3,"bad_words":[],"bad_words_no":0,"weight":0,"location":[[41.13067967,-104.7766927],[41.13067967,-104.7766927],[41.13067967,-104.7766927]],"friends":[1,2,3,4]}