{"messages":["I belong to them .","I belong to them .","I belong to them ."],"messages_no":3,"bad_words":[],"bad_words_no":0,"weight":0,"location":[[30.46772285,-97.60617265],[30.46772285,-97.60617265],[30.46772285,-97.60617265]],"friends":[1,2,3,4]}