{"messages":["Holy shit this is not real \ud83d\ude33","Holy shit this is not real \ud83d\ude33","My life is fucking insane but I love it","Holy shit this is not real \ud83d\ude33"],"messages_no":4,"bad_words":[],"bad_words_no":4,"weight":0,"location":[[25.7181411,-80.28086315],[25.7181411,-80.28086315],[25.71676263,-80.27961997],[25.7181411,-80.28086315]],"friends":[1,2,3,4]}