{"messages":["Im ready for 255","Im ready for 255","Im ready for 255","Im ready for 255"],"messages_no":4,"bad_words":[],"bad_words_no":0,"weight":0,"location":[32.0324695,-81.0585733,32.0324695,-81.0585733,32.0324695,-81.0585733,32.0324695,-81.0585733]}