{"messages":["I love domo.","I love domo.","I love domo."],"messages_no":3,"bad_words":[],"bad_words_no":0,"weight":0,"location":[[38.92088324,-77.01726801],[38.92088324,-77.01726801],[38.92088324,-77.01726801]],"friends":[1,2,3,4]}