{"messages":["My last RT \ud83d\ude02\ud83d\ude02\ud83d\ude02\ud83d\ude02\ud83d\udc4c","Up X Wiz Khalifa is still one of my favorite tracks..","My last RT \ud83d\ude02\ud83d\ude02\ud83d\ude02\ud83d\ude02\ud83d\udc4c","Up X Wiz Khalifa is still one of my favorite tracks.."],"messages_no":4,"bad_words":[],"bad_words_no":0,"weight":0,"location":[29.58186322,-95.54238256,29.62160998,-95.50964314,29.58186322,-95.54238256,29.62160998,-95.50964314]}