{"messages":["Was hco out yet again today?? Come on man I'm so jealous.","AND1!!!!","I Can't just no","No ones knows how much I am dreading school this week.","Was hco out yet again today?? Come on man I'm so jealous.","AND1!!!!","I Can't just no","No ones knows how much I am dreading school this week.","Tight ass pants, man purse carying, aluminum foil shirt nigga. But this your idol? Oh #sus http:\/\/t.co\/BCxMcYHApU","Was hco out yet again today?? Come on man I'm so jealous.","AND1!!!!","I Can't just no","No ones knows how much I am dreading school this week."],"messages_no":13,"bad_words":[],"bad_words_no":1,"weight":0,"location":[[37.13744692,-80.55176175],[37.13537343,-80.55225461],[37.13536691,-80.5525406],[37.10528921,-80.68621997],[37.13744692,-80.55176175],[37.13537343,-80.55225461],[37.13536691,-80.5525406],[37.10528921,-80.68621997],[37.1354848,-80.55237531],[37.13744692,-80.55176175],[37.13537343,-80.55225461],[37.13536691,-80.5525406],[37.10528921,-80.68621997]],"friends":[1,2,3,4]}