{"messages":["fuck with me you know i got it \ud83d\ude0f","why do ppl think I'm so mean? \ud83d\ude12","We stay wilding lol","fuck with me you know i got it \ud83d\ude0f","why do ppl think I'm so mean? \ud83d\ude12","We stay wilding lol","fuck with me you know i got it \ud83d\ude0f","why do ppl think I'm so mean? \ud83d\ude12","We stay wilding lol"],"messages_no":9,"bad_words":[],"bad_words_no":3,"weight":0,"location":[[33.7234535,-85.8397089],[33.7235194,-85.8397362],[33.7235311,-85.8397072],[33.7234535,-85.8397089],[33.7235194,-85.8397362],[33.7235311,-85.8397072],[33.7234535,-85.8397089],[33.7235194,-85.8397362],[33.7235311,-85.8397072]],"friends":[1,2,3,4]}