{"messages":["@JonathanGiesler love you","@JonathanGiesler love you","@JonathanGiesler love you"],"messages_no":3,"bad_words":[],"bad_words_no":0,"weight":0,"location":[[44.57918391,-88.09325589],[44.57918391,-88.09325589],[44.57918391,-88.09325589]],"friends":[1,2,3,4]}