{"messages":["Man give Sherman a interview quick \ud83d\ude02\ud83d\ude02\ud83d\ude02","Man give Sherman a interview quick \ud83d\ude02\ud83d\ude02\ud83d\ude02","Man give Sherman a interview quick \ud83d\ude02\ud83d\ude02\ud83d\ude02"],"messages_no":3,"bad_words":[],"bad_words_no":0,"weight":0,"location":[[30.00895279,-90.72238554],[30.00895279,-90.72238554],[30.00895279,-90.72238554]],"friends":[1,2,3,4]}