{"messages":["I'm really dead","Haaaaaaaaaa \ud83d\udca5","I'm really dead","I'm really dead","Haaaaaaaaaa \ud83d\udca5"],"messages_no":5,"bad_words":[],"bad_words_no":0,"weight":0,"location":[29.85573401,-95.42347005,29.85569822,-95.42347432,29.85573401,-95.42347005,29.85573401,-95.42347005,29.85569822,-95.42347432]}