{"messages":["That was a missed OPI","That was a missed OPI","That was a missed OPI"],"messages_no":3,"bad_words":[],"bad_words_no":0,"weight":0,"location":[[39.75130755,-86.2826163],[39.75130755,-86.2826163],[39.75130755,-86.2826163]],"friends":[1,2,3,4]}