{"messages":["@NotBillWalton backwards","@NotBillWalton backwards","@NotBillWalton backwards"],"messages_no":3,"bad_words":[],"bad_words_no":0,"weight":0,"location":[[33.80458911,-117.21517299],[33.80458911,-117.21517299],[33.80458911,-117.21517299]],"friends":[1,2,3,4]}