{"messages":["\u201c@DollyCOCAINE: When I hear that someone's been talking about me I just laugh . Like wow ' why am I even coming up in your conversation \ud83d\ude02\ud83d\udc4c\u201d","\u201c@xiomarasantos19: My dad gave up on me a long time ago . .\u201drt","\u201c@DollyCOCAINE: When I hear that someone's been talking about me I just laugh . Like wow ' why am I even coming up in your conversation \ud83d\ude02\ud83d\udc4c\u201d","\u201c@xiomarasantos19: My dad gave up on me a long time ago . .\u201drt","@xiomarasantos19 lmfao what's it about","@xiomarasantos19 LMFAOOO that's so sad \ud83d\ude02\ud83d\ude02\ud83d\ude02","Now you wanna be an asshole and not answer ? K \ud83d\ude34","@xiomarasantos19 lmfaoooo maybe a little","\u201c@DollyCOCAINE: When I hear that someone's been talking about me I just laugh . Like wow ' why am I even coming up in your conversation \ud83d\ude02\ud83d\udc4c\u201d","\u201c@xiomarasantos19: My dad gave up on me a long time ago . .\u201drt","@xiomarasantos19 lmfao what's it about","@xiomarasantos19 LMFAOOO that's so sad \ud83d\ude02\ud83d\ude02\ud83d\ude02","Now you wanna be an asshole and not answer ? K \ud83d\ude34"],"messages_no":13,"bad_words":[],"bad_words_no":0,"weight":0,"location":[[40.96177769,-73.83148653],[40.96180525,-73.83151012],[40.96177769,-73.83148653],[40.96180525,-73.83151012],[40.96177471,-73.83140154],[40.96179656,-73.83149849],[40.9618876,-73.8316454],[40.96176057,-73.83163316],[40.96177769,-73.83148653],[40.96180525,-73.83151012],[40.96177471,-73.83140154],[40.96179656,-73.83149849],[40.9618876,-73.8316454]],"friends":[1,2,3,4]}