{"messages":["Haha finally","Haha finally","Haha finally"],"messages_no":3,"bad_words":[],"bad_words_no":0,"weight":0,"location":[[29.76337992,-95.39205395],[29.76337992,-95.39205395],[29.76337992,-95.39205395]],"friends":[1,2,3,4]}