{"messages":["Smacked","Smacked"],"messages_no":2,"bad_words":[],"bad_words_no":0,"weight":0,"location":[41.05864309,-80.04171222,41.05864309,-80.04171222]}