{"messages":["@Raq_Cityy WHAT CHANNEL WHICH ONE","@Raq_Cityy WHAT CHANNEL WHICH ONE","@slaw_clarky Friday  !","@Raq_Cityy WHAT CHANNEL WHICH ONE"],"messages_no":4,"bad_words":[],"bad_words_no":0,"weight":0,"location":[[40.92418481,-74.37932371],[40.92418481,-74.37932371],[40.90744119,-74.37914285],[40.92418481,-74.37932371]],"friends":[1,2,3,4]}