{"messages":["Does Cuse always play in the carrier dome?  Or just for big games?","This is a game","Does Cuse always play in the carrier dome?  Or just for big games?","This is a game","Does Cuse always play in the carrier dome?  Or just for big games?","This is a game"],"messages_no":6,"bad_words":[],"bad_words_no":0,"weight":0,"location":[[40.77381463,-73.95054681],[40.77377721,-73.95050976],[40.77381463,-73.95054681],[40.77377721,-73.95050976],[40.77381463,-73.95054681],[40.77377721,-73.95050976]],"friends":[1,2,3,4]}