{"messages":["Liam is sunshine","God he's so hot","Liam is sunshine"],"messages_no":3,"bad_words":[],"bad_words_no":0,"weight":0,"location":[39.9779053,-75.3059347,39.9749355,-75.3319101,39.9779053,-75.3059347]}