{"messages":["thought oomf would cheer me up\ud83d\ude13","thought oomf would cheer me up\ud83d\ude13","thought oomf would cheer me up\ud83d\ude13"],"messages_no":3,"bad_words":[],"bad_words_no":0,"weight":0,"location":[32.60293595,-85.48263227,32.60293595,-85.48263227,32.60293595,-85.48263227]}