{"messages":["Night ppl \ud83d\ude34","Night ppl \ud83d\ude34"],"messages_no":2,"bad_words":[],"bad_words_no":0,"weight":0,"location":[39.31280347,-76.63178285,39.31280347,-76.63178285]}