{"messages":["Baby me and you we make magic","Baby me and you we make magic","Baby me and you we make magic"],"messages_no":3,"bad_words":[],"bad_words_no":0,"weight":0,"location":[[41.87082089,-71.41307133],[41.87082089,-71.41307133],[41.87082089,-71.41307133]],"friends":[1,2,3,4]}