{"messages":["Don't fall asleep on me hang in there","Don't fall asleep on me hang in there","I don't like seeing people getting picked on","Don't fall asleep on me hang in there","I don't like seeing people getting picked on"],"messages_no":5,"bad_words":[],"bad_words_no":0,"weight":0,"location":[[38.83337414,-77.43524256],[38.83337414,-77.43524256],[38.89208813,-77.02056142],[38.83337414,-77.43524256],[38.89208813,-77.02056142]],"friends":[1,2,3,4]}