{"messages":["@MeloDaMigo good morning \u263a\ufe0f\ud83c\udf1e","@MeloDaMigo good morning \u263a\ufe0f\ud83c\udf1e","@kingmarko_ yeaaaa true","@MeloDaMigo good morning \u263a\ufe0f\ud83c\udf1e"],"messages_no":4,"bad_words":[],"bad_words_no":0,"weight":0,"location":[[39.86480318,-82.81227873],[39.86480318,-82.81227873],[39.837308,-82.81210452],[39.86480318,-82.81227873]],"friends":[1,2,3,4]}