{"messages":["\"Please get the fuck out my mfn face\"","\"Please get the fuck out my mfn face\"","\"Please get the fuck out my mfn face\"","\"Please get the fuck out my mfn face\""],"messages_no":4,"bad_words":[],"bad_words_no":3,"weight":0,"location":[35.85835869,-77.62489789,35.85835869,-77.62489789,35.85835869,-77.62489789,35.85835869,-77.62489789]}