{"messages":["You actually suck a lot.","You actually suck a lot.","You actually suck a lot."],"messages_no":3,"bad_words":[],"bad_words_no":0,"weight":0,"location":[[41.34670468,-72.04324161],[41.34670468,-72.04324161],[41.34670468,-72.04324161]],"friends":[1,2,3,4]}