{"messages":["School bound \ud83d\ude01\ud83d\udd2b","School bound \ud83d\ude01\ud83d\udd2b","School bound \ud83d\ude01\ud83d\udd2b","School bound \ud83d\ude01\ud83d\udd2b"],"messages_no":4,"bad_words":[],"bad_words_no":0,"weight":0,"location":[41.82139593,-71.42136916,41.82139593,-71.42136916,41.82139593,-71.42136916,41.82139593,-71.42136916]}