{"messages":["Today was too fun \ud83d\ude4a","Today was too fun \ud83d\ude4a","Today was too fun \ud83d\ude4a"],"messages_no":3,"bad_words":[],"bad_words_no":0,"weight":0,"location":[[26.22097582,-98.31141103],[26.22097582,-98.31141103],[26.22097582,-98.31141103]],"friends":[1,2,3,4]}