{"messages":["Game over","Game over","Game over"],"messages_no":3,"bad_words":[],"bad_words_no":0,"weight":0,"location":[[29.92770479,-90.00363375],[29.92770479,-90.00363375],[29.92770479,-90.00363375]],"friends":[1,2,3,4]}