{"messages":["#ButYouPlayin","#ButYouPlayin","#ButYouPlayin"],"messages_no":3,"bad_words":[],"bad_words_no":0,"weight":0,"location":[30.7544226,-83.22631476,30.7544226,-83.22631476,30.7544226,-83.22631476]}