{"messages":["@jaackiegolden 15-0 seahawks","@jaackiegolden 15-0 seahawks","@jaackiegolden 15-0 seahawks"],"messages_no":3,"bad_words":[],"bad_words_no":0,"weight":0,"location":[[34.0215118,-118.1970448],[34.0215118,-118.1970448],[34.0215118,-118.1970448]],"friends":[1,2,3,4]}