{"messages":["I wish I could breathe","I wish I could breathe","I wish I could breathe"],"messages_no":3,"bad_words":[],"bad_words_no":0,"weight":0,"location":[[37.71433006,-89.2124557],[37.71433006,-89.2124557],[37.71433006,-89.2124557]],"friends":[1,2,3,4]}