{"messages":["But I love wearing heels! \ud83d\udc4c","But I love wearing heels! \ud83d\udc4c","But I love wearing heels! \ud83d\udc4c"],"messages_no":3,"bad_words":[],"bad_words_no":0,"weight":0,"location":[[35.26883421,-106.62857356],[35.26883421,-106.62857356],[35.26883421,-106.62857356]],"friends":[1,2,3,4]}