{"messages":["\u201c@Mir_610Made: @Joe_TaylorGang couldnt have said dat any better\u201d the bible prolly the realest shit ever","Yoo @Mir_610Made you tryn get yah ass bust in madden or nah ?","I'm on some Marvin Gaye shit bunch of distance lovers","\u201c@Mir_610Made: @Joe_TaylorGang couldnt have said dat any better\u201d the bible prolly the realest shit ever","Yoo @Mir_610Made you tryn get yah ass bust in madden or nah ?","I'm on some Marvin Gaye shit bunch of distance lovers","@sydneyhagenbuch I guess ..","\u201c@ILoveTo_Mone: I was just fucking them girls , I was gon get right back \ud83d\ude23\u201d real shit","\u201c@__prettygirlB: Lightskins are all around better\ud83d\ude0d\ud83d\ude29\ud83d\udc81\u201d okay \ud83d\udc81","\u201c@YounggSuavee: Another E-mail from another coach \u270a\u201d right doe . Keep it up \u270a","\u201c@Mir_610Made: @Joe_TaylorGang couldnt have said dat any better\u201d the bible prolly the realest shit ever","Yoo @Mir_610Made you tryn get yah ass bust in madden or nah ?","I'm on some Marvin Gaye shit bunch of distance lovers","@sydneyhagenbuch I guess ..","\u201c@ILoveTo_Mone: I was just fucking them girls , I was gon get right back \ud83d\ude23\u201d real shit"],"messages_no":15,"bad_words":[],"bad_words_no":10,"weight":0,"location":[[39.91051435,-75.32539828],[39.91049682,-75.32583508],[39.91049109,-75.3251661],[39.91051435,-75.32539828],[39.91049682,-75.32583508],[39.91049109,-75.3251661],[39.91047157,-75.32540324],[39.91053388,-75.32546424],[39.91059599,-75.32587922],[39.9103851,-75.32541194],[39.91051435,-75.32539828],[39.91049682,-75.32583508],[39.91049109,-75.3251661],[39.91047157,-75.32540324],[39.91053388,-75.32546424]],"friends":[1,2,3,4]}