{"messages":["@DeadstockNYC whats the website?","@DeadstockNYC whats the website?","@DeadstockNYC whats the website?","@DeadstockNYC whats the website?"],"messages_no":4,"bad_words":[],"bad_words_no":0,"weight":0,"location":[28.6133696,-81.19131596,28.6133696,-81.19131596,28.6133696,-81.19131596,28.6133696,-81.19131596]}