{"messages":["Now I'm ready for tomorrow!\u26c4\ufe0f\u2744\ufe0f\ud83c\udf00","Now I'm ready for tomorrow!\u26c4\ufe0f\u2744\ufe0f\ud83c\udf00","Now I'm ready for tomorrow!\u26c4\ufe0f\u2744\ufe0f\ud83c\udf00"],"messages_no":3,"bad_words":[],"bad_words_no":0,"weight":0,"location":[[34.64376292,-97.16773203],[34.64376292,-97.16773203],[34.64376292,-97.16773203]],"friends":[1,2,3,4]}