{"messages":["@djoeballz 9 or 10","@djoeballz 9 or 10"],"messages_no":2,"bad_words":[],"bad_words_no":0,"weight":0,"location":[34.40265894,-118.58289809,34.40265894,-118.58289809]}