{"messages":["Why are there fucking skanks at my house.","Why are there fucking skanks at my house.","@matz64 nice pants.","Why are there fucking skanks at my house.","@matz64 nice pants."],"messages_no":5,"bad_words":[],"bad_words_no":3,"weight":0,"location":[[37.81700159,-88.43025735],[37.81700159,-88.43025735],[37.81671317,-88.43017967],[37.81700159,-88.43025735],[37.81671317,-88.43017967]],"friends":[1,2,3,4]}