{"messages":["lol I'm \"trouble\"","lol I'm \"trouble\""],"messages_no":2,"bad_words":[],"bad_words_no":0,"weight":0,"location":[61.07433182,-149.78778776,61.07433182,-149.78778776]}