{"messages":["Bring back #Beyonce","Bring back #Beyonce","Bring back #Beyonce"],"messages_no":3,"bad_words":[],"bad_words_no":0,"weight":0,"location":[[40.76723014,-73.92146939],[40.76723014,-73.92146939],[40.76723014,-73.92146939]],"friends":[1,2,3,4]}