{"messages":["this shit is awesummmmmmm","this shit is awesummmmmmm","this shit is awesummmmmmm"],"messages_no":3,"bad_words":[],"bad_words_no":3,"weight":0,"location":[[39.97125401,-83.00947593],[39.97125401,-83.00947593],[39.97125401,-83.00947593]],"friends":[1,2,3,4]}