{"messages":["No chill \ud83d\ude29\ud83d\ude29\ud83d\ude02\ud83d\ude02","Damn I just got here and I've been annoyed since I walked thru the door","My dad is mad as shit \ud83d\ude02\ud83d\ude02\ud83d\ude02","@itsB_Rush I just spit my water out"],"messages_no":4,"bad_words":[],"bad_words_no":1,"weight":0,"location":[[33.04432713,-84.15183707],[33.44320935,-84.31744281],[33.4433236,-84.31738447],[33.44285695,-84.31713888]]}