{"messages":["1000 ways to die is some weird shit.","1000 ways to die is some weird shit.","1000 ways to die is some weird shit."],"messages_no":3,"bad_words":[],"bad_words_no":3,"weight":0,"location":[[41.52772013,-87.25450929],[41.52772013,-87.25450929],[41.52772013,-87.25450929]],"friends":[1,2,3,4]}