{"messages":["Fall In line","Fall In line","Fall In line"],"messages_no":3,"bad_words":[],"bad_words_no":0,"weight":0,"location":[34.56077529,-118.17451903,34.56077529,-118.17451903,34.56077529,-118.17451903]}