{"messages":["Argo fuck yourself","There we go!"],"messages_no":2,"bad_words":[],"bad_words_no":1,"weight":0,"location":[[36.31099832,-119.26239061],[36.31466669,-119.33539957]]}