{"messages":["Argo fuck yourself","There we go!","Argo fuck yourself","There we go!","Argo fuck yourself","There we go!"],"messages_no":6,"bad_words":[],"bad_words_no":3,"weight":0,"location":[[36.31099832,-119.26239061],[36.31466669,-119.33539957],[36.31099832,-119.26239061],[36.31466669,-119.33539957],[36.31099832,-119.26239061],[36.31466669,-119.33539957]],"friends":[1,2,3,4]}