{"messages":["I feel like I spread myself so thin.","@_SLIM_26 HELLLLOOOOO watch what they're doing. Harder than any other sport. Channel 474, it'll blow your mind.","I feel like I spread myself so thin.","@_SLIM_26 HELLLLOOOOO watch what they're doing. Harder than any other sport. Channel 474, it'll blow your mind.","Ramen it is.","I feel like I spread myself so thin.","@_SLIM_26 HELLLLOOOOO watch what they're doing. Harder than any other sport. Channel 474, it'll blow your mind.","Ramen it is."],"messages_no":8,"bad_words":[],"bad_words_no":0,"weight":0,"location":[[33.78947963,-117.83707588],[33.78538371,-117.83750107],[33.78947963,-117.83707588],[33.78538371,-117.83750107],[33.78541283,-117.83759326],[33.78947963,-117.83707588],[33.78538371,-117.83750107],[33.78541283,-117.83759326]],"friends":[1,2,3,4]}