{"messages":["Whyyyyyy am I up ?!","Whyyyyyy am I up ?!","Whyyyyyy am I up ?!"],"messages_no":3,"bad_words":[],"bad_words_no":0,"weight":0,"location":[[40.415552,-79.9896707],[40.415552,-79.9896707],[40.415552,-79.9896707]],"friends":[1,2,3,4]}