{"messages":["what Adrian just asked me \ud83d\ude02\ud83d\ude02","and we're lost","what Adrian just asked me \ud83d\ude02\ud83d\ude02","and we're lost","always have to open your mouth","what Adrian just asked me \ud83d\ude02\ud83d\ude02","and we're lost"],"messages_no":7,"bad_words":[],"bad_words_no":0,"weight":0,"location":[[32.7234095,-117.0619691],[34.11866307,-118.27123242],[32.7234095,-117.0619691],[34.11866307,-118.27123242],[32.74145737,-117.05242595],[32.7234095,-117.0619691],[34.11866307,-118.27123242]],"friends":[1,2,3,4]}