{"messages":["Today has been quite a great day \ud83d\udc4c","Today has been quite a great day \ud83d\udc4c","Im gonna kill you","Today has been quite a great day \ud83d\udc4c","Im gonna kill you"],"messages_no":5,"bad_words":[],"bad_words_no":0,"weight":0,"location":[[43.166682,-89.1454729],[43.166682,-89.1454729],[43.2479276,-89.3556849],[43.166682,-89.1454729],[43.2479276,-89.3556849]],"friends":[1,2,3,4]}