{"messages":["What about that king though \ud83d\udc4c","What about that king though \ud83d\udc4c","What about that king though \ud83d\udc4c"],"messages_no":3,"bad_words":[],"bad_words_no":0,"weight":0,"location":[36.13004065,-87.26184698,36.13004065,-87.26184698,36.13004065,-87.26184698]}