{"messages":["@Lizayyyye I'm still laughing.","@Lizayyyye I'm still laughing.","@Lizayyyye I'm still laughing."],"messages_no":3,"bad_words":[],"bad_words_no":0,"weight":0,"location":[[47.48629439,-122.32838823],[47.48629439,-122.32838823],[47.48629439,-122.32838823]],"friends":[1,2,3,4]}