{"messages":["That made me sick","That made me sick","That made me sick"],"messages_no":3,"bad_words":[],"bad_words_no":0,"weight":0,"location":[[32.75092625,-117.24564422],[32.75092625,-117.24564422],[32.75092625,-117.24564422]],"friends":[1,2,3,4]}