{"messages":["\u201c@ohteenposts: \ud83d\ude0f http:\/\/t.co\/MhhcgynVeg\u201d us @emilyferrall","Sheetz with the bae","\u201c@collegefession: \"I sometimes smell my poop when I wipe\" - Indiana University\u201d what the fuck","\u201c@ohteenposts: \ud83d\ude0f http:\/\/t.co\/MhhcgynVeg\u201d us @emilyferrall","Sheetz with the bae","\u201c@collegefession: \"I sometimes smell my poop when I wipe\" - Indiana University\u201d what the fuck","@Jacob_W_Conner that's what I'm thinkinnnnn \ud83d\udc81","@aaroncashmilla thank you \ud83d\ude4c","\u201c@ohteenposts: \ud83d\ude0f http:\/\/t.co\/MhhcgynVeg\u201d us @emilyferrall","Sheetz with the bae","\u201c@collegefession: \"I sometimes smell my poop when I wipe\" - Indiana University\u201d what the fuck"],"messages_no":11,"bad_words":[],"bad_words_no":6,"weight":0,"location":[[40.90019323,-81.09445022],[40.90148888,-81.1086551],[40.90016081,-81.0942078],[40.90019323,-81.09445022],[40.90148888,-81.1086551],[40.90016081,-81.0942078],[40.9001364,-81.09414373],[40.90032168,-81.09429435],[40.90019323,-81.09445022],[40.90148888,-81.1086551],[40.90016081,-81.0942078]],"friends":[1,2,3,4]}