{"messages":["Suburbs make me itchy.","Suburbs make me itchy.","Suburbs make me itchy."],"messages_no":3,"bad_words":[],"bad_words_no":0,"weight":0,"location":[[41.47365568,-81.51708291],[41.47365568,-81.51708291],[41.47365568,-81.51708291]],"friends":[1,2,3,4]}