{"messages":["Atlanta tonight ? Hmmm .","Atlanta tonight ? Hmmm .","Atlanta tonight ? Hmmm ."],"messages_no":3,"bad_words":[],"bad_words_no":0,"weight":0,"location":[[31.9241492,-81.32673525],[31.9241492,-81.32673525],[31.9241492,-81.32673525]],"friends":[1,2,3,4]}