{"messages":["I thought u had it","I thought u had it","Putting her knees to her chest and ponding till she tap out&gt;&gt;\ud83d\udca6","Girls that know how to ride&gt;&gt;&gt;","Fuck that Oml I am they say if u lost somebody that really mean something to you get it tatted in the painful spots!!","\u201c@AmorAunty: My Life Stress Free !\u201d","I thought u had it","I thought u had it","Putting her knees to her chest and ponding till she tap out&gt;&gt;\ud83d\udca6","Girls that know how to ride&gt;&gt;&gt;","Fuck that Oml I am they say if u lost somebody that really mean something to you get it tatted in the painful spots!!","\u201c@AmorAunty: My Life Stress Free !\u201d","I miss her\u203c\ufe0f","I thought u had it","I thought u had it","Putting her knees to her chest and ponding till she tap out&gt;&gt;\ud83d\udca6","Girls that know how to ride&gt;&gt;&gt;","Fuck that Oml I am they say if u lost somebody that really mean something to you get it tatted in the painful spots!!","\u201c@AmorAunty: My Life Stress Free !\u201d"],"messages_no":19,"bad_words":[],"bad_words_no":3,"weight":0,"location":[[41.69685649,-83.56872813],[41.69685649,-83.56872813],[41.69696785,-83.5685496],[41.69679089,-83.56875543],[41.69684065,-83.56872652],[41.69688759,-83.5686703],[41.69685649,-83.56872813],[41.69685649,-83.56872813],[41.69696785,-83.5685496],[41.69679089,-83.56875543],[41.69684065,-83.56872652],[41.69688759,-83.5686703],[41.69678182,-83.56877004],[41.69685649,-83.56872813],[41.69685649,-83.56872813],[41.69696785,-83.5685496],[41.69679089,-83.56875543],[41.69684065,-83.56872652],[41.69688759,-83.5686703]],"friends":[1,2,3,4]}