{"messages":["what the even is this game","what the even is this game","what the even is this game"],"messages_no":3,"bad_words":[],"bad_words_no":0,"weight":0,"location":[[39.65080742,-79.9637341],[39.65080742,-79.9637341],[39.65080742,-79.9637341]],"friends":[1,2,3,4]}