{"messages":["Lol why are asian girls the best girls \ud83d\ude01","Wish I could kick it with @TiffanyLoudd right now aha","Lol why are asian girls the best girls \ud83d\ude01","Wish I could kick it with @TiffanyLoudd right now aha"],"messages_no":4,"bad_words":[],"bad_words_no":0,"weight":0,"location":[34.02831049,-117.58699796,34.02833903,-117.58691954,34.02831049,-117.58699796,34.02833903,-117.58691954]}