{"messages":["It's so cold down here though \ud83d\ude16","It's so cold down here though \ud83d\ude16","It's so cold down here though \ud83d\ude16"],"messages_no":3,"bad_words":[],"bad_words_no":0,"weight":0,"location":[[34.55831114,-87.01293714],[34.55831114,-87.01293714],[34.55831114,-87.01293714]],"friends":[1,2,3,4]}