{"messages":["Skylar Astin \u2665\u2665\u2665\u2665\u2665\u2665","Skylar Astin \u2665\u2665\u2665\u2665\u2665\u2665","And american idol, bad girls club and  are you the one? Lol \u2665","Skylar Astin \u2665\u2665\u2665\u2665\u2665\u2665"],"messages_no":4,"bad_words":[],"bad_words_no":0,"weight":0,"location":[[40.0346434,-82.4423559],[40.0346434,-82.4423559],[40.034785,-82.4423912],[40.0346434,-82.4423559]],"friends":[1,2,3,4]}