{"messages":["@BrittanyHull3 LONER","@BrittanyHull3 LONER","@BrittanyHull3 LONER","@BrittanyHull3 LONER"],"messages_no":4,"bad_words":[],"bad_words_no":0,"weight":0,"location":[41.09697118,-87.84984663,41.09697118,-87.84984663,41.09697118,-87.84984663,41.09697118,-87.84984663]}