{"messages":["I'm bouta go M.I.A. And just stack fuck bitches","I'm bouta go M.I.A. And just stack fuck bitches","My body gettin better","I'm bouta go M.I.A. And just stack fuck bitches","My body gettin better"],"messages_no":5,"bad_words":[],"bad_words_no":6,"weight":0,"location":[[41.66472467,-83.54033868],[41.66472467,-83.54033868],[41.65674398,-83.61141697],[41.66472467,-83.54033868],[41.65674398,-83.61141697]],"friends":[1,2,3,4]}