{"messages":["Let me blow your mind","@Lil_bit_jazz well I bet!","Let me blow your mind","@Lil_bit_jazz well I bet!","Let me blow your mind","@Lil_bit_jazz well I bet!"],"messages_no":6,"bad_words":[],"bad_words_no":0,"weight":0,"location":[[43.6367804,-116.2745921],[43.6367201,-116.2745493],[43.6367804,-116.2745921],[43.6367201,-116.2745493],[43.6367804,-116.2745921],[43.6367201,-116.2745493]],"friends":[1,2,3,4]}