{"messages":["Shouldn't have bet on Peyton","Shouldn't have bet on Peyton","My mom so lucky!","Only if she still taught at south lake, we could all go visit her lol\ud83d\ude1b","@DandurandLauren that's cuz of ice","Shouldn't have bet on Peyton"],"messages_no":6,"bad_words":[],"bad_words_no":0,"weight":0,"location":[[42.46284126,-82.9561564],[42.46284126,-82.9561564],[42.46289701,-82.95625736],[42.46281257,-82.95618795],[42.46277967,-82.95606032],[42.46284126,-82.9561564]],"friends":[1,2,3,4]}