{"messages":["I got a down ass nigga \ud83d\udcaf","I got a down ass nigga \ud83d\udcaf","I got a down ass nigga \ud83d\udcaf"],"messages_no":3,"bad_words":[],"bad_words_no":3,"weight":0,"location":[[30.43494795,-91.10737589],[30.43494795,-91.10737589],[30.43494795,-91.10737589]],"friends":[1,2,3,4]}