{"messages":["@eyeleenn Happy Birthday \ud83d\ude18\ud83c\udf88\ud83c\udf81","@eyeleenn Happy Birthday \ud83d\ude18\ud83c\udf88\ud83c\udf81"],"messages_no":2,"bad_words":[],"bad_words_no":0,"weight":0,"location":[37.13509523,-76.54649628,37.13509523,-76.54649628]}