{"messages":["I'll be 23 in 7 days tho. I'm getting old mane.","23 in 7 days. Geesh I'm getting old.","I'll be 23 in 7 days tho. I'm getting old mane.","23 in 7 days. Geesh I'm getting old."],"messages_no":4,"bad_words":[],"bad_words_no":0,"weight":0,"location":[43.0492232,-76.0985242,43.0490259,-76.098357,43.0492232,-76.0985242,43.0490259,-76.098357]}