{"messages":["I miss Katelyn Valli so much.","I started watching that movie at 5:30 and just finished it.","I miss Katelyn Valli so much.","I started watching that movie at 5:30 and just finished it.","Ugggggh","Urge to listen to Saosin for the next 7000 hours.","I miss Katelyn Valli so much.","I started watching that movie at 5:30 and just finished it.","Ugggggh","Urge to listen to Saosin for the next 7000 hours."],"messages_no":10,"bad_words":[],"bad_words_no":0,"weight":0,"location":[[41.3547145,-72.04461358],[41.35494873,-72.04483981],[41.3547145,-72.04461358],[41.35494873,-72.04483981],[41.35481782,-72.04467965],[41.3547145,-72.04461358],[41.35494873,-72.04483981],[41.35481782,-72.04467965]],"friends":[1,2,3,4]}