{"messages":["I miss Katelyn Valli so much.","I started watching that movie at 5:30 and just finished it.","I miss Katelyn Valli so much.","I started watching that movie at 5:30 and just finished it."],"messages_no":4,"bad_words":[],"bad_words_no":0,"weight":0,"location":[41.3547145,-72.04461358,41.35494873,-72.04483981,41.3547145,-72.04461358,41.35494873,-72.04483981]}