{"messages":["@RobProfectiv right!","@RobProfectiv right!","@RobProfectiv right!"],"messages_no":3,"bad_words":[],"bad_words_no":0,"weight":0,"location":[[30.27047787,-81.46484673],[30.27047787,-81.46484673],[30.27047787,-81.46484673]],"friends":[1,2,3,4]}