{"messages":["I love my iPhone \nwithout a case.","Where is Cj ? He has to be the most fakest person on this earth \ud83d\ude21","I love my iPhone \nwithout a case.","Where is Cj ? He has to be the most fakest person on this earth \ud83d\ude21","Nahjee will ALWAYS &amp; FOREVER be my MCM....\ud83d\ude0d\ud83d\ude29\ud83d\udc98\ud83d\udc8d","I love my iPhone \nwithout a case.","Where is Cj ? He has to be the most fakest person on this earth \ud83d\ude21","Nahjee will ALWAYS &amp; FOREVER be my MCM....\ud83d\ude0d\ud83d\ude29\ud83d\udc98\ud83d\udc8d"],"messages_no":8,"bad_words":[],"bad_words_no":0,"weight":0,"location":[[40.63165727,-74.27265538],[40.65981555,-74.17029218],[40.63165727,-74.27265538],[40.65981555,-74.17029218],[40.63153961,-74.27278102],[40.63165727,-74.27265538],[40.65981555,-74.17029218],[40.63153961,-74.27278102]],"friends":[1,2,3,4]}