{"messages":["My dog with the selfie \ud83d\ude02\ud83d\ude02\ud83d\ude02 http:\/\/t.co\/Av2ozIoG4t","Last year when I went they had all the big titties working","My dog with the selfie \ud83d\ude02\ud83d\ude02\ud83d\ude02 http:\/\/t.co\/Av2ozIoG4t","Last year when I went they had all the big titties working","Fuck man","My dog with the selfie \ud83d\ude02\ud83d\ude02\ud83d\ude02 http:\/\/t.co\/Av2ozIoG4t","Last year when I went they had all the big titties working"],"messages_no":7,"bad_words":[],"bad_words_no":4,"weight":0,"location":[[42.6708528,-84.60660313],[42.66112497,-84.56036713],[42.6708528,-84.60660313],[42.66112497,-84.56036713],[42.67090752,-84.6066692],[42.6708528,-84.60660313],[42.66112497,-84.56036713]],"friends":[1,2,3,4]}