{"messages":["@callmekitchen I wanna eat him(':","@callmekitchen I wanna eat him(':","Flowers! Cars! and Candyyyy!! Lol","@einnejx yea that could be it. Lol just maybe","I will never find another you.","@callmekitchen I wanna eat him(':","Flowers! Cars! and Candyyyy!! Lol","@einnejx yea that could be it. Lol just maybe"],"messages_no":8,"bad_words":[],"bad_words_no":0,"weight":0,"location":[[35.59706082,-105.22229785],[35.59706082,-105.22229785],[35.59796828,-105.22201503],[35.59706584,-105.22232068],[35.5970451,-105.22194507],[35.59706082,-105.22229785],[35.59796828,-105.22201503],[35.59706584,-105.22232068]],"friends":[1,2,3,4]}