{"messages":["@herrera_alexis just kidding \ud83d\ude04","@herrera_alexis just kidding \ud83d\ude04","Never fear death or dying, only fear is never trying.","@herrera_alexis just kidding \ud83d\ude04","@herrera_alexis just kidding \ud83d\ude04","Never fear death or dying, only fear is never trying.","Never fear death or dying, only fear is never trying."],"messages_no":7,"bad_words":[],"bad_words_no":0,"weight":0,"location":[40.91176064,-81.11195288,40.91176064,-81.11195288,40.92271026,-81.18054445,40.91176064,-81.11195288,40.91176064,-81.11195288,40.92271026,-81.18054445,40.92271026,-81.18054445]}