{"messages":["omg \ud83d\ude22\ud83d\ude22 military families","my mood went from \ud83d\ude0d to \ud83d\udc7f in a matter of ten seconds","omg \ud83d\ude22\ud83d\ude22 military families","my mood went from \ud83d\ude0d to \ud83d\udc7f in a matter of ten seconds","omg \ud83d\ude22\ud83d\ude22 military families","my mood went from \ud83d\ude0d to \ud83d\udc7f in a matter of ten seconds"],"messages_no":6,"bad_words":[],"bad_words_no":0,"weight":0,"location":[[33.89038262,-98.46260708],[33.89038331,-98.46260779],[33.89038262,-98.46260708],[33.89038331,-98.46260779],[33.89038262,-98.46260708],[33.89038331,-98.46260779]],"friends":[1,2,3,4]}