{"messages":["Yeah you loook good \ue106\ue420","Yeah you loook good \ue106\ue420","Pandora going up while Boondocks plays in tha background.","\"@DeeFreak_Based: This would be live af \ud83d\udc4c http:\/\/t.co\/cI5QnDgckb\" is that Paul Wall tho ?? \ue404\ue412\ue412","\"@TheLoveeBELOW: I can't even get square nails anymore\" im so use to my claws.","Yeah you loook good \ue106\ue420","Pandora going up while Boondocks plays in tha background."],"messages_no":7,"bad_words":[],"bad_words_no":0,"weight":0,"location":[[33.9638458,-118.2722735],[33.9638458,-118.2722735],[33.9616581,-118.2739611],[34.0029196,-118.3322862],[34.0263796,-118.3724774],[33.9638458,-118.2722735],[33.9616581,-118.2739611]],"friends":[1,2,3,4]}