{"messages":["@Titito777 thanks for the follow","@Titito777 thanks for the follow","@Titito777 thanks for the follow"],"messages_no":3,"bad_words":[],"bad_words_no":0,"weight":0,"location":[[33.85162266,-84.2250024],[33.85162266,-84.2250024],[33.85162266,-84.2250024]],"friends":[1,2,3,4]}