{"messages":["@That_Kid_ROZAY thanks bro!","@That_Kid_ROZAY thanks bro!","and ppl ask why I'm lowkey","@That_Kid_ROZAY thanks bro!","and ppl ask why I'm lowkey"],"messages_no":5,"bad_words":[],"bad_words_no":0,"weight":0,"location":[[44.95078542,-93.11819093],[44.95078542,-93.11819093],[44.95115303,-93.1181989],[44.95078542,-93.11819093],[44.95115303,-93.1181989]],"friends":[1,2,3,4]}