{"messages":["@WillMcBreezy um I am\u00bf","@WillMcBreezy um I am\u00bf","@WillMcBreezy um I am\u00bf"],"messages_no":3,"bad_words":[],"bad_words_no":0,"weight":0,"location":[[34.16630658,-84.1717622],[34.16630658,-84.1717622],[34.16630658,-84.1717622]],"friends":[1,2,3,4]}