{"messages":["@Mr_BigDreamz lmao gtfoh\ud83d\ude2d\ud83d\ude2d","@Mr_BigDreamz lmao gtfoh\ud83d\ude2d\ud83d\ude2d","@Mr_BigDreamz lmao gtfoh\ud83d\ude2d\ud83d\ude2d"],"messages_no":3,"bad_words":[],"bad_words_no":0,"weight":0,"location":[[32.55362621,-88.60834077],[32.55362621,-88.60834077],[32.55362621,-88.60834077]],"friends":[1,2,3,4]}