{"messages":["Real shit\ud83d\ude02 http:\/\/t.co\/54VTo0eOfm","Real shit\ud83d\ude02 http:\/\/t.co\/54VTo0eOfm","Real shit\ud83d\ude02 http:\/\/t.co\/54VTo0eOfm"],"messages_no":3,"bad_words":[],"bad_words_no":3,"weight":0,"location":[40.44901294,-79.96935938,40.44901294,-79.96935938,40.44901294,-79.96935938]}