{"messages":["Broncos forgot to show up.","Broncos forgot to show up.","Broncos forgot to show up."],"messages_no":3,"bad_words":[],"bad_words_no":0,"weight":0,"location":[[38.23927404,-85.72206572],[38.23927404,-85.72206572],[38.23927404,-85.72206572]],"friends":[1,2,3,4]}