{"messages":["What up twitta","What up twitta","What up twitta"],"messages_no":3,"bad_words":[],"bad_words_no":0,"weight":0,"location":[[43.01627758,-76.14329673],[43.01627758,-76.14329673],[43.01627758,-76.14329673]],"friends":[1,2,3,4]}