{"messages":["Ready for my pooh to come home","Brb this girl done shitted \ud83d\udca9 &amp;&amp; fanning that stank shit \ud83d\ude4a \ud83d\udca9 tryna dance \ud83d\udc6f","@20brittbrat I'm not allowed another baby Kmsl so u gotta have it for me","My phone just fell in my ice cream cause I'm tryna hide it from Lauryn","Somebody wanna lil girl????","That msg tho!! \ud83d\ude21\ud83d\ude21\ud83d\ude24\ud83d\ude24\ud83d\udeb6\ud83d\udd2b...walk off n be like \ud83d\udeac\ud83d\ude0e","They should have action emojis"],"messages_no":7,"bad_words":[],"bad_words_no":3,"weight":0,"location":[[33.37296033,-82.08555507],[33.37290773,-82.08551366],[33.37298929,-82.08561836],[33.3727756,-82.08565205],[33.37294302,-82.08559756],[33.37299644,-82.08577879],[33.37291883,-82.08587661]]}