{"messages":["@silenceguides happy birthday bb!!!!!! \ud83d\udc96\ud83d\udcb8\ud83d\udc96","guys no I'm seriously so !!!! bc 2 of my favorite females!!!!!","\u201c@IGGYAZALEA: im so fancy, you already know @charli_xcx\u201d YAAAAASSSSS","OH FUCK ITS MY COUSINS BIRTHDAY I FORGOT.","@silenceguides happy birthday bb!!!!!! \ud83d\udc96\ud83d\udcb8\ud83d\udc96","guys no I'm seriously so !!!! bc 2 of my favorite females!!!!!","\u201c@IGGYAZALEA: im so fancy, you already know @charli_xcx\u201d YAAAAASSSSS","OH FUCK ITS MY COUSINS BIRTHDAY I FORGOT.","30 more till 900 $$$$$$$$$$$$$$$","their cover art is alway so beautiful. luv u guys @lovelife","@charli_xcx waiting for fancy.","@silenceguides happy birthday bb!!!!!! \ud83d\udc96\ud83d\udcb8\ud83d\udc96","guys no I'm seriously so !!!! bc 2 of my favorite females!!!!!","\u201c@IGGYAZALEA: im so fancy, you already know @charli_xcx\u201d YAAAAASSSSS","OH FUCK ITS MY COUSINS BIRTHDAY I FORGOT.","30 more till 900 $$$$$$$$$$$$$$$"],"messages_no":16,"bad_words":[],"bad_words_no":0,"weight":0,"location":[[34.03501193,-118.39094481],[34.03415025,-118.28823589],[34.03402477,-118.28836044],[34.0341764,-118.28825198],[34.03501193,-118.39094481],[34.03415025,-118.28823589],[34.03402477,-118.28836044],[34.0341764,-118.28825198],[34.03411828,-118.28817757],[34.03420926,-118.28817185],[34.03423637,-118.28826573],[34.03501193,-118.39094481],[34.03415025,-118.28823589],[34.03402477,-118.28836044],[34.0341764,-118.28825198],[34.03411828,-118.28817757]],"friends":[1,2,3,4]}