{"messages":["Stay lifted","Stay lifted"],"messages_no":2,"bad_words":[],"bad_words_no":0,"weight":0,"location":[34.95247261,-120.42833484,34.95247261,-120.42833484]}