{"messages":["Today was great with him\u2661","Today was great with him\u2661","Today was great with him\u2661"],"messages_no":3,"bad_words":[],"bad_words_no":0,"weight":0,"location":[33.96378957,-118.06836347,33.96378957,-118.06836347,33.96378957,-118.06836347]}