{"messages":["@skyg13 liar! You are following me!","@skyg13 liar! You are following me!","@skyg13 liar! You are following me!"],"messages_no":3,"bad_words":[],"bad_words_no":0,"weight":0,"location":[42.98293328,-84.12083099,42.98293328,-84.12083099,42.98293328,-84.12083099]}