{"messages":["@IndiaaaV keep it back there \ud83d\ude37\ud83d\ude37 \ud83d\ude02","@IndiaaaV keep it back there \ud83d\ude37\ud83d\ude37 \ud83d\ude02","Just got off work I'm sleepy","@IndiaaaV keep it back there \ud83d\ude37\ud83d\ude37 \ud83d\ude02","Just got off work I'm sleepy"],"messages_no":5,"bad_words":[],"bad_words_no":0,"weight":0,"location":[[41.41700618,-81.60061445],[41.41700618,-81.60061445],[41.41682654,-81.60079775],[41.41700618,-81.60061445],[41.41682654,-81.60079775]],"friends":[1,2,3,4]}