{"messages":["i want a tan","i want a tan"],"messages_no":2,"bad_words":[],"bad_words_no":0,"weight":0,"location":[29.97656469,-91.83967109,29.97656469,-91.83967109]}