{"messages":["Goodnight \ud83d\ude0a","I'm just going to stay in my room until I have to get ready","Goodnight \ud83d\ude0a","I'm just going to stay in my room until I have to get ready","Goodnight \ud83d\ude0a","I'm just going to stay in my room until I have to get ready"],"messages_no":6,"bad_words":[],"bad_words_no":0,"weight":0,"location":[[43.58716922,-83.88149809],[43.5875763,-83.88211841],[43.58716922,-83.88149809],[43.5875763,-83.88211841],[43.58716922,-83.88149809],[43.5875763,-83.88211841]],"friends":[1,2,3,4]}