{"messages":["Everybody somebody's everything","Everybody somebody's everything","That exam was so easy","Everybody somebody's everything","That exam was so easy"],"messages_no":5,"bad_words":[],"bad_words_no":0,"weight":0,"location":[[37.05207439,-76.44163451],[37.05207439,-76.44163451],[37.12410574,-76.43351614],[37.05207439,-76.44163451],[37.12410574,-76.43351614]],"friends":[1,2,3,4]}