{"messages":["Somebody asked me if I was black or Mexican \ud83d\ude02\ud83d\ude02\ud83d\ude02\ud83d\ude02\ud83d\ude02\ud83d\ude2d\ud83d\ude2d\ud83d\ude2d","Lowkey a baddie \ud83d\ude4a","Somebody asked me if I was black or Mexican \ud83d\ude02\ud83d\ude02\ud83d\ude02\ud83d\ude02\ud83d\ude02\ud83d\ude2d\ud83d\ude2d\ud83d\ude2d","Lowkey a baddie \ud83d\ude4a","Somebody asked me if I was black or Mexican \ud83d\ude02\ud83d\ude02\ud83d\ude02\ud83d\ude02\ud83d\ude02\ud83d\ude2d\ud83d\ude2d\ud83d\ude2d","Lowkey a baddie \ud83d\ude4a"],"messages_no":6,"bad_words":[],"bad_words_no":0,"weight":0,"location":[41.64620453,-93.46510042,41.6171653,-93.42648614,41.64620453,-93.46510042,41.6171653,-93.42648614,41.64620453,-93.46510042,41.6171653,-93.42648614]}