{"messages":["Gettin nervous \ud83d\ude31","Gettin nervous \ud83d\ude31","Gettin nervous \ud83d\ude31"],"messages_no":3,"bad_words":[],"bad_words_no":0,"weight":0,"location":[[39.52447729,-106.04558822],[39.52447729,-106.04558822],[39.52447729,-106.04558822]],"friends":[1,2,3,4]}