{"messages":["THANK YOU CLAUDS \ud83d\ude0f","THANK YOU CLAUDS \ud83d\ude0f","THANK YOU CLAUDS \ud83d\ude0f"],"messages_no":3,"bad_words":[],"bad_words_no":0,"weight":0,"location":[[29.29345011,-94.79730879],[29.29345011,-94.79730879],[29.29345011,-94.79730879]],"friends":[1,2,3,4]}