{"messages":["@PatrickPabon23 Seahawks all the way","@PatrickPabon23 Seahawks all the way","@PatrickPabon23 Seahawks all the way"],"messages_no":3,"bad_words":[],"bad_words_no":0,"weight":0,"location":[[41.93806391,-88.27147613],[41.93806391,-88.27147613],[41.93806391,-88.27147613]],"friends":[1,2,3,4]}