{"messages":["@tweezy1839 David's bridal","@tweezy1839 David's bridal","@tweezy1839 David's bridal"],"messages_no":3,"bad_words":[],"bad_words_no":0,"weight":0,"location":[[45.21156376,-93.16772799],[45.21156376,-93.16772799],[45.21156376,-93.16772799]],"friends":[1,2,3,4]}