{"messages":["Ugh LOVE Bruno Mars \u2764\ufe0f","Ugh LOVE Bruno Mars \u2764\ufe0f","@a7_kamath wait wuuuuut","Ugh LOVE Bruno Mars \u2764\ufe0f","@a7_kamath wait wuuuuut"],"messages_no":5,"bad_words":[],"bad_words_no":0,"weight":0,"location":[[42.73480092,-84.47505378],[42.73480092,-84.47505378],[42.73485601,-84.49002751],[42.73480092,-84.47505378],[42.73485601,-84.49002751]],"friends":[1,2,3,4]}