{"messages":["NYC for the day @TheGoose98","NYC for the day @TheGoose98","NYC for the day @TheGoose98"],"messages_no":3,"bad_words":[],"bad_words_no":0,"weight":0,"location":[[40.7532445,-73.98735607],[40.7532445,-73.98735607],[40.7532445,-73.98735607]],"friends":[1,2,3,4]}