{"messages":["#EsuranceSave30  I want money!","#EsuranceSave30  I want money!","#EsuranceSave30  I want money!"],"messages_no":3,"bad_words":[],"bad_words_no":0,"weight":0,"location":[[45.79667408,-87.22533972],[45.79667408,-87.22533972],[45.79667408,-87.22533972]],"friends":[1,2,3,4]}