{"messages":["This sucks","This sucks"],"messages_no":2,"bad_words":[],"bad_words_no":0,"weight":0,"location":[40.7021347,-73.5343491,40.7021347,-73.5343491]}