{"messages":["@actorbrianwhite really tebow \ud83d\ude02\ud83d\ude02\ud83d\ude02\ud83d\ude02","@actorbrianwhite really tebow \ud83d\ude02\ud83d\ude02\ud83d\ude02\ud83d\ude02","#TeamDollaz","@actorbrianwhite really tebow \ud83d\ude02\ud83d\ude02\ud83d\ude02\ud83d\ude02","#TeamDollaz"],"messages_no":5,"bad_words":[],"bad_words_no":0,"weight":0,"location":[[44.04020008,-75.83332789],[44.04020008,-75.83332789],[44.04008639,-75.83304397],[44.04020008,-75.83332789],[44.04008639,-75.83304397]],"friends":[1,2,3,4]}