{"messages":["All can say is yesssssssss","All can say is yesssssssss","All of that and sum RT @AJizzle757: @sweet_candycain squirting or nah","All can say is yesssssssss","All of that and sum RT @AJizzle757: @sweet_candycain squirting or nah","All can say is yesssssssss","All of that and sum RT @AJizzle757: @sweet_candycain squirting or nah"],"messages_no":7,"bad_words":[],"bad_words_no":0,"weight":0,"location":[36.8084647,-76.2666172,36.8084647,-76.2666172,36.8933387,-76.4254661,36.8084647,-76.2666172,36.8933387,-76.4254661,36.8084647,-76.2666172,36.8933387,-76.4254661]}