{"messages":["Get a grip...  @markBREWlerio","Beer and buff chicken dip\ud83d\udc45 happy super bowl","Get a grip...  @markBREWlerio"],"messages_no":3,"bad_words":[],"bad_words_no":0,"weight":0,"location":[40.05771477,-77.51384014,40.05857206,-77.52839296,40.05771477,-77.51384014]}