{"messages":["BOOM! L.O.B.","DUCK!!! LET'S GO","BOOM! L.O.B.","DUCK!!! LET'S GO","BOOM! L.O.B.","DUCK!!! LET'S GO"],"messages_no":6,"bad_words":[],"bad_words_no":0,"weight":0,"location":[[42.2678241,-83.1429251],[42.2679523,-83.1435607],[42.2678241,-83.1429251],[42.2679523,-83.1435607],[42.2678241,-83.1429251],[42.2679523,-83.1435607]],"friends":[1,2,3,4]}