{"messages":["@YeezySupply chill fool trap rappers are great","This game nasty","@YeezySupply chill fool trap rappers are great","This game nasty","\u201c@K1nG_Me: Hopefully ms lewis aint here\u201dis she here bruh","@YeezySupply chill fool trap rappers are great","This game nasty","\u201c@K1nG_Me: Hopefully ms lewis aint here\u201dis she here bruh"],"messages_no":8,"bad_words":[],"bad_words_no":0,"weight":0,"location":[[38.75564584,-76.88058875],[38.76952199,-77.08312143],[38.75564584,-76.88058875],[38.76952199,-77.08312143],[38.75605142,-76.88067341],[38.75564584,-76.88058875],[38.76952199,-77.08312143],[38.75605142,-76.88067341]],"friends":[1,2,3,4]}