{"messages":["The feels right now","Shit's gonna go down tomorrow","There goes my heart again","The feels right now","Shit's gonna go down tomorrow","There goes my heart again","The feels right now","Shit's gonna go down tomorrow","There goes my heart again"],"messages_no":9,"bad_words":[],"bad_words_no":0,"weight":0,"location":[[34.43267826,-116.98563809],[34.43268173,-116.98564506],[34.43261792,-116.98564413],[34.43267826,-116.98563809],[34.43268173,-116.98564506],[34.43261792,-116.98564413],[34.43267826,-116.98563809],[34.43268173,-116.98564506],[34.43261792,-116.98564413]],"friends":[1,2,3,4]}