{"messages":["Never expect something from someone just because you did it for them..","Never felt so stupid\ud83d\ude15","Never expect something from someone just because you did it for them..","Never felt so stupid\ud83d\ude15","Never expect something from someone just because you did it for them..","Never felt so stupid\ud83d\ude15"],"messages_no":6,"bad_words":[],"bad_words_no":0,"weight":0,"location":[[36.05138275,-75.68850321],[36.05096336,-75.68848513],[36.05138275,-75.68850321],[36.05096336,-75.68848513],[36.05138275,-75.68850321],[36.05096336,-75.68848513]],"friends":[1,2,3,4]}