{"messages":["Guess I should get up for work","Guess I should get up for work","Guess I should get up for work"],"messages_no":3,"bad_words":[],"bad_words_no":0,"weight":0,"location":[[33.39640887,-111.86859594],[33.39640887,-111.86859594],[33.39640887,-111.86859594]],"friends":[1,2,3,4]}