{"messages":["@kdt34s teach me your ways omg","are we watching tv or is the tv really watching us?","@kdt34s teach me your ways omg","are we watching tv or is the tv really watching us?","thin mints \ud83d\ude01\ud83d\udc9a\ud83d\udc9a","@kdt34s teach me your ways omg","are we watching tv or is the tv really watching us?"],"messages_no":7,"bad_words":[],"bad_words_no":0,"weight":0,"location":[[35.59397402,-77.33074422],[35.59421425,-77.33040404],[35.59397402,-77.33074422],[35.59421425,-77.33040404],[35.59410704,-77.3308267],[35.59397402,-77.33074422],[35.59421425,-77.33040404]],"friends":[1,2,3,4]}