{"messages":["B boys areee the shit","B boys areee the shit","B boys areee the shit"],"messages_no":3,"bad_words":[],"bad_words_no":3,"weight":0,"location":[[42.4351532,-71.0965187],[42.4351532,-71.0965187],[42.4351532,-71.0965187]],"friends":[1,2,3,4]}