{"messages":["Brady could pull off the come back","Brady could pull off the come back","Well duh #soulmates http:\/\/t.co\/2SYryLVIm9","Brady could pull off the come back"],"messages_no":4,"bad_words":[],"bad_words_no":0,"weight":0,"location":[[40.16282924,-83.02833578],[40.16282924,-83.02833578],[39.14989016,-84.47360002],[40.16282924,-83.02833578]],"friends":[1,2,3,4]}