{"messages":["Low key tired for some reason","Low key tired for some reason","Low key tired for some reason"],"messages_no":3,"bad_words":[],"bad_words_no":0,"weight":0,"location":[[35.78783729,-78.61707657],[35.78783729,-78.61707657],[35.78783729,-78.61707657]],"friends":[1,2,3,4]}