{"messages":["#EsuranceSave30","#EsuranceSave30","#EsuranceSave30"],"messages_no":3,"bad_words":[],"bad_words_no":0,"weight":0,"location":[[42.51471692,-83.17582129],[42.51471692,-83.17582129],[42.51471692,-83.17582129]],"friends":[1,2,3,4]}