{"messages":["Is this real lyfe ?","Is this real lyfe ?","Is this real lyfe ?"],"messages_no":3,"bad_words":[],"bad_words_no":0,"weight":0,"location":[45.37954747,-122.75686248,45.37954747,-122.75686248,45.37954747,-122.75686248]}