{"messages":["I'm not going out nowhere","I'm not going out nowhere","I'm not going out nowhere"],"messages_no":3,"bad_words":[],"bad_words_no":0,"weight":0,"location":[[30.52752079,-91.1678178],[30.52752079,-91.1678178],[30.52752079,-91.1678178]],"friends":[1,2,3,4]}