{"messages":["Cuddle with me. I'm listening to grouplove and the Beatles","I still can't believe this. #Denver! #UnitedInOrange","Cuddle with me. I'm listening to grouplove and the Beatles","I still can't believe this. #Denver! #UnitedInOrange","@A_shelby11 I'm not at school but I will tomorrow!!!\ud83d\udc4c","@jimbod98 is the fire extinguish one you?","@Heller6Thomas fo real.","Cuddle with me. I'm listening to grouplove and the Beatles","I still can't believe this. #Denver! #UnitedInOrange","@A_shelby11 I'm not at school but I will tomorrow!!!\ud83d\udc4c","@jimbod98 is the fire extinguish one you?","@Heller6Thomas fo real."],"messages_no":12,"bad_words":[],"bad_words_no":0,"weight":0,"location":[[43.62772166,-116.4174332],[43.57356098,-116.40333259],[43.62772166,-116.4174332],[43.57356098,-116.40333259],[43.62753993,-116.41757874],[43.62761537,-116.41728564],[43.62739264,-116.41758175],[43.62772166,-116.4174332],[43.57356098,-116.40333259],[43.62753993,-116.41757874],[43.62761537,-116.41728564],[43.62739264,-116.41758175]],"friends":[1,2,3,4]}