{"messages":["Someone come smoke a bowl","Someone come smoke a bowl","Someone come smoke a bowl"],"messages_no":3,"bad_words":[],"bad_words_no":0,"weight":0,"location":[[41.91944334,-87.71377145],[41.91944334,-87.71377145],[41.91944334,-87.71377145]],"friends":[1,2,3,4]}