{"messages":["CJ is the man!!","CJ is the man!!"],"messages_no":2,"bad_words":[],"bad_words_no":0,"weight":0,"location":[43.14612178,-76.21142579,43.14612178,-76.21142579]}