{"messages":["Wanna see gimmy shelter","\"Ok figure it out\" relationship over","Wanna see gimmy shelter","Wanna see gimmy shelter"],"messages_no":4,"bad_words":[],"bad_words_no":0,"weight":0,"location":[28.2089428,-82.7283431,28.2089432,-82.7283415,28.2089428,-82.7283431,28.2089428,-82.7283431]}