{"messages":["Lollipop","Lollipop"],"messages_no":2,"bad_words":[],"bad_words_no":0,"weight":0,"location":[40.55972091,-122.26088919,40.55972091,-122.26088919]}