{"messages":["YEDLIN ON FOR BRAD!!!","YEDLIN ON FOR BRAD!!!","YEDLIN ON FOR BRAD!!!"],"messages_no":3,"bad_words":[],"bad_words_no":0,"weight":0,"location":[[46.59242808,-120.57816206],[46.59242808,-120.57816206],[46.59242808,-120.57816206]],"friends":[1,2,3,4]}