{"messages":["I think that's game \ud83d\ude2b\ud83d\ude2b\ud83d\ude2b","I think that's game \ud83d\ude2b\ud83d\ude2b\ud83d\ude2b","I think that's game \ud83d\ude2b\ud83d\ude2b\ud83d\ude2b"],"messages_no":3,"bad_words":[],"bad_words_no":0,"weight":0,"location":[[39.98958257,-75.15898651],[39.98958257,-75.15898651],[39.98958257,-75.15898651]],"friends":[1,2,3,4]}