{"messages":["Rockin Elway today \ud83d\udc81","My tummy hurts and I can't sleep :(","Rockin Elway today \ud83d\udc81","My tummy hurts and I can't sleep :(","@Wendalle_Keaver your tweets always apply to my life","Rockin Elway today \ud83d\udc81","My tummy hurts and I can't sleep :("],"messages_no":7,"bad_words":[],"bad_words_no":0,"weight":0,"location":[[36.91462643,-76.29173662],[36.9146486,-76.2917476],[36.91462643,-76.29173662],[36.9146486,-76.2917476],[36.91437322,-76.29183574],[36.91462643,-76.29173662],[36.9146486,-76.2917476]],"friends":[1,2,3,4]}