{"messages":["just wanna see Bruno","just wanna see Bruno","just wanna see Bruno"],"messages_no":3,"bad_words":[],"bad_words_no":0,"weight":0,"location":[[40.60353621,-75.61831038],[40.60353621,-75.61831038],[40.60353621,-75.61831038]],"friends":[1,2,3,4]}