{"messages":["Good morning, eat shit and die.","Good morning, eat shit and die.","I have a bf, I don't know why I say these things.","Good morning, eat shit and die.","I have a bf, I don't know why I say these things."],"messages_no":5,"bad_words":[],"bad_words_no":3,"weight":0,"location":[[37.82927253,-122.26510545],[37.82927253,-122.26510545],[37.98660721,-122.32127413],[37.82927253,-122.26510545],[37.98660721,-122.32127413]],"friends":[1,2,3,4]}