{"messages":["That interception doe","That interception doe","That interception doe"],"messages_no":3,"bad_words":[],"bad_words_no":0,"weight":0,"location":[[41.69006284,-71.52064766],[41.69006284,-71.52064766],[41.69006284,-71.52064766]],"friends":[1,2,3,4]}