{"messages":["Dough is what I got pretty mama dough is what I got petty lady !","@fuckkkP_ my bad \ud83d\ude12","@smittyyy_m it's only right you do you and be happy \ud83d\udcaf","Dough is what I got pretty mama dough is what I got petty lady !","@fuckkkP_ my bad \ud83d\ude12","@smittyyy_m it's only right you do you and be happy \ud83d\udcaf","Dough is what I got pretty mama dough is what I got petty lady !","@fuckkkP_ my bad \ud83d\ude12","@smittyyy_m it's only right you do you and be happy \ud83d\udcaf"],"messages_no":9,"bad_words":[],"bad_words_no":3,"weight":0,"location":[[38.80690733,-75.42040388],[38.80691308,-75.42041712],[38.8070423,-75.42031596],[38.80690733,-75.42040388],[38.80691308,-75.42041712],[38.8070423,-75.42031596],[38.80690733,-75.42040388],[38.80691308,-75.42041712],[38.8070423,-75.42031596]],"friends":[1,2,3,4]}