{"messages":["\"Sweet Highlander\"","\"Sweet Highlander\"","At least I get to leave after this shit","\"Sweet Highlander\""],"messages_no":4,"bad_words":[],"bad_words_no":1,"weight":0,"location":[[34.1144288,-117.1710633],[34.1144288,-117.1710633],[34.0829989,-117.1798647],[34.1144288,-117.1710633]],"friends":[1,2,3,4]}