{"messages":["I repeat. Embarrassing.","I repeat. Embarrassing.","I repeat. Embarrassing."],"messages_no":3,"bad_words":[],"bad_words_no":0,"weight":0,"location":[[41.70724825,-71.54274856],[41.70724825,-71.54274856],[41.70724825,-71.54274856]],"friends":[1,2,3,4]}