{"messages":["I'm so sleepy","I'm so sleepy","I'm so sleepy"],"messages_no":3,"bad_words":[],"bad_words_no":0,"weight":0,"location":[32.83174762,-97.19775421,32.83174762,-97.19775421,32.83174762,-97.19775421]}