{"messages":["Switched to Seahawks","Switched to Seahawks","Switched to Seahawks"],"messages_no":3,"bad_words":[],"bad_words_no":0,"weight":0,"location":[[47.20260701,-122.36334611],[47.20260701,-122.36334611],[47.20260701,-122.36334611]],"friends":[1,2,3,4]}