{"messages":["Well well well","Well well well","Well well well"],"messages_no":3,"bad_words":[],"bad_words_no":0,"weight":0,"location":[[32.45688537,-88.64889848],[32.45688537,-88.64889848],[32.45688537,-88.64889848]],"friends":[1,2,3,4]}