{"messages":["She doesn't know who I am &amp; she doesn't give a damn about me.","@_amErica_54 other half is ?","Wow Hahahah this game is comedy.","She doesn't know who I am &amp; she doesn't give a damn about me.","@_amErica_54 other half is ?","@_amErica_54 other half is ?"],"messages_no":6,"bad_words":[],"bad_words_no":2,"weight":0,"location":[34.21034641,-118.35387022,34.21037985,-118.35397281,34.21034859,-118.3538966,34.21034641,-118.35387022,34.21037985,-118.35397281,34.21037985,-118.35397281]}