{"messages":["I luv @gretchenparker4","I luv @gretchenparker4","I luv @gretchenparker4"],"messages_no":3,"bad_words":[],"bad_words_no":0,"weight":0,"location":[[42.48335918,-71.14419468],[42.48335918,-71.14419468],[42.48335918,-71.14419468]],"friends":[1,2,3,4]}