{"messages":["\"Treasure\" is the jam lol","\"Treasure\" is the jam lol","\"Treasure\" is the jam lol"],"messages_no":3,"bad_words":[],"bad_words_no":0,"weight":0,"location":[[38.40868616,-82.45234067],[38.40868616,-82.45234067],[38.40868616,-82.45234067]],"friends":[1,2,3,4]}