{"messages":["I wish you were here \ud83d\ude12","I wish you were here \ud83d\ude12","I wish you were here \ud83d\ude12"],"messages_no":3,"bad_words":[],"bad_words_no":0,"weight":0,"location":[[39.43509724,-77.52361005],[39.43509724,-77.52361005],[39.43509724,-77.52361005]],"friends":[1,2,3,4]}