{"messages":["Thats why i wear #11 that nigga fye","Thats why i wear #11 that nigga fye","\u201c@LightBrightMia_: 7 blunts of LOUD for $40 my auntie plug so \ud83d\udcaf\ud83d\ude02\ud83d\ude29\u2757\ud83d\ude4c\ud83d\ude4c\ud83d\ude4c\u201d \ud83d\ude33\ud83d\ude33","Thats why i wear #11 that nigga fye","\u201c@LightBrightMia_: 7 blunts of LOUD for $40 my auntie plug so \ud83d\udcaf\ud83d\ude02\ud83d\ude29\u2757\ud83d\ude4c\ud83d\ude4c\ud83d\ude4c\u201d \ud83d\ude33\ud83d\ude33"],"messages_no":5,"bad_words":[],"bad_words_no":3,"weight":0,"location":[[36.16461223,-86.57544385],[36.16461223,-86.57544385],[36.16483108,-86.57516325],[36.16461223,-86.57544385],[36.16483108,-86.57516325]],"friends":[1,2,3,4]}