{"messages":["@MiKeBuScHFlA you know it brotha.","@MiKeBuScHFlA you know it brotha.","Hom sweet home its tiger snooze time.","@MiKeBuScHFlA you know it brotha."],"messages_no":4,"bad_words":[],"bad_words_no":0,"weight":0,"location":[[28.03352046,-82.73836315],[28.03352046,-82.73836315],[27.91554272,-82.49408236],[28.03352046,-82.73836315]],"friends":[1,2,3,4]}