{"messages":["Ooh my","Ooh my","@hwhendrix no I'm left handed. I thought it was cool","Ooh my","@hwhendrix no I'm left handed. I thought it was cool"],"messages_no":5,"bad_words":[],"bad_words_no":0,"weight":0,"location":[[33.5947392,-101.88485675],[33.5947392,-101.88485675],[33.58081589,-101.88096142],[33.5947392,-101.88485675],[33.58081589,-101.88096142]],"friends":[1,2,3,4]}