{"messages":["@chhriissttyy THANKS!","@Arlia_Duarte I won't why would I fun is stupid","@chhriissttyy THANKS!","@Arlia_Duarte I won't why would I fun is stupid","@_Brittanypruitt Chinese","@chhriissttyy THANKS!","@Arlia_Duarte I won't why would I fun is stupid"],"messages_no":7,"bad_words":[],"bad_words_no":0,"weight":0,"location":[[41.0180427,-80.70174837],[41.01797027,-80.70172216],[41.0180427,-80.70174837],[41.01797027,-80.70172216],[41.01815247,-80.70154661],[41.0180427,-80.70174837],[41.01797027,-80.70172216]],"friends":[1,2,3,4]}