{"messages":["Run this town | Miss May I #perfection","@0zander0 yeah tell me about it I was a wanna be scene chick \ud83d\ude1d\ud83d\ude37\ud83d\ude05","@AJayyToRemember @0zander0 yeah I know he's a weird one","Run this town | Miss May I #perfection","@0zander0 yeah tell me about it I was a wanna be scene chick \ud83d\ude1d\ud83d\ude37\ud83d\ude05","@0zander0 yeah tell me about it I was a wanna be scene chick \ud83d\ude1d\ud83d\ude37\ud83d\ude05","@AJayyToRemember @0zander0 yeah I know he's a weird one","@AJayyToRemember @0zander0 yeah I know he's a weird one"],"messages_no":8,"bad_words":[],"bad_words_no":0,"weight":0,"location":[42.47988664,-83.82356692,42.4799239,-83.82326642,42.47988281,-83.82354129,42.47988664,-83.82356692,42.4799239,-83.82326642,42.4799239,-83.82326642,42.47988281,-83.82354129,42.47988281,-83.82354129]}