{"messages":["@Lyss_625 she's gotta come back some how I feel","@Lyss_625 she's gotta come back some how I feel","@Lyss_625 she's gotta come back some how I feel","@Lyss_625 she's gotta come back some how I feel"],"messages_no":4,"bad_words":[],"bad_words_no":0,"weight":0,"location":[39.76843878,-88.84957029,39.76843878,-88.84957029,39.76843878,-88.84957029,39.76843878,-88.84957029]}