{"messages":["Her face isn't all that... Body ok but fuk a body...","She keep me informed lol...","Her face isn't all that... Body ok but fuk a body...","She keep me informed lol...","Her face isn't all that... Body ok but fuk a body...","She keep me informed lol..."],"messages_no":6,"bad_words":[],"bad_words_no":6,"weight":0,"location":[[35.77259498,-95.33528714],[35.77259498,-95.33528714],[35.77259498,-95.33528714],[35.77259498,-95.33528714],[35.77259498,-95.33528714],[35.77259498,-95.33528714]],"friends":[1,2,3,4]}