{"messages":["\u201c@JathanNguyen: 2014 FIFA World Cup &gt; 2014 NFL SuperBowl.\u201d","\u201c@JathanNguyen: 2014 FIFA World Cup &gt; 2014 NFL SuperBowl.\u201d","\u201c@JathanNguyen: 2014 FIFA World Cup &gt; 2014 NFL SuperBowl.\u201d"],"messages_no":3,"bad_words":[],"bad_words_no":0,"weight":0,"location":[[38.03685569,-97.33519122],[38.03685569,-97.33519122],[38.03685569,-97.33519122]],"friends":[1,2,3,4]}