{"messages":["#newestcouple @strechhhh http:\/\/t.co\/6nwIUmrnAL","im really talented at napping","#newestcouple @strechhhh http:\/\/t.co\/6nwIUmrnAL","im really talented at napping","#newestcouple @strechhhh http:\/\/t.co\/6nwIUmrnAL","im really talented at napping"],"messages_no":6,"bad_words":[],"bad_words_no":0,"weight":0,"location":[[42.65278393,-83.13307947],[42.67681618,-83.21452627],[42.65278393,-83.13307947],[42.67681618,-83.21452627],[42.65278393,-83.13307947],[42.67681618,-83.21452627]],"friends":[1,2,3,4]}