{"messages":["Jerry ricecake I'm dead \ud83d\ude35","@Ryan_Lam23 they have the same skin complection","Jerry ricecake I'm dead \ud83d\ude35","@Ryan_Lam23 they have the same skin complection","Jerry ricecake I'm dead \ud83d\ude35","@Ryan_Lam23 they have the same skin complection"],"messages_no":6,"bad_words":[],"bad_words_no":0,"weight":0,"location":[[43.25807641,-77.60944728],[43.25784883,-77.60930227],[43.25807641,-77.60944728],[43.25784883,-77.60930227],[43.25807641,-77.60944728],[43.25784883,-77.60930227]],"friends":[1,2,3,4]}