{"messages":["Hi Rachel King","Hi Rachel King","Hi Rachel King"],"messages_no":3,"bad_words":[],"bad_words_no":0,"weight":0,"location":[[34.9861688,-101.9271258],[34.9861688,-101.9271258],[34.9861688,-101.9271258]],"friends":[1,2,3,4]}