{"messages":["@JozionG ew growse","@JozionG ew growse","@JozionG ew growse"],"messages_no":3,"bad_words":[],"bad_words_no":0,"weight":0,"location":[[33.87234661,-118.38144942],[33.87234661,-118.38144942],[33.87234661,-118.38144942]],"friends":[1,2,3,4]}