{"messages":["@fivestar28 think I might try. \ud83d\ude01","@corriemeagan62 yep!! He saw his shadow. 6 more weeks of winter!","@fivestar28 think I might try. \ud83d\ude01","@corriemeagan62 yep!! He saw his shadow. 6 more weeks of winter!","@fivestar28 think I might try. \ud83d\ude01","@corriemeagan62 yep!! He saw his shadow. 6 more weeks of winter!"],"messages_no":6,"bad_words":[],"bad_words_no":0,"weight":0,"location":[[30.49422996,-90.48481584],[30.50281553,-90.49082941],[30.49422996,-90.48481584],[30.50281553,-90.49082941],[30.49422996,-90.48481584],[30.50281553,-90.49082941]],"friends":[1,2,3,4]}