{"messages":["When people ask me where I'm from I tell them where I was born , not where I use to live or where I stay now tuhh","When people ask me where I'm from I tell them where I was born , not where I use to live or where I stay now tuhh","I hear mcdonalds calling my name bruh","I JUST LOVE ANIMALS !!!!!!! \u2764\ufe0f\ud83d\udc36\ud83d\udc31\ud83d\udc30\ud83d\udc2f\ud83d\udc35\ud83d\udc2e\ud83d\udc24\ud83d\udc14\ud83d\udc0e\ud83d\udc29\ud83d\udc08\u2764\ufe0f","When people ask me where I'm from I tell them where I was born , not where I use to live or where I stay now tuhh","When people ask me where I'm from I tell them where I was born , not where I use to live or where I stay now tuhh","I hear mcdonalds calling my name bruh","I JUST LOVE ANIMALS !!!!!!! \u2764\ufe0f\ud83d\udc36\ud83d\udc31\ud83d\udc30\ud83d\udc2f\ud83d\udc35\ud83d\udc2e\ud83d\udc24\ud83d\udc14\ud83d\udc0e\ud83d\udc29\ud83d\udc08\u2764\ufe0f","I hear mcdonalds calling my name bruh","I JUST LOVE ANIMALS !!!!!!! \u2764\ufe0f\ud83d\udc36\ud83d\udc31\ud83d\udc30\ud83d\udc2f\ud83d\udc35\ud83d\udc2e\ud83d\udc24\ud83d\udc14\ud83d\udc0e\ud83d\udc29\ud83d\udc08\u2764\ufe0f"],"messages_no":10,"bad_words":[],"bad_words_no":0,"weight":0,"location":[32.77898761,-96.59382161,32.77898761,-96.59382161,32.7789017,-96.59416267,32.77893099,-96.59422251,32.77898761,-96.59382161,32.77898761,-96.59382161,32.7789017,-96.59416267,32.77893099,-96.59422251,32.7789017,-96.59416267,32.77893099,-96.59422251]}