{"messages":["God damn Bruno \ud83d\ude0d","God damn Bruno \ud83d\ude0d","God damn Bruno \ud83d\ude0d"],"messages_no":3,"bad_words":[],"bad_words_no":3,"weight":0,"location":[[42.66748013,-71.12245797],[42.66748013,-71.12245797],[42.66748013,-71.12245797]],"friends":[1,2,3,4]}