{"messages":["Beautiful day @skiheavenly","Beautiful day @skiheavenly","Beautiful day @skiheavenly"],"messages_no":3,"bad_words":[],"bad_words_no":0,"weight":0,"location":[[38.92833115,-119.90457418],[38.92833115,-119.90457418],[38.92833115,-119.90457418]],"friends":[1,2,3,4]}