{"messages":["Manning a face! #SuperBowl","Manning a face! #SuperBowl","Manning a face! #SuperBowl"],"messages_no":3,"bad_words":[],"bad_words_no":0,"weight":0,"location":[[38.23215659,-85.73639408],[38.23215659,-85.73639408],[38.23215659,-85.73639408]],"friends":[1,2,3,4]}