{"messages":["I really am craving tuna \ud83d\ude29\ud83d\ude29","I really am craving tuna \ud83d\ude29\ud83d\ude29","I really am craving tuna \ud83d\ude29\ud83d\ude29"],"messages_no":3,"bad_words":[],"bad_words_no":0,"weight":0,"location":[[41.62347968,-83.74454333],[41.62347968,-83.74454333],[41.62347968,-83.74454333]],"friends":[1,2,3,4]}