{"messages":["I love me sum me","I love me sum me","I love me sum me"],"messages_no":3,"bad_words":[],"bad_words_no":0,"weight":0,"location":[[32.3172548,-86.2613101],[32.3172548,-86.2613101],[32.3172548,-86.2613101]],"friends":[1,2,3,4]}