{"messages":["This Game is fucking good","This Game is fucking good","@Keyy_Kisses Mines at 8:30 but since school open at 10 my class will be over .","Cant change the way I am even if i wanted too, some where down the lines I stopped caring and started living.","\u201c@A_BallersLife: My WCW \ud83d\ude0d\ud83d\ude0d\ud83d\ude0d\ud83d\ude0d\ud83d\ude0d\ud83d\ude0d\ud83d\ude18\ud83d\ude18\ud83d\ude18\ud83d\ude18\ud83d\ude18\ud83d\ude18\ud83d\ude18 http:\/\/t.co\/4fECwcvtO8\u201d NOOOOOOOO !!! thats me lol \ud83d\ude29\ud83d\ude29","This Game is fucking good"],"messages_no":6,"bad_words":[],"bad_words_no":3,"weight":0,"location":[[39.68485054,-75.56418968],[39.68485054,-75.56418968],[39.68497468,-75.5641901],[39.68479311,-75.56415898],[39.74061977,-75.55235428],[39.68485054,-75.56418968]],"friends":[1,2,3,4]}