{"messages":["Just saw a coyote?","Just saw a coyote?","Just saw a coyote?"],"messages_no":3,"bad_words":[],"bad_words_no":0,"weight":0,"location":[42.9429827,-83.72394892,42.9429827,-83.72394892,42.9429827,-83.72394892]}