{"messages":["This flagrant rule is for pussies.","@EarningLiquid15 there on L's","This flagrant rule is for pussies.","@EarningLiquid15 there on L's","This flagrant rule is for pussies.","@EarningLiquid15 there on L's"],"messages_no":6,"bad_words":[],"bad_words_no":0,"weight":0,"location":[[39.04525964,-94.25456702],[39.04547071,-94.25420477],[39.04525964,-94.25456702],[39.04547071,-94.25420477],[39.04525964,-94.25456702],[39.04547071,-94.25420477]],"friends":[1,2,3,4]}