{"messages":["@londnbrigette Yikes \ud83d\ude12","@londnbrigette Yikes \ud83d\ude12","@londnbrigette Yikes \ud83d\ude12"],"messages_no":3,"bad_words":[],"bad_words_no":0,"weight":0,"location":[32.2367216,-110.85879409,32.2367216,-110.85879409,32.2367216,-110.85879409]}