{"messages":["Lets go broncos!","Lets go broncos!","Lets go broncos!"],"messages_no":3,"bad_words":[],"bad_words_no":0,"weight":0,"location":[[28.24689022,-81.57339168],[28.24689022,-81.57339168],[28.24689022,-81.57339168]],"friends":[1,2,3,4]}