{"messages":["Great Friday night....","Great Friday night....","What was I thinking \ud83d\ude48","Great Friday night...."],"messages_no":4,"bad_words":[],"bad_words_no":0,"weight":0,"location":[[40.08243013,-74.04787499],[40.08243013,-74.04787499],[40.07565131,-74.05858179],[40.08243013,-74.04787499]],"friends":[1,2,3,4]}