{"messages":["I'm what this team needs. \ud83d\ude4b","I'm what this team needs. \ud83d\ude4b","I'm what this team needs. \ud83d\ude4b"],"messages_no":3,"bad_words":[],"bad_words_no":0,"weight":0,"location":[[40.79545797,-74.18695829],[40.79545797,-74.18695829],[40.79545797,-74.18695829]],"friends":[1,2,3,4]}