{"messages":["My face hurts","My face hurts","Devin is a fat hawiian","My face hurts"],"messages_no":4,"bad_words":[],"bad_words_no":0,"weight":0,"location":[[38.75715408,-90.72015108],[38.75715408,-90.72015108],[38.76717871,-90.7072722],[38.75715408,-90.72015108]],"friends":[1,2,3,4]}