{"messages":["My face hurts","My face hurts","My face hurts"],"messages_no":3,"bad_words":[],"bad_words_no":0,"weight":0,"location":[38.75715408,-90.72015108,38.75715408,-90.72015108,38.75715408,-90.72015108]}