{"messages":["I'm sick and day faded! #GoBroncos","I'm sick and day faded! #GoBroncos","Proper lunch to http:\/\/t.co\/Vvxl8V7Ihu","I'm sick and day faded! #GoBroncos"],"messages_no":4,"bad_words":[],"bad_words_no":0,"weight":0,"location":[[45.57058008,-122.69732047],[45.57058008,-122.69732047],[45.52384967,-122.69698989],[45.57058008,-122.69732047]],"friends":[1,2,3,4]}