{"messages":["I really wanna do something\ud83d\ude1e","I really wanna do something\ud83d\ude1e","I really wanna do something\ud83d\ude1e"],"messages_no":3,"bad_words":[],"bad_words_no":0,"weight":0,"location":[[42.45018164,-73.28889504],[42.45018164,-73.28889504],[42.45018164,-73.28889504]],"friends":[1,2,3,4]}