{"messages":["I swear niggas think I'm heartless.","I can't.","I swear niggas think I'm heartless.","I can't.","I swear niggas think I'm heartless.","I can't."],"messages_no":6,"bad_words":[],"bad_words_no":3,"weight":0,"location":[[39.06214353,-76.87555357],[39.06209049,-76.87557405],[39.06214353,-76.87555357],[39.06209049,-76.87557405],[39.06214353,-76.87555357],[39.06209049,-76.87557405]],"friends":[1,2,3,4]}