{"messages":["THIS IS MY JAM","Can't wait to live by the beach \u2600\ufe0f\ud83c\udf0a","THIS IS MY JAM","Can't wait to live by the beach \u2600\ufe0f\ud83c\udf0a","I really should get my stuff together for tomorrow.. but I'm lazy","THIS IS MY JAM","Can't wait to live by the beach \u2600\ufe0f\ud83c\udf0a"],"messages_no":7,"bad_words":[],"bad_words_no":0,"weight":0,"location":[[28.42051024,-82.54007441],[28.42048935,-82.54001268],[28.42051024,-82.54007441],[28.42048935,-82.54001268],[28.42049914,-82.54001404],[28.42051024,-82.54007441],[28.42048935,-82.54001268]],"friends":[1,2,3,4]}