{"messages":["Have a feeling Oomf is a freak","Welp.. Back to work!","Have a feeling Oomf is a freak","Welp.. Back to work!","Welp.. Back to work!"],"messages_no":5,"bad_words":[],"bad_words_no":0,"weight":0,"location":[35.47753736,-97.65827084,35.46217408,-97.64819375,35.47753736,-97.65827084,35.46217408,-97.64819375,35.46217408,-97.64819375]}