{"messages":["I love you.","I love you.","I love you."],"messages_no":3,"bad_words":[],"bad_words_no":0,"weight":0,"location":[[41.19535868,-96.13957769],[41.19535868,-96.13957769],[41.19535868,-96.13957769]],"friends":[1,2,3,4]}