{"messages":["@jocey_trinh snap me back or face consequences","@jocey_trinh snap me back or face consequences","never take the people you love for granted.","@tkop24 no never","@jocey_trinh snap me back or face consequences","never take the people you love for granted.","@tkop24 no never"],"messages_no":7,"bad_words":[],"bad_words_no":0,"weight":0,"location":[[41.98424382,-80.22844121],[41.98424382,-80.22844121],[41.9843108,-80.22837192],[41.98430784,-80.22837488],[41.98424382,-80.22844121],[41.9843108,-80.22837192],[41.98430784,-80.22837488]],"friends":[1,2,3,4]}