{"messages":["#EsuranceSave30","#EsuranceSave30","#EsuranceSave30"],"messages_no":3,"bad_words":[],"bad_words_no":0,"weight":0,"location":[[43.06510094,-89.40455186],[43.06510094,-89.40455186],[43.06510094,-89.40455186]],"friends":[1,2,3,4]}