{"messages":["Talk soooooo much shit. Likeeee it's really funny. \ud83d\udc81","@_pinkkissess I miss you too man! Frfr","Talk soooooo much shit. Likeeee it's really funny. \ud83d\udc81","@_pinkkissess I miss you too man! Frfr","Ohhhh it almost got real.","Talk soooooo much shit. Likeeee it's really funny. \ud83d\udc81","@_pinkkissess I miss you too man! Frfr"],"messages_no":7,"bad_words":[],"bad_words_no":3,"weight":0,"location":[[32.80188743,-80.10887389],[32.65651627,-80.08833295],[32.80188743,-80.10887389],[32.65651627,-80.08833295],[32.79562808,-79.95017932],[32.80188743,-80.10887389],[32.65651627,-80.08833295]],"friends":[1,2,3,4]}