{"messages":["MKTG 341. 50 minutes from the weekend \ud83c\udf89","MKTG 341. 50 minutes from the weekend \ud83c\udf89","MKTG 341. 50 minutes from the weekend \ud83c\udf89","MKTG 341. 50 minutes from the weekend \ud83c\udf89"],"messages_no":4,"bad_words":[],"bad_words_no":0,"weight":0,"location":[39.39207362,-76.60628609,39.39207362,-76.60628609,39.39207362,-76.60628609,39.39207362,-76.60628609]}