{"messages":["My dog needs dog friends","My dog needs dog friends","My dog needs dog friends","My dog needs dog friends"],"messages_no":4,"bad_words":[],"bad_words_no":0,"weight":0,"location":[34.300064,-118.4435191,34.300064,-118.4435191,34.300064,-118.4435191,34.300064,-118.4435191]}