{"messages":["Legit I want a real life Pluto to be my best friend.","Our lives right now\ud83d\ude02\ud83d\ude02\ud83d\ude02 http:\/\/t.co\/o4wSoer9VL","Had breakfast at Wilderness Camp Grounds!","Legit I want a real life Pluto to be my best friend.","Our lives right now\ud83d\ude02\ud83d\ude02\ud83d\ude02 http:\/\/t.co\/o4wSoer9VL","Had breakfast at Wilderness Camp Grounds!","Legit I want a real life Pluto to be my best friend.","Our lives right now\ud83d\ude02\ud83d\ude02\ud83d\ude02 http:\/\/t.co\/o4wSoer9VL","Had breakfast at Wilderness Camp Grounds!"],"messages_no":9,"bad_words":[],"bad_words_no":0,"weight":0,"location":[[28.36992674,-81.50298084],[28.37057099,-81.50138712],[28.370422,-81.50135854],[28.36992674,-81.50298084],[28.37057099,-81.50138712],[28.370422,-81.50135854],[28.36992674,-81.50298084],[28.37057099,-81.50138712],[28.370422,-81.50135854]],"friends":[1,2,3,4]}