{"messages":["@Sexii_Blaque14 go eat","\u201c@OhMyMorgan_: i'm finna put this phone down and listen to \"doing it wrong\" by drake. #flappybird\u201d \ud83d\udc80","\u201c@mizzdanie92: Y'all need to see Don Jon.\u201d -Mac sound goes off-","A good friend told me I should show people I care more...","@Sexii_Blaque14 go eat","@Sexii_Blaque14 go eat","\u201c@OhMyMorgan_: i'm finna put this phone down and listen to \"doing it wrong\" by drake. #flappybird\u201d \ud83d\udc80","\u201c@OhMyMorgan_: i'm finna put this phone down and listen to \"doing it wrong\" by drake. #flappybird\u201d \ud83d\udc80","\u201c@mizzdanie92: Y'all need to see Don Jon.\u201d -Mac sound goes off-","\u201c@mizzdanie92: Y'all need to see Don Jon.\u201d -Mac sound goes off-","A good friend told me I should show people I care more..."],"messages_no":11,"bad_words":[],"bad_words_no":0,"weight":0,"location":[32.60362209,-85.48717148,32.56940088,-85.50404325,32.56963293,-85.50393576,32.56931577,-85.50411226,32.60362209,-85.48717148,32.60362209,-85.48717148,32.56940088,-85.50404325,32.56940088,-85.50404325,32.56963293,-85.50393576,32.56963293,-85.50393576,32.56931577,-85.50411226]}