{"messages":["not my fault guys, blame tyler","tonight should be fun \ud83d\udc4c","not my fault guys, blame tyler","tonight should be fun \ud83d\udc4c","@bring_the_heet thank you!\ud83d\ude01","not my fault guys, blame tyler","tonight should be fun \ud83d\udc4c","@bring_the_heet thank you!\ud83d\ude01"],"messages_no":8,"bad_words":[],"bad_words_no":0,"weight":0,"location":[[41.69275226,-87.72774736],[41.69265364,-87.72758005],[41.69275226,-87.72774736],[41.69265364,-87.72758005],[41.69894997,-87.75839959],[41.69275226,-87.72774736],[41.69265364,-87.72758005],[41.69894997,-87.75839959]],"friends":[1,2,3,4]}