{"messages":["Goodness, weekends without football are gonna suck \ud83d\ude1e","Goodness, weekends without football are gonna suck \ud83d\ude1e","Happy birthday @ErichErdman24 \ud83d\ude1b\ud83c\udf89","Goodness, weekends without football are gonna suck \ud83d\ude1e","Happy birthday @ErichErdman24 \ud83d\ude1b\ud83c\udf89"],"messages_no":5,"bad_words":[],"bad_words_no":0,"weight":0,"location":[[43.09564966,-93.60861844],[43.09564966,-93.60861844],[43.0953314,-93.60830174],[43.09564966,-93.60861844],[43.0953314,-93.60830174]],"friends":[1,2,3,4]}