{"messages":["Milk increases ur chances of gettin cancer","Gimme my space","Milk increases ur chances of gettin cancer","Gimme my space","What's my skim complexion?","It's raining baby making weather \ud83d\ude48","#1omf wanna cuddle &amp; watch movies I told her I got A.D.D","Milk increases ur chances of gettin cancer","Gimme my space"],"messages_no":9,"bad_words":[],"bad_words_no":0,"weight":0,"location":[[29.9413908,-90.052908],[29.9413964,-90.052894],[29.9413908,-90.052908],[29.9413964,-90.052894],[29.9413959,-90.0528576],[29.9433812,-90.0765517],[29.9413919,-90.0528585],[29.9413908,-90.052908],[29.9413964,-90.052894]],"friends":[1,2,3,4]}