{"messages":["All I need in life is in AST!!!!!","All I need in life is in AST!!!!!","All I need in life is in AST!!!!!"],"messages_no":3,"bad_words":[],"bad_words_no":0,"weight":0,"location":[39.48611513,-88.17630656,39.48611513,-88.17630656,39.48611513,-88.17630656]}