{"messages":["Why not me? #EsuranceSave30","Why not me? #EsuranceSave30","Why not me? #EsuranceSave30"],"messages_no":3,"bad_words":[],"bad_words_no":0,"weight":0,"location":[[40.72258422,-73.98840568],[40.72258422,-73.98840568],[40.72258422,-73.98840568]],"friends":[1,2,3,4]}