{"messages":["Your coool","Your coool","One mans trash is another treasure; one mans pain is another mans pleasure","Your coool","One mans trash is another treasure; one mans pain is another mans pleasure"],"messages_no":5,"bad_words":[],"bad_words_no":0,"weight":0,"location":[[33.76387167,-117.99300875],[33.76387167,-117.99300875],[33.76398424,-117.99303683],[33.76387167,-117.99300875],[33.76398424,-117.99303683]],"friends":[1,2,3,4]}