{"messages":["Nap time before work \ud83d\ude0c","Nap time before work \ud83d\ude0c","Nap time before work \ud83d\ude0c","Nap time before work \ud83d\ude0c"],"messages_no":4,"bad_words":[],"bad_words_no":0,"weight":0,"location":[44.85290993,-93.26963528,44.85290993,-93.26963528,44.85290993,-93.26963528,44.85290993,-93.26963528]}