{"messages":["I'm runnin om fumesssss \ud83d\ude2a","@kibaby_love jennifers ab to slap a hoe","I'm runnin om fumesssss \ud83d\ude2a","@kibaby_love jennifers ab to slap a hoe","I'm runnin om fumesssss \ud83d\ude2a","@kibaby_love jennifers ab to slap a hoe","I'm runnin om fumesssss \ud83d\ude2a","@kibaby_love jennifers ab to slap a hoe"],"messages_no":8,"bad_words":[],"bad_words_no":0,"weight":0,"location":[34.9204119,-81.9940256,34.9274623,-81.9885201,34.9204119,-81.9940256,34.9274623,-81.9885201,34.9204119,-81.9940256,34.9274623,-81.9885201,34.9204119,-81.9940256,34.9274623,-81.9885201]}