{"messages":["Getin high n shit","Getin high n shit","Getin high n shit"],"messages_no":3,"bad_words":[],"bad_words_no":3,"weight":0,"location":[[32.46115104,-93.783877],[32.46115104,-93.783877],[32.46115104,-93.783877]],"friends":[1,2,3,4]}