{"messages":["Time to be put on blast","@J_Luv52 miss u buddy","Time to be put on blast","@J_Luv52 miss u buddy","Time to be put on blast","@J_Luv52 miss u buddy"],"messages_no":6,"bad_words":[],"bad_words_no":0,"weight":0,"location":[[41.7495646,-83.6409042],[41.5844696,-83.6679808],[41.7495646,-83.6409042],[41.5844696,-83.6679808],[41.7495646,-83.6409042],[41.5844696,-83.6679808]],"friends":[1,2,3,4]}