{"messages":["Snow coming back","Snow coming back","In class keeping it 1k","Snow coming back"],"messages_no":4,"bad_words":[],"bad_words_no":0,"weight":0,"location":[[33.7578385,-84.3085365],[33.7578385,-84.3085365],[33.7712685,-84.2973848],[33.7578385,-84.3085365]],"friends":[1,2,3,4]}