{"messages":["Spool bored","Lebron for MVP.","Spool bored","Lebron for MVP.","Spool bored","Lebron for MVP."],"messages_no":6,"bad_words":[],"bad_words_no":0,"weight":0,"location":[[39.9276707,-75.1052773],[39.927662,-75.1053224],[39.9276707,-75.1052773],[39.927662,-75.1053224],[39.9276707,-75.1052773],[39.927662,-75.1053224]],"friends":[1,2,3,4]}