{"messages":["I got $70 on Seahawks who wit it ?","I got $70 on Seahawks who wit it ?","I got $70 on Seahawks who wit it ?"],"messages_no":3,"bad_words":[],"bad_words_no":0,"weight":0,"location":[[42.03643072,-87.70843631],[42.03643072,-87.70843631],[42.03643072,-87.70843631]],"friends":[1,2,3,4]}