{"messages":["@Ken_Novak14 I'm so excited \u2764\ufe0f\ud83d\ude0d","@Ken_Novak14 I'm so excited \u2764\ufe0f\ud83d\ude0d","@JessKeener1 haha not you Jess \ud83d\ude18","@Ken_Novak14 I'm so excited \u2764\ufe0f\ud83d\ude0d"],"messages_no":4,"bad_words":[],"bad_words_no":0,"weight":0,"location":[[41.75792407,-81.17631957],[41.75792407,-81.17631957],[41.75827342,-81.17572123],[41.75792407,-81.17631957]],"friends":[1,2,3,4]}