{"messages":["Damn.","Damn.","How come the only way to know how high you get me is to see how far I fall?","Damn."],"messages_no":4,"bad_words":[],"bad_words_no":0,"weight":0,"location":[[32.3330013,-83.5551505],[32.3330013,-83.5551505],[32.3330613,-83.5553207],[32.3330013,-83.5551505]],"friends":[1,2,3,4]}