{"messages":["@SamanthaJo that would be good","@SamanthaJo that would be good","@jcao2017 thanks man","@SamanthaJo that would be good"],"messages_no":4,"bad_words":[],"bad_words_no":0,"weight":0,"location":[[42.00182698,-93.60254931],[42.00182698,-93.60254931],[42.00181708,-93.60253486],[42.00182698,-93.60254931]],"friends":[1,2,3,4]}