{"messages":["Can't stop. Won't stop.","Can't stop. Won't stop.","Can't stop. Won't stop."],"messages_no":3,"bad_words":[],"bad_words_no":0,"weight":0,"location":[[42.41230456,-124.42132271],[42.41230456,-124.42132271],[42.41230456,-124.42132271]],"friends":[1,2,3,4]}