{"messages":["Ofcoarse Alicia caught it..  lol t","Should stay off of twitter now,  hahah","Ofcoarse Alicia caught it..  lol t","Should stay off of twitter now,  hahah","Ofcoarse Alicia caught it..  lol t","Should stay off of twitter now,  hahah"],"messages_no":6,"bad_words":[],"bad_words_no":3,"weight":0,"location":[[39.1109488,-94.5442541],[39.1183961,-94.664505],[39.1109488,-94.5442541],[39.1183961,-94.664505],[39.1109488,-94.5442541],[39.1183961,-94.664505]],"friends":[1,2,3,4]}