{"messages":["I LOVE HIM @YungDopeMf &lt;3","I LOVE HIM @YungDopeMf &lt;3","I LOVE HIM @YungDopeMf &lt;3","I LOVE HIM @YungDopeMf &lt;3"],"messages_no":4,"bad_words":[],"bad_words_no":0,"weight":0,"location":[35.49468807,-97.62153354,35.49468807,-97.62153354,35.49468807,-97.62153354,35.49468807,-97.62153354]}