{"messages":["yup I'm n that kind of mood","yup I'm n that kind of mood","yup I'm n that kind of mood"],"messages_no":3,"bad_words":[],"bad_words_no":0,"weight":0,"location":[[35.47885112,-97.4014037],[35.47885112,-97.4014037],[35.47885112,-97.4014037]],"friends":[1,2,3,4]}