{"messages":["This is for you, Jim #EsuranceSave30","This is for you, Jim #EsuranceSave30","This is for you, Jim #EsuranceSave30"],"messages_no":3,"bad_words":[],"bad_words_no":0,"weight":0,"location":[[43.48436423,-96.73138267],[43.48436423,-96.73138267],[43.48436423,-96.73138267]],"friends":[1,2,3,4]}