{"messages":["\u201c@jadaaaj: feel less stressed \ud83d\ude0c\u201dgot some dick huh..\ud83d\ude02\ud83d\ude02","wonder what time the nailshop open..","\u201c@jadaaaj: feel less stressed \ud83d\ude0c\u201dgot some dick huh..\ud83d\ude02\ud83d\ude02","wonder what time the nailshop open..","good mood \ud83d\ude0c\u2728","\u201c@jadaaaj: feel less stressed \ud83d\ude0c\u201dgot some dick huh..\ud83d\ude02\ud83d\ude02","wonder what time the nailshop open.."],"messages_no":7,"bad_words":[],"bad_words_no":3,"weight":0,"location":[[29.84259357,-90.10858102],[29.84261277,-90.1085666],[29.84259357,-90.10858102],[29.84261277,-90.1085666],[29.88061142,-90.09157461],[29.84259357,-90.10858102],[29.84261277,-90.1085666]],"friends":[1,2,3,4]}