{"messages":["Go home Denver \ud83d\ude02","Go home Denver \ud83d\ude02","Go home Denver \ud83d\ude02"],"messages_no":3,"bad_words":[],"bad_words_no":0,"weight":0,"location":[[36.41800383,-95.64934616],[36.41800383,-95.64934616],[36.41800383,-95.64934616]],"friends":[1,2,3,4]}