{"messages":["Finally in gonzales\ud83d\ude0f","Finally in gonzales\ud83d\ude0f","Finally in gonzales\ud83d\ude0f"],"messages_no":3,"bad_words":[],"bad_words_no":0,"weight":0,"location":[[30.21109255,-90.92046816],[30.21109255,-90.92046816],[30.21109255,-90.92046816]],"friends":[1,2,3,4]}