{"messages":["Here we go!","Here we go!","Here we go!"],"messages_no":3,"bad_words":[],"bad_words_no":0,"weight":0,"location":[[42.08813323,-79.2645286],[42.08813323,-79.2645286],[42.08813323,-79.2645286]],"friends":[1,2,3,4]}