{"messages":["Too damn lazy to get ready.","Too damn lazy to get ready.","Too damn lazy to get ready."],"messages_no":3,"bad_words":[],"bad_words_no":3,"weight":0,"location":[[37.80823909,-121.30399112],[37.80823909,-121.30399112],[37.80823909,-121.30399112]],"friends":[1,2,3,4]}