{"messages":["@shizukesa_ yes please","@shizukesa_ yes please","@shizukesa_ yes please"],"messages_no":3,"bad_words":[],"bad_words_no":3,"weight":0,"location":[[42.28041776,-85.61228466],[42.28041776,-85.61228466],[42.28041776,-85.61228466]],"friends":[1,2,3,4]}