{"messages":["Bar crawling to the max","Bar crawling to the max","Bar crawling to the max","Bar crawling to the max"],"messages_no":4,"bad_words":[],"bad_words_no":0,"weight":0,"location":[33.49976784,-111.92301426,33.49976784,-111.92301426,33.49976784,-111.92301426,33.49976784,-111.92301426]}