{"messages":["I'm gone wat abt u..?","I'm gone wat abt u..?","I'm gone wat abt u..?"],"messages_no":3,"bad_words":[],"bad_words_no":0,"weight":0,"location":[[30.2512347,-81.5366025],[30.2512347,-81.5366025],[30.2512347,-81.5366025]],"friends":[1,2,3,4]}