{"messages":["LMAO WTF #pistachio","LMAO WTF #pistachio","LMAO WTF #pistachio"],"messages_no":3,"bad_words":[],"bad_words_no":0,"weight":0,"location":[[34.0682904,-117.9848289],[34.0682904,-117.9848289],[34.0682904,-117.9848289]],"friends":[1,2,3,4]}