{"messages":["My room is covvvvvered in starburst wrappers \ud83d\ude2c","I'm never leaving my bed","My room is covvvvvered in starburst wrappers \ud83d\ude2c","I'm never leaving my bed","I wonder where she's at, how she's doing","My room is covvvvvered in starburst wrappers \ud83d\ude2c","I'm never leaving my bed"],"messages_no":7,"bad_words":[],"bad_words_no":0,"weight":0,"location":[[41.65637068,-87.72913382],[41.65628151,-87.72931157],[41.65637068,-87.72913382],[41.65628151,-87.72931157],[41.65625183,-87.72935727],[41.65637068,-87.72913382],[41.65628151,-87.72931157]],"friends":[1,2,3,4]}