{"messages":["Trick daddy- I'm a thug","I think I'm about to go to sleep..","Trick daddy- I'm a thug","I think I'm about to go to sleep..","Trick daddy- I'm a thug","I think I'm about to go to sleep.."],"messages_no":6,"bad_words":[],"bad_words_no":0,"weight":0,"location":[[35.69069271,-80.48345041],[35.69068433,-80.48346101],[35.69069271,-80.48345041],[35.69068433,-80.48346101],[35.69069271,-80.48345041],[35.69068433,-80.48346101]],"friends":[1,2,3,4]}