{"messages":["Someone should Dm me.","Someone should Dm me.","Someone should Dm me."],"messages_no":3,"bad_words":[],"bad_words_no":0,"weight":0,"location":[[42.10375182,-79.24174367],[42.10375182,-79.24174367],[42.10375182,-79.24174367]],"friends":[1,2,3,4]}