{"messages":["crying.","just stay tf away from mines .","crying."],"messages_no":3,"bad_words":[],"bad_words_no":0,"weight":0,"location":[26.6730446,-81.60480543,26.67298619,-81.60494805,26.6730446,-81.60480543]}