{"messages":["Ugh late to my appt","Ugh late to my appt","Watching Lone Survivor again","Ugh late to my appt"],"messages_no":4,"bad_words":[],"bad_words_no":0,"weight":0,"location":[[25.74208548,-80.29393381],[25.74208548,-80.29393381],[25.78945717,-80.22667509],[25.74208548,-80.29393381]],"friends":[1,2,3,4]}