{"messages":["This is dumb as fuck lol","This is dumb as fuck lol","This is dumb as fuck lol"],"messages_no":3,"bad_words":[],"bad_words_no":3,"weight":0,"location":[[37.81693072,-85.46626815],[37.81693072,-85.46626815],[37.81693072,-85.46626815]],"friends":[1,2,3,4]}