{"messages":["Rally Was Cool Today At School \ud83d\udc4c","Rally Was Cool Today At School \ud83d\udc4c","Rally Was Cool Today At School \ud83d\udc4c"],"messages_no":3,"bad_words":[],"bad_words_no":0,"weight":0,"location":[[34.09769652,-117.66043593],[34.09769652,-117.66043593],[34.09769652,-117.66043593]],"friends":[1,2,3,4]}