{"messages":["@sayyes2drugs_ you comin??","@sayyes2drugs_ you comin??","@sayyes2drugs_ you comin??"],"messages_no":3,"bad_words":[],"bad_words_no":0,"weight":0,"location":[[35.05402406,-85.24160849],[35.05402406,-85.24160849],[35.05402406,-85.24160849]],"friends":[1,2,3,4]}