{"messages":["Throwback slow jamz \ud83d\ude0c\ud83d\ude4c","This song has been on repeat all day and night ..... All the time - Jeremiah \ud83d\ude0c\ud83c\udfa7","Throwback slow jamz \ud83d\ude0c\ud83d\ude4c","This song has been on repeat all day and night ..... All the time - Jeremiah \ud83d\ude0c\ud83c\udfa7","Lol he is mad at me cause last night \ud83d\ude02 sooo haha I had fun","Throwback slow jamz \ud83d\ude0c\ud83d\ude4c","This song has been on repeat all day and night ..... All the time - Jeremiah \ud83d\ude0c\ud83c\udfa7","Throwback slow jamz \ud83d\ude0c\ud83d\ude4c","This song has been on repeat all day and night ..... All the time - Jeremiah \ud83d\ude0c\ud83c\udfa7"],"messages_no":9,"bad_words":[],"bad_words_no":0,"weight":0,"location":[32.70201139,-96.99183175,32.70198903,-96.99173712,32.70201139,-96.99183175,32.70198903,-96.99173712,32.7021929,-97.01986499,32.70201139,-96.99183175,32.70198903,-96.99173712,32.70201139,-96.99183175,32.70198903,-96.99173712]}