{"messages":["Dude was like one lol","Dude was like one lol","Feels good to be up and early with the proper rest of course lol","Dude was like one lol"],"messages_no":4,"bad_words":[],"bad_words_no":0,"weight":0,"location":[[38.95294636,-76.95474822],[38.95294636,-76.95474822],[38.96854312,-76.83721357],[38.95294636,-76.95474822]],"friends":[1,2,3,4]}