{"messages":["Cousin make dozens\ud83d\ude1b\ud83d\ude1b\ud83d\ude39\ud83d\ude39","Moss tonight thoe man\ud83d\ude39","Cousin make dozens\ud83d\ude1b\ud83d\ude1b\ud83d\ude39\ud83d\ude39","Cousin make dozens\ud83d\ude1b\ud83d\ude1b\ud83d\ude39\ud83d\ude39","Moss tonight thoe man\ud83d\ude39"],"messages_no":5,"bad_words":[],"bad_words_no":0,"weight":0,"location":[30.10661007,-90.94189818,30.1065689,-90.94201264,30.10661007,-90.94189818,30.10661007,-90.94189818,30.1065689,-90.94201264]}