{"messages":["This was a bad decision.","This was a bad decision.","This was a bad decision."],"messages_no":3,"bad_words":[],"bad_words_no":0,"weight":0,"location":[47.37265992,-122.03735179,47.37265992,-122.03735179,47.37265992,-122.03735179]}