{"messages":["Once i get my haircut i'll feel cute again\ud83d\ude05","Once i get my haircut i'll feel cute again\ud83d\ude05","@dgomez_07 would diego like some hookah?","Once i get my haircut i'll feel cute again\ud83d\ude05"],"messages_no":4,"bad_words":[],"bad_words_no":0,"weight":0,"location":[[40.93816706,-73.89332464],[40.93816706,-73.89332464],[40.93794848,-73.89358559],[40.93816706,-73.89332464]],"friends":[1,2,3,4]}