{"messages":["Holy ass.","Holy ass.","Holy ass."],"messages_no":3,"bad_words":[],"bad_words_no":0,"weight":0,"location":[[45.48294255,-122.4249636],[45.48294255,-122.4249636],[45.48294255,-122.4249636]],"friends":[1,2,3,4]}