{"messages":["Stupid play","Stupid play"],"messages_no":2,"bad_words":[],"bad_words_no":0,"weight":0,"location":[33.57138709,-84.51432071,33.57138709,-84.51432071]}