{"messages":["Freak joint","Freak joint","Freak joint"],"messages_no":3,"bad_words":[],"bad_words_no":0,"weight":0,"location":[[40.8271027,-73.9101091],[40.8271027,-73.9101091],[40.8271027,-73.9101091]],"friends":[1,2,3,4]}