{"messages":["Wind dey","Wind dey","Wind dey"],"messages_no":3,"bad_words":[],"bad_words_no":0,"weight":0,"location":[[30.51198222,-97.72710185],[30.51198222,-97.72710185],[30.51198222,-97.72710185]],"friends":[1,2,3,4]}