{"messages":["In a yoga kinda mood..\ud83d\ude0c","In a yoga kinda mood..\ud83d\ude0c","In a yoga kinda mood..\ud83d\ude0c"],"messages_no":3,"bad_words":[],"bad_words_no":0,"weight":0,"location":[[39.31663028,-84.24400464],[39.31663028,-84.24400464],[39.31663028,-84.24400464]],"friends":[1,2,3,4]}