{"messages":["My head rn&lt;","My head rn&lt;"],"messages_no":2,"bad_words":[],"bad_words_no":0,"weight":0,"location":[33.38860054,-111.80624278,33.38860054,-111.80624278]}