{"messages":["Oh goodness. I feel sick.","Lol Tim Tebow","Oh goodness. I feel sick.","Lol Tim Tebow","Oh goodness. I feel sick.","Lol Tim Tebow"],"messages_no":6,"bad_words":[],"bad_words_no":0,"weight":0,"location":[[40.42848476,-104.78200915],[40.42848436,-104.78192403],[40.42848476,-104.78200915],[40.42848436,-104.78192403],[40.42848476,-104.78200915],[40.42848436,-104.78192403]],"friends":[1,2,3,4]}