{"messages":["Jerk face!","Jerk face!","Jerk face!"],"messages_no":3,"bad_words":[],"bad_words_no":0,"weight":0,"location":[[34.6818935,-92.3310054],[34.6818935,-92.3310054],[34.6818935,-92.3310054]],"friends":[1,2,3,4]}