{"messages":["I miss you.","I miss you.","I miss you."],"messages_no":3,"bad_words":[],"bad_words_no":0,"weight":0,"location":[[42.0176113,-93.6663175],[42.0176113,-93.6663175],[42.0176113,-93.6663175]],"friends":[1,2,3,4]}