{"messages":["#bored at college","#bored at college","#bored at college"],"messages_no":3,"bad_words":[],"bad_words_no":0,"weight":0,"location":[[38.94236605,-92.32964072],[38.94236605,-92.32964072],[38.94236605,-92.32964072]],"friends":[1,2,3,4]}