{"messages":["I'm so excited to see Stephanie \ud83d\ude04","I'm so excited to see Stephanie \ud83d\ude04","I'm so excited to see Stephanie \ud83d\ude04"],"messages_no":3,"bad_words":[],"bad_words_no":0,"weight":0,"location":[41.70930132,-72.73663518,41.70930132,-72.73663518,41.70930132,-72.73663518]}