{"messages":["Feelin' sum typa wayyyyyy","Feelin' sum typa wayyyyyy","Feelin' sum typa wayyyyyy"],"messages_no":3,"bad_words":[],"bad_words_no":0,"weight":0,"location":[38.77140742,-93.73414063,38.77140742,-93.73414063,38.77140742,-93.73414063]}