{"messages":["I love how people are nowadays. \ud83d\ude02","I love how people are nowadays. \ud83d\ude02","I love how people are nowadays. \ud83d\ude02"],"messages_no":3,"bad_words":[],"bad_words_no":0,"weight":0,"location":[[39.86878176,-82.80283085],[39.86878176,-82.80283085],[39.86878176,-82.80283085]],"friends":[1,2,3,4]}