{"messages":["@diaz_karina692 2 more days love (:","@diaz_karina692 2 more days love (:","@diaz_karina692 2 more days love (:","@diaz_karina692 2 more days love (:"],"messages_no":4,"bad_words":[],"bad_words_no":0,"weight":0,"location":[41.52548792,-88.11334465,41.52548792,-88.11334465,41.52548792,-88.11334465,41.52548792,-88.11334465]}