{"messages":["Alright I\u2019ll bite #EsuranceSave30","Alright I\u2019ll bite #EsuranceSave30","Alright I\u2019ll bite #EsuranceSave30"],"messages_no":3,"bad_words":[],"bad_words_no":0,"weight":0,"location":[[40.78772925,-73.95317867],[40.78772925,-73.95317867],[40.78772925,-73.95317867]],"friends":[1,2,3,4]}