{"messages":["No one has opened my snaps \ud83d\ude2a","No one has opened my snaps \ud83d\ude2a","No one has opened my snaps \ud83d\ude2a"],"messages_no":3,"bad_words":[],"bad_words_no":0,"weight":0,"location":[34.02070845,-117.68187913,34.02070845,-117.68187913,34.02070845,-117.68187913]}