{"messages":["No one has opened my snaps \ud83d\ude2a","No one has opened my snaps \ud83d\ude2a","There was an earthquake ?","No one has opened my snaps \ud83d\ude2a","There was an earthquake ?"],"messages_no":5,"bad_words":[],"bad_words_no":0,"weight":0,"location":[[34.02070845,-117.68187913],[34.02070845,-117.68187913],[34.02071766,-117.68186839],[34.02070845,-117.68187913],[34.02071766,-117.68186839]],"friends":[1,2,3,4]}