{"messages":["Come play pong..","Come play pong..","Come play pong.."],"messages_no":3,"bad_words":[],"bad_words_no":0,"weight":0,"location":[[33.41768964,-111.74189076],[33.41768964,-111.74189076],[33.41768964,-111.74189076]],"friends":[1,2,3,4]}