{"messages":["Best commercial blew my mind","Best commercial blew my mind","Best commercial blew my mind"],"messages_no":3,"bad_words":[],"bad_words_no":0,"weight":0,"location":[[40.79592621,-77.85172971],[40.79592621,-77.85172971],[40.79592621,-77.85172971]],"friends":[1,2,3,4]}