{"messages":["\u201c@KGTrashTalk: Wiggins still y'all #1 pick or what..\u201d Yes","Transformers tho!!!!","\u201c@KGTrashTalk: Wiggins still y'all #1 pick or what..\u201d Yes","\u201c@KGTrashTalk: Wiggins still y'all #1 pick or what..\u201d Yes"],"messages_no":4,"bad_words":[],"bad_words_no":0,"weight":0,"location":[30.306405,-81.70052348,30.16264447,-81.75700022,30.306405,-81.70052348,30.306405,-81.70052348]}