{"messages":["I mean that wasnt even clever wtf","Omfg they scored","I mean that wasnt even clever wtf","Omfg they scored","I mean that wasnt even clever wtf","Omfg they scored"],"messages_no":6,"bad_words":[],"bad_words_no":0,"weight":0,"location":[[42.8558438,-87.9058871],[42.8558326,-87.9058976],[42.8558438,-87.9058871],[42.8558326,-87.9058976],[42.8558438,-87.9058871],[42.8558326,-87.9058976]],"friends":[1,2,3,4]}