{"messages":["@hunterrrknight hates me y'all.","My dog hates me.","Obsessing over my finger nails"],"messages_no":3,"bad_words":[],"bad_words_no":0,"weight":0,"location":[[34.3416475,-89.66925305],[34.34164427,-89.66925659],[34.34169087,-89.66917114]]}