{"messages":["Hold uppp \ud83d\ude02\ud83d\ude02\ud83d\ude02\ud83d\ude02\ud83d\ude02\ud83d\ude02 let me make a phone call","Hold uppp \ud83d\ude02\ud83d\ude02\ud83d\ude02\ud83d\ude02\ud83d\ude02\ud83d\ude02 let me make a phone call"],"messages_no":2,"bad_words":[],"bad_words_no":0,"weight":0,"location":[25.9961228,-80.2824393,25.9961228,-80.2824393]}