{"messages":["Uglu ass http:\/\/t.co\/1j8vCLYyzs","LMFAOOOOOOOO TIM TEBOW","That Jag","Uglu ass http:\/\/t.co\/1j8vCLYyzs"],"messages_no":4,"bad_words":[],"bad_words_no":0,"weight":0,"location":[38.7121217,-77.20116583,38.71233883,-77.20117092,38.71238606,-77.20117319,38.7121217,-77.20116583]}