{"messages":["@ColbeeJaree i want it back","@ColbeeJaree i want it back","@ColbeeJaree i want it back"],"messages_no":3,"bad_words":[],"bad_words_no":0,"weight":0,"location":[[41.75128346,-87.71839248],[41.75128346,-87.71839248],[41.75128346,-87.71839248]],"friends":[1,2,3,4]}