{"messages":["I NEED a heated blanket...","I NEED a heated blanket...","@TGierczic what?\ud83d\ude33","I NEED a heated blanket..."],"messages_no":4,"bad_words":[],"bad_words_no":0,"weight":0,"location":[[36.18808051,-115.31876908],[36.18808051,-115.31876908],[36.18808697,-115.31878836],[36.18808051,-115.31876908]],"friends":[1,2,3,4]}