{"messages":["What is life lol","What is life lol","What is life lol","What is life lol"],"messages_no":4,"bad_words":[],"bad_words_no":0,"weight":0,"location":[36.59512581,-119.75543531,36.59512581,-119.75543531,36.59512581,-119.75543531,36.59512581,-119.75543531]}