{"messages":["I need to let off a load.","I need to let off a load.","Does any girl at school find me attractive?","I need to let off a load."],"messages_no":4,"bad_words":[],"bad_words_no":0,"weight":0,"location":[[35.1090097,-106.7057978],[35.1090097,-106.7057978],[35.128967,-106.5330185],[35.1090097,-106.7057978]],"friends":[1,2,3,4]}