{"messages":["#EsuranceSave30 I wanna win!!!!","#EsuranceSave30 I wanna win!!!!","#EsuranceSave30 I wanna win!!!!"],"messages_no":3,"bad_words":[],"bad_words_no":0,"weight":0,"location":[[33.47965249,-117.60642878],[33.47965249,-117.60642878],[33.47965249,-117.60642878]],"friends":[1,2,3,4]}