{"messages":["Why mom why","Why mom why","Why mom why","Why mom why"],"messages_no":4,"bad_words":[],"bad_words_no":0,"weight":0,"location":[42.22495095,-84.15042614,42.22495095,-84.15042614,42.22495095,-84.15042614,42.22495095,-84.15042614]}