{"messages":["Why mom why","Why mom why","#EsuranceSave30","Why mom why","#EsuranceSave30"],"messages_no":5,"bad_words":[],"bad_words_no":0,"weight":0,"location":[[42.22495095,-84.15042614],[42.22495095,-84.15042614],[42.22488209,-84.15048516],[42.22495095,-84.15042614],[42.22488209,-84.15048516]],"friends":[1,2,3,4]}