{"messages":["@em_dunc oh I see.  Why not?","@em_dunc oh I see.  Why not?","@em_dunc oh I see.  Why not?"],"messages_no":3,"bad_words":[],"bad_words_no":0,"weight":0,"location":[[39.12653541,-84.50376372],[39.12653541,-84.50376372],[39.12653541,-84.50376372]],"friends":[1,2,3,4]}