{"messages":["@Carcar2014 you're welcome bud (:","Ok I'll stop now","@Carcar2014 you're welcome bud (:","@Carcar2014 you're welcome bud (:","Ok I'll stop now"],"messages_no":5,"bad_words":[],"bad_words_no":0,"weight":0,"location":[32.7199471,-96.8760676,32.8391604,-97.128822,32.7199471,-96.8760676,32.7199471,-96.8760676,32.8391604,-97.128822]}