{"messages":["Mmmmmm can't wait for Pilates LOLZ","Mmmmmm can't wait for Pilates LOLZ","Mmmmmm can't wait for Pilates LOLZ","Mmmmmm can't wait for Pilates LOLZ"],"messages_no":4,"bad_words":[],"bad_words_no":0,"weight":0,"location":[41.74088669,-93.67661812,41.74088669,-93.67661812,41.74088669,-93.67661812,41.74088669,-93.67661812]}