{"messages":["@_buckie right!","@_buckie right!"],"messages_no":2,"bad_words":[],"bad_words_no":0,"weight":0,"location":[39.98845755,-75.18501177,39.98845755,-75.18501177]}