{"messages":["Puppy Bowl &gt; Super Bowl","Puppy Bowl &gt; Super Bowl","Puppy Bowl &gt; Super Bowl"],"messages_no":3,"bad_words":[],"bad_words_no":0,"weight":0,"location":[[30.22763853,-92.01742075],[30.22763853,-92.01742075],[30.22763853,-92.01742075]],"friends":[1,2,3,4]}