{"messages":["Fuck yeah just 10 more days \ud83d\ude4f\ud83d\ude4f\ud83d\ude4f\ud83d\ude4f","Finally getting up","Fuck yeah just 10 more days \ud83d\ude4f\ud83d\ude4f\ud83d\ude4f\ud83d\ude4f","Finally getting up","@atabira15 fwm again bitch","@atabira15 should be \ud83d\ude1c","Fuck yeah just 10 more days \ud83d\ude4f\ud83d\ude4f\ud83d\ude4f\ud83d\ude4f","Finally getting up","@atabira15 fwm again bitch","@atabira15 should be \ud83d\ude1c"],"messages_no":10,"bad_words":[],"bad_words_no":5,"weight":0,"location":[[30.17069904,-97.62776428],[30.17071362,-97.62775468],[30.17069904,-97.62776428],[30.17071362,-97.62775468],[30.170717,-97.62788451],[30.1706784,-97.62782886],[30.17069904,-97.62776428],[30.17071362,-97.62775468],[30.170717,-97.62788451],[30.1706784,-97.62782886]],"friends":[1,2,3,4]}