{"messages":["@Rawb_H lmao seriously \ud83d\ude14","@Rawb_H lmao seriously \ud83d\ude14","@Rawb_H lmao seriously \ud83d\ude14"],"messages_no":3,"bad_words":[],"bad_words_no":0,"weight":0,"location":[42.59109815,-71.78700873,42.59109815,-71.78700873,42.59109815,-71.78700873]}