{"messages":["@liz_2_timezz how :(","Seahawks going ham.. Where's @evanFUNK ? He has to be turnt","@liz_2_timezz how :(","Seahawks going ham.. Where's @evanFUNK ? He has to be turnt","Rt \"@MzTwerk_Em: Everybody STOP &amp; GO Add Me On SNAPCHAT ! -  yo2timezz\"","Hate in my heart, love in my mind.","@liz_2_timezz how :(","Seahawks going ham.. Where's @evanFUNK ? He has to be turnt","Rt \"@MzTwerk_Em: Everybody STOP &amp; GO Add Me On SNAPCHAT ! -  yo2timezz\""],"messages_no":9,"bad_words":[],"bad_words_no":0,"weight":0,"location":[[40.11376177,-88.22894073],[40.09994728,-88.22010127],[40.11376177,-88.22894073],[40.09994728,-88.22010127],[40.10014543,-88.22053477],[40.10021936,-88.22068843],[40.11376177,-88.22894073],[40.09994728,-88.22010127],[40.10014543,-88.22053477]],"friends":[1,2,3,4]}