{"messages":["@ShampriLeshaun_ jumpity jump that booty..... I fwu tho you cool as shit","I hate being cold ...","@_NormalNot I feel you I'm the same way. \ud83d\ude14","@ShampriLeshaun_ jumpity jump that booty..... I fwu tho you cool as shit","I hate being cold ...","@_NormalNot I feel you I'm the same way. \ud83d\ude14","@ShampriLeshaun_ jumpity jump that booty..... I fwu tho you cool as shit","I hate being cold ...","@_NormalNot I feel you I'm the same way. \ud83d\ude14"],"messages_no":9,"bad_words":[],"bad_words_no":3,"weight":0,"location":[[36.86144934,-76.21033229],[36.88795446,-76.30157157],[36.88798829,-76.30161474],[36.86144934,-76.21033229],[36.88795446,-76.30157157],[36.88798829,-76.30161474],[36.86144934,-76.21033229],[36.88795446,-76.30157157],[36.88798829,-76.30161474]],"friends":[1,2,3,4]}