{"messages":["Where tf is @__RDash \ud83d\ude29\ud83d\ude02\ud83d\ude02\ud83d\ude02","Where tf is @__RDash \ud83d\ude29\ud83d\ude02\ud83d\ude02\ud83d\ude02","Where tf is @__RDash \ud83d\ude29\ud83d\ude02\ud83d\ude02\ud83d\ude02","Where tf is @__RDash \ud83d\ude29\ud83d\ude02\ud83d\ude02\ud83d\ude02"],"messages_no":4,"bad_words":[],"bad_words_no":0,"weight":0,"location":[40.05508068,-75.09509576,40.05508068,-75.09509576,40.05508068,-75.09509576,40.05508068,-75.09509576]}