{"messages":["Happy 20th @hay_cay","Happy 20th @hay_cay"],"messages_no":2,"bad_words":[],"bad_words_no":0,"weight":0,"location":[35.98315031,-83.89422799,35.98315031,-83.89422799]}