{"messages":["Well I did my part \ud83d\udc81","\u201c@Bballforeverfb: NFL needs to just fuck it and let Kanye do a halftime performance.\u201d If this ever happens\ud83d\udd25\ud83d\udc4c\ud83d\ude4f","Uncle Jessie you sly bastard, I see what you were trying to do","Well I did my part \ud83d\udc81","\u201c@Bballforeverfb: NFL needs to just fuck it and let Kanye do a halftime performance.\u201d If this ever happens\ud83d\udd25\ud83d\udc4c\ud83d\ude4f","Uncle Jessie you sly bastard, I see what you were trying to do","Well I did my part \ud83d\udc81","\u201c@Bballforeverfb: NFL needs to just fuck it and let Kanye do a halftime performance.\u201d If this ever happens\ud83d\udd25\ud83d\udc4c\ud83d\ude4f","Uncle Jessie you sly bastard, I see what you were trying to do"],"messages_no":9,"bad_words":[],"bad_words_no":6,"weight":0,"location":[[33.88429958,-117.73313957],[33.88428945,-117.73308333],[33.88433224,-117.73302638],[33.88429958,-117.73313957],[33.88428945,-117.73308333],[33.88433224,-117.73302638],[33.88429958,-117.73313957],[33.88428945,-117.73308333],[33.88433224,-117.73302638]],"friends":[1,2,3,4]}