{"messages":["OSU Jersey are nice","OSU Jersey are nice","OSU Jersey are nice"],"messages_no":3,"bad_words":[],"bad_words_no":0,"weight":0,"location":[[34.7382663,-86.6470183],[34.7382663,-86.6470183],[34.7382663,-86.6470183]],"friends":[1,2,3,4]}