{"messages":["So tired, today was such a long day","So tired, today was such a long day","There are some ugly people on snapchat","I need to get rid of the red in my hair","So tired, today was such a long day","There are some ugly people on snapchat"],"messages_no":6,"bad_words":[],"bad_words_no":0,"weight":0,"location":[[33.7269492,-112.4405704],[33.7269492,-112.4405704],[33.6345393,-112.4449188],[33.6349046,-112.4451309],[33.7269492,-112.4405704],[33.6345393,-112.4449188]],"friends":[1,2,3,4]}