{"messages":["@danni_grrrl \ud83d\udc95\ud83d\udc97\ud83d\ude18\u2764\ufe0f\ud83d\udc96 so beautiful","@danni_grrrl \ud83d\udc95\ud83d\udc97\ud83d\ude18\u2764\ufe0f\ud83d\udc96 so beautiful","@danni_grrrl \ud83d\udc40\ud83d\ude10\ud83d\ude15oh boy","@danni_grrrl \ud83d\udc95\ud83d\udc97\ud83d\ude18\u2764\ufe0f\ud83d\udc96 so beautiful","@danni_grrrl \ud83d\udc95\ud83d\udc97\ud83d\ude18\u2764\ufe0f\ud83d\udc96 so beautiful","@danni_grrrl \ud83d\udc40\ud83d\ude10\ud83d\ude15oh boy","@danni_grrrl \ud83d\udc40\ud83d\ude10\ud83d\ude15oh boy"],"messages_no":7,"bad_words":[],"bad_words_no":0,"weight":0,"location":[34.25770872,-118.59984965,34.25770872,-118.59984965,34.25605552,-118.5936861,34.25770872,-118.59984965,34.25770872,-118.59984965,34.25605552,-118.5936861,34.25605552,-118.5936861]}