{"messages":["Gonna buy me some ham #esurancesave30","Gonna buy me some ham #esurancesave30","Gonna buy me some ham #esurancesave30"],"messages_no":3,"bad_words":[],"bad_words_no":0,"weight":0,"location":[[33.31490634,-111.90968762],[33.31490634,-111.90968762],[33.31490634,-111.90968762]],"friends":[1,2,3,4]}