{"messages":["#EsuranceSave30","#EsuranceSave30","#EsuranceSave30"],"messages_no":3,"bad_words":[],"bad_words_no":0,"weight":0,"location":[[41.65748183,-91.52814823],[41.65748183,-91.52814823],[41.65748183,-91.52814823]],"friends":[1,2,3,4]}