{"messages":["30 days...","30 days...","30 days..."],"messages_no":3,"bad_words":[],"bad_words_no":0,"weight":0,"location":[[44.90562468,-97.11929018],[44.90562468,-97.11929018],[44.90562468,-97.11929018]],"friends":[1,2,3,4]}