{"messages":["I'm so sad \ud83d\ude15","I'm so sad \ud83d\ude15"],"messages_no":2,"bad_words":[],"bad_words_no":0,"weight":0,"location":[38.8039035,-123.0168963,38.8039035,-123.0168963]}