{"messages":["@loganbdraper love jimmy fallon \ud83d\ude0d\ud83d\ude02","@loganbdraper love jimmy fallon \ud83d\ude0d\ud83d\ude02","@loganbdraper love jimmy fallon \ud83d\ude0d\ud83d\ude02"],"messages_no":3,"bad_words":[],"bad_words_no":0,"weight":0,"location":[[36.01744972,-95.91886347],[36.01744972,-95.91886347],[36.01744972,-95.91886347]],"friends":[1,2,3,4]}