{"messages":["\"Shut your dick trap\" #Archer","\"Shut your dick trap\" #Archer","\"Shut your dick trap\" #Archer","\"Shut your dick trap\" #Archer"],"messages_no":4,"bad_words":[],"bad_words_no":3,"weight":0,"location":[42.74411332,-84.5714325,42.74411332,-84.5714325,42.74411332,-84.5714325,42.74411332,-84.5714325]}