{"messages":["\u201c@madisonjtorres: \u201c@angelicaajuarez: Revenge is the sweetest thing. \ud83d\ude07\u201d\u201d","@idress2_impress you got it ? \u26fd\ufe0f","\u201c@rocky_300: @JustBreatheHoe_ i texted you like an hour ago!! \ud83d\udc19\u201d","But when it falls apart I always stayed down","It is all for you...."],"messages_no":5,"bad_words":[],"bad_words_no":0,"weight":0,"location":[[29.28794804,-94.81110438],[29.2870549,-94.81143102],[29.2818763,-94.82324988],[29.25792481,-94.8459653],[29.25790185,-94.84594099]]}