{"messages":["\u201c@madisonjtorres: \u201c@angelicaajuarez: Revenge is the sweetest thing. \ud83d\ude07\u201d\u201d","@idress2_impress you got it ? \u26fd\ufe0f","\u201c@rocky_300: @JustBreatheHoe_ i texted you like an hour ago!! \ud83d\udc19\u201d","But when it falls apart I always stayed down","It is all for you....","\u201c@madisonjtorres: \u201c@angelicaajuarez: Revenge is the sweetest thing. \ud83d\ude07\u201d\u201d","@idress2_impress you got it ? \u26fd\ufe0f","\u201c@rocky_300: @JustBreatheHoe_ i texted you like an hour ago!! \ud83d\udc19\u201d","But when it falls apart I always stayed down","It is all for you....","shawty yu just so curious.","Let me live","why yu gotta be like that","no I won't take yo girl but I sholl take her tongue from her..","\u201c@madisonjtorres: \u201c@angelicaajuarez: Revenge is the sweetest thing. \ud83d\ude07\u201d\u201d","@idress2_impress you got it ? \u26fd\ufe0f","\u201c@rocky_300: @JustBreatheHoe_ i texted you like an hour ago!! \ud83d\udc19\u201d","But when it falls apart I always stayed down","It is all for you....","shawty yu just so curious.","Let me live","why yu gotta be like that","no I won't take yo girl but I sholl take her tongue from her.."],"messages_no":23,"bad_words":[],"bad_words_no":0,"weight":0,"location":[[29.28794804,-94.81110438],[29.2870549,-94.81143102],[29.2818763,-94.82324988],[29.25792481,-94.8459653],[29.25790185,-94.84594099],[29.28794804,-94.81110438],[29.2870549,-94.81143102],[29.2818763,-94.82324988],[29.25792481,-94.8459653],[29.25790185,-94.84594099],[29.28778646,-94.81209443],[29.28401055,-94.82745672],[29.40039833,-94.93865286],[29.40027648,-94.93867928],[29.28794804,-94.81110438],[29.2870549,-94.81143102],[29.2818763,-94.82324988],[29.25792481,-94.8459653],[29.25790185,-94.84594099],[29.28778646,-94.81209443],[29.28401055,-94.82745672],[29.40039833,-94.93865286],[29.40027648,-94.93867928]],"friends":[1,2,3,4]}