{"messages":["OHHHHHHHH NOOOOO","OHHHHHHHH NOOOOO","I think I know how to spell every word I've ever known since the age of 10","OHHHHHHHH NOOOOO"],"messages_no":4,"bad_words":[],"bad_words_no":0,"weight":0,"location":[[25.9247705,-80.3355781],[25.9247705,-80.3355781],[25.756498,-80.3732871],[25.9247705,-80.3355781]],"friends":[1,2,3,4]}