{"messages":["99: we didn't like each other at first but we're straight now","@keithpoitier youre funny \ud83d\ude02\ud83d\ude02","99: we didn't like each other at first but we're straight now","@keithpoitier youre funny \ud83d\ude02\ud83d\ude02","@JxOfwgkta just said that you cant wash off the taste of balls","Just gonna do me.","99: we didn't like each other at first but we're straight now","@keithpoitier youre funny \ud83d\ude02\ud83d\ude02","@JxOfwgkta just said that you cant wash off the taste of balls"],"messages_no":9,"bad_words":[],"bad_words_no":0,"weight":0,"location":[[41.74604796,-72.58002584],[41.73362903,-72.60308235],[41.74604796,-72.58002584],[41.73362903,-72.60308235],[41.73639758,-72.5721673],[41.73362088,-72.60320257],[41.74604796,-72.58002584],[41.73362903,-72.60308235],[41.73639758,-72.5721673]],"friends":[1,2,3,4]}