{"messages":["Less sex more stress","Less sex more stress","Less sex more stress"],"messages_no":3,"bad_words":[],"bad_words_no":0,"weight":0,"location":[[41.50226508,-81.67555687],[41.50226508,-81.67555687],[41.50226508,-81.67555687]],"friends":[1,2,3,4]}