{"messages":["God bless club day","God bless club day","God bless club day"],"messages_no":3,"bad_words":[],"bad_words_no":0,"weight":0,"location":[[37.57881539,-84.29475666],[37.57881539,-84.29475666],[37.57881539,-84.29475666]],"friends":[1,2,3,4]}