{"messages":["Jeff's really about to win $1000","Jeff's really about to win $1000","Jeff's really about to win $1000"],"messages_no":3,"bad_words":[],"bad_words_no":0,"weight":0,"location":[[39.95941925,-75.60398312],[39.95941925,-75.60398312],[39.95941925,-75.60398312]],"friends":[1,2,3,4]}