{"messages":["I want pancakes lol","I want pancakes lol","I want pancakes lol"],"messages_no":3,"bad_words":[],"bad_words_no":0,"weight":0,"location":[[40.0224925,-75.1510955],[40.0224925,-75.1510955],[40.0224925,-75.1510955]],"friends":[1,2,3,4]}