{"messages":["But I can't afford to buy js lol\ud83d\ude02","But I can't afford to buy js lol\ud83d\ude02","But I can't afford to buy js lol\ud83d\ude02"],"messages_no":3,"bad_words":[],"bad_words_no":0,"weight":0,"location":[43.68205281,-85.48680254,43.68205281,-85.48680254,43.68205281,-85.48680254]}