{"messages":["Like a lick !","Like a lick !","Like a lick !"],"messages_no":3,"bad_words":[],"bad_words_no":0,"weight":0,"location":[[30.10169614,-94.11846086],[30.10169614,-94.11846086],[30.10169614,-94.11846086]],"friends":[1,2,3,4]}