{"messages":["@tonyDAjinks23 Thanks niggah ! (:","@tonyDAjinks23 Thanks niggah ! (:","@tonyDAjinks23 Thanks niggah ! (:"],"messages_no":3,"bad_words":[],"bad_words_no":3,"weight":0,"location":[[37.06644923,-121.21981583],[37.06644923,-121.21981583],[37.06644923,-121.21981583]],"friends":[1,2,3,4]}