{"messages":["Gotta get outta the house...","That chinaman in the background is goin HAM on that piece of gum","Gotta get outta the house...","That chinaman in the background is goin HAM on that piece of gum","I swear the weirdest shit happens to me.","Gotta get outta the house...","That chinaman in the background is goin HAM on that piece of gum"],"messages_no":7,"bad_words":[],"bad_words_no":1,"weight":0,"location":[[43.00395774,-88.22153095],[43.00403161,-88.22157338],[43.00395774,-88.22153095],[43.00403161,-88.22157338],[43.00423642,-88.22807271],[43.00395774,-88.22153095],[43.00403161,-88.22157338]],"friends":[1,2,3,4]}