{"messages":["caramel frapp is on point","Terra's buying like  8 boxes of girl scout cookies. This little girl is a hustler","Lying ass","caramel frapp is on point","Terra's buying like  8 boxes of girl scout cookies. This little girl is a hustler","Lying ass","caramel frapp is on point","Terra's buying like  8 boxes of girl scout cookies. This little girl is a hustler","Lying ass"],"messages_no":9,"bad_words":[],"bad_words_no":0,"weight":0,"location":[[32.7473606,-116.9846902],[32.7439861,-117.0147192],[32.7438793,-117.0161197],[32.7473606,-116.9846902],[32.7439861,-117.0147192],[32.7438793,-117.0161197],[32.7473606,-116.9846902],[32.7439861,-117.0147192],[32.7438793,-117.0161197]],"friends":[1,2,3,4]}