{"messages":["\u201c@dandakich: Give me Fair and Craft...\u201d Lmao","Don't let me down like this Peyton","\u201c@dandakich: Give me Fair and Craft...\u201d Lmao","Don't let me down like this Peyton","\u201c@rockiefresh: focus now shifts to this NBA season\u201d and college basketball but yup","\u201c@dandakich: Give me Fair and Craft...\u201d Lmao","Don't let me down like this Peyton","\u201c@rockiefresh: focus now shifts to this NBA season\u201d and college basketball but yup"],"messages_no":8,"bad_words":[],"bad_words_no":0,"weight":0,"location":[[43.57205416,-84.75273156],[43.57216601,-84.7522273],[43.57205416,-84.75273156],[43.57216601,-84.7522273],[43.57219397,-84.75240416],[43.57205416,-84.75273156],[43.57216601,-84.7522273],[43.57219397,-84.75240416]],"friends":[1,2,3,4]}