{"messages":["Fuck it. Phone off.","Fuck it. Phone off.","Fuck it. Phone off."],"messages_no":3,"bad_words":[],"bad_words_no":3,"weight":0,"location":[[31.85020778,-81.54766764],[31.85020778,-81.54766764],[31.85020778,-81.54766764]],"friends":[1,2,3,4]}