{"messages":["One bad experience ruins it all.","Ayy lmao http:\/\/t.co\/MuAFiaWLBz","And now I'm out of pizza. http:\/\/t.co\/Hnhu578x7s","One bad experience ruins it all.","Ayy lmao http:\/\/t.co\/MuAFiaWLBz","And now I'm out of pizza. http:\/\/t.co\/Hnhu578x7s","One bad experience ruins it all.","Ayy lmao http:\/\/t.co\/MuAFiaWLBz","And now I'm out of pizza. http:\/\/t.co\/Hnhu578x7s"],"messages_no":9,"bad_words":[],"bad_words_no":0,"weight":0,"location":[[38.2690049,-77.57845796],[38.26894186,-77.57878392],[38.2689598,-77.57830638],[38.2690049,-77.57845796],[38.26894186,-77.57878392],[38.2689598,-77.57830638],[38.2690049,-77.57845796],[38.26894186,-77.57878392],[38.2689598,-77.57830638]],"friends":[1,2,3,4]}