{"messages":["Havnt played 2k in forever bout to tear shit up #2k14","Havnt played 2k in forever bout to tear shit up #2k14","Havnt played 2k in forever bout to tear shit up #2k14"],"messages_no":3,"bad_words":[],"bad_words_no":3,"weight":0,"location":[42.32508094,-83.18909365,42.32508094,-83.18909365,42.32508094,-83.18909365]}