{"messages":["Such a good day #happyhappy","Such a good day #happyhappy","Such a good day #happyhappy"],"messages_no":3,"bad_words":[],"bad_words_no":0,"weight":0,"location":[[44.52538073,-89.52921079],[44.52538073,-89.52921079],[44.52538073,-89.52921079]],"friends":[1,2,3,4]}