{"messages":["@benay__ you are so irritating \ud83d\udc80","@benay__ you are so irritating \ud83d\udc80","@benay__ you are so irritating \ud83d\udc80"],"messages_no":3,"bad_words":[],"bad_words_no":0,"weight":0,"location":[42.48105037,-83.18244617,42.48105037,-83.18244617,42.48105037,-83.18244617]}