{"messages":["@mdiamondw Take me \ud83d\ude2d\ud83d\ude2d\ud83d\ude2d\ud83d\ude2d","@mdiamondw Take me \ud83d\ude2d\ud83d\ude2d\ud83d\ude2d\ud83d\ude2d","@mdiamondw Take me \ud83d\ude2d\ud83d\ude2d\ud83d\ude2d\ud83d\ude2d"],"messages_no":3,"bad_words":[],"bad_words_no":0,"weight":0,"location":[[42.64558632,-85.29148541],[42.64558632,-85.29148541],[42.64558632,-85.29148541]],"friends":[1,2,3,4]}