{"messages":["Shell shocked!!","Shell shocked!!","Shell shocked!!"],"messages_no":3,"bad_words":[],"bad_words_no":3,"weight":0,"location":[[40.68668384,-73.95948847],[40.68668384,-73.95948847],[40.68668384,-73.95948847]],"friends":[1,2,3,4]}