{"messages":["People are so sneakyyyy","People are so sneakyyyy","People are so sneakyyyy"],"messages_no":3,"bad_words":[],"bad_words_no":0,"weight":0,"location":[[38.16943926,-85.83359488],[38.16943926,-85.83359488],[38.16943926,-85.83359488]],"friends":[1,2,3,4]}