{"messages":["my man tino goes in","my man tino goes in","my man tino goes in"],"messages_no":3,"bad_words":[],"bad_words_no":0,"weight":0,"location":[[39.183106,-77.2600807],[39.183106,-77.2600807],[39.183106,-77.2600807]],"friends":[1,2,3,4]}