{"messages":["Idk wen I should upload this pic thou....","I'm up by myself...","Idk wen I should upload this pic thou....","Idk wen I should upload this pic thou....","I'm up by myself..."],"messages_no":5,"bad_words":[],"bad_words_no":0,"weight":0,"location":[35.6152191,-88.7946882,35.6792058,-88.7844248,35.6152191,-88.7946882,35.6152191,-88.7946882,35.6792058,-88.7844248]}