{"messages":["@LeeBrandon_23 get the app duolingo","@LeeBrandon_23 get the app duolingo","@tristeninheaven \ud83d\udc31\ud83d\ude18 love you","@LeeBrandon_23 get the app duolingo","@LeeBrandon_23 get the app duolingo","@tristeninheaven \ud83d\udc31\ud83d\ude18 love you"],"messages_no":6,"bad_words":[],"bad_words_no":0,"weight":0,"location":[38.21856512,-85.75872389,38.21856512,-85.75872389,38.07085772,-85.67732655,38.21856512,-85.75872389,38.21856512,-85.75872389,38.07085772,-85.67732655]}