{"messages":["@KaylaLynnette23 that's okay because I \ud83c\udf69 like you \ud83d\ude02\ud83d\ude18","@KaylaLynnette23 that's okay because I \ud83c\udf69 like you \ud83d\ude02\ud83d\ude18","@KaylaLynnette23 that's okay because I \ud83c\udf69 like you \ud83d\ude02\ud83d\ude18"],"messages_no":3,"bad_words":[],"bad_words_no":0,"weight":0,"location":[[39.21769036,-84.42682042],[39.21769036,-84.42682042],[39.21769036,-84.42682042]],"friends":[1,2,3,4]}