{"messages":["@xprincesslauren what...","@xprincesslauren what...","@xprincesslauren what..."],"messages_no":3,"bad_words":[],"bad_words_no":0,"weight":0,"location":[33.78802455,-118.00146642,33.78802455,-118.00146642,33.78802455,-118.00146642]}