{"messages":["What a wonderful evening","What a wonderful evening","What a wonderful evening"],"messages_no":3,"bad_words":[],"bad_words_no":0,"weight":0,"location":[[39.78791468,-75.51191842],[39.78791468,-75.51191842],[39.78791468,-75.51191842]],"friends":[1,2,3,4]}