{"messages":["@tbrad32 lets not get to excited now, Brad.","@tbrad32 lets not get to excited now, Brad.","@tbrad32 lets not get to excited now, Brad.","@tbrad32 lets not get to excited now, Brad."],"messages_no":4,"bad_words":[],"bad_words_no":0,"weight":0,"location":[42.78187044,-96.92826032,42.78187044,-96.92826032,42.78187044,-96.92826032,42.78187044,-96.92826032]}