{"messages":["@bxd2187 Oh gurl you kill me. \ud83d\ude02","@bxd2187 Oh gurl you kill me. \ud83d\ude02","I want to take pole dancing classes.","@bxd2187 Oh gurl you kill me. \ud83d\ude02"],"messages_no":4,"bad_words":[],"bad_words_no":0,"weight":0,"location":[[42.85636879,-78.815161],[42.85636879,-78.815161],[42.88962717,-78.79824675],[42.85636879,-78.815161]],"friends":[1,2,3,4]}