{"messages":["@JonesD14 that's the truth","@JonesD14 that's the truth","@JonesD14 that's the truth"],"messages_no":3,"bad_words":[],"bad_words_no":0,"weight":0,"location":[[38.8034672,-121.26247125],[38.8034672,-121.26247125],[38.8034672,-121.26247125]],"friends":[1,2,3,4]}