{"messages":["There I go again","There I go again","Can't focus on a runny nose","There I go again"],"messages_no":4,"bad_words":[],"bad_words_no":0,"weight":0,"location":[[42.51165355,-71.03171339],[42.51165355,-71.03171339],[42.5389169,-71.03282836],[42.51165355,-71.03171339]],"friends":[1,2,3,4]}