{"messages":["fck bitchez.","fck bitchez.","fck bitchez."],"messages_no":3,"bad_words":[],"bad_words_no":3,"weight":0,"location":[41.47884705,-81.89167963,41.47884705,-81.89167963,41.47884705,-81.89167963]}