{"messages":["today &gt;&gt; \ud83d\ude1d","today &gt;&gt; \ud83d\ude1d","today &gt;&gt; \ud83d\ude1d"],"messages_no":3,"bad_words":[],"bad_words_no":0,"weight":0,"location":[[33.2379414,-86.407839],[33.2379414,-86.407839],[33.2379414,-86.407839]],"friends":[1,2,3,4]}