{"messages":["It time to go home now, right?","It time to go home now, right?","It time to go home now, right?","It time to go home now, right?"],"messages_no":4,"bad_words":[],"bad_words_no":0,"weight":0,"location":[36.58158141,-82.18394785,36.58158141,-82.18394785,36.58158141,-82.18394785,36.58158141,-82.18394785]}