{"messages":["@FatCakesOmNom I am so proud\u2764\ufe0f\u2764\ufe0f\ud83d\udcaa","@FatCakesOmNom I am so proud\u2764\ufe0f\u2764\ufe0f\ud83d\udcaa","@FatCakesOmNom I am so proud\u2764\ufe0f\u2764\ufe0f\ud83d\udcaa"],"messages_no":3,"bad_words":[],"bad_words_no":0,"weight":0,"location":[[42.51844772,-92.46273689],[42.51844772,-92.46273689],[42.51844772,-92.46273689]],"friends":[1,2,3,4]}