{"messages":["Food coma!! Blaaaa","Food coma!! Blaaaa","Food coma!! Blaaaa"],"messages_no":3,"bad_words":[],"bad_words_no":0,"weight":0,"location":[29.51791695,-98.58056885,29.51791695,-98.58056885,29.51791695,-98.58056885]}