{"messages":["Gotta let go","Gotta let go"],"messages_no":2,"bad_words":[],"bad_words_no":0,"weight":0,"location":[42.30411926,-83.3381041,42.30411926,-83.3381041]}