{"messages":["Secretly","Secretly","Secretly"],"messages_no":3,"bad_words":[],"bad_words_no":0,"weight":0,"location":[[43.04129654,-77.66428999],[43.04129654,-77.66428999],[43.04129654,-77.66428999]],"friends":[1,2,3,4]}