{"messages":["good thing there's enough padding","good thing there's enough padding","good thing there's enough padding","good thing there's enough padding"],"messages_no":4,"bad_words":[],"bad_words_no":0,"weight":0,"location":[48.12563168,-98.86886526,48.12563168,-98.86886526,48.12563168,-98.86886526,48.12563168,-98.86886526]}