{"messages":["Fresh prince never gets old","This jeep commercial&gt;","Fresh prince never gets old"],"messages_no":3,"bad_words":[],"bad_words_no":0,"weight":0,"location":[41.73397377,-81.20843083,41.73391434,-81.20850982,41.73397377,-81.20843083]}