{"messages":["Last minute haircut later","Last minute haircut later","Last minute haircut later"],"messages_no":3,"bad_words":[],"bad_words_no":0,"weight":0,"location":[[33.97845699,-118.26935641],[33.97845699,-118.26935641],[33.97845699,-118.26935641]],"friends":[1,2,3,4]}