{"messages":["@juliatuzio never","@juliatuzio never","Nap or study","@juliatuzio never","@juliatuzio never"],"messages_no":5,"bad_words":[],"bad_words_no":0,"weight":0,"location":[40.70330635,-74.01186594,40.70330635,-74.01186594,40.79826203,-73.96356109,40.70330635,-74.01186594,40.70330635,-74.01186594]}