{"messages":["That Rt , \ud83d\udcaf\ud83d\udc4c","That Rt , \ud83d\udcaf\ud83d\udc4c"],"messages_no":2,"bad_words":[],"bad_words_no":0,"weight":0,"location":[32.3436692,-90.18994025,32.3436692,-90.18994025]}