{"messages":["@GQDanny every weekend lol","@GQDanny every weekend lol","@GQDanny every weekend lol"],"messages_no":3,"bad_words":[],"bad_words_no":0,"weight":0,"location":[[40.82048203,-73.90424176],[40.82048203,-73.90424176],[40.82048203,-73.90424176]],"friends":[1,2,3,4]}