{"messages":["#SharkTank #nexersys","#SharkTank #nexersys","#SharkTank #nexersys"],"messages_no":3,"bad_words":[],"bad_words_no":0,"weight":0,"location":[[33.82997005,-118.38527568],[33.82997005,-118.38527568],[33.82997005,-118.38527568]],"friends":[1,2,3,4]}