{"messages":["Oh my god","Oh my god","Oh my god"],"messages_no":3,"bad_words":[],"bad_words_no":0,"weight":0,"location":[[29.64880901,-82.3564539],[29.64880901,-82.3564539],[29.64880901,-82.3564539]],"friends":[1,2,3,4]}