{"messages":["Lets get to the bottom of this","Lets get to the bottom of this","Lets get to the bottom of this"],"messages_no":3,"bad_words":[],"bad_words_no":0,"weight":0,"location":[[36.06658315,-79.90099587],[36.06658315,-79.90099587],[36.06658315,-79.90099587]],"friends":[1,2,3,4]}