{"messages":["#garyricecakes","#garyricecakes","#garyricecakes"],"messages_no":3,"bad_words":[],"bad_words_no":0,"weight":0,"location":[[30.00082386,-95.60699024],[30.00082386,-95.60699024],[30.00082386,-95.60699024]],"friends":[1,2,3,4]}