{"messages":["I feel like \ud83d\udca9","I feel like \ud83d\udca9","Ed sheeran radio rn &gt;&gt;&gt;&gt; \u2764\ufe0f","Say something x a great big world &amp; Christina Aguilera \ud83d\udc96\ud83c\udfb6","I feel like \ud83d\udca9","I feel like \ud83d\udca9","Ed sheeran radio rn &gt;&gt;&gt;&gt; \u2764\ufe0f","Ed sheeran radio rn &gt;&gt;&gt;&gt; \u2764\ufe0f","Say something x a great big world &amp; Christina Aguilera \ud83d\udc96\ud83c\udfb6"],"messages_no":9,"bad_words":[],"bad_words_no":0,"weight":0,"location":[32.81223978,-117.11022382,32.81223978,-117.11022382,32.81207442,-117.11015348,32.81206489,-117.11037922,32.81223978,-117.11022382,32.81223978,-117.11022382,32.81207442,-117.11015348,32.81207442,-117.11015348,32.81206489,-117.11037922]}