{"messages":["I feel like \ud83d\udca9","Ed sheeran radio rn &gt;&gt;&gt;&gt; \u2764\ufe0f","Say something x a great big world &amp; Christina Aguilera \ud83d\udc96\ud83c\udfb6","I feel like \ud83d\udca9","Ed sheeran radio rn &gt;&gt;&gt;&gt; \u2764\ufe0f","Say something x a great big world &amp; Christina Aguilera \ud83d\udc96\ud83c\udfb6","my last RT is so true.","@_mixedphuck thanks baby ya know cos I got booty4dayz \ud83d\ude02\ud83d\udc96","I feel like \ud83d\udca9","Ed sheeran radio rn &gt;&gt;&gt;&gt; \u2764\ufe0f","Say something x a great big world &amp; Christina Aguilera \ud83d\udc96\ud83c\udfb6"],"messages_no":11,"bad_words":[],"bad_words_no":1,"weight":0,"location":[[32.81223978,-117.11022382],[32.81207442,-117.11015348],[32.81206489,-117.11037922],[32.81223978,-117.11022382],[32.81207442,-117.11015348],[32.81206489,-117.11037922],[32.81214507,-117.11030155],[32.81223978,-117.11022382],[32.81207442,-117.11015348],[32.81206489,-117.11037922]],"friends":[1,2,3,4]}