{"messages":["#BusterPosey #FaceofMLB","#BusterPosey #FaceofMLB","#BusterPosey #FaceofMLB"],"messages_no":3,"bad_words":[],"bad_words_no":0,"weight":0,"location":[37.8491197,-120.9832053,37.8491197,-120.9832053,37.8491197,-120.9832053]}