{"messages":["Afterlife- Arcade Fire \ud83c\udf3f","Afterlife- Arcade Fire \ud83c\udf3f","Afterlife- Arcade Fire \ud83c\udf3f","Afterlife- Arcade Fire \ud83c\udf3f"],"messages_no":4,"bad_words":[],"bad_words_no":0,"weight":0,"location":[39.28936239,-76.5427294,39.28936239,-76.5427294,39.28936239,-76.5427294,39.28936239,-76.5427294]}