{"messages":["All I want is my mom\ud83d\ude1e","All I want is my mom\ud83d\ude1e"],"messages_no":2,"bad_words":[],"bad_words_no":0,"weight":0,"location":[36.13861633,-85.50039209,36.13861633,-85.50039209]}