{"messages":["This is u short shit @TamrynLov3 http:\/\/t.co\/e0L0iAAVNt","This is u short shit @TamrynLov3 http:\/\/t.co\/e0L0iAAVNt","That was fake","This is u short shit @TamrynLov3 http:\/\/t.co\/e0L0iAAVNt","That was fake"],"messages_no":5,"bad_words":[],"bad_words_no":3,"weight":0,"location":[[47.16955031,-122.51451874],[47.16955031,-122.51451874],[47.17071617,-122.57029685],[47.16955031,-122.51451874],[47.17071617,-122.57029685]],"friends":[1,2,3,4]}