{"messages":["@happyhelenb can always tweet lol","@happyhelenb can always tweet lol","@happyhelenb can always tweet lol","@happyhelenb can always tweet lol"],"messages_no":4,"bad_words":[],"bad_words_no":0,"weight":0,"location":[30.36497116,-97.69614493,30.36497116,-97.69614493,30.36497116,-97.69614493,30.36497116,-97.69614493]}