{"messages":["@happyhelenb can always tweet lol","@happyhelenb can always tweet lol","Ty $ might be up next tho","Mavs getting this win tonight vs the Grizz","@happyhelenb can always tweet lol","Ty $ might be up next tho"],"messages_no":6,"bad_words":[],"bad_words_no":0,"weight":0,"location":[[30.36497116,-97.69614493],[30.36497116,-97.69614493],[30.3803942,-97.64995586],[30.40378022,-97.67514755],[30.36497116,-97.69614493],[30.3803942,-97.64995586]],"friends":[1,2,3,4]}