{"messages":["Yoooo that 3 was wet!!","Yoooo that 3 was wet!!","Yoooo that 3 was wet!!"],"messages_no":3,"bad_words":[],"bad_words_no":0,"weight":0,"location":[[38.2601166,-85.7978364],[38.2601166,-85.7978364],[38.2601166,-85.7978364]],"friends":[1,2,3,4]}