{"messages":["@hammboy43 no shame.","@hammboy43 no shame.","@hammboy43 no shame."],"messages_no":3,"bad_words":[],"bad_words_no":0,"weight":0,"location":[[42.47660186,-96.36491386],[42.47660186,-96.36491386],[42.47660186,-96.36491386]],"friends":[1,2,3,4]}