{"messages":["Millie fucks with the pink meat? \ud83d\ude33","Millie fucks with the pink meat? \ud83d\ude33","@TreDueceBanggga thank you\ud83d\ude0c\ud83d\udc4c","Millie fucks with the pink meat? \ud83d\ude33","@TreDueceBanggga thank you\ud83d\ude0c\ud83d\udc4c"],"messages_no":5,"bad_words":[],"bad_words_no":3,"weight":0,"location":[[29.65345916,-95.5447585],[29.65345916,-95.5447585],[29.64371226,-95.49463215],[29.65345916,-95.5447585],[29.64371226,-95.49463215]],"friends":[1,2,3,4]}