{"messages":["what am I going to do without @C_McKeever this weekend \ud83d\ude23\ud83d\ude2d\ud83d\udc94","\u201c@cheerUPDATES: GRAND CHAMPIONS\nICE LADY LIGHTNING #GLCC\u201d \u26a1\ufe0f\u26a1\ufe0f\ud83d\udc99\ud83d\udc9b","what am I going to do without @C_McKeever this weekend \ud83d\ude23\ud83d\ude2d\ud83d\udc94","\u201c@cheerUPDATES: GRAND CHAMPIONS\nICE LADY LIGHTNING #GLCC\u201d \u26a1\ufe0f\u26a1\ufe0f\ud83d\udc99\ud83d\udc9b","@kayAYEareAYE I want to put the little stars on the side of her eyes \ud83d\ude0d","what am I going to do without @C_McKeever this weekend \ud83d\ude23\ud83d\ude2d\ud83d\udc94","\u201c@cheerUPDATES: GRAND CHAMPIONS\nICE LADY LIGHTNING #GLCC\u201d \u26a1\ufe0f\u26a1\ufe0f\ud83d\udc99\ud83d\udc9b"],"messages_no":7,"bad_words":[],"bad_words_no":0,"weight":0,"location":[[39.61837376,-84.20491098],[39.85312404,-85.16513997],[39.61837376,-84.20491098],[39.85312404,-85.16513997],[39.61835511,-84.20510813],[39.61837376,-84.20491098],[39.85312404,-85.16513997]],"friends":[1,2,3,4]}