{"messages":["I found a pencil!!","I found a pencil!!","I found a pencil!!","I found a pencil!!"],"messages_no":4,"bad_words":[],"bad_words_no":0,"weight":0,"location":[41.2974685,-95.9723272,41.2974685,-95.9723272,41.2974685,-95.9723272,41.2974685,-95.9723272]}