{"messages":["God damnit","FUK FUCK FUCK FUCK FUCK","God damnit","FUK FUCK FUCK FUCK FUCK","God damnit","FUK FUCK FUCK FUCK FUCK"],"messages_no":6,"bad_words":[],"bad_words_no":3,"weight":0,"location":[[42.12929856,-87.99022872],[42.12942614,-87.99016489],[42.12929856,-87.99022872],[42.12942614,-87.99016489],[42.12929856,-87.99022872],[42.12942614,-87.99016489]],"friends":[1,2,3,4]}