{"messages":["@ededdnEDDY22 its okay. I'm just weak.","@ededdnEDDY22 its okay. I'm just weak.","@ededdnEDDY22 its okay. I'm just weak.","@ededdnEDDY22 its okay. I'm just weak."],"messages_no":4,"bad_words":[],"bad_words_no":0,"weight":0,"location":[41.7056547,-87.7170687,41.7056547,-87.7170687,41.7056547,-87.7170687,41.7056547,-87.7170687]}