{"messages":["Shoulda kicked the onside","Shoulda kicked the onside","Shoulda kicked the onside"],"messages_no":3,"bad_words":[],"bad_words_no":0,"weight":0,"location":[[30.56967578,-96.31645453],[30.56967578,-96.31645453],[30.56967578,-96.31645453]],"friends":[1,2,3,4]}