{"messages":["@Down_wDaZha i will when i come thru\ud83d\ude19","Can't believe it's already 2","@Down_wDaZha i will when i come thru\ud83d\ude19","Can't believe it's already 2","be my valentine \ud83d\ude1e","@Down_wDaZha i will when i come thru\ud83d\ude19","Can't believe it's already 2"],"messages_no":7,"bad_words":[],"bad_words_no":0,"weight":0,"location":[[37.0989935,-76.5343361],[37.0778625,-76.4929287],[37.0989935,-76.5343361],[37.0778625,-76.4929287],[37.0869571,-76.4976977],[37.0989935,-76.5343361],[37.0778625,-76.4929287]],"friends":[1,2,3,4]}