{"messages":["Birds Nest,  tweet tweet http:\/\/t.co\/L2v064xd7R","Tee time http:\/\/t.co\/Zt0G2JE5F7","Birds Nest,  tweet tweet http:\/\/t.co\/L2v064xd7R","Birds Nest,  tweet tweet http:\/\/t.co\/L2v064xd7R","Tee time http:\/\/t.co\/Zt0G2JE5F7"],"messages_no":5,"bad_words":[],"bad_words_no":0,"weight":0,"location":[33.6444672,-111.9114881,33.6499947,-111.9079219,33.6444672,-111.9114881,33.6444672,-111.9114881,33.6499947,-111.9079219]}