{"messages":["FLAPPY BIRD ILLS ME \ud83d\ude21","FLAPPY BIRD ILLS ME \ud83d\ude21","FLAPPY BIRD ILLS ME \ud83d\ude21"],"messages_no":3,"bad_words":[],"bad_words_no":0,"weight":0,"location":[[35.68933215,-78.42289952],[35.68933215,-78.42289952],[35.68933215,-78.42289952]],"friends":[1,2,3,4]}