{"messages":["I have no #SuperBowl snacks! #illprepared","@ChiliPeppers killing it!","I have no #SuperBowl snacks! #illprepared","@ChiliPeppers killing it!","I have no #SuperBowl snacks! #illprepared","@ChiliPeppers killing it!"],"messages_no":6,"bad_words":[],"bad_words_no":0,"weight":0,"location":[[40.01313969,-79.58776385],[40.01316871,-79.58763485],[40.01313969,-79.58776385],[40.01316871,-79.58763485],[40.01313969,-79.58776385],[40.01316871,-79.58763485]],"friends":[1,2,3,4]}