{"messages":["Drowning in homework","Drowning in homework","Drowning in homework"],"messages_no":3,"bad_words":[],"bad_words_no":0,"weight":0,"location":[[39.20802486,-81.57826116],[39.20802486,-81.57826116],[39.20802486,-81.57826116]],"friends":[1,2,3,4]}