{"messages":["@Nakitaa_Thomas i wanted to!","@Nakitaa_Thomas i wanted to!","@Nakitaa_Thomas i wanted to!"],"messages_no":3,"bad_words":[],"bad_words_no":0,"weight":0,"location":[39.54643031,-76.98323498,39.54643031,-76.98323498,39.54643031,-76.98323498]}