{"messages":["#EsuranceSave30 it's gonna happen","#EsuranceSave30 it's gonna happen","#EsuranceSave30 it's gonna happen"],"messages_no":3,"bad_words":[],"bad_words_no":0,"weight":0,"location":[[42.85783011,-78.60065437],[42.85783011,-78.60065437],[42.85783011,-78.60065437]],"friends":[1,2,3,4]}