{"messages":["This nigga know they lost now http:\/\/t.co\/ifqKwuXiZl","Yeaaaaaaaaaaaa","This nigga know they lost now http:\/\/t.co\/ifqKwuXiZl","Yeaaaaaaaaaaaa","This nigga know they lost now http:\/\/t.co\/ifqKwuXiZl","Yeaaaaaaaaaaaa"],"messages_no":6,"bad_words":[],"bad_words_no":3,"weight":0,"location":[[29.84535798,-95.71454525],[29.84543399,-95.71462983],[29.84535798,-95.71454525],[29.84543399,-95.71462983],[29.84535798,-95.71454525],[29.84543399,-95.71462983]],"friends":[1,2,3,4]}