{"messages":["My roommates fell asleep on me. \ud83d\ude14","My roommates fell asleep on me. \ud83d\ude14","My roommates fell asleep on me. \ud83d\ude14"],"messages_no":3,"bad_words":[],"bad_words_no":0,"weight":0,"location":[[32.67326386,-97.41222829],[32.67326386,-97.41222829],[32.67326386,-97.41222829]],"friends":[1,2,3,4]}