{"messages":["@Roselyn_Sanchez Get well ASAP!!","@FortiGlenn No problem.Have a great weekend.","@Roselyn_Sanchez Get well ASAP!!","@FortiGlenn No problem.Have a great weekend.","@Roselyn_Sanchez Get well ASAP!!","@FortiGlenn No problem.Have a great weekend."],"messages_no":6,"bad_words":[],"bad_words_no":0,"weight":0,"location":[[40.47960936,-86.93926073],[40.47962869,-86.93925622],[40.47960936,-86.93926073],[40.47962869,-86.93925622],[40.47960936,-86.93926073],[40.47962869,-86.93925622]],"friends":[1,2,3,4]}