{"messages":["#chills \ud83d\ude01","#chills \ud83d\ude01","#chills \ud83d\ude01"],"messages_no":3,"bad_words":[],"bad_words_no":0,"weight":0,"location":[[40.05628545,-83.03494851],[40.05628545,-83.03494851],[40.05628545,-83.03494851]],"friends":[1,2,3,4]}