{"messages":["Seeing cartel in concert \ud83d\ude0d\ud83d\ude0d\ud83d\ude0d\ud83d\ude0d\ud83d\ude0d\ud83d\ude0d","Seeing cartel in concert \ud83d\ude0d\ud83d\ude0d\ud83d\ude0d\ud83d\ude0d\ud83d\ude0d\ud83d\ude0d","Seeing cartel in concert \ud83d\ude0d\ud83d\ude0d\ud83d\ude0d\ud83d\ude0d\ud83d\ude0d\ud83d\ude0d"],"messages_no":3,"bad_words":[],"bad_words_no":0,"weight":0,"location":[[42.95977866,-85.88845733],[42.95977866,-85.88845733],[42.95977866,-85.88845733]],"friends":[1,2,3,4]}