{"messages":["Goodnight Denver.","Goodnight Denver.","I feel like I have emphysema when I walk into a bathroom at Williamsport.","Goodnight Denver.","I feel like I have emphysema when I walk into a bathroom at Williamsport."],"messages_no":5,"bad_words":[],"bad_words_no":0,"weight":0,"location":[[41.25307128,-77.00067697],[41.25307128,-77.00067697],[41.24125931,-77.07401735],[41.25307128,-77.00067697],[41.24125931,-77.07401735]],"friends":[1,2,3,4]}