{"messages":["Who up tho","Who up tho"],"messages_no":2,"bad_words":[],"bad_words_no":0,"weight":0,"location":[39.8826245,-82.7736987,39.8826245,-82.7736987]}