{"messages":["What else could go wrong","What else could go wrong","What else could go wrong"],"messages_no":3,"bad_words":[],"bad_words_no":0,"weight":0,"location":[[36.80672733,-76.13271922],[36.80672733,-76.13271922],[36.80672733,-76.13271922]],"friends":[1,2,3,4]}