{"messages":["Thank u 4 that hunter Clark","Thank u 4 that hunter Clark","Thank u 4 that hunter Clark","Thank u 4 that hunter Clark"],"messages_no":4,"bad_words":[],"bad_words_no":0,"weight":0,"location":[43.87650705,-91.22854351,43.87650705,-91.22854351,43.87650705,-91.22854351,43.87650705,-91.22854351]}