{"messages":["LRT ND SHE STILL UGLY ASS SHIT \ud83d\ude02\ud83d\ude02","LRT ND SHE STILL UGLY ASS SHIT \ud83d\ude02\ud83d\ude02","MONEY DNT MAKE U REAL IT JUS GIVE U FRIENDS \ud83d\udcaf","IF I ONT CALL U MY SIS OR BRO OR MY BLODD I ONT FUCK WIT U CUHS \ud83d\udcaf","LRT ND SHE STILL UGLY ASS SHIT \ud83d\ude02\ud83d\ude02","MONEY DNT MAKE U REAL IT JUS GIVE U FRIENDS \ud83d\udcaf"],"messages_no":6,"bad_words":[],"bad_words_no":0,"weight":0,"location":[[38.91420609,-76.88108139],[38.91420609,-76.88108139],[38.91421964,-76.8810413],[38.92171198,-76.86036122],[38.91420609,-76.88108139],[38.91421964,-76.8810413]],"friends":[1,2,3,4]}