{"messages":["I want to cry","I want to cry","I want to cry"],"messages_no":3,"bad_words":[],"bad_words_no":0,"weight":0,"location":[[41.63245578,-87.59456646],[41.63245578,-87.59456646],[41.63245578,-87.59456646]],"friends":[1,2,3,4]}