{"messages":["It's definitely been a terrible day.","I'm so tired. \ud83d\ude2d\ud83d\ude2d\ud83d\ude2d","So tired. Tired of everything lol.","It's definitely been a terrible day.","I'm so tired. \ud83d\ude2d\ud83d\ude2d\ud83d\ude2d","So tired. Tired of everything lol.","It's definitely been a terrible day.","I'm so tired. \ud83d\ude2d\ud83d\ude2d\ud83d\ude2d","So tired. Tired of everything lol."],"messages_no":9,"bad_words":[],"bad_words_no":0,"weight":0,"location":[[35.41145531,-87.04650113],[35.41156394,-87.04644355],[35.41143746,-87.04647037],[35.41145531,-87.04650113],[35.41156394,-87.04644355],[35.41143746,-87.04647037],[35.41145531,-87.04650113],[35.41156394,-87.04644355],[35.41143746,-87.04647037]],"friends":[1,2,3,4]}