{"messages":["\u201c@TeannaTrump: So sleepy right about now!\u201d\ud83d\ude34","\u201c@TeannaTrump: So sleepy right about now!\u201d\ud83d\ude34","\u201c@TeannaTrump: So sleepy right about now!\u201d\ud83d\ude34"],"messages_no":3,"bad_words":[],"bad_words_no":0,"weight":0,"location":[[29.42814727,-96.03220367],[29.42814727,-96.03220367],[29.42814727,-96.03220367]],"friends":[1,2,3,4]}