{"messages":["@Cbethh_ you @ home?","@RachelllMarie_ love you \ud83d\ude1a\ud83d\udc98\ud83d\udc98\ud83d\udc98\ud83d\udc98"],"messages_no":2,"bad_words":[],"bad_words_no":1,"weight":0,"location":[[33.80520697,-85.76259341],[33.83890604,-85.75188943]]}