{"messages":["@hightorr sext me","@hightorr sext me","@hightorr sext me"],"messages_no":3,"bad_words":[],"bad_words_no":0,"weight":0,"location":[[42.09204408,-70.7213508],[42.09204408,-70.7213508],[42.09204408,-70.7213508]],"friends":[1,2,3,4]}