{"messages":["the thirst is real","the thirst is real","the thirst is real"],"messages_no":3,"bad_words":[],"bad_words_no":0,"weight":0,"location":[39.9650643,-75.3020753,39.9650643,-75.3020753,39.9650643,-75.3020753]}