{"messages":["Ready for some Auburn baseball \ud83d\ude40\u26be\ufe0f\u26be\ufe0f\u26be\ufe0f","Ready for some Auburn baseball \ud83d\ude40\u26be\ufe0f\u26be\ufe0f\u26be\ufe0f","Ready for some Auburn baseball \ud83d\ude40\u26be\ufe0f\u26be\ufe0f\u26be\ufe0f"],"messages_no":3,"bad_words":[],"bad_words_no":0,"weight":0,"location":[[32.62351896,-85.44765303],[32.62351896,-85.44765303],[32.62351896,-85.44765303]],"friends":[1,2,3,4]}