{"messages":["Hey @JimIrsay let go @Broncos - don't hate! #SportsRant","This shit is lopsided! #SB48","Hey @JimIrsay let go @Broncos - don't hate! #SportsRant","This shit is lopsided! #SB48","@LifeOfLander might going Roc Nation now lmfao","@ONHAZE610 well deserved","Hey @JimIrsay let go @Broncos - don't hate! #SportsRant","This shit is lopsided! #SB48","@LifeOfLander might going Roc Nation now lmfao"],"messages_no":9,"bad_words":[],"bad_words_no":3,"weight":0,"location":[[40.86389444,-73.90824378],[40.81321282,-74.07448169],[40.86389444,-73.90824378],[40.81321282,-74.07448169],[40.86396736,-73.90825602],[40.86391119,-73.90825575],[40.86389444,-73.90824378],[40.81321282,-74.07448169],[40.86396736,-73.90825602]],"friends":[1,2,3,4]}