{"messages":["@cesca_sotelo seriously?","@cesca_sotelo seriously?","@cesca_sotelo seriously?"],"messages_no":3,"bad_words":[],"bad_words_no":0,"weight":0,"location":[[32.80872669,-117.0671599],[32.80872669,-117.0671599],[32.80872669,-117.0671599]],"friends":[1,2,3,4]}