{"messages":["Dayyummmm son where'd you find this ?","Dayyummmm son where'd you find this ?","@Bpants4 lol oh well he's adorableee","Dayyummmm son where'd you find this ?","@Bpants4 lol oh well he's adorableee"],"messages_no":5,"bad_words":[],"bad_words_no":0,"weight":0,"location":[[41.11031493,-73.40042439],[41.11031493,-73.40042439],[41.11367061,-73.43265443],[41.11031493,-73.40042439],[41.11367061,-73.43265443]],"friends":[1,2,3,4]}