{"messages":["Good morning \ud83d\ude29\ud83d\ude34","Good morning \ud83d\ude29\ud83d\ude34","I KNOW my last RT wasn't serious, or was it ?","Good morning \ud83d\ude29\ud83d\ude34"],"messages_no":4,"bad_words":[],"bad_words_no":0,"weight":0,"location":[[33.01632342,-96.91050877],[33.01632342,-96.91050877],[33.01635795,-96.91052441],[33.01632342,-96.91050877]],"friends":[1,2,3,4]}