{"messages":["@dirtroad06 when in doubt just do it!  :D","@dirtroad06 when in doubt just do it!  :D","@dirtroad06 when in doubt just do it!  :D","@dirtroad06 when in doubt just do it!  :D"],"messages_no":4,"bad_words":[],"bad_words_no":0,"weight":0,"location":[42.57824786,-85.22172796,42.57824786,-85.22172796,42.57824786,-85.22172796,42.57824786,-85.22172796]}