{"messages":["\ud83d\ude4f\ud83d\udcb4\ud83d\udcb0\ud83d\udcb5\ud83d\udcb7\ud83d\udcb6\ud83d\udcb3\ud83d\udcb8#EsuranceSave30","\ud83d\ude4f\ud83d\udcb4\ud83d\udcb0\ud83d\udcb5\ud83d\udcb7\ud83d\udcb6\ud83d\udcb3\ud83d\udcb8#EsuranceSave30","\ud83d\ude4f\ud83d\udcb4\ud83d\udcb0\ud83d\udcb5\ud83d\udcb7\ud83d\udcb6\ud83d\udcb3\ud83d\udcb8#EsuranceSave30"],"messages_no":3,"bad_words":[],"bad_words_no":0,"weight":0,"location":[[47.75566794,-117.42822441],[47.75566794,-117.42822441],[47.75566794,-117.42822441]],"friends":[1,2,3,4]}