{"messages":["#noshoveling2014","#noshoveling2014","#noshoveling2014"],"messages_no":3,"bad_words":[],"bad_words_no":0,"weight":0,"location":[[44.97246076,-93.22815161],[44.97246076,-93.22815161],[44.97246076,-93.22815161]],"friends":[1,2,3,4]}