{"messages":["@Country1Girl2 um no you didn't.","@Country1Girl2 you rat! Go away \ud83d\ude02\ud83d\ude02\ud83d\ude02\ud83d\ude02\ud83d\ude02\ud83d\ude02","6more weeks of winter"],"messages_no":3,"bad_words":[],"bad_words_no":0,"weight":0,"location":[[41.24721211,-89.92964893],[41.24719074,-89.92961808],[41.24922238,-89.90936154]]}