{"messages":["@its_parodi13 it's fun to dream sometimes \ud83d\ude01\u2728 #Broncos","@its_parodi13 it's fun to dream sometimes \ud83d\ude01\u2728 #Broncos","@E_rodrEEZZEE it's gotta be Pikachu though \ud83d\udc4f","@its_parodi13 it's fun to dream sometimes \ud83d\ude01\u2728 #Broncos"],"messages_no":4,"bad_words":[],"bad_words_no":0,"weight":0,"location":[[25.70147122,-80.35715101],[25.70147122,-80.35715101],[25.70078073,-80.38164642],[25.70147122,-80.35715101]],"friends":[1,2,3,4]}