{"messages":["You just took my pillow","You just took my pillow","You just took my pillow"],"messages_no":3,"bad_words":[],"bad_words_no":0,"weight":0,"location":[[41.00679429,-80.64308012],[41.00679429,-80.64308012],[41.00679429,-80.64308012]],"friends":[1,2,3,4]}