{"messages":["@im_fine_thanks mom cook for me pls","@im_fine_thanks mom cook for me pls","@im_fine_thanks mom cook for me pls","@im_fine_thanks mom cook for me pls"],"messages_no":4,"bad_words":[],"bad_words_no":0,"weight":0,"location":[42.28818782,-85.5997847,42.28818782,-85.5997847,42.28818782,-85.5997847,42.28818782,-85.5997847]}