{"messages":["this nigga just lost $400!! \ud83d\ude29\ud83d\ude02\ud83d\ude02\ud83d\ude02\ud83d\ude02\ud83d\ude02\ud83d\ude02\ud83d\ude02\ud83d\ude02","this nigga just lost $400!! \ud83d\ude29\ud83d\ude02\ud83d\ude02\ud83d\ude02\ud83d\ude02\ud83d\ude02\ud83d\ude02\ud83d\ude02\ud83d\ude02","gave into downloading flappy bird.. can't even get past 2 and ive been playing for 30 seconds. im bored and fuck that","this nigga just lost $400!! \ud83d\ude29\ud83d\ude02\ud83d\ude02\ud83d\ude02\ud83d\ude02\ud83d\ude02\ud83d\ude02\ud83d\ude02\ud83d\ude02","gave into downloading flappy bird.. can't even get past 2 and ive been playing for 30 seconds. im bored and fuck that"],"messages_no":5,"bad_words":[],"bad_words_no":5,"weight":0,"location":[[38.55717997,-121.38828965],[38.55717997,-121.38828965],[38.55734053,-121.38822578],[38.55717997,-121.38828965],[38.55734053,-121.38822578]],"friends":[1,2,3,4]}