{"messages":["On this money route","On this money route","On this money route"],"messages_no":3,"bad_words":[],"bad_words_no":0,"weight":0,"location":[[37.75840572,-121.94529436],[37.75840572,-121.94529436],[37.75840572,-121.94529436]],"friends":[1,2,3,4]}