{"messages":["where is he when I need him \ud83d\ude20","where is he when I need him \ud83d\ude20","where is he when I need him \ud83d\ude20"],"messages_no":3,"bad_words":[],"bad_words_no":0,"weight":0,"location":[[34.07441817,-117.87560253],[34.07441817,-117.87560253],[34.07441817,-117.87560253]],"friends":[1,2,3,4]}