{"messages":["lol bout to make a song \ud83c\udf5d\ud83c\udf5d\ud83c\udf5d","lol bout to make a song \ud83c\udf5d\ud83c\udf5d\ud83c\udf5d","lol bout to make a song \ud83c\udf5d\ud83c\udf5d\ud83c\udf5d"],"messages_no":3,"bad_words":[],"bad_words_no":0,"weight":0,"location":[29.57558071,-98.60898896,29.57558071,-98.60898896,29.57558071,-98.60898896]}