{"messages":["Whhhhhhyyyy","Whhhhhhyyyy","Whhhhhhyyyy","Whhhhhhyyyy"],"messages_no":4,"bad_words":[],"bad_words_no":0,"weight":0,"location":[30.19230348,-93.88722535,30.19230348,-93.88722535,30.19230348,-93.88722535,30.19230348,-93.88722535]}