{"messages":["@princessKae__ why.??","@princessKae__ why.??","@princessKae__ why.??"],"messages_no":3,"bad_words":[],"bad_words_no":0,"weight":0,"location":[[38.63881342,-90.26288903],[38.63881342,-90.26288903],[38.63881342,-90.26288903]],"friends":[1,2,3,4]}