{"messages":["IM DONE!!","IM DONE!!"],"messages_no":2,"bad_words":[],"bad_words_no":0,"weight":0,"location":[31.92322812,-92.64195308,31.92322812,-92.64195308]}