{"messages":["Fried pickles","Fried pickles"],"messages_no":2,"bad_words":[],"bad_words_no":0,"weight":0,"location":[41.67640598,-86.89373998,41.67640598,-86.89373998]}