{"messages":["\ud83c\udfc8G\ud83d\udc99O \ud83c\udfc8H\ud83d\udc9aA\ud83c\udfc8W\ud83d\udc99K\ud83c\udfc8S #SEABestFans","\ud83c\udfc8G\ud83d\udc99O \ud83c\udfc8H\ud83d\udc9aA\ud83c\udfc8W\ud83d\udc99K\ud83c\udfc8S #SEABestFans","\ud83c\udfc8G\ud83d\udc99O \ud83c\udfc8H\ud83d\udc9aA\ud83c\udfc8W\ud83d\udc99K\ud83c\udfc8S #SEABestFans"],"messages_no":3,"bad_words":[],"bad_words_no":0,"weight":0,"location":[[47.10500071,-122.3021196],[47.10500071,-122.3021196],[47.10500071,-122.3021196]],"friends":[1,2,3,4]}