{"messages":["Yo....","Yo....","Yo...."],"messages_no":3,"bad_words":[],"bad_words_no":0,"weight":0,"location":[[40.7904029,-77.8669684],[40.7904029,-77.8669684],[40.7904029,-77.8669684]],"friends":[1,2,3,4]}