{"messages":["I'm a shitty person.","I'm a shitty person."],"messages_no":2,"bad_words":[],"bad_words_no":4,"weight":0,"location":[33.79923094,-117.20957024,33.79923094,-117.20957024]}