{"messages":["My head is pounding so hard \ud83d\ude14","My head is pounding so hard \ud83d\ude14","My head is pounding so hard \ud83d\ude14"],"messages_no":3,"bad_words":[],"bad_words_no":0,"weight":0,"location":[[45.54928865,-94.15790834],[45.54928865,-94.15790834],[45.54928865,-94.15790834]],"friends":[1,2,3,4]}