{"messages":["Needle in arm \ud83d\ude14","Needle in arm \ud83d\ude14","Needle in arm \ud83d\ude14"],"messages_no":3,"bad_words":[],"bad_words_no":0,"weight":0,"location":[[34.10182251,-118.30789262],[34.10182251,-118.30789262],[34.10182251,-118.30789262]],"friends":[1,2,3,4]}