{"messages":["Shirtless men and puppies \ud83d\ude0b","Shirtless men and puppies \ud83d\ude0b","Shirtless men and puppies \ud83d\ude0b"],"messages_no":3,"bad_words":[],"bad_words_no":0,"weight":0,"location":[[40.11463976,-74.06659056],[40.11463976,-74.06659056],[40.11463976,-74.06659056]],"friends":[1,2,3,4]}