{"messages":["This salad taste like candy\ud83d\ude0b","This salad taste like candy\ud83d\ude0b","This salad taste like candy\ud83d\ude0b"],"messages_no":3,"bad_words":[],"bad_words_no":0,"weight":0,"location":[[33.77929459,-118.30892503],[33.77929459,-118.30892503],[33.77929459,-118.30892503]],"friends":[1,2,3,4]}