{"messages":["FaceTime ??","FaceTime ??","FaceTime ??"],"messages_no":3,"bad_words":[],"bad_words_no":0,"weight":0,"location":[[38.22272276,-85.76888166],[38.22272276,-85.76888166],[38.22272276,-85.76888166]],"friends":[1,2,3,4]}