{"messages":["It's easier not giving a fuck","It's easier not giving a fuck","It's easier not giving a fuck"],"messages_no":3,"bad_words":[],"bad_words_no":3,"weight":0,"location":[[29.61124535,-95.52323274],[29.61124535,-95.52323274],[29.61124535,-95.52323274]],"friends":[1,2,3,4]}