{"messages":["I love Cracker Barrel. \ud83c\udf73","I love Cracker Barrel. \ud83c\udf73","I love Cracker Barrel. \ud83c\udf73"],"messages_no":3,"bad_words":[],"bad_words_no":0,"weight":0,"location":[[39.91950289,-74.94742851],[39.91950289,-74.94742851],[39.91950289,-74.94742851]],"friends":[1,2,3,4]}