{"messages":["ima slap deanthony, someone get him. \ud83d\udc4a\ud83d\udc4a","ima slap deanthony, someone get him. \ud83d\udc4a\ud83d\udc4a","ima slap deanthony, someone get him. \ud83d\udc4a\ud83d\udc4a","ima slap deanthony, someone get him. \ud83d\udc4a\ud83d\udc4a"],"messages_no":4,"bad_words":[],"bad_words_no":0,"weight":0,"location":[35.73400361,-78.81488597,35.73400361,-78.81488597,35.73400361,-78.81488597,35.73400361,-78.81488597]}