{"messages":["im sleepy","im sleepy","im sleepy"],"messages_no":3,"bad_words":[],"bad_words_no":0,"weight":0,"location":[[39.9134872,-75.2612036],[39.9134872,-75.2612036],[39.9134872,-75.2612036]],"friends":[1,2,3,4]}