{"messages":["#EsuranceSave30 worth a try","#EsuranceSave30 worth a try","#EsuranceSave30 worth a try"],"messages_no":3,"bad_words":[],"bad_words_no":0,"weight":0,"location":[[26.7249446,-80.04167341],[26.7249446,-80.04167341],[26.7249446,-80.04167341]],"friends":[1,2,3,4]}