{"messages":["Sam is so perfect\ud83d\ude0d","Sam is so perfect\ud83d\ude0d"],"messages_no":2,"bad_words":[],"bad_words_no":0,"weight":0,"location":[40.30407383,-86.10183511,40.30407383,-86.10183511]}