{"messages":["@Mr_Presidente_ o really?\ud83d\udc40","@Mr_Presidente_ o really?\ud83d\udc40","@Mr_Presidente_ o really?\ud83d\udc40","@Mr_Presidente_ o really?\ud83d\udc40"],"messages_no":4,"bad_words":[],"bad_words_no":0,"weight":0,"location":[38.33127464,-75.61191085,38.33127464,-75.61191085,38.33127464,-75.61191085,38.33127464,-75.61191085]}