{"messages":["All over LA today...","All over LA today...","All over LA today..."],"messages_no":3,"bad_words":[],"bad_words_no":0,"weight":0,"location":[[34.061574,-118.3521284],[34.061574,-118.3521284],[34.061574,-118.3521284]],"friends":[1,2,3,4]}