{"messages":["@Raid71 my pleasure, glad u liked them.  Have a brilliant weekend","@hairbyeric glad to help out","@Raid71 my pleasure, glad u liked them.  Have a brilliant weekend","@hairbyeric glad to help out","@Raid71 my pleasure, glad u liked them.  Have a brilliant weekend","@hairbyeric glad to help out"],"messages_no":6,"bad_words":[],"bad_words_no":0,"weight":0,"location":[[33.12910491,-117.31116012],[34.08367018,-118.34410138],[33.12910491,-117.31116012],[34.08367018,-118.34410138],[33.12910491,-117.31116012],[34.08367018,-118.34410138]],"friends":[1,2,3,4]}