{"messages":["#EsuranceSave30","#EsuranceSave30","See the thing about you that caught my eye is the same thing that makes me change my mind","#EsuranceSave30"],"messages_no":4,"bad_words":[],"bad_words_no":0,"weight":0,"location":[[44.71880987,-93.19514768],[44.71880987,-93.19514768],[44.6927577,-93.2513793],[44.71880987,-93.19514768]],"friends":[1,2,3,4]}