{"messages":["#EsuranceSave30","#EsuranceSave30","#EsuranceSave30"],"messages_no":3,"bad_words":[],"bad_words_no":0,"weight":0,"location":[[42.72997376,-73.67160379],[42.72997376,-73.67160379],[42.72997376,-73.67160379]],"friends":[1,2,3,4]}