{"messages":["NOW ITS A BALLGAME!!!!!!!","NOW ITS A BALLGAME!!!!!!!","NOW ITS A BALLGAME!!!!!!!"],"messages_no":3,"bad_words":[],"bad_words_no":0,"weight":0,"location":[[39.33956097,-85.47366686],[39.33956097,-85.47366686],[39.33956097,-85.47366686]],"friends":[1,2,3,4]}