{"messages":["@OfficiallyMayra \ud83d\ude02\ud83d\ude02\ud83d\ude02\ud83d\ude02\ud83d\ude02 you got me dying over here!!!!!","@OfficiallyMayra \ud83d\ude02\ud83d\ude02\ud83d\ude02\ud83d\ude02\ud83d\ude02 you got me dying over here!!!!!","@OfficiallyMayra \ud83d\ude02\ud83d\ude02\ud83d\ude02\ud83d\ude02\ud83d\ude02 you got me dying over here!!!!!"],"messages_no":3,"bad_words":[],"bad_words_no":0,"weight":0,"location":[[42.36150646,-83.06438768],[42.36150646,-83.06438768],[42.36150646,-83.06438768]],"friends":[1,2,3,4]}