{"messages":["I fuckin love this IPad","I fuckin love this IPad","I fuckin love this IPad"],"messages_no":3,"bad_words":[],"bad_words_no":3,"weight":0,"location":[[45.64269957,-122.50451214],[45.64269957,-122.50451214],[45.64269957,-122.50451214]],"friends":[1,2,3,4]}