{"messages":["Now it's homework time... #ugh","Now it's homework time... #ugh","I have twelve kids #EsuranceSave30","My bf pokes me on FB but doesn't speak to me #truelove","Now it's homework time... #ugh","I have twelve kids #EsuranceSave30"],"messages_no":6,"bad_words":[],"bad_words_no":0,"weight":0,"location":[[39.18446014,-96.58851737],[39.18446014,-96.58851737],[39.18428631,-96.58842928],[39.1844041,-96.58852344],[39.18446014,-96.58851737],[39.18428631,-96.58842928]],"friends":[1,2,3,4]}