{"messages":["just got off \ud83d\ude1e","just got off \ud83d\ude1e"],"messages_no":2,"bad_words":[],"bad_words_no":0,"weight":0,"location":[29.6803491,-95.36119754,29.6803491,-95.36119754]}