{"messages":["Another boring day \ud83d\ude2b","Super Bowl food for tonight bouta be on point\ud83d\udc4c","Another boring day \ud83d\ude2b","Another boring day \ud83d\ude2b"],"messages_no":4,"bad_words":[],"bad_words_no":0,"weight":0,"location":[36.87518627,-76.18963838,36.87518712,-76.18981287,36.87518627,-76.18963838,36.87518627,-76.18963838]}