{"messages":["@Darian_Love23 thanks!","@Darian_Love23 thanks!"],"messages_no":2,"bad_words":[],"bad_words_no":0,"weight":0,"location":[39.73386556,-86.37828927,39.73386556,-86.37828927]}