{"messages":["Finna put sum clothes on #jawanatweet","Finna put sum clothes on #jawanatweet","I always repeat my songs #jawanatweet","Finna put sum clothes on #jawanatweet","I always repeat my songs #jawanatweet"],"messages_no":5,"bad_words":[],"bad_words_no":0,"weight":0,"location":[[33.73240077,-84.40344592],[33.73240077,-84.40344592],[33.73241728,-84.40330753],[33.73240077,-84.40344592],[33.73241728,-84.40330753]],"friends":[1,2,3,4]}