{"messages":["@dereckjohnston feels me.","@dereckjohnston feels me.","@dereckjohnston feels me."],"messages_no":3,"bad_words":[],"bad_words_no":0,"weight":0,"location":[32.50594075,-92.63867098,32.50594075,-92.63867098,32.50594075,-92.63867098]}