{"messages":["@killnewyork Great show!","@killnewyork Great show!","@killnewyork Great show!"],"messages_no":3,"bad_words":[],"bad_words_no":0,"weight":0,"location":[[39.09542936,-77.04400363],[39.09542936,-77.04400363],[39.09542936,-77.04400363]],"friends":[1,2,3,4]}