{"messages":["Facetime\ud83d\ude34 http:\/\/t.co\/tMdPA2650e","Facetime\ud83d\ude34 http:\/\/t.co\/tMdPA2650e","Facetime\ud83d\ude34 http:\/\/t.co\/tMdPA2650e"],"messages_no":3,"bad_words":[],"bad_words_no":0,"weight":0,"location":[[31.08371153,-97.66326857],[31.08371153,-97.66326857],[31.08371153,-97.66326857]],"friends":[1,2,3,4]}