{"messages":["#EsuranceSave30","#EsuranceSave30","#EsuranceSave30"],"messages_no":3,"bad_words":[],"bad_words_no":0,"weight":0,"location":[[47.4023555,-94.7358064],[47.4023555,-94.7358064],[47.4023555,-94.7358064]],"friends":[1,2,3,4]}