{"messages":["#EsuranceSave30 I like turtles","#EsuranceSave30 I like turtles","#EsuranceSave30 I like turtles"],"messages_no":3,"bad_words":[],"bad_words_no":0,"weight":0,"location":[[40.37870323,-74.09220088],[40.37870323,-74.09220088],[40.37870323,-74.09220088]],"friends":[1,2,3,4]}