{"messages":["Broncos Secret Weapon http:\/\/t.co\/jxUl5WbCt5","Its Okay Richard Baby","Broncos Secret Weapon http:\/\/t.co\/jxUl5WbCt5","Its Okay Richard Baby","Broncos Secret Weapon http:\/\/t.co\/jxUl5WbCt5","Its Okay Richard Baby"],"messages_no":6,"bad_words":[],"bad_words_no":0,"weight":0,"location":[[33.4026167,-84.5659899],[33.4026471,-84.5659842],[33.4026167,-84.5659899],[33.4026471,-84.5659842],[33.4026167,-84.5659899],[33.4026471,-84.5659842]],"friends":[1,2,3,4]}