{"messages":["#acidrapsquad","#acidrapsquad","I bit my lip and it really hurts now.\ud83d\ude22","#acidrapsquad","I bit my lip and it really hurts now.\ud83d\ude22"],"messages_no":5,"bad_words":[],"bad_words_no":0,"weight":0,"location":[[33.07283803,-112.03811263],[33.07283803,-112.03811263],[33.32740202,-111.98391106],[33.07283803,-112.03811263],[33.32740202,-111.98391106]],"friends":[1,2,3,4]}