{"messages":["feet cold","feet cold","feet cold"],"messages_no":3,"bad_words":[],"bad_words_no":0,"weight":0,"location":[33.92487032,-82.27251604,33.92487032,-82.27251604,33.92487032,-82.27251604]}