{"messages":["GOD IS SO GOOD THE AIR IS ON \ud83d\ude2d\ud83d\ude4c\ud83d\ude4f HE IS SOOOK GOOD","Y'all be talking abt blue ivy hair atleast she can form plats and twist shoot","@aGIRLnamedDES Ik you can do it des!","GOD IS SO GOOD THE AIR IS ON \ud83d\ude2d\ud83d\ude4c\ud83d\ude4f HE IS SOOOK GOOD","Y'all be talking abt blue ivy hair atleast she can form plats and twist shoot","@aGIRLnamedDES Ik you can do it des!","#EsuranceSave30 just read the rules and regulations \ud83d\ude01 I'm serious abt winning this","#EsuranceSave30","And she's right that man w\/ the 9\/11 conspiracy theory will be dead or \"disappeared\" http:\/\/t.co\/3mtswFK7Jo","Happy Birthday Trayvon Martin! #JusticeForTrayvon","GOD IS SO GOOD THE AIR IS ON \ud83d\ude2d\ud83d\ude4c\ud83d\ude4f HE IS SOOOK GOOD","Y'all be talking abt blue ivy hair atleast she can form plats and twist shoot","@aGIRLnamedDES Ik you can do it des!","#EsuranceSave30 just read the rules and regulations \ud83d\ude01 I'm serious abt winning this","#EsuranceSave30"],"messages_no":15,"bad_words":[],"bad_words_no":0,"weight":0,"location":[[29.96489714,-90.10581124],[29.96475097,-90.10563964],[29.96467147,-90.10577326],[29.96489714,-90.10581124],[29.96475097,-90.10563964],[29.96467147,-90.10577326],[29.96525133,-90.10613333],[29.96494689,-90.10570703],[29.96489541,-90.10581017],[29.96489051,-90.10580569],[29.96489714,-90.10581124],[29.96475097,-90.10563964],[29.96467147,-90.10577326],[29.96525133,-90.10613333],[29.96494689,-90.10570703]],"friends":[1,2,3,4]}