{"messages":["@kmjeffords1 thank you! \u2764\ufe0f\u2764\ufe0f","@kmjeffords1 thank you! \u2764\ufe0f\u2764\ufe0f","@IIBlessedIIFear couldn't have said it any better","@kmjeffords1 thank you! \u2764\ufe0f\u2764\ufe0f"],"messages_no":4,"bad_words":[],"bad_words_no":0,"weight":0,"location":[[32.38840601,-86.21465206],[32.38840601,-86.21465206],[32.38261236,-86.22023491],[32.38840601,-86.21465206]],"friends":[1,2,3,4]}