{"messages":["Finally here! \ud83d\ude4c","Finally here! \ud83d\ude4c","Finally here! \ud83d\ude4c"],"messages_no":3,"bad_words":[],"bad_words_no":0,"weight":0,"location":[35.82302046,-83.57695241,35.82302046,-83.57695241,35.82302046,-83.57695241]}