{"messages":["well... now what","well... now what","well... now what"],"messages_no":3,"bad_words":[],"bad_words_no":0,"weight":0,"location":[[41.14711903,-85.02143049],[41.14711903,-85.02143049],[41.14711903,-85.02143049]],"friends":[1,2,3,4]}