{"messages":["What's there to do","\u201c@wizkhalifa: Woke up sleazy. Juss pacced a Super Bowl\u201d","What's there to do"],"messages_no":3,"bad_words":[],"bad_words_no":0,"weight":0,"location":[34.15879851,-118.56538618,34.15877176,-118.56539151,34.15879851,-118.56538618]}