{"messages":["Comeback? \ud83d\ude02","Comeback? \ud83d\ude02","Comeback? \ud83d\ude02"],"messages_no":3,"bad_words":[],"bad_words_no":0,"weight":0,"location":[[37.57896426,-77.51345754],[37.57896426,-77.51345754],[37.57896426,-77.51345754]],"friends":[1,2,3,4]}