{"messages":["#EsuranceSave30 leggo","#EsuranceSave30 leggo","#EsuranceSave30 leggo"],"messages_no":3,"bad_words":[],"bad_words_no":0,"weight":0,"location":[[39.16590014,-84.82255926],[39.16590014,-84.82255926],[39.16590014,-84.82255926]],"friends":[1,2,3,4]}