{"messages":["Safety???!!","Safety???!!","Safety???!!"],"messages_no":3,"bad_words":[],"bad_words_no":0,"weight":0,"location":[[42.96573842,-85.88460624],[42.96573842,-85.88460624],[42.96573842,-85.88460624]],"friends":[1,2,3,4]}