{"messages":["@abgrouptherapy can't wait to listen.","@abgrouptherapy can't wait to listen.","@abgrouptherapy can't wait to listen.","@abgrouptherapy can't wait to listen."],"messages_no":4,"bad_words":[],"bad_words_no":0,"weight":0,"location":[33.25678573,-111.88475313,33.25678573,-111.88475313,33.25678573,-111.88475313,33.25678573,-111.88475313]}