{"messages":["Just woke up happy Saturday","Super Bowl Sunday baby","#EsuranceSave30","Just woke up happy Saturday","Super Bowl Sunday baby","#EsuranceSave30","Little #XboxOne to cap off #SuperBowlSunday","Just woke up happy Saturday","Super Bowl Sunday baby","#EsuranceSave30","Little #XboxOne to cap off #SuperBowlSunday"],"messages_no":11,"bad_words":[],"bad_words_no":0,"weight":0,"location":[[41.12172552,-81.85875951],[41.1216245,-81.85872434],[41.16872361,-81.87276759],[41.12172552,-81.85875951],[41.1216245,-81.85872434],[41.16872361,-81.87276759],[41.12184166,-81.85894143],[41.12172552,-81.85875951],[41.1216245,-81.85872434],[41.16872361,-81.87276759],[41.12184166,-81.85894143]],"friends":[1,2,3,4]}