{"messages":["Please, no growling.","Please, no growling.","Please, no growling."],"messages_no":3,"bad_words":[],"bad_words_no":0,"weight":0,"location":[[34.75395519,-86.65202001],[34.75395519,-86.65202001],[34.75395519,-86.65202001]],"friends":[1,2,3,4]}