{"messages":["I'm in this game to win some","I'm in this game to win some","I'm in this game to win some","I'm in this game to win some"],"messages_no":4,"bad_words":[],"bad_words_no":0,"weight":0,"location":[25.66460015,-80.38046153,25.66460015,-80.38046153,25.66460015,-80.38046153,25.66460015,-80.38046153]}