{"messages":["@Scooba_Steve29 thanks big bro","@Scooba_Steve29 thanks big bro","@Scooba_Steve29 thanks big bro"],"messages_no":3,"bad_words":[],"bad_words_no":0,"weight":0,"location":[[37.30710289,-78.40321006],[37.30710289,-78.40321006],[37.30710289,-78.40321006]],"friends":[1,2,3,4]}