{"messages":["@mkeeger reasons you should come over: I like your hugs","I hate mushrooms but love Mooses tooth pizza more","@mkeeger reasons you should come over: I like your hugs","I hate mushrooms but love Mooses tooth pizza more","This is true http:\/\/t.co\/KapPWsA3bG","@mkeeger reasons you should come over: I like your hugs","I hate mushrooms but love Mooses tooth pizza more"],"messages_no":7,"bad_words":[],"bad_words_no":0,"weight":0,"location":[[61.19021132,-149.92647227],[61.19014405,-149.92676798],[61.19021132,-149.92647227],[61.19014405,-149.92676798],[61.19005497,-149.92580584],[61.19021132,-149.92647227],[61.19014405,-149.92676798]],"friends":[1,2,3,4]}