{"messages":["Seattle been holding","Seattle been holding","Seattle been holding"],"messages_no":3,"bad_words":[],"bad_words_no":0,"weight":0,"location":[[38.88150115,-77.11561129],[38.88150115,-77.11561129],[38.88150115,-77.11561129]],"friends":[1,2,3,4]}