{"messages":["Y'all so lame \ud83d\ude12","Y'all so lame \ud83d\ude12","Y'all so lame \ud83d\ude12"],"messages_no":3,"bad_words":[],"bad_words_no":0,"weight":0,"location":[[29.00422386,-81.30468681],[29.00422386,-81.30468681],[29.00422386,-81.30468681]],"friends":[1,2,3,4]}