{"messages":["Prolly wnna fuck this cash","He ripped it","Prolly wnna fuck this cash","Prolly wnna fuck this cash","He ripped it"],"messages_no":5,"bad_words":[],"bad_words_no":3,"weight":0,"location":[31.22502513,-84.20227894,31.22501925,-84.20226773,31.22502513,-84.20227894,31.22502513,-84.20227894,31.22501925,-84.20226773]}