{"messages":["@oddestfacts sounds like what I have","@oddestfacts sounds like what I have","I love before and after pictures.\ud83d\udc4c","@oddestfacts sounds like what I have"],"messages_no":4,"bad_words":[],"bad_words_no":0,"weight":0,"location":[[35.23511725,-80.68146701],[35.23511725,-80.68146701],[35.23510187,-80.68143373],[35.23511725,-80.68146701]],"friends":[1,2,3,4]}