{"messages":["Bogus penalty on Seahawks","Bogus penalty on Seahawks","Bogus penalty on Seahawks"],"messages_no":3,"bad_words":[],"bad_words_no":0,"weight":0,"location":[[34.53217829,-117.20820352],[34.53217829,-117.20820352],[34.53217829,-117.20820352]],"friends":[1,2,3,4]}