{"messages":["\u201c@justin_meyers_1: @mikeyy_doherty @ me pussy\u201d @justin_meyers_1","The game been over","\u201c@justin_meyers_1: @mikeyy_doherty @ me pussy\u201d @justin_meyers_1","The game been over","\u201c@justin_meyers_1: @mikeyy_doherty @ me pussy\u201d @justin_meyers_1","The game been over"],"messages_no":6,"bad_words":[],"bad_words_no":3,"weight":0,"location":[[40.62053912,-74.13593899],[40.62058723,-74.13615935],[40.62053912,-74.13593899],[40.62058723,-74.13615935],[40.62053912,-74.13593899],[40.62058723,-74.13615935]],"friends":[1,2,3,4]}