{"messages":["I feel like today is going to be a good day.","I feel like today is going to be a good day.","I feel like today is going to be a good day.","I feel like today is going to be a good day."],"messages_no":4,"bad_words":[],"bad_words_no":0,"weight":0,"location":[32.28304905,-106.75365619,32.28304905,-106.75365619,32.28304905,-106.75365619,32.28304905,-106.75365619]}