{"messages":["Church.","Church.","Church."],"messages_no":3,"bad_words":[],"bad_words_no":0,"weight":0,"location":[[30.6628875,-81.4529989],[30.6628875,-81.4529989],[30.6628875,-81.4529989]],"friends":[1,2,3,4]}