{"messages":["\u201c@JetLifeKev_: Only real homies can smell what I smoke .....\u201d I smell louuuud","@BeautyOfASinner no problem ! And aight \ud83d\udc4c","Add 2 on it","\u201c@JetLifeKev_: Only real homies can smell what I smoke .....\u201d I smell louuuud","@BeautyOfASinner no problem ! And aight \ud83d\udc4c","@BeautyOfASinner no problem ! And aight \ud83d\udc4c"],"messages_no":6,"bad_words":[],"bad_words_no":0,"weight":0,"location":[42.30088171,-71.08588086,42.32306854,-71.10179604,42.28975523,-71.08608612,42.30088171,-71.08588086,42.32306854,-71.10179604,42.32306854,-71.10179604]}