{"messages":["Spurs are poor","Spurs are poor","Spurs are poor"],"messages_no":3,"bad_words":[],"bad_words_no":0,"weight":0,"location":[[38.06969489,-78.45392134],[38.06969489,-78.45392134],[38.06969489,-78.45392134]],"friends":[1,2,3,4]}