{"messages":["That interception was perfect \ud83d\ude09","That interception was perfect \ud83d\ude09","That interception was perfect \ud83d\ude09"],"messages_no":3,"bad_words":[],"bad_words_no":0,"weight":0,"location":[[42.06287744,-71.07631853],[42.06287744,-71.07631853],[42.06287744,-71.07631853]],"friends":[1,2,3,4]}