{"messages":["Rampage Jackson bet 10.4 mil on Denver \ud83d\ude02\ud83d\ude02\ud83d\ude02\ud83d\ude02\ud83d\ude02\ud83d\ude02\ud83d\ude02\ud83d\ude02","Rampage Jackson bet 10.4 mil on Denver \ud83d\ude02\ud83d\ude02\ud83d\ude02\ud83d\ude02\ud83d\ude02\ud83d\ude02\ud83d\ude02\ud83d\ude02","Getting money is a habit \ud83d\ude14","Rampage Jackson bet 10.4 mil on Denver \ud83d\ude02\ud83d\ude02\ud83d\ude02\ud83d\ude02\ud83d\ude02\ud83d\ude02\ud83d\ude02\ud83d\ude02"],"messages_no":4,"bad_words":[],"bad_words_no":0,"weight":0,"location":[[39.62355461,-77.78351679],[39.62355461,-77.78351679],[39.62355033,-77.78362421],[39.62355461,-77.78351679]],"friends":[1,2,3,4]}