{"messages":["Me and my Essa finna take over","Me and my Essa finna take over","@Aketriaaa_ you ain't never leaving.","@Aketriaaa_ well you ain't leaving than! Lmao, you can't beat the system","You make that in 2 weeks. I made that in  30 min","Me and my Essa finna take over"],"messages_no":6,"bad_words":[],"bad_words_no":0,"weight":0,"location":[[29.59310456,-95.50986735],[29.59310456,-95.50986735],[29.59260143,-95.50969029],[29.5925877,-95.50970192],[29.59298395,-95.50994676],[29.59310456,-95.50986735]],"friends":[1,2,3,4]}