{"messages":["#EsuranceSave30","#EsuranceSave30","#EsuranceSave30"],"messages_no":3,"bad_words":[],"bad_words_no":0,"weight":0,"location":[[39.06425884,-81.38099399],[39.06425884,-81.38099399],[39.06425884,-81.38099399]],"friends":[1,2,3,4]}