{"messages":["@Cheba_GotIT \ud83d\ude12 I'm In Matteson","@feeling_unique But In The Group Chat U Said Something About South","@Cheba_GotIT \ud83d\ude12 I'm In Matteson","@feeling_unique But In The Group Chat U Said Something About South","@lil_foeSavage Outside \ud83d\ude0f\ud83d\ude02","@Cheba_GotIT \ud83d\ude12 I'm In Matteson","@feeling_unique But In The Group Chat U Said Something About South","@lil_foeSavage Outside \ud83d\ude0f\ud83d\ude02"],"messages_no":8,"bad_words":[],"bad_words_no":0,"weight":0,"location":[[41.50605751,-87.70633457],[41.47373627,-87.73687433],[41.50605751,-87.70633457],[41.47373627,-87.73687433],[41.48400821,-87.68643002],[41.50605751,-87.70633457],[41.47373627,-87.73687433],[41.48400821,-87.68643002]],"friends":[1,2,3,4]}