{"messages":["@TheRealLouiG yea college","@TheRealLouiG yea college","Stewie want his mf money !","@TheRealLouiG yea college"],"messages_no":4,"bad_words":[],"bad_words_no":0,"weight":0,"location":[[31.62903916,-94.65523493],[31.62903916,-94.65523493],[31.62907763,-94.65517251],[31.62903916,-94.65523493]],"friends":[1,2,3,4]}