{"messages":["@TheRealLouiG yea college","@TheRealLouiG yea college","@TheRealLouiG yea college"],"messages_no":3,"bad_words":[],"bad_words_no":0,"weight":0,"location":[31.62903916,-94.65523493,31.62903916,-94.65523493,31.62903916,-94.65523493]}