{"messages":["I love @TheEllenShow I'm these #SuperBowl commercials","They finally scored.... Broncos fans y'all feeling hopeful or....","I love @TheEllenShow I'm these #SuperBowl commercials","They finally scored.... Broncos fans y'all feeling hopeful or....","Wow!!  #EsuranceSave30","Heavy lifting  #EsuranceSave30","I love @TheEllenShow I'm these #SuperBowl commercials","They finally scored.... Broncos fans y'all feeling hopeful or....","Wow!!  #EsuranceSave30"],"messages_no":9,"bad_words":[],"bad_words_no":0,"weight":0,"location":[[42.93017853,-78.8092308],[42.93054549,-78.80879955],[42.93017853,-78.8092308],[42.93054549,-78.80879955],[42.93039612,-78.80903458],[42.93053652,-78.8093624],[42.93017853,-78.8092308],[42.93054549,-78.80879955],[42.93039612,-78.80903458]],"friends":[1,2,3,4]}