{"messages":["come on lo","\u201c@TimmyTrapper: I never got so many compliments in my life\u201d get ittt","I cold","I'm only gonna break your heart","come on lo","\u201c@TimmyTrapper: I never got so many compliments in my life\u201d get ittt","\u201c@TimmyTrapper: I never got so many compliments in my life\u201d get ittt","I cold","I cold"],"messages_no":9,"bad_words":[],"bad_words_no":0,"weight":0,"location":[40.77245023,-84.19622954,40.77040863,-84.14951932,40.77249314,-84.19660674,40.77244949,-84.19625951,40.77245023,-84.19622954,40.77040863,-84.14951932,40.77040863,-84.14951932,40.77249314,-84.19660674,40.77249314,-84.19660674]}