{"messages":["trying to be nice .","trying to be nice .","trying to be nice ."],"messages_no":3,"bad_words":[],"bad_words_no":0,"weight":0,"location":[[33.32060059,-84.0450924],[33.32060059,-84.0450924],[33.32060059,-84.0450924]],"friends":[1,2,3,4]}