{"messages":["@Austin_Albirght happy birthday man","@_wifeOFbuju ha you funny","@Austin_Albirght happy birthday man","@_wifeOFbuju ha you funny","Ha. Dallas my team but this is too true http:\/\/t.co\/5CRWevaDaK","@Austin_Albirght happy birthday man","@_wifeOFbuju ha you funny","@Austin_Albirght happy birthday man","@_wifeOFbuju ha you funny"],"messages_no":9,"bad_words":[],"bad_words_no":0,"weight":0,"location":[36.1035388,-79.4321528,36.0915299,-79.3939855,36.1035388,-79.4321528,36.0915299,-79.3939855,36.1300838,-79.4318253,36.1035388,-79.4321528,36.0915299,-79.3939855,36.1035388,-79.4321528,36.0915299,-79.3939855]}