{"messages":["Fuck this cold weather.","Fuck this cold weather.","Fuck this cold weather."],"messages_no":3,"bad_words":[],"bad_words_no":3,"weight":0,"location":[[30.0041676,-97.81182637],[30.0041676,-97.81182637],[30.0041676,-97.81182637]],"friends":[1,2,3,4]}