{"messages":["@Beastie_Q is it down??","@Beastie_Q is it down??","@Beastie_Q is it down??"],"messages_no":3,"bad_words":[],"bad_words_no":0,"weight":0,"location":[[32.61138928,-96.95430564],[32.61138928,-96.95430564],[32.61138928,-96.95430564]],"friends":[1,2,3,4]}