{"messages":["If I told u you where beautiful would u date me on the regular?","What a throw what a catch","This white vs blacks game lol","I got yogurt on my pants ... Go ahead \ud83d\ude02\ud83c\udf66"],"messages_no":4,"bad_words":[],"bad_words_no":0,"weight":0,"location":[[39.81341184,-82.94667223],[39.88091807,-82.83352782],[39.88121668,-82.83367223],[39.88093763,-82.83363674]]}