{"messages":["Wish I was going to RVA tonight. \ud83d\ude29\ud83d\ude16","Wish I was going to RVA tonight. \ud83d\ude29\ud83d\ude16","Wish I was going to RVA tonight. \ud83d\ude29\ud83d\ude16"],"messages_no":3,"bad_words":[],"bad_words_no":0,"weight":0,"location":[36.8858454,-76.3089927,36.8858454,-76.3089927,36.8858454,-76.3089927]}