{"messages":["I love shootouts","I love shootouts","I love shootouts"],"messages_no":3,"bad_words":[],"bad_words_no":0,"weight":0,"location":[[38.04121206,-121.36193158],[38.04121206,-121.36193158],[38.04121206,-121.36193158]],"friends":[1,2,3,4]}