{"messages":["Finally got my hair done \ud83d\ude0d\ud83d\ude0d\ud83d\ude0d","Finally got my hair done \ud83d\ude0d\ud83d\ude0d\ud83d\ude0d","potion in my sprite, then my night slows down..down.","Finally got my hair done \ud83d\ude0d\ud83d\ude0d\ud83d\ude0d","potion in my sprite, then my night slows down..down."],"messages_no":5,"bad_words":[],"bad_words_no":0,"weight":0,"location":[[41.21605005,-80.74783679],[41.21605005,-80.74783679],[41.18715674,-80.81014398],[41.21605005,-80.74783679],[41.18715674,-80.81014398]],"friends":[1,2,3,4]}