{"messages":["Black History Month. \ud83d\udc4c\ud83d\udc4c\ud83d\udc4c","Black History Month. \ud83d\udc4c\ud83d\udc4c\ud83d\udc4c","\u201c@__twatchme: might start going to KG highschoool soon \ud83d\ude0f\u263a\ufe0f\u201dno.","Black History Month. \ud83d\udc4c\ud83d\udc4c\ud83d\udc4c"],"messages_no":4,"bad_words":[],"bad_words_no":0,"weight":0,"location":[[38.25297914,-77.24552406],[38.25297914,-77.24552406],[38.35850464,-77.0538571],[38.25297914,-77.24552406]],"friends":[1,2,3,4]}