{"messages":["@KylaRican @beeSOtatted LOL why not","@KylaRican @beeSOtatted LOL why not","@DeeTeeWilbourn I swear ! lol","@KylaRican @beeSOtatted LOL why not"],"messages_no":4,"bad_words":[],"bad_words_no":0,"weight":0,"location":[[38.61298682,-89.92514427],[38.61298682,-89.92514427],[38.61282864,-89.92494961],[38.61298682,-89.92514427]],"friends":[1,2,3,4]}