{"messages":["What is life","What is life","What is life"],"messages_no":3,"bad_words":[],"bad_words_no":0,"weight":0,"location":[[28.09969072,-82.37283415],[28.09969072,-82.37283415],[28.09969072,-82.37283415]],"friends":[1,2,3,4]}