{"messages":["\u201c@L1LDebbie: you never feel the love until you leave\u201d","\u201c@L1LDebbie: you never feel the love until you leave\u201d","Going home, thank the lord\ud83d\ude4c","\u201c@L1LDebbie: you never feel the love until you leave\u201d"],"messages_no":4,"bad_words":[],"bad_words_no":0,"weight":0,"location":[[41.2982092,-96.13813248],[41.2982092,-96.13813248],[41.26172144,-96.10587691],[41.2982092,-96.13813248]],"friends":[1,2,3,4]}