{"messages":["Wives With Knives be on point ! \ud83d\ude01","Wives With Knives be on point ! \ud83d\ude01","Wives With Knives be on point ! \ud83d\ude01"],"messages_no":3,"bad_words":[],"bad_words_no":0,"weight":0,"location":[[33.2746419,-93.23258475],[33.2746419,-93.23258475],[33.2746419,-93.23258475]],"friends":[1,2,3,4]}