{"messages":["Don't Care Too Much","People Doing Da Most Ova This Sorry Ass Game \ud83d\ude10","Don't Care Too Much"],"messages_no":3,"bad_words":[],"bad_words_no":0,"weight":0,"location":[30.45973817,-91.14256958,30.47972002,-91.07999697,30.45973817,-91.14256958]}