{"messages":["Let's go Seahawks","Let's go Seahawks","Let's go Seahawks"],"messages_no":3,"bad_words":[],"bad_words_no":0,"weight":0,"location":[[39.89637688,-86.04509094],[39.89637688,-86.04509094],[39.89637688,-86.04509094]],"friends":[1,2,3,4]}