{"messages":["Whut just happened.","Whut just happened.","\"@katelynnxoo: no one knows my oomf \ud83d\udc4c\ud83d\ude0c\" it's me duh","Whut just happened.","\"@katelynnxoo: no one knows my oomf \ud83d\udc4c\ud83d\ude0c\" it's me duh"],"messages_no":5,"bad_words":[],"bad_words_no":0,"weight":0,"location":[[26.6482989,-82.0008141],[26.6482989,-82.0008141],[26.6499026,-82.0070506],[26.6482989,-82.0008141],[26.6499026,-82.0070506]],"friends":[1,2,3,4]}