{"messages":["@King_Scoob I knoe broo its not fair","@King_Scoob I knoe broo its not fair","But yea, knockout timee","Slight work today \ud83d\ude0f\u270a\ud83d\udcaa","@King_Scoob I knoe broo its not fair","But yea, knockout timee"],"messages_no":6,"bad_words":[],"bad_words_no":0,"weight":0,"location":[[41.5609398,-87.5729319],[41.5609398,-87.5729319],[41.5609414,-87.5729295],[41.5609442,-87.5729299],[41.5609398,-87.5729319],[41.5609414,-87.5729295]],"friends":[1,2,3,4]}