{"messages":["Nobody","Nobody","@ieatyoutweet_ oh goodness gracious","Everything I say, I stand up to it","@YourFavoriteKee I miss you \ud83d\ude29","Nobody","@ieatyoutweet_ oh goodness gracious","Everything I say, I stand up to it"],"messages_no":8,"bad_words":[],"bad_words_no":0,"weight":0,"location":[[30.35329274,-96.01589312],[30.35329274,-96.01589312],[29.93501177,-95.66004893],[29.93495795,-95.65996729],[29.91237624,-95.63149363],[30.35329274,-96.01589312],[29.93501177,-95.66004893],[29.93495795,-95.65996729]],"friends":[1,2,3,4]}