{"messages":["Hey look a touchdown","Hey look a touchdown","Hey look a touchdown"],"messages_no":3,"bad_words":[],"bad_words_no":0,"weight":0,"location":[[39.74158633,-84.17917123],[39.74158633,-84.17917123],[39.74158633,-84.17917123]],"friends":[1,2,3,4]}