{"messages":["@esurance #EsuranceSave30","@esurance #EsuranceSave30","@esurance #EsuranceSave30"],"messages_no":3,"bad_words":[],"bad_words_no":0,"weight":0,"location":[[38.64506867,-90.24851991],[38.64506867,-90.24851991],[38.64506867,-90.24851991]],"friends":[1,2,3,4]}