{"messages":["@jerickson262 pretty sure we all saw him","@jerickson262 pretty sure we all saw him","My math professor is straight Russian","@jerickson262 pretty sure we all saw him"],"messages_no":4,"bad_words":[],"bad_words_no":0,"weight":0,"location":[[42.57257837,-88.09707064],[42.57257837,-88.09707064],[42.64029004,-87.85033941],[42.57257837,-88.09707064]],"friends":[1,2,3,4]}