{"messages":["@itsgmoneyyaw nah ur just annoyin as hell","@itsgmoneyyaw nah ur just annoyin as hell","Broke niggas we see right through you","@BrianJohnson021 idk prolly like 7-8 lmfao\ud83d\ude02\ud83d\ude02\ud83d\ude02","Best drink ever made \ud83d\ude0d\ud83d\ude0d\ud83d\ude0d\ud83d\udc4c http:\/\/t.co\/DyupfaAZmO","@itsgmoneyyaw nah ur just annoyin as hell","Broke niggas we see right through you"],"messages_no":7,"bad_words":[],"bad_words_no":5,"weight":0,"location":[[39.38746347,-74.40440808],[39.38746347,-74.40440808],[39.39280551,-74.39276763],[39.38750922,-74.40409567],[39.38755823,-74.40392476],[39.38746347,-74.40440808],[39.39280551,-74.39276763]],"friends":[1,2,3,4]}