{"messages":["WHY. WHAT. THE. HELL.","WHY. WHAT. THE. HELL.","&amp; it's only Tuesday... *sighs* \ud83d\ude14","WHY. WHAT. THE. HELL."],"messages_no":4,"bad_words":[],"bad_words_no":0,"weight":0,"location":[[47.17542909,-122.4051501],[47.17542909,-122.4051501],[47.17005511,-122.35851066],[47.17542909,-122.4051501]],"friends":[1,2,3,4]}