{"messages":["Bout to hop on black ops and slay some zombies","Bout to hop on black ops and slay some zombies","\u201c@MisterBitches_: about to smoke this 8th with Alvin\u201d \ud83d\ude33","Yo whats your number bru @MisterBitches_","Guess ill get up and 8","Bout to hop on black ops and slay some zombies","\u201c@MisterBitches_: about to smoke this 8th with Alvin\u201d \ud83d\ude33"],"messages_no":7,"bad_words":[],"bad_words_no":0,"weight":0,"location":[[39.60625067,-75.70651804],[39.60625067,-75.70651804],[39.60642879,-75.7065654],[39.6065413,-75.70603583],[39.60631067,-75.7064896],[39.60625067,-75.70651804],[39.60642879,-75.7065654]],"friends":[1,2,3,4]}