{"messages":["I hope she knows that","I hope she knows that","I hope she knows that"],"messages_no":3,"bad_words":[],"bad_words_no":0,"weight":0,"location":[30.07042756,-99.30323701,30.07042756,-99.30323701,30.07042756,-99.30323701]}