{"messages":["@MobRagz so close to 200 tonight","@MobRagz so close to 200 tonight","@MobRagz so close to 200 tonight"],"messages_no":3,"bad_words":[],"bad_words_no":0,"weight":0,"location":[[30.44381786,-84.32264576],[30.44381786,-84.32264576],[30.44381786,-84.32264576]],"friends":[1,2,3,4]}