{"messages":["Dumb assess","im fucking dead lmao","Dumb assess","Dumb assess"],"messages_no":4,"bad_words":[],"bad_words_no":1,"weight":0,"location":[38.76252653,-104.7314968,38.71933088,-104.79718428,38.76252653,-104.7314968,38.76252653,-104.7314968]}