{"messages":["STOP SNOOZING YOUR ALARM, DEANNA.","STOP SNOOZING YOUR ALARM, DEANNA.","Dry shampoo for dayyyyyys.","STOP SNOOZING YOUR ALARM, DEANNA."],"messages_no":4,"bad_words":[],"bad_words_no":0,"weight":0,"location":[[33.46161355,-111.98468268],[33.46161355,-111.98468268],[33.46162125,-111.98468861],[33.46161355,-111.98468268]],"friends":[1,2,3,4]}