{"messages":["I need to get up... @","I need to get up... @","I need to get up... @"],"messages_no":3,"bad_words":[],"bad_words_no":0,"weight":0,"location":[[42.1879954,-72.7537792],[42.1879954,-72.7537792],[42.1879954,-72.7537792]],"friends":[1,2,3,4]}