{"messages":["@KaileyGreco Yes I am! \ud83d\ude18","Rock me to sleep baby.","@KaileyGreco Yes I am! \ud83d\ude18","Rock me to sleep baby.","@KaileyGreco Yes I am! \ud83d\ude18","Rock me to sleep baby."],"messages_no":6,"bad_words":[],"bad_words_no":0,"weight":0,"location":[[32.24575079,-110.96143169],[32.22361851,-110.96058344],[32.24575079,-110.96143169],[32.22361851,-110.96058344],[32.24575079,-110.96143169],[32.22361851,-110.96058344]],"friends":[1,2,3,4]}