{"messages":["#EsuranceSave30","#EsuranceSave30","#EsuranceSave30"],"messages_no":3,"bad_words":[],"bad_words_no":0,"weight":0,"location":[[38.99699909,-94.20475609],[38.99699909,-94.20475609],[38.99699909,-94.20475609]],"friends":[1,2,3,4]}