{"messages":["I wish I had friends to do stuff with.","I wish I had friends to do stuff with.","I wish I had friends to do stuff with."],"messages_no":3,"bad_words":[],"bad_words_no":0,"weight":0,"location":[38.30086066,-104.63538615,38.30086066,-104.63538615,38.30086066,-104.63538615]}