{"messages":["Your girl got all A's \ud83d\udc4c\ud83d\udc4c\ud83d\ude0c","Your girl got all A's \ud83d\udc4c\ud83d\udc4c\ud83d\ude0c","Your girl got all A's \ud83d\udc4c\ud83d\udc4c\ud83d\ude0c"],"messages_no":3,"bad_words":[],"bad_words_no":0,"weight":0,"location":[[38.20175232,-85.80222001],[38.20175232,-85.80222001],[38.20175232,-85.80222001]],"friends":[1,2,3,4]}