{"messages":["@__thedynasty big ass brone","@__thedynasty big ass brone","@__thedynasty big ass brone"],"messages_no":3,"bad_words":[],"bad_words_no":0,"weight":0,"location":[[29.55411969,-95.38365341],[29.55411969,-95.38365341],[29.55411969,-95.38365341]],"friends":[1,2,3,4]}