{"messages":["Need a change","Need a change","Need a change"],"messages_no":3,"bad_words":[],"bad_words_no":0,"weight":0,"location":[[34.00608478,-84.25598284],[34.00608478,-84.25598284],[34.00608478,-84.25598284]],"friends":[1,2,3,4]}