{"messages":["Someone hangout with me","Super Bowl &lt; Anything Frolf related","Someone hangout with me"],"messages_no":3,"bad_words":[],"bad_words_no":0,"weight":0,"location":[40.15137751,-83.24806787,40.15141557,-83.24806142,40.15137751,-83.24806787]}