{"messages":["I still hate tim tebow","I still hate tim tebow","I still hate tim tebow"],"messages_no":3,"bad_words":[],"bad_words_no":0,"weight":0,"location":[[44.98142214,-93.24042434],[44.98142214,-93.24042434],[44.98142214,-93.24042434]],"friends":[1,2,3,4]}