{"messages":["How am I supposed to do this? \ud83d\ude29","How am I supposed to do this? \ud83d\ude29","What happens, happens. \ud83d\ude3b","How am I supposed to do this? \ud83d\ude29","What happens, happens. \ud83d\ude3b"],"messages_no":5,"bad_words":[],"bad_words_no":0,"weight":0,"location":[[28.33736574,-81.48667655],[28.33736574,-81.48667655],[26.03292776,-80.18739514],[28.33736574,-81.48667655],[26.03292776,-80.18739514]],"friends":[1,2,3,4]}