{"messages":["I hate these nights... \ud83d\ude12","I hate these nights... \ud83d\ude12"],"messages_no":2,"bad_words":[],"bad_words_no":0,"weight":0,"location":[34.00867356,-83.70514981,34.00867356,-83.70514981]}