{"messages":["Good lord , my flaws","Good lord , my flaws","Good lord , my flaws"],"messages_no":3,"bad_words":[],"bad_words_no":0,"weight":0,"location":[[36.1105803,-115.0565448],[36.1105803,-115.0565448],[36.1105803,-115.0565448]],"friends":[1,2,3,4]}