{"messages":["The cruelest thing of all is false hope.","The cruelest thing of all is false hope.","I will never understand men","The cruelest thing of all is false hope."],"messages_no":4,"bad_words":[],"bad_words_no":0,"weight":0,"location":[[39.68532027,-84.69098174],[39.68532027,-84.69098174],[39.68528747,-84.69176555],[39.68532027,-84.69098174]],"friends":[1,2,3,4]}