{"messages":["Well back to studying \ud83d\ude1f","Well back to studying \ud83d\ude1f","Well back to studying \ud83d\ude1f"],"messages_no":3,"bad_words":[],"bad_words_no":0,"weight":0,"location":[[28.57841025,-81.20983176],[28.57841025,-81.20983176],[28.57841025,-81.20983176]],"friends":[1,2,3,4]}