{"messages":["Broncos, fix yo shit. \ud83d\udc4f","Broncos, fix yo shit. \ud83d\udc4f","Broncos, fix yo shit. \ud83d\udc4f"],"messages_no":3,"bad_words":[],"bad_words_no":3,"weight":0,"location":[[39.74585603,-104.99693934],[39.74585603,-104.99693934],[39.74585603,-104.99693934]],"friends":[1,2,3,4]}