{"messages":["@JoshEm__55 r u talking bout that song","@JoshEm__55 r u talking bout that song","hunter really pisses me off sometimes #erky","@JoshEm__55 r u talking bout that song","hunter really pisses me off sometimes #erky"],"messages_no":5,"bad_words":[],"bad_words_no":2,"weight":0,"location":[[39.37379469,-76.3429795],[39.37379469,-76.3429795],[39.37406475,-76.34285789],[39.37379469,-76.3429795],[39.37406475,-76.34285789]],"friends":[1,2,3,4]}