{"messages":["@FortiGlenn thank you!!","@FortiGlenn thank you!!","@FortiGlenn thank you!!"],"messages_no":3,"bad_words":[],"bad_words_no":0,"weight":0,"location":[[41.56334887,-73.00992653],[41.56334887,-73.00992653],[41.56334887,-73.00992653]],"friends":[1,2,3,4]}