{"messages":["So not looking forward to this \ud83d\ude13\ud83d\ude25","So not looking forward to this \ud83d\ude13\ud83d\ude25","So not looking forward to this \ud83d\ude13\ud83d\ude25","So not looking forward to this \ud83d\ude13\ud83d\ude25"],"messages_no":4,"bad_words":[],"bad_words_no":0,"weight":0,"location":[36.98152169,-86.45780688,36.98152169,-86.45780688,36.98152169,-86.45780688,36.98152169,-86.45780688]}