{"messages":["@Gentleman_sc of course \ud83d\ude0d","@Gentleman_sc of course \ud83d\ude0d","@Gentleman_sc of course \ud83d\ude0d"],"messages_no":3,"bad_words":[],"bad_words_no":0,"weight":0,"location":[[32.96079101,-80.14486897],[32.96079101,-80.14486897],[32.96079101,-80.14486897]],"friends":[1,2,3,4]}