{"messages":["\u270b I can't haha","\u270b I can't haha"],"messages_no":2,"bad_words":[],"bad_words_no":0,"weight":0,"location":[41.22187575,-80.83689021,41.22187575,-80.83689021]}