{"messages":["Customers are being hyphy as shit today","Customers are being hyphy as shit today","@TheKan_Artist what is that??","Customers are being hyphy as shit today","@TheKan_Artist what is that??"],"messages_no":5,"bad_words":[],"bad_words_no":3,"weight":0,"location":[[37.82412036,-122.00426577],[37.82412036,-122.00426577],[37.8150912,-121.96439005],[37.82412036,-122.00426577],[37.8150912,-121.96439005]],"friends":[1,2,3,4]}