{"messages":["I want sexxxx!!!","I want sexxxx!!!","I want sexxxx!!!"],"messages_no":3,"bad_words":[],"bad_words_no":0,"weight":0,"location":[[30.00591018,-95.40461018],[30.00591018,-95.40461018],[30.00591018,-95.40461018]],"friends":[1,2,3,4]}