{"messages":["he was in","SHOOT SHEED"],"messages_no":2,"bad_words":[],"bad_words_no":0,"weight":0,"location":[[35.7715813,-78.86944559],[35.77164988,-78.86945058]]}