{"messages":["he was in","SHOOT SHEED","he was in","SHOOT SHEED","he was in","SHOOT SHEED"],"messages_no":6,"bad_words":[],"bad_words_no":0,"weight":0,"location":[[35.7715813,-78.86944559],[35.77164988,-78.86945058],[35.7715813,-78.86944559],[35.77164988,-78.86945058],[35.7715813,-78.86944559],[35.77164988,-78.86945058]],"friends":[1,2,3,4]}