{"messages":["\u201c@Cristinithh: @_CJaye ooooh shit \ud83d\ude01\u201d and me had a thing \ud83d\ude14","\u201c@Cristinithh: @_CJaye ooooh shit \ud83d\ude01\u201d and me had a thing \ud83d\ude14","@melanee_nee that's good","\u201c@Cristinithh: @_CJaye ooooh shit \ud83d\ude01\u201d and me had a thing \ud83d\ude14","@melanee_nee that's good"],"messages_no":5,"bad_words":[],"bad_words_no":3,"weight":0,"location":[[33.77982901,-118.17088608],[33.77982901,-118.17088608],[33.77992238,-118.17098061],[33.77982901,-118.17088608],[33.77992238,-118.17098061]],"friends":[1,2,3,4]}