{"messages":["@JamieLKirby you're so sweet.","@JamieLKirby you're so sweet.","I'm so sleepy.","@JamieLKirby you're so sweet."],"messages_no":4,"bad_words":[],"bad_words_no":0,"weight":0,"location":[[34.88505171,-92.21584174],[34.88505171,-92.21584174],[34.88505552,-92.21578616],[34.88505171,-92.21584174]],"friends":[1,2,3,4]}