{"messages":["Hold on after this part","Hold on after this part","Hold on after this part"],"messages_no":3,"bad_words":[],"bad_words_no":0,"weight":0,"location":[[42.11533233,-72.51794259],[42.11533233,-72.51794259],[42.11533233,-72.51794259]],"friends":[1,2,3,4]}