{"messages":["\ud83d\udc22\ud83d\udc96\ud83d\udc51\ud83d\udc81\u2728\ud83c\udf1f- u a princess \ud83d\ude3b","\ud83d\udc22\ud83d\udc96\ud83d\udc51\ud83d\udc81\u2728\ud83c\udf1f- u a princess \ud83d\ude3b"],"messages_no":2,"bad_words":[],"bad_words_no":0,"weight":0,"location":[38.1508735,-82.65563034,38.1508735,-82.65563034]}