{"messages":["PICK MOTHER FUCKING SIX","PICK MOTHER FUCKING SIX","PICK MOTHER FUCKING SIX"],"messages_no":3,"bad_words":[],"bad_words_no":0,"weight":0,"location":[[34.04256455,-84.60621463],[34.04256455,-84.60621463],[34.04256455,-84.60621463]],"friends":[1,2,3,4]}