{"messages":["@smileitskianaa alright ok tonight you're having me your way","@_LeeLeeLove it's funny af","@stacey_re check your dm","@smileitskianaa alright ok tonight you're having me your way","@smileitskianaa alright ok tonight you're having me your way","@_LeeLeeLove it's funny af","@_LeeLeeLove it's funny af","@stacey_re check your dm"],"messages_no":8,"bad_words":[],"bad_words_no":0,"weight":0,"location":[43.01328443,-87.91765639,43.03876068,-87.94030999,43.00269842,-87.920724,43.01328443,-87.91765639,43.01328443,-87.91765639,43.03876068,-87.94030999,43.03876068,-87.94030999,43.00269842,-87.920724]}