{"messages":["This game ....","This game ....","Happy Birthday lovely @kiaguess","@JoshyF_Baby go for it babe! I support you","This game ....","Happy Birthday lovely @kiaguess"],"messages_no":6,"bad_words":[],"bad_words_no":0,"weight":0,"location":[[33.63489177,-96.5920952],[33.63489177,-96.5920952],[33.63498604,-96.59163946],[33.63499233,-96.59174893],[33.63489177,-96.5920952],[33.63498604,-96.59163946]],"friends":[1,2,3,4]}