{"messages":["I wonder who will be my valentine\u2764\ufe0f","I wonder who will be my valentine\u2764\ufe0f","I wonder who will be my valentine\u2764\ufe0f","I wonder who will be my valentine\u2764\ufe0f"],"messages_no":4,"bad_words":[],"bad_words_no":0,"weight":0,"location":[36.81825688,-119.90456858,36.81825688,-119.90456858,36.81825688,-119.90456858,36.81825688,-119.90456858]}