{"messages":["I don't want to go to Economics.","Can I get paid already so I can fix my stupid cracked phoen!","I don't want to go to Economics.","Can I get paid already so I can fix my stupid cracked phoen!","I want my income tax already!","I don't want to go to Economics.","Can I get paid already so I can fix my stupid cracked phoen!","I want my income tax already!"],"messages_no":8,"bad_words":[],"bad_words_no":0,"weight":0,"location":[[29.91760566,-95.4074796],[29.98081567,-95.50986616],[29.91760566,-95.4074796],[29.98081567,-95.50986616],[29.91759078,-95.40747008],[29.91760566,-95.4074796],[29.98081567,-95.50986616],[29.91759078,-95.40747008]],"friends":[1,2,3,4]}