{"messages":["Can't deal \ud83d\ude29","Can't deal \ud83d\ude29"],"messages_no":2,"bad_words":[],"bad_words_no":0,"weight":0,"location":[42.25257734,-77.79065421,42.25257734,-77.79065421]}