{"messages":["My ass been feeling unwanted fah 2days","Ain't tryna get a hangover but hey it is what it is","Got my pizza .","My ass been feeling unwanted fah 2days","Ain't tryna get a hangover but hey it is what it is","Ain't tryna get a hangover but hey it is what it is"],"messages_no":6,"bad_words":[],"bad_words_no":0,"weight":0,"location":[32.43517397,-93.71367068,32.4377437,-93.79877307,32.43794315,-93.79899116,32.43517397,-93.71367068,32.4377437,-93.79877307,32.4377437,-93.79877307]}