{"messages":["SOMEONE TELL RAGE TO BRING ME RILLOS","@SoyTuPappii yeah lmfao\ud83d\ude02","SOMEONE TELL RAGE TO BRING ME RILLOS","@SoyTuPappii yeah lmfao\ud83d\ude02","SOMEONE TELL RAGE TO BRING ME RILLOS","@SoyTuPappii yeah lmfao\ud83d\ude02"],"messages_no":6,"bad_words":[],"bad_words_no":0,"weight":0,"location":[[29.81306527,-95.52960826],[29.81333419,-95.52977708],[29.81306527,-95.52960826],[29.81333419,-95.52977708],[29.81306527,-95.52960826],[29.81333419,-95.52977708]],"friends":[1,2,3,4]}