{"messages":["@juliakate @BrunoMars I concur","@Bug_Hall I adore you! \ud83d\ude18","@juliakate @BrunoMars I concur","@Bug_Hall I adore you! \ud83d\ude18","@juliakate @BrunoMars I concur","@Bug_Hall I adore you! \ud83d\ude18"],"messages_no":6,"bad_words":[],"bad_words_no":0,"weight":0,"location":[[34.13011607,-117.90278679],[34.13027562,-117.90310766],[34.13011607,-117.90278679],[34.13027562,-117.90310766],[34.13011607,-117.90278679],[34.13027562,-117.90310766]],"friends":[1,2,3,4]}