{"messages":["Surreal split realitys","Surreal split realitys","Surreal split realitys"],"messages_no":3,"bad_words":[],"bad_words_no":0,"weight":0,"location":[[33.95545805,-117.30783527],[33.95545805,-117.30783527],[33.95545805,-117.30783527]],"friends":[1,2,3,4]}