{"messages":["Gotta find them BHM KDs anybody Got a 8 or 8.5 ? Ill pay $200","Gotta find them BHM KDs anybody Got a 8 or 8.5 ? Ill pay $200","Gotta find them BHM KDs anybody Got a 8 or 8.5 ? Ill pay $200"],"messages_no":3,"bad_words":[],"bad_words_no":0,"weight":0,"location":[28.03331661,-80.6463781,28.03331661,-80.6463781,28.03331661,-80.6463781]}