{"messages":["\u201c@Olivia_OKelley: I just want to tell you everything.\u201d http:\/\/t.co\/6ECiIB4Y7F","I want Peyton &amp; Russell to finesse","\u201c@Olivia_OKelley: I just want to tell you everything.\u201d http:\/\/t.co\/6ECiIB4Y7F","I want Peyton &amp; Russell to finesse","@Bdolan_12 still love ya brody \u263a\ufe0f","@Bdolan_12 if you get one I get one","\u201c@Olivia_OKelley: I just want to tell you everything.\u201d http:\/\/t.co\/6ECiIB4Y7F","I want Peyton &amp; Russell to finesse","@Bdolan_12 still love ya brody \u263a\ufe0f"],"messages_no":9,"bad_words":[],"bad_words_no":0,"weight":0,"location":[[40.50657148,-75.7802525],[40.51959241,-75.76312208],[40.50657148,-75.7802525],[40.51959241,-75.76312208],[40.51211681,-75.78202877],[40.50630476,-75.78021769],[40.50657148,-75.7802525],[40.51959241,-75.76312208],[40.51211681,-75.78202877]],"friends":[1,2,3,4]}