{"messages":["Let me find out \ud83d\ude48\ud83d\ude48\ud83d\ude48","Let me find out \ud83d\ude48\ud83d\ude48\ud83d\ude48","Wish I was being rode","I can fall asleep like tht..  #sheesh","I want you tonight..","Smh lol I hate wasting time on ppl thts not gonna be in my life for the long haul..  like wats the point of you being here then?","Let me find out \ud83d\ude48\ud83d\ude48\ud83d\ude48"],"messages_no":7,"bad_words":[],"bad_words_no":0,"weight":0,"location":[[35.9771271,-78.9021925],[35.9771271,-78.9021925],[35.9753628,-78.8952989],[35.975346,-78.8952954],[35.9753731,-78.8953232],[35.9753587,-78.8953421],[35.9771271,-78.9021925]],"friends":[1,2,3,4]}