{"messages":["Idk how to feel x(","Idk how to feel x(","Idk how to feel x(","Idk how to feel x("],"messages_no":4,"bad_words":[],"bad_words_no":0,"weight":0,"location":[40.0419688,-75.0623282,40.0419688,-75.0623282,40.0419688,-75.0623282,40.0419688,-75.0623282]}