{"messages":["Derrick Coleman is now my favorite player","@jada_andrews Forever 21 is way better","That nigga just tapped he ref on his ass lol","Derrick Coleman is now my favorite player","@jada_andrews Forever 21 is way better","That nigga just tapped he ref on his ass lol","My brothers best tattoo http:\/\/t.co\/hNaDazGDwI","Derrick Coleman is now my favorite player","@jada_andrews Forever 21 is way better","That nigga just tapped he ref on his ass lol"],"messages_no":10,"bad_words":[],"bad_words_no":3,"weight":0,"location":[[32.5825218,-97.1157228],[32.5825218,-97.1157231],[32.5825429,-97.1152521],[32.5825218,-97.1157228],[32.5825218,-97.1157231],[32.5825429,-97.1152521],[32.582518,-97.1156772],[32.5825218,-97.1157228],[32.5825218,-97.1157231],[32.5825429,-97.1152521]],"friends":[1,2,3,4]}