{"messages":["@JCas00 I hit my bro with a sweet chin music on accident he fell off the couch","@XX_Parisxx u are","@JCas00 I hit my bro with a sweet chin music on accident he fell off the couch","@XX_Parisxx u are","@x_OmnipotenT_x lmao I'm jp bruh it's not today","How does Navarro Bowman only miss 6-8 weeks from his knee injury","@jakeschramm1 I'm telling him as soon as I get to school they canceled school for them","@JCas00 I hit my bro with a sweet chin music on accident he fell off the couch","@XX_Parisxx u are"],"messages_no":9,"bad_words":[],"bad_words_no":0,"weight":0,"location":[[41.65316257,-88.17837217],[41.65370883,-88.17818258],[41.65316257,-88.17837217],[41.65370883,-88.17818258],[41.65384132,-88.17800584],[41.65327568,-88.17794369],[41.65341025,-88.17837051],[41.65316257,-88.17837217],[41.65370883,-88.17818258]],"friends":[1,2,3,4]}