{"messages":["LETTTTS GOOOOOO!","LETTTTS GOOOOOO!","\u201c@Enrique_Mekhi: @Yendor_Elli Kim k\ud83d\ude0b\u201d her shit pokin \ud83d\udc40\ud83d\udc40","What's a King babe without a Queen ?","What about now breh ?!","\"I'm 10 yrs old but I'll beat your ass\"","LETTTTS GOOOOOO!","\u201c@Enrique_Mekhi: @Yendor_Elli Kim k\ud83d\ude0b\u201d her shit pokin \ud83d\udc40\ud83d\udc40","What's a King babe without a Queen ?"],"messages_no":9,"bad_words":[],"bad_words_no":2,"weight":0,"location":[[36.2673783,-115.20818923],[36.2673783,-115.20818923],[36.2675345,-115.20833566],[36.26755902,-115.20833801],[36.26752113,-115.20836407],[36.26745676,-115.20829492],[36.2673783,-115.20818923],[36.2675345,-115.20833566],[36.26755902,-115.20833801]],"friends":[1,2,3,4]}