{"messages":["@BIGNOAH256 I been ok","@BIGNOAH256 I been ok","@BIGNOAH256 I been ok"],"messages_no":3,"bad_words":[],"bad_words_no":0,"weight":0,"location":[[39.24124917,-84.78825364],[39.24124917,-84.78825364],[39.24124917,-84.78825364]],"friends":[1,2,3,4]}