{"messages":["@amilli_shane oh you","@amilli_shane oh you","@amilli_shane oh you"],"messages_no":3,"bad_words":[],"bad_words_no":0,"weight":0,"location":[38.94108404,-92.33114993,38.94108404,-92.33114993,38.94108404,-92.33114993]}