{"messages":["Just wait, you'll see.","Just wait, you'll see.","Just wait, you'll see."],"messages_no":3,"bad_words":[],"bad_words_no":0,"weight":0,"location":[[28.32712444,-80.74819752],[28.32712444,-80.74819752],[28.32712444,-80.74819752]],"friends":[1,2,3,4]}