{"messages":["My hands r a different race\/:","My hands r a different race\/:","nothing is ever private","My hands r a different race\/:","nothing is ever private"],"messages_no":5,"bad_words":[],"bad_words_no":0,"weight":0,"location":[[39.70509246,-75.74321126],[39.70509246,-75.74321126],[39.70512887,-75.74323284],[39.70509246,-75.74321126],[39.70512887,-75.74323284]],"friends":[1,2,3,4]}