{"messages":["Just DreamChasing","Just DreamChasing","Just DreamChasing","Just DreamChasing"],"messages_no":4,"bad_words":[],"bad_words_no":0,"weight":0,"location":[39.47436683,-87.41049785,39.47436683,-87.41049785,39.47436683,-87.41049785,39.47436683,-87.41049785]}