{"messages":["That was ight i guess","That was ight i guess","That was ight i guess"],"messages_no":3,"bad_words":[],"bad_words_no":0,"weight":0,"location":[[41.20752459,-73.89010289],[41.20752459,-73.89010289],[41.20752459,-73.89010289]],"friends":[1,2,3,4]}