{"messages":["Mya don't forget my shout out almost forgot myself lol","I want some tattoos \ud83d\ude1d","Mya don't forget my shout out almost forgot myself lol","I want some tattoos \ud83d\ude1d","Mya don't forget my shout out almost forgot myself lol","I want some tattoos \ud83d\ude1d"],"messages_no":6,"bad_words":[],"bad_words_no":0,"weight":0,"location":[[41.46391569,-81.55589771],[41.46389779,-81.55584405],[41.46391569,-81.55589771],[41.46389779,-81.55584405],[41.46391569,-81.55589771],[41.46389779,-81.55584405]],"friends":[1,2,3,4]}