{"messages":["Who meee?? \ud83d\ude1c","RT \u201c@AyoPotter: Lol http:\/\/t.co\/cyT4E0hfjE\u201d I can't deal.","Who meee?? \ud83d\ude1c"],"messages_no":3,"bad_words":[],"bad_words_no":0,"weight":0,"location":[37.40524685,-94.70692113,37.41012707,-94.72318217,37.40524685,-94.70692113]}