{"messages":["Eating this banana pretending it's a waffle","Eating this banana pretending it's a waffle","Coooooooneyyyyyy","Eating this banana pretending it's a waffle","Coooooooneyyyyyy"],"messages_no":5,"bad_words":[],"bad_words_no":0,"weight":0,"location":[[26.45947633,-81.76512717],[26.45947633,-81.76512717],[26.45951327,-81.76559907],[26.45947633,-81.76512717],[26.45951327,-81.76559907]],"friends":[1,2,3,4]}