{"messages":["Now just chilling with their dog lolz","Seahawks killen them","Now just chilling with their dog lolz","Seahawks killen them","Now just chilling with their dog lolz","Seahawks killen them"],"messages_no":6,"bad_words":[],"bad_words_no":0,"weight":0,"location":[[41.74456341,-88.25886104],[41.74453285,-88.25913043],[41.74456341,-88.25886104],[41.74453285,-88.25913043],[41.74456341,-88.25886104],[41.74453285,-88.25913043]],"friends":[1,2,3,4]}