{"messages":["I'm telling my mommy \ud83d\ude14","I give up.","I'm telling my mommy \ud83d\ude14","I give up.","Aite I'm done \ud83d\ude02 it's too early lol","Then tomorrow, I have a 9:30 and studying for the rest of the day... \ud83d\ude14","I'm telling my mommy \ud83d\ude14","I give up.","Aite I'm done \ud83d\ude02 it's too early lol"],"messages_no":9,"bad_words":[],"bad_words_no":0,"weight":0,"location":[[25.877794,-80.19599189],[25.87769052,-80.19602731],[25.877794,-80.19599189],[25.87769052,-80.19602731],[25.87780665,-80.19735125],[25.8777586,-80.19599871],[25.877794,-80.19599189],[25.87769052,-80.19602731],[25.87780665,-80.19735125]],"friends":[1,2,3,4]}