{"messages":["I always put my niggga on","Inlove with the retro 6 white\/infrared \ud83d\ude0d\ud83d\ude0d","I always put my niggga on","I always put my niggga on","Inlove with the retro 6 white\/infrared \ud83d\ude0d\ud83d\ude0d"],"messages_no":5,"bad_words":[],"bad_words_no":0,"weight":0,"location":[35.06487695,-85.24769585,35.09506512,-85.30779141,35.06487695,-85.24769585,35.06487695,-85.24769585,35.09506512,-85.30779141]}