{"messages":["Fairly certain I just killed my pediatric exam. \ud83d\udc83","@theDUQofFRAT I could probably leave class around 10:30-11","@stevenwex I've thought about that at one point. So, yes. Haha.","Hahahahah this game","Fairly certain I just killed my pediatric exam. \ud83d\udc83","@theDUQofFRAT I could probably leave class around 10:30-11","@stevenwex I've thought about that at one point. So, yes. Haha.","Hahahahah this game","Fairly certain I just killed my pediatric exam. \ud83d\udc83","@theDUQofFRAT I could probably leave class around 10:30-11","@stevenwex I've thought about that at one point. So, yes. Haha.","Hahahahah this game"],"messages_no":12,"bad_words":[],"bad_words_no":0,"weight":0,"location":[[40.43805567,-79.99252257],[40.34063827,-79.98149454],[39.89593298,-79.97659254],[40.55013767,-80.02053886],[40.43805567,-79.99252257],[40.34063827,-79.98149454],[39.89593298,-79.97659254],[40.55013767,-80.02053886],[40.43805567,-79.99252257],[40.34063827,-79.98149454],[39.89593298,-79.97659254],[40.55013767,-80.02053886]],"friends":[1,2,3,4]}