{"messages":["Now thats how you sing.","Now thats how you sing.","Now thats how you sing."],"messages_no":3,"bad_words":[],"bad_words_no":0,"weight":0,"location":[[34.30121021,-118.51363189],[34.30121021,-118.51363189],[34.30121021,-118.51363189]],"friends":[1,2,3,4]}