{"messages":["@herrojenjen #remix","@herrojenjen #remix","@herrojenjen #remix"],"messages_no":3,"bad_words":[],"bad_words_no":0,"weight":0,"location":[[39.69686378,-84.11994439],[39.69686378,-84.11994439],[39.69686378,-84.11994439]],"friends":[1,2,3,4]}