{"messages":["can't wait for prom lol","can't wait for prom lol","can't wait for prom lol"],"messages_no":3,"bad_words":[],"bad_words_no":0,"weight":0,"location":[[41.69494925,-71.13975616],[41.69494925,-71.13975616],[41.69494925,-71.13975616]],"friends":[1,2,3,4]}