{"messages":["Chinstrap is coming in nicely \ud83d\ude0e","Chinstrap is coming in nicely \ud83d\ude0e","Chinstrap is coming in nicely \ud83d\ude0e"],"messages_no":3,"bad_words":[],"bad_words_no":0,"weight":0,"location":[33.21063048,-97.15592989,33.21063048,-97.15592989,33.21063048,-97.15592989]}