{"messages":["\u201c@iLoveKayliee: Lol bby you can never do better \ud83d\ude0b\ud83d\ude0b\u201d","@_Richierichh__ BITCH I ASkED YOU IF YOU WANTED TO GO WITH ME TO GET EM \ud83d\ude12","\u201c@iLoveKayliee: Lol bby you can never do better \ud83d\ude0b\ud83d\ude0b\u201d","@_Richierichh__ BITCH I ASkED YOU IF YOU WANTED TO GO WITH ME TO GET EM \ud83d\ude12","You got my heart don't know how you did it \ud83d\udc95","\u201c@iLoveKayliee: Lol bby you can never do better \ud83d\ude0b\ud83d\ude0b\u201d","@_Richierichh__ BITCH I ASkED YOU IF YOU WANTED TO GO WITH ME TO GET EM \ud83d\ude12","You got my heart don't know how you did it \ud83d\udc95"],"messages_no":8,"bad_words":[],"bad_words_no":0,"weight":0,"location":[[29.6682327,-95.46366906],[29.68379066,-95.43919207],[29.6682327,-95.46366906],[29.68379066,-95.43919207],[29.64541764,-95.51135908],[29.6682327,-95.46366906],[29.68379066,-95.43919207],[29.64541764,-95.51135908]],"friends":[1,2,3,4]}