{"messages":["Can it be 3:30 tomorrow already?! #tattoo","Can it be 3:30 tomorrow already?! #tattoo","Can it be 3:30 tomorrow already?! #tattoo"],"messages_no":3,"bad_words":[],"bad_words_no":0,"weight":0,"location":[[44.51415648,-88.12225338],[44.51415648,-88.12225338],[44.51415648,-88.12225338]],"friends":[1,2,3,4]}