{"messages":["@PrincessReganM it's not worth it dude","@PrincessReganM it's not worth it dude","@PrincessReganM it's not worth it dude","@PrincessReganM it's not worth it dude"],"messages_no":4,"bad_words":[],"bad_words_no":0,"weight":0,"location":[29.57196519,-97.98494396,29.57196519,-97.98494396,29.57196519,-97.98494396,29.57196519,-97.98494396]}