{"messages":["Exactly one month until I'm 21! #really29days","Exactly one month until I'm 21! #really29days","Exactly one month until I'm 21! #really29days"],"messages_no":3,"bad_words":[],"bad_words_no":0,"weight":0,"location":[[42.61007034,-72.40847619],[42.61007034,-72.40847619],[42.61007034,-72.40847619]],"friends":[1,2,3,4]}