{"messages":["UC w\/ a win @ Rutgers","UC w\/ a win @ Rutgers","@kaylastyp you won't win anything","UC w\/ a win @ Rutgers","@kaylastyp you won't win anything"],"messages_no":5,"bad_words":[],"bad_words_no":0,"weight":0,"location":[[40.52023636,-74.46019979],[40.52023636,-74.46019979],[41.81088118,-72.25792808],[40.52023636,-74.46019979],[41.81088118,-72.25792808]],"friends":[1,2,3,4]}