{"messages":["God is great!","God is great!","God is great!"],"messages_no":3,"bad_words":[],"bad_words_no":0,"weight":0,"location":[[33.5953012,-101.8845196],[33.5953012,-101.8845196],[33.5953012,-101.8845196]],"friends":[1,2,3,4]}