{"messages":["My blunt is foreign","My blunt is foreign","My blunt is foreign"],"messages_no":3,"bad_words":[],"bad_words_no":0,"weight":0,"location":[[28.2486007,-82.3508873],[28.2486007,-82.3508873],[28.2486007,-82.3508873]],"friends":[1,2,3,4]}