{"messages":["Bringing back the 8th grade cheer days Ctfu \ud83d\ude02\ud83d\ude02 http:\/\/t.co\/ok8og4Ws09","Noah cheats too much \ud83d\ude45\ud83d\ude45","Bringing back the 8th grade cheer days Ctfu \ud83d\ude02\ud83d\ude02 http:\/\/t.co\/ok8og4Ws09"],"messages_no":3,"bad_words":[],"bad_words_no":0,"weight":0,"location":[40.25895368,-75.66895986,40.20390741,-75.60801525,40.25895368,-75.66895986]}