{"messages":["\u201c@__Saun66st: @ayannad6 yeah he was ima call you back I'm with Ayanna \ud83d\ude02\ud83d\ude02\ud83d\ude02\u201d\ud83d\ude02\ud83d\ude02\ud83d\ude02\ud83d\ude02","\u201c@__Saun66st: @ayannad6 yeah he was ima call you back I'm with Ayanna \ud83d\ude02\ud83d\ude02\ud83d\ude02\u201d\ud83d\ude02\ud83d\ude02\ud83d\ude02\ud83d\ude02"],"messages_no":2,"bad_words":[],"bad_words_no":0,"weight":0,"location":[39.91798061,-75.24327267,39.91798061,-75.24327267]}