{"messages":["Annoying not even the word .","Lmfao I'm weak .","Annoying not even the word ."],"messages_no":3,"bad_words":[],"bad_words_no":0,"weight":0,"location":[33.4687691,-82.0772492,33.4703347,-82.0712431,33.4687691,-82.0772492]}