{"messages":["Chill \ud83d\ude02\ud83d\ude02\ud83d\ude02\ud83d\ude02 http:\/\/t.co\/lB8qkIstxS","@ititbela  had me siced \ud83d\ude12 http:\/\/t.co\/NsSYZ0JEhS","Chill \ud83d\ude02\ud83d\ude02\ud83d\ude02\ud83d\ude02 http:\/\/t.co\/lB8qkIstxS","Chill \ud83d\ude02\ud83d\ude02\ud83d\ude02\ud83d\ude02 http:\/\/t.co\/lB8qkIstxS"],"messages_no":4,"bad_words":[],"bad_words_no":0,"weight":0,"location":[38.54116848,-77.31351916,38.66336818,-77.40438379,38.54116848,-77.31351916,38.54116848,-77.31351916]}