{"messages":["@kalleyne_4 just wait","@kalleyne_4 just wait","@kalleyne_4 just wait"],"messages_no":3,"bad_words":[],"bad_words_no":0,"weight":0,"location":[40.49533469,-74.45727509,40.49533469,-74.45727509,40.49533469,-74.45727509]}