{"messages":["This depresses me!!!","This depresses me!!!","This depresses me!!!"],"messages_no":3,"bad_words":[],"bad_words_no":0,"weight":0,"location":[[30.4589939,-87.2179055],[30.4589939,-87.2179055],[30.4589939,-87.2179055]],"friends":[1,2,3,4]}