{"messages":["Lmaoo","Lmaoo"],"messages_no":2,"bad_words":[],"bad_words_no":0,"weight":0,"location":[39.99219993,-75.2398304,39.99219993,-75.2398304]}