{"messages":["thaaaat was not cute.. lol","@stefaniggles srsly tho","thaaaat was not cute.. lol","@stefaniggles srsly tho","thaaaat was not cute.. lol","@stefaniggles srsly tho"],"messages_no":6,"bad_words":[],"bad_words_no":0,"weight":0,"location":[[37.37852932,-121.85099669],[37.27039891,-121.80002466],[37.37852932,-121.85099669],[37.27039891,-121.80002466],[37.37852932,-121.85099669],[37.27039891,-121.80002466]],"friends":[1,2,3,4]}