{"messages":["thaaaat was not cute.. lol","@stefaniggles srsly tho","thaaaat was not cute.. lol","thaaaat was not cute.. lol"],"messages_no":4,"bad_words":[],"bad_words_no":0,"weight":0,"location":[37.37852932,-121.85099669,37.27039891,-121.80002466,37.37852932,-121.85099669,37.37852932,-121.85099669]}