{"messages":["Shit I love my city","Smoke something for ya nerve","Shit I love my city","Smoke something for ya nerve","I've been watching teen wolf since day 1","Shit I love my city","Smoke something for ya nerve","I've been watching teen wolf since day 1"],"messages_no":8,"bad_words":[],"bad_words_no":0,"weight":0,"location":[[29.6848666,-98.1471481],[29.6888529,-98.1207873],[29.6848666,-98.1471481],[29.6888529,-98.1207873],[29.6883542,-98.1206742],[29.6848666,-98.1471481],[29.6888529,-98.1207873],[29.6883542,-98.1206742]],"friends":[1,2,3,4]}