{"messages":["@__iCLEARLYdgaf so you aint ?","@__iCLEARLYdgaf so you aint ?","@__xDumbBooty_ lol , you unfollowed me \ud83d\ude02","@__iCLEARLYdgaf so you aint ?"],"messages_no":4,"bad_words":[],"bad_words_no":0,"weight":0,"location":[[32.4205377,-81.81505177],[32.4205377,-81.81505177],[32.42050795,-81.81498882],[32.4205377,-81.81505177]],"friends":[1,2,3,4]}