{"messages":["Ugh. Depressed.","Ugh. Depressed.","Ugh. Depressed."],"messages_no":3,"bad_words":[],"bad_words_no":0,"weight":0,"location":[[38.56740722,-122.43877284],[38.56740722,-122.43877284],[38.56740722,-122.43877284]],"friends":[1,2,3,4]}