{"messages":["Holy fuck I'm so sore from yesterday","Holy fuck I'm so sore from yesterday","Holy fuck I'm so sore from yesterday","Holy fuck I'm so sore from yesterday"],"messages_no":4,"bad_words":[],"bad_words_no":3,"weight":0,"location":[36.01438157,-75.71463897,36.01438157,-75.71463897,36.01438157,-75.71463897,36.01438157,-75.71463897]}