{"messages":["Two thugs \ud83d\ude02\ud83d\ude02\ud83d\ude02\ud83d\ude02","When I finish my body tats every party just chinos","Two thugs \ud83d\ude02\ud83d\ude02\ud83d\ude02\ud83d\ude02","When I finish my body tats every party just chinos","Like bruh I need Jesus ima start praying a lot more","Two thugs \ud83d\ude02\ud83d\ude02\ud83d\ude02\ud83d\ude02","When I finish my body tats every party just chinos"],"messages_no":7,"bad_words":[],"bad_words_no":0,"weight":0,"location":[[30.22062444,-91.99310623],[30.22081903,-91.99296218],[30.22062444,-91.99310623],[30.22081903,-91.99296218],[30.24384697,-92.27292907],[30.22062444,-91.99310623],[30.22081903,-91.99296218]],"friends":[1,2,3,4]}