{"messages":["Nut Butt and Choco lol","Nut Butt and Choco lol","Nut Butt and Choco lol"],"messages_no":3,"bad_words":[],"bad_words_no":0,"weight":0,"location":[[40.73005715,-73.04602916],[40.73005715,-73.04602916],[40.73005715,-73.04602916]],"friends":[1,2,3,4]}