{"messages":["I can finally hang out with somebody.","@_melttheice 5 evaaaaa","I can finally hang out with somebody.","@_melttheice 5 evaaaaa","I can finally hang out with somebody.","@_melttheice 5 evaaaaa"],"messages_no":6,"bad_words":[],"bad_words_no":0,"weight":0,"location":[[30.0081502,-95.17685266],[30.00480751,-95.17615859],[30.0081502,-95.17685266],[30.00480751,-95.17615859],[30.0081502,-95.17685266],[30.00480751,-95.17615859]],"friends":[1,2,3,4]}