{"messages":["So glad I'm home!","So glad I'm home!","So glad I'm home!"],"messages_no":3,"bad_words":[],"bad_words_no":0,"weight":0,"location":[[34.11240206,-117.55537718],[34.11240206,-117.55537718],[34.11240206,-117.55537718]],"friends":[1,2,3,4]}