{"messages":["Where are my friends, oh wait.....","Chilling http:\/\/t.co\/FQtEI1FSsc","Where are my friends, oh wait.....","Chilling http:\/\/t.co\/FQtEI1FSsc","Wow RT \"@TrillaTristan: Trying to find that one person that can put just as much effort into us as I can.\u201d","Where are my friends, oh wait.....","Chilling http:\/\/t.co\/FQtEI1FSsc"],"messages_no":7,"bad_words":[],"bad_words_no":0,"weight":0,"location":[[33.78857017,-116.45396333],[33.78859267,-116.45393576],[33.78857017,-116.45396333],[33.78859267,-116.45393576],[33.78862187,-116.45404285],[33.78857017,-116.45396333],[33.78859267,-116.45393576]],"friends":[1,2,3,4]}