{"messages":["Slept Good \ud83d\udc4c","Slept Good \ud83d\udc4c","Slept Good \ud83d\udc4c","Slept Good \ud83d\udc4c"],"messages_no":4,"bad_words":[],"bad_words_no":0,"weight":0,"location":[32.73198849,-96.55906445,32.73198849,-96.55906445,32.73198849,-96.55906445,32.73198849,-96.55906445]}