{"messages":["It's really taking all I have not to flip the fuck out on this dude","I want some Steak 'n Shake","It's really taking all I have not to flip the fuck out on this dude","It's really taking all I have not to flip the fuck out on this dude","I want some Steak 'n Shake","I want some Steak 'n Shake"],"messages_no":6,"bad_words":[],"bad_words_no":3,"weight":0,"location":[42.74423149,-84.66090647,42.69891044,-84.59066694,42.74423149,-84.66090647,42.74423149,-84.66090647,42.69891044,-84.59066694,42.69891044,-84.59066694]}