{"messages":["Only know your lover when you let her go \ud83d\udc95\ud83d\udc95","Only know your lover when you let her go \ud83d\udc95\ud83d\udc95","Only know your lover when you let her go \ud83d\udc95\ud83d\udc95"],"messages_no":3,"bad_words":[],"bad_words_no":0,"weight":0,"location":[[41.48133944,-87.67127583],[41.48133944,-87.67127583],[41.48133944,-87.67127583]],"friends":[1,2,3,4]}