{"messages":["@KristinWloks I wish I could","@KristinWloks I wish I could","@KristinWloks I wish I could"],"messages_no":3,"bad_words":[],"bad_words_no":0,"weight":0,"location":[[44.48946352,-87.90472671],[44.48946352,-87.90472671],[44.48946352,-87.90472671]],"friends":[1,2,3,4]}