{"messages":["Oh my god that's horrible but so great lol","Oh my god that's horrible but so great lol","26 we don't talk but you're so nice","148 your my good friend and you're a true sis","Stfu lmao","Oh my god that's horrible but so great lol","26 we don't talk but you're so nice","148 your my good friend and you're a true sis"],"messages_no":8,"bad_words":[],"bad_words_no":0,"weight":0,"location":[[39.82658365,-75.02333849],[39.82658365,-75.02333849],[39.82653807,-75.02362629],[39.82653136,-75.02362319],[39.83599179,-75.02512378],[39.82658365,-75.02333849],[39.82653807,-75.02362629],[39.82653136,-75.02362319]],"friends":[1,2,3,4]}