{"messages":["Talk dirty to me is my new song\ud83d\ude4a","Just remember family comes before ur girlfriend u asshole","Talk dirty to me is my new song\ud83d\ude4a","Just remember family comes before ur girlfriend u asshole","Talk dirty to me is my new song\ud83d\ude4a","Just remember family comes before ur girlfriend u asshole"],"messages_no":6,"bad_words":[],"bad_words_no":0,"weight":0,"location":[[40.07127636,-74.98942042],[40.07131885,-74.98941874],[40.07127636,-74.98942042],[40.07131885,-74.98941874],[40.07127636,-74.98942042],[40.07131885,-74.98941874]],"friends":[1,2,3,4]}