{"messages":["We don't steal we kill","We don't steal we kill","I'm tired and I don't feel good\ud83d\ude2a","\"Shut yo bitch ass up back there.\"\n\nperks of sitting in the front.","Toes frozen\u2744\ufe0f","We don't steal we kill"],"messages_no":6,"bad_words":[],"bad_words_no":1,"weight":0,"location":[[31.06437783,-97.33287874],[31.06437783,-97.33287874],[31.07608029,-97.36978826],[31.06493913,-97.44940856],[31.06448418,-97.33315181],[31.06437783,-97.33287874]],"friends":[1,2,3,4]}