{"messages":["Killer CDs, killer jams, killer company!","@abbbbpete \ud83d\ude0d\ud83d\ude0d\ud83d\ude0d\ud83d\ude0d I love that!","Killer CDs, killer jams, killer company!","@abbbbpete \ud83d\ude0d\ud83d\ude0d\ud83d\ude0d\ud83d\ude0d I love that!","Killer CDs, killer jams, killer company!","@abbbbpete \ud83d\ude0d\ud83d\ude0d\ud83d\ude0d\ud83d\ude0d I love that!"],"messages_no":6,"bad_words":[],"bad_words_no":0,"weight":0,"location":[[40.63231578,-111.89046892],[40.54846854,-111.99428366],[40.63231578,-111.89046892],[40.54846854,-111.99428366],[40.63231578,-111.89046892],[40.54846854,-111.99428366]],"friends":[1,2,3,4]}