{"messages":["Demonically perfect.","Demonically perfect.","Demonically perfect."],"messages_no":3,"bad_words":[],"bad_words_no":0,"weight":0,"location":[[36.29897889,-119.34299696],[36.29897889,-119.34299696],[36.29897889,-119.34299696]],"friends":[1,2,3,4]}