{"messages":["Rough sex saying I love you","Rough sex saying I love you","Rough sex saying I love you"],"messages_no":3,"bad_words":[],"bad_words_no":0,"weight":0,"location":[[41.72007636,-87.74002725],[41.72007636,-87.74002725],[41.72007636,-87.74002725]],"friends":[1,2,3,4]}