{"messages":["Late night run to wawa","Ewwwee he's on MJ tip.... #nomo","Late night run to wawa","Ewwwee he's on MJ tip.... #nomo","Late night run to wawa","Ewwwee he's on MJ tip.... #nomo"],"messages_no":6,"bad_words":[],"bad_words_no":0,"weight":0,"location":[[39.96501088,-75.59382529],[39.93564514,-75.60564029],[39.96501088,-75.59382529],[39.93564514,-75.60564029],[39.96501088,-75.59382529],[39.93564514,-75.60564029]],"friends":[1,2,3,4]}