{"messages":["Well that hurt","Stupid how I have to wake up to go to school so early to rehears","Well that hurt","Stupid how I have to wake up to go to school so early to rehears","Stupid how I have to wake up to go to school so early to rehears"],"messages_no":5,"bad_words":[],"bad_words_no":0,"weight":0,"location":[28.29069187,-81.46412395,28.27648345,-81.41093457,28.29069187,-81.46412395,28.27648345,-81.41093457,28.27648345,-81.41093457]}