{"messages":["Finna get sum contacts","Finna get sum contacts","This j dawg rockin u probely heard this tho http:\/\/t.co\/8NZKczfFys","Finna get sum contacts"],"messages_no":4,"bad_words":[],"bad_words_no":0,"weight":0,"location":[[29.96148149,-90.14574385],[29.96148149,-90.14574385],[30.52710915,-91.19918866],[29.96148149,-90.14574385]],"friends":[1,2,3,4]}