{"messages":["I feel like \ud83d\udca9\ud83d\udca9\ud83d\udca9","I feel like \ud83d\udca9\ud83d\udca9\ud83d\udca9","Wow I can't even get passed level 1 on iron pants","I feel like \ud83d\udca9\ud83d\udca9\ud83d\udca9","Wow I can't even get passed level 1 on iron pants"],"messages_no":5,"bad_words":[],"bad_words_no":0,"weight":0,"location":[[28.36465504,-81.39133901],[28.36465504,-81.39133901],[28.36455528,-81.39138863],[28.36465504,-81.39133901],[28.36455528,-81.39138863]],"friends":[1,2,3,4]}