{"messages":["Ughhhhhhh. \ud83d\ude14\ud83d\udc94","How many tears you let hit the floor?","Ughhhhhhh. \ud83d\ude14\ud83d\udc94","How many tears you let hit the floor?","Can't mess with Nugget fans no more! \ud83d\ude2d\ud83d\ude2d\ud83d\ude2d\ud83d\ude2d\ud83d\ude2d\ud83d\ude2d\ud83d\ude12\ud83d\ude12\ud83d\ude12\ud83d\ude29\ud83d\ude29\ud83d\ude29\ud83d\ude29 I'm so depressed they lost by one point!","Ughhhhhhh. \ud83d\ude14\ud83d\udc94","How many tears you let hit the floor?"],"messages_no":7,"bad_words":[],"bad_words_no":0,"weight":0,"location":[[31.85837476,-106.43140381],[31.858737,-106.43131543],[31.85837476,-106.43140381],[31.858737,-106.43131543],[31.85856774,-106.4313023],[31.85837476,-106.43140381],[31.858737,-106.43131543]],"friends":[1,2,3,4]}