{"messages":["Lost, but........ It's ok","Lost, but........ It's ok","Lost, but........ It's ok"],"messages_no":3,"bad_words":[],"bad_words_no":0,"weight":0,"location":[40.11437979,-84.63154417,40.11437979,-84.63154417,40.11437979,-84.63154417]}