{"messages":["Sushi Time \ud83c\udf71\ud83c\udf63\ud83d\ude0f","Sushi Time \ud83c\udf71\ud83c\udf63\ud83d\ude0f","Sushi Time \ud83c\udf71\ud83c\udf63\ud83d\ude0f"],"messages_no":3,"bad_words":[],"bad_words_no":0,"weight":0,"location":[[41.72018467,-87.7135468],[41.72018467,-87.7135468],[41.72018467,-87.7135468]],"friends":[1,2,3,4]}