{"messages":["Bruno Mars is awesome","Bruno Mars is awesome","Bruno Mars is awesome"],"messages_no":3,"bad_words":[],"bad_words_no":0,"weight":0,"location":[[38.92102861,-76.97953557],[38.92102861,-76.97953557],[38.92102861,-76.97953557]],"friends":[1,2,3,4]}