{"messages":["My hair so oily!","Lemme get dressed.","My hair so oily!","Lemme get dressed.","My hair so oily!","Lemme get dressed."],"messages_no":6,"bad_words":[],"bad_words_no":0,"weight":0,"location":[[39.06930551,-76.96858717],[39.06930214,-76.96837098],[39.06930551,-76.96858717],[39.06930214,-76.96837098],[39.06930551,-76.96858717],[39.06930214,-76.96837098]],"friends":[1,2,3,4]}