{"messages":["My hair so oily!","Lemme get dressed.","My hair so oily!","My hair so oily!"],"messages_no":4,"bad_words":[],"bad_words_no":0,"weight":0,"location":[39.06930551,-76.96858717,39.06930214,-76.96837098,39.06930551,-76.96858717,39.06930551,-76.96858717]}