{"messages":["Better put that woman first","Better put that woman first","Better put that woman first"],"messages_no":3,"bad_words":[],"bad_words_no":0,"weight":0,"location":[[29.98485266,-90.06720501],[29.98485266,-90.06720501],[29.98485266,-90.06720501]],"friends":[1,2,3,4]}