{"messages":["Kearse got the footwork!","Kearse got the footwork!","Kearse got the footwork!"],"messages_no":3,"bad_words":[],"bad_words_no":3,"weight":0,"location":[[38.76799641,-121.36782468],[38.76799641,-121.36782468],[38.76799641,-121.36782468]],"friends":[1,2,3,4]}