{"messages":["And a good Bruno song","Fuck tebow your commercials blow","And a good Bruno song","Fuck tebow your commercials blow","And a good Bruno song","Fuck tebow your commercials blow"],"messages_no":6,"bad_words":[],"bad_words_no":3,"weight":0,"location":[[39.9803953,-76.0111696],[39.9803866,-76.0111998],[39.9803953,-76.0111696],[39.9803866,-76.0111998],[39.9803953,-76.0111696],[39.9803866,-76.0111998]],"friends":[1,2,3,4]}