{"messages":["Spending time with my momma. #shopping","Spending time with my momma. #shopping","Spending time with my momma. #shopping","Spending time with my momma. #shopping"],"messages_no":4,"bad_words":[],"bad_words_no":0,"weight":0,"location":[39.32004694,-77.84897039,39.32004694,-77.84897039,39.32004694,-77.84897039,39.32004694,-77.84897039]}