{"messages":["That was a fun game","That was a fun game","That was a fun game"],"messages_no":3,"bad_words":[],"bad_words_no":0,"weight":0,"location":[[33.57822643,-85.09860903],[33.57822643,-85.09860903],[33.57822643,-85.09860903]],"friends":[1,2,3,4]}