{"messages":["In desperate need of a vacation.","I want summer.","In desperate need of a vacation.","I want summer.","@emilyyhodgson where's my remote ?","In desperate need of a vacation.","I want summer.","@emilyyhodgson where's my remote ?"],"messages_no":8,"bad_words":[],"bad_words_no":0,"weight":0,"location":[[43.55592662,-96.740304],[43.55596513,-96.74040626],[43.55592662,-96.740304],[43.55596513,-96.74040626],[43.55594917,-96.74036242],[43.55592662,-96.740304],[43.55596513,-96.74040626],[43.55594917,-96.74036242]],"friends":[1,2,3,4]}