{"messages":["\u201c@NickRunyan61: The broncos are playing like southwest football right now\u201d\ud83d\ude02\ud83d\ude02\ud83d\ude02\ud83d\ude02\ud83d\ude02","\u201c@NickRunyan61: The broncos are playing like southwest football right now\u201d\ud83d\ude02\ud83d\ude02\ud83d\ude02\ud83d\ude02\ud83d\ude02","\u201c@NickRunyan61: The broncos are playing like southwest football right now\u201d\ud83d\ude02\ud83d\ude02\ud83d\ude02\ud83d\ude02\ud83d\ude02"],"messages_no":3,"bad_words":[],"bad_words_no":0,"weight":0,"location":[[35.86929356,-78.52586917],[35.86929356,-78.52586917],[35.86929356,-78.52586917]],"friends":[1,2,3,4]}