{"messages":["I Swear Reanni Making Me Mad \ud83d\ude11","I Swear Reanni Making Me Mad \ud83d\ude11","I Swear Reanni Making Me Mad \ud83d\ude11"],"messages_no":3,"bad_words":[],"bad_words_no":0,"weight":0,"location":[[29.68740735,-95.65075363],[29.68740735,-95.65075363],[29.68740735,-95.65075363]],"friends":[1,2,3,4]}