{"messages":["you hurt me in the worst way..","you hurt me in the worst way..","you hurt me in the worst way.."],"messages_no":3,"bad_words":[],"bad_words_no":0,"weight":0,"location":[[37.54253462,-77.45810137],[37.54253462,-77.45810137],[37.54253462,-77.45810137]],"friends":[1,2,3,4]}