{"messages":["@__SelfMadeNoMMG GoodMorning \u2665","We Got A Special Thing On .. Me &amp; Mr. Wrong \u2665","@__SelfMadeNoMMG GoodMorning \u2665","We Got A Special Thing On .. Me &amp; Mr. Wrong \u2665","@__SelfMadeNoMMG GoodMorning \u2665","We Got A Special Thing On .. Me &amp; Mr. Wrong \u2665"],"messages_no":6,"bad_words":[],"bad_words_no":0,"weight":0,"location":[[36.0520767,-89.3745875],[36.0521026,-89.3745301],[36.0520767,-89.3745875],[36.0521026,-89.3745301],[36.0520767,-89.3745875],[36.0521026,-89.3745301]],"friends":[1,2,3,4]}