{"messages":["Taylor is on puke dump duty \ud83d\ude02\ud83d\ude02","Taylor is on puke dump duty \ud83d\ude02\ud83d\ude02","@amandapanda583 @EmmaEhlen let's see how many Duprees we go through in the next year hahahaha","Taylor is on puke dump duty \ud83d\ude02\ud83d\ude02"],"messages_no":4,"bad_words":[],"bad_words_no":0,"weight":0,"location":[[43.81752021,-91.23575852],[43.81752021,-91.23575852],[43.81745336,-91.23574825],[43.81752021,-91.23575852]],"friends":[1,2,3,4]}