{"messages":["#Freemason","#Freemason","#Freemason"],"messages_no":3,"bad_words":[],"bad_words_no":0,"weight":0,"location":[[35.06448149,-106.73720394],[35.06448149,-106.73720394],[35.06448149,-106.73720394]],"friends":[1,2,3,4]}