{"messages":["@_TheBitchKiller on my way","\u201c@Sadityy__: Stay with him tonight or no?\u201d \ud83d\ude02","@_TheBitchKiller on my way","\u201c@Sadityy__: Stay with him tonight or no?\u201d \ud83d\ude02","@_TheBitchKiller on my way","\u201c@Sadityy__: Stay with him tonight or no?\u201d \ud83d\ude02"],"messages_no":6,"bad_words":[],"bad_words_no":0,"weight":0,"location":[[34.1205326,-93.05060047],[34.12076373,-93.05045237],[34.1205326,-93.05060047],[34.12076373,-93.05045237],[34.1205326,-93.05060047],[34.12076373,-93.05045237]],"friends":[1,2,3,4]}