{"messages":["@BitchImCetter Goodmorning my niggah \ud83d\ude4a","@BitchImCetter Goodmorning my niggah \ud83d\ude4a","@BitchImCetter Goodmorning my niggah \ud83d\ude4a","@BitchImCetter Goodmorning my niggah \ud83d\ude4a"],"messages_no":4,"bad_words":[],"bad_words_no":3,"weight":0,"location":[29.66477288,-95.51416576,29.66477288,-95.51416576,29.66477288,-95.51416576,29.66477288,-95.51416576]}