{"messages":["Tryna make this guwop","Tryna make this guwop","Tryna make this guwop"],"messages_no":3,"bad_words":[],"bad_words_no":0,"weight":0,"location":[[35.24554141,-81.24514991],[35.24554141,-81.24514991],[35.24554141,-81.24514991]],"friends":[1,2,3,4]}