{"messages":["I'm too drunk to be vegan","I'm too drunk to be vegan","I'm too drunk to be vegan"],"messages_no":3,"bad_words":[],"bad_words_no":0,"weight":0,"location":[[42.33151023,-71.10833497],[42.33151023,-71.10833497],[42.33151023,-71.10833497]],"friends":[1,2,3,4]}