{"messages":["Cookin steak tonite","Ok maybe dey a read dat and stop wit da sad tweets","Cookin steak tonite","Ok maybe dey a read dat and stop wit da sad tweets","Man im so fuckin high rite now","Cookin steak tonite","Ok maybe dey a read dat and stop wit da sad tweets"],"messages_no":7,"bad_words":[],"bad_words_no":1,"weight":0,"location":[[33.13608141,-91.94997372],[33.13350236,-91.96554624],[33.13608141,-91.94997372],[33.13350236,-91.96554624],[33.12847397,-91.96119327],[33.13608141,-91.94997372],[33.13350236,-91.96554624]],"friends":[1,2,3,4]}