{"messages":["Squirrels are annoying as shit","Now I'm wide awake and worried\ud83d\ude2a","Squirrels are annoying as shit","Squirrels are annoying as shit","Now I'm wide awake and worried\ud83d\ude2a"],"messages_no":5,"bad_words":[],"bad_words_no":3,"weight":0,"location":[34.00032067,-84.26953579,34.0003545,-84.26955809,34.00032067,-84.26953579,34.00032067,-84.26953579,34.0003545,-84.26955809]}