{"messages":["@BrainTeaser_ you're perf","@BrainTeaser_ you're perf","@BrainTeaser_ you're perf"],"messages_no":3,"bad_words":[],"bad_words_no":0,"weight":0,"location":[[42.35636746,-71.06308962],[42.35636746,-71.06308962],[42.35636746,-71.06308962]],"friends":[1,2,3,4]}