{"messages":["\u201c@dreamcoutvre: Tired of pimping these niggas, \ud83d\ude02\ud83d\udc4b im ready start pimping these bitches. Lol\u201d","Then ATL.","Food Been In My Mouth Since I Got Here. \ud83d\ude02\ud83d\ude02","@simplyy_taay Latee Ass."],"messages_no":4,"bad_words":[],"bad_words_no":2,"weight":0,"location":[[37.524271,-77.39669661],[37.52413014,-77.39697202],[37.52426019,-77.39657182],[37.52434267,-77.39663261]]}