{"messages":["@kim_vasconez im too cool for school","@kim_vasconez im too cool for school","@kim_vasconez im too cool for school","@kim_vasconez im too cool for school"],"messages_no":4,"bad_words":[],"bad_words_no":0,"weight":0,"location":[39.99960708,-74.80225476,39.99960708,-74.80225476,39.99960708,-74.80225476,39.99960708,-74.80225476]}