{"messages":["@iMackyD 9 times out of ten the answer is yes in my case. \ud83d\ude33","@iMackyD 9 times out of ten the answer is yes in my case. \ud83d\ude33","Flappy bird got me feeling some type of way.. Homicidal.","@iMackyD 9 times out of ten the answer is yes in my case. \ud83d\ude33","@iMackyD 9 times out of ten the answer is yes in my case. \ud83d\ude33","Flappy bird got me feeling some type of way.. Homicidal.","Flappy bird got me feeling some type of way.. Homicidal."],"messages_no":7,"bad_words":[],"bad_words_no":0,"weight":0,"location":[40.60643672,-75.37268496,40.60643672,-75.37268496,40.60633668,-75.37274051,40.60643672,-75.37268496,40.60643672,-75.37268496,40.60633668,-75.37274051,40.60633668,-75.37274051]}