{"messages":["Tax season boyyy\ud83d\udcb0\ud83d\udcb0\ud83d\udcb0\ud83d\udcb0","Tax season boyyy\ud83d\udcb0\ud83d\udcb0\ud83d\udcb0\ud83d\udcb0","Tax season boyyy\ud83d\udcb0\ud83d\udcb0\ud83d\udcb0\ud83d\udcb0"],"messages_no":3,"bad_words":[],"bad_words_no":0,"weight":0,"location":[[41.75353895,-71.48512381],[41.75353895,-71.48512381],[41.75353895,-71.48512381]],"friends":[1,2,3,4]}