{"messages":["@ashhgardner u mad","@ashhgardner u mad","@ashhgardner u mad"],"messages_no":3,"bad_words":[],"bad_words_no":0,"weight":0,"location":[[43.12534955,-77.52261493],[43.12534955,-77.52261493],[43.12534955,-77.52261493]],"friends":[1,2,3,4]}