{"messages":["My little brother and his bestfriend got student of the month \ud83d\udc4c\ud83d\udc4f http:\/\/t.co\/dmFBm2f3bP","Lmfao Brian","I hate seeing my grandma this way","My little brother and his bestfriend got student of the month \ud83d\udc4c\ud83d\udc4f http:\/\/t.co\/dmFBm2f3bP","Lmfao Brian","I hate seeing my grandma this way","\ud83d\udc73: so like apparently your name is exotic lmaooo. And dude I'm short but not THAT short ahaha you're pretty cool :)","My little brother and his bestfriend got student of the month \ud83d\udc4c\ud83d\udc4f http:\/\/t.co\/dmFBm2f3bP","Lmfao Brian","I hate seeing my grandma this way"],"messages_no":10,"bad_words":[],"bad_words_no":0,"weight":0,"location":[[33.97568934,-118.33110097],[33.97084836,-118.34985693],[33.97569815,-118.34567059],[33.97568934,-118.33110097],[33.97084836,-118.34985693],[33.97569815,-118.34567059],[33.98585577,-118.3578263],[33.97568934,-118.33110097],[33.97084836,-118.34985693],[33.97569815,-118.34567059]],"friends":[1,2,3,4]}