{"messages":["i have to start getting ready buh i dont wanna get out of bed \ud83d\ude29 #thestruggleisreal","i want \ud83d\ude0d\ud83d\ude0d\ud83d\ude0d http:\/\/t.co\/FKc4L66MbF","i have to start getting ready buh i dont wanna get out of bed \ud83d\ude29 #thestruggleisreal","i want \ud83d\ude0d\ud83d\ude0d\ud83d\ude0d http:\/\/t.co\/FKc4L66MbF","i have to start getting ready buh i dont wanna get out of bed \ud83d\ude29 #thestruggleisreal","i want \ud83d\ude0d\ud83d\ude0d\ud83d\ude0d http:\/\/t.co\/FKc4L66MbF"],"messages_no":6,"bad_words":[],"bad_words_no":0,"weight":0,"location":[[33.99795807,-118.06948607],[33.99793343,-118.06952261],[33.99795807,-118.06948607],[33.99793343,-118.06952261],[33.99795807,-118.06948607],[33.99793343,-118.06952261]],"friends":[1,2,3,4]}