{"messages":["why you gotta be like this","why you gotta be like this","why you gotta be like this"],"messages_no":3,"bad_words":[],"bad_words_no":0,"weight":0,"location":[[43.05199129,-75.24272175],[43.05199129,-75.24272175],[43.05199129,-75.24272175]],"friends":[1,2,3,4]}