{"messages":["Super Bowl Sunday \u2764\ufe0f\ud83c\udfc8","Super Bowl Sunday \u2764\ufe0f\ud83c\udfc8","Super Bowl Sunday \u2764\ufe0f\ud83c\udfc8"],"messages_no":3,"bad_words":[],"bad_words_no":0,"weight":0,"location":[[39.45922699,-98.11480889],[39.45922699,-98.11480889],[39.45922699,-98.11480889]],"friends":[1,2,3,4]}