{"messages":["That nap was clutch af","Y am I up","That nap was clutch af","That nap was clutch af","Y am I up"],"messages_no":5,"bad_words":[],"bad_words_no":0,"weight":0,"location":[33.0798661,-83.2209063,33.0798717,-83.2209197,33.0798661,-83.2209063,33.0798661,-83.2209063,33.0798717,-83.2209197]}