{"messages":["@mnewell17 he fried skip","@mnewell17 he fried skip","@mnewell17 he fried skip"],"messages_no":3,"bad_words":[],"bad_words_no":0,"weight":0,"location":[[40.12578215,-75.30723696],[40.12578215,-75.30723696],[40.12578215,-75.30723696]],"friends":[1,2,3,4]}