{"messages":["What am I doing this weekend ?","@TheyLoveLashaee smh , she'll be alright .","What am I doing this weekend ?","@TheyLoveLashaee smh , she'll be alright .","I'm so sleepy , my bed is calling my name .","I wonder if #oomf out of practice , lemme text him .","What am I doing this weekend ?","@TheyLoveLashaee smh , she'll be alright .","I'm so sleepy , my bed is calling my name ."],"messages_no":9,"bad_words":[],"bad_words_no":0,"weight":0,"location":[[25.51227126,-80.41854615],[25.52371759,-80.41135155],[25.51227126,-80.41854615],[25.52371759,-80.41135155],[25.44750266,-80.48096577],[25.49563562,-80.45023461],[25.51227126,-80.41854615],[25.52371759,-80.41135155],[25.44750266,-80.48096577]],"friends":[1,2,3,4]}