{"messages":["@sammiezach034 SHUUSSSHHHHH","@sammiezach034 SHUUSSSHHHHH","@sammiezach034 SHUUSSSHHHHH"],"messages_no":3,"bad_words":[],"bad_words_no":0,"weight":0,"location":[[32.4559844,-80.7190433],[32.4559844,-80.7190433],[32.4559844,-80.7190433]],"friends":[1,2,3,4]}