{"messages":["@charli_lovee I got yewww \ud83d\ude0e","@charli_lovee I got yewww \ud83d\ude0e","@charli_lovee I got yewww \ud83d\ude0e"],"messages_no":3,"bad_words":[],"bad_words_no":0,"weight":0,"location":[[39.07024674,-77.16616471],[39.07024674,-77.16616471],[39.07024674,-77.16616471]],"friends":[1,2,3,4]}