{"messages":["I'll be gone this year","I'll be gone this year","Laters \u270c\ufe0f","I'll be gone this year"],"messages_no":4,"bad_words":[],"bad_words_no":0,"weight":0,"location":[[36.92192247,-121.74530364],[36.92192247,-121.74530364],[36.94082453,-121.76950464],[36.92192247,-121.74530364]],"friends":[1,2,3,4]}