{"messages":["@cordlove12 solid game so far","@cordlove12 solid game so far","@cordlove12 solid game so far"],"messages_no":3,"bad_words":[],"bad_words_no":0,"weight":0,"location":[[33.98281036,-81.01972543],[33.98281036,-81.01972543],[33.98281036,-81.01972543]],"friends":[1,2,3,4]}