{"messages":["@mckennaKwillis don't lose \ud83c\udf70 though","@mckennaKwillis don't lose \ud83c\udf70 though","@mckennaKwillis don't lose \ud83c\udf70 though"],"messages_no":3,"bad_words":[],"bad_words_no":0,"weight":0,"location":[34.82967387,-77.50542551,34.82967387,-77.50542551,34.82967387,-77.50542551]}