{"messages":["Lol Hurt","Lol Hurt","Lol Hurt"],"messages_no":3,"bad_words":[],"bad_words_no":0,"weight":0,"location":[[38.40615742,-77.39626403],[38.40615742,-77.39626403],[38.40615742,-77.39626403]],"friends":[1,2,3,4]}