{"messages":["@mckennaKwillis don't lose \ud83c\udf70 though","@mckennaKwillis don't lose \ud83c\udf70 though","Okay white girl \ud83d\udc40\ud83d\udc4c\ud83d\ude0d\ud83d\ude0d\ud83d\ude0d","@steph_ellissa if you fwm \ud83d\ude0a","@mckennaKwillis don't lose \ud83c\udf70 though"],"messages_no":5,"bad_words":[],"bad_words_no":0,"weight":0,"location":[[34.82967387,-77.50542551],[34.82967387,-77.50542551],[34.82990865,-77.50552006],[34.82981523,-77.505409],[34.82967387,-77.50542551]],"friends":[1,2,3,4]}