{"messages":["You get around a lot \ud83d\ude02\ud83d\ude37","You get around a lot \ud83d\ude02\ud83d\ude37","Pretty much http:\/\/t.co\/jOfOk05Eqr","I really want weed socks \ud83d\ude0d\ud83d\ude0d\ud83d\ude08","You get around a lot \ud83d\ude02\ud83d\ude37"],"messages_no":5,"bad_words":[],"bad_words_no":0,"weight":0,"location":[[26.72062208,-81.89834658],[26.72062208,-81.89834658],[26.72076403,-81.89814335],[26.72069307,-81.89803649],[26.72062208,-81.89834658]],"friends":[1,2,3,4]}