{"messages":["Just saw the hottest guy ever.. Omg","Just saw the hottest guy ever.. Omg","Just saw the hottest guy ever.. Omg","Just saw the hottest guy ever.. Omg"],"messages_no":4,"bad_words":[],"bad_words_no":0,"weight":0,"location":[41.66846497,-83.54276462,41.66846497,-83.54276462,41.66846497,-83.54276462,41.66846497,-83.54276462]}