{"messages":["Today is February 1st","@Jenn_McIntyre Such a great day! \ud83d\ude00","Today is February 1st","@Jenn_McIntyre Such a great day! \ud83d\ude00","Today is February 1st","@Jenn_McIntyre Such a great day! \ud83d\ude00"],"messages_no":6,"bad_words":[],"bad_words_no":0,"weight":0,"location":[[42.36235151,-71.11622788],[42.34714998,-71.10442079],[42.36235151,-71.11622788],[42.34714998,-71.10442079],[42.36235151,-71.11622788],[42.34714998,-71.10442079]],"friends":[1,2,3,4]}