{"messages":["I had hoes before I knew what that meant","You can get it","Who's up with me tonight tho !?","I had hoes before I knew what that meant","You can get it","Who's up with me tonight tho !?","She bad as hell,she passed around","I had hoes before I knew what that meant","You can get it","Who's up with me tonight tho !?","She bad as hell,she passed around"],"messages_no":11,"bad_words":[],"bad_words_no":2,"weight":0,"location":[[35.96628784,-83.99839527],[35.96632895,-83.9983183],[35.96628745,-83.99857811],[35.96628784,-83.99839527],[35.96632895,-83.9983183],[35.96628745,-83.99857811],[35.94972758,-83.97354271],[35.96628784,-83.99839527],[35.96632895,-83.9983183],[35.96628745,-83.99857811],[35.94972758,-83.97354271]],"friends":[1,2,3,4]}