{"messages":["@Campaign_Cam I am.","@Campaign_Cam I am.","Yesterday my phone wouldn't stop ringing. It was Irritatin.","Twatching me ?","@Campaign_Cam I am."],"messages_no":5,"bad_words":[],"bad_words_no":0,"weight":0,"location":[[41.93375456,-88.77048804],[41.93375456,-88.77048804],[41.93817281,-88.77665018],[41.93817281,-88.77665018],[41.93375456,-88.77048804]],"friends":[1,2,3,4]}