{"messages":["@ColtsFans12 dude is a freaking idiot","@ColtsFans12 dude is a freaking idiot","What the hell","@ColtsFans12 dude is a freaking idiot","@ColtsFans12 dude is a freaking idiot"],"messages_no":5,"bad_words":[],"bad_words_no":1,"weight":0,"location":[41.6120451,-86.177222,41.6120451,-86.177222,41.6122913,-86.1772188,41.6120451,-86.177222,41.6120451,-86.177222]}