{"messages":["Wowwww the broncos don't even deserve to be here","Wowwww the broncos don't even deserve to be here","@Covert21baby could happen nome sayin?","Wowwww the broncos don't even deserve to be here","@Covert21baby could happen nome sayin?"],"messages_no":5,"bad_words":[],"bad_words_no":0,"weight":0,"location":[[40.90104792,-82.10720611],[40.90104792,-82.10720611],[40.90104792,-82.10720611],[40.90104792,-82.10720611],[40.90104792,-82.10720611]],"friends":[1,2,3,4]}