{"messages":["Erwhere.","Erwhere.","Whatta depressing life","Erwhere.","Whatta depressing life"],"messages_no":5,"bad_words":[],"bad_words_no":0,"weight":0,"location":[[32.97859338,-96.69869992],[32.97859338,-96.69869992],[32.96514336,-96.85230718],[32.97859338,-96.69869992],[32.96514336,-96.85230718]],"friends":[1,2,3,4]}