{"messages":["high-point team for trin trin \ud83d\udc34\ud83d\udc0e #TCET \u2764\ufe0f","high-point team for trin trin \ud83d\udc34\ud83d\udc0e #TCET \u2764\ufe0f","high-point team for trin trin \ud83d\udc34\ud83d\udc0e #TCET \u2764\ufe0f"],"messages_no":3,"bad_words":[],"bad_words_no":0,"weight":0,"location":[[41.40237302,-72.04221637],[41.40237302,-72.04221637],[41.40237302,-72.04221637]],"friends":[1,2,3,4]}