{"messages":["Love no thotties","I like it\ud83d\udc4f"],"messages_no":2,"bad_words":[],"bad_words_no":0,"weight":0,"location":[[36.05579597,-83.89385856],[36.05581253,-83.89384506]]}