{"messages":["Brunch? \ud83d\ude0a http:\/\/t.co\/pxJAU0eQ5w","Brunch? \ud83d\ude0a http:\/\/t.co\/pxJAU0eQ5w","Brunch? \ud83d\ude0a http:\/\/t.co\/pxJAU0eQ5w"],"messages_no":3,"bad_words":[],"bad_words_no":0,"weight":0,"location":[[34.08392204,-117.93540289],[34.08392204,-117.93540289],[34.08392204,-117.93540289]],"friends":[1,2,3,4]}