{"messages":["Reverse phycology \ud83d\ude0b","Reverse phycology \ud83d\ude0b","Reverse phycology \ud83d\ude0b","Reverse phycology \ud83d\ude0b"],"messages_no":4,"bad_words":[],"bad_words_no":0,"weight":0,"location":[38.61868491,-121.36748702,38.61868491,-121.36748702,38.61868491,-121.36748702,38.61868491,-121.36748702]}