{"messages":["Boy Meets World! \ud83d\ude02","Boy Meets World! \ud83d\ude02","The way to a mans heart is through his tummy....that's multiplied x's 10 if he's big","Boy Meets World! \ud83d\ude02","Boy Meets World! \ud83d\ude02","The way to a mans heart is through his tummy....that's multiplied x's 10 if he's big"],"messages_no":6,"bad_words":[],"bad_words_no":0,"weight":0,"location":[39.85106733,-75.39540385,39.85106733,-75.39540385,39.86392244,-75.34087098,39.85106733,-75.39540385,39.85106733,-75.39540385,39.86392244,-75.34087098]}