{"messages":["Trevor be doing to much \ud83d\ude12","Trevor be doing to much \ud83d\ude12"],"messages_no":2,"bad_words":[],"bad_words_no":0,"weight":0,"location":[36.64291823,-79.39796669,36.64291823,-79.39796669]}