{"messages":["@Shawty_SoTrill you drunk","@Shawty_SoTrill you drunk","@Shawty_SoTrill you drunk"],"messages_no":3,"bad_words":[],"bad_words_no":0,"weight":0,"location":[[36.83105627,-76.33530882],[36.83105627,-76.33530882],[36.83105627,-76.33530882]],"friends":[1,2,3,4]}