{"messages":["Eric Decker....my god. \ud83d\udc4c\ud83d\ude18\ud83d\ude0d\ud83d\ude0d","Eric Decker....my god. \ud83d\udc4c\ud83d\ude18\ud83d\ude0d\ud83d\ude0d","Eric Decker....my god. \ud83d\udc4c\ud83d\ude18\ud83d\ude0d\ud83d\ude0d"],"messages_no":3,"bad_words":[],"bad_words_no":0,"weight":0,"location":[[35.92009496,-79.05928314],[35.92009496,-79.05928314],[35.92009496,-79.05928314]],"friends":[1,2,3,4]}