{"messages":["I don't know you anymore","I don't know you anymore","I don't know you anymore"],"messages_no":3,"bad_words":[],"bad_words_no":0,"weight":0,"location":[[41.52838898,-74.1482691],[41.52838898,-74.1482691],[41.52838898,-74.1482691]],"friends":[1,2,3,4]}