{"messages":["Can't wait for tuesday and wed \ud83d\ude01","Me and JC days off :)","Can't wait for tuesday and wed \ud83d\ude01","Me and JC days off :)","Can't wait for tuesday and wed \ud83d\ude01","Me and JC days off :)"],"messages_no":6,"bad_words":[],"bad_words_no":0,"weight":0,"location":[[33.92571763,-118.26832945],[33.92572748,-118.26830355],[33.92571763,-118.26832945],[33.92572748,-118.26830355],[33.92571763,-118.26832945],[33.92572748,-118.26830355]],"friends":[1,2,3,4]}