{"messages":["@amberrrrr01 yes!!","I feel like ALOT of the #KissForPeace pics are military related \ud83c\uddfa\ud83c\uddf8\ud83d\udc99\u2764\ufe0f","@amberrrrr01 yes!!","@amberrrrr01 yes!!","I feel like ALOT of the #KissForPeace pics are military related \ud83c\uddfa\ud83c\uddf8\ud83d\udc99\u2764\ufe0f","I feel like ALOT of the #KissForPeace pics are military related \ud83c\uddfa\ud83c\uddf8\ud83d\udc99\u2764\ufe0f"],"messages_no":6,"bad_words":[],"bad_words_no":0,"weight":0,"location":[34.73341739,-77.36464449,34.73343211,-77.3647295,34.73341739,-77.36464449,34.73341739,-77.36464449,34.73343211,-77.3647295,34.73343211,-77.3647295]}