{"messages":["Im irritated","Im irritated","Trade decided to hit me up out the blue after a year and a half lol","Im irritated"],"messages_no":4,"bad_words":[],"bad_words_no":0,"weight":0,"location":[[33.5179239,-82.0354952],[33.5179239,-82.0354952],[33.3955116,-82.0102337],[33.5179239,-82.0354952]],"friends":[1,2,3,4]}