{"messages":["Thank you @JColeNC","Thank you @JColeNC","Thank you @JColeNC","Thank you @JColeNC"],"messages_no":4,"bad_words":[],"bad_words_no":0,"weight":0,"location":[36.09401927,-79.88873781,36.09401927,-79.88873781,36.09401927,-79.88873781,36.09401927,-79.88873781]}