{"messages":["That bus drive was boring \ud83d\ude11","They suck ups","That bus drive was boring \ud83d\ude11","That bus drive was boring \ud83d\ude11","They suck ups"],"messages_no":5,"bad_words":[],"bad_words_no":0,"weight":0,"location":[40.1096928,-85.72492721,40.28888483,-85.83549846,40.1096928,-85.72492721,40.1096928,-85.72492721,40.28888483,-85.83549846]}