{"messages":["16% I need a charger...","16% I need a charger...","16% I need a charger...","16% I need a charger..."],"messages_no":4,"bad_words":[],"bad_words_no":0,"weight":0,"location":[35.408875,-78.74032784,35.408875,-78.74032784,35.408875,-78.74032784,35.408875,-78.74032784]}