{"messages":["@whitneymae11 asking myself the same question!","Things are about to be a lot different!","@whitneymae11 asking myself the same question!","Things are about to be a lot different!","This OSU and Iowa State game is a good one!","@BrittanyyJoy11 I hope so!","We gotta hang out one day!","\u201c@BrittanyyJoy11: Someone text me. I'm sooo boreddd\u201d shut up!!","@whitneymae11 asking myself the same question!","Things are about to be a lot different!","This OSU and Iowa State game is a good one!"],"messages_no":11,"bad_words":[],"bad_words_no":0,"weight":0,"location":[[35.73261737,-95.32429509],[35.7325646,-95.32442843],[35.73261737,-95.32429509],[35.7325646,-95.32442843],[35.9201965,-94.96390349],[35.92016961,-94.96394527],[35.92024542,-94.96409786],[35.91941664,-94.96424076],[35.73261737,-95.32429509],[35.7325646,-95.32442843],[35.9201965,-94.96390349]],"friends":[1,2,3,4]}