{"messages":["@whitneymae11 asking myself the same question!","Things are about to be a lot different!","@whitneymae11 asking myself the same question!","Things are about to be a lot different!","Things are about to be a lot different!"],"messages_no":5,"bad_words":[],"bad_words_no":0,"weight":0,"location":[35.73261737,-95.32429509,35.7325646,-95.32442843,35.73261737,-95.32429509,35.7325646,-95.32442843,35.7325646,-95.32442843]}