{"messages":["That's real b http:\/\/t.co\/jSvWnCji6K","@CedRickJamesHoe most def them niggas real!!!","That's real b http:\/\/t.co\/jSvWnCji6K","@CedRickJamesHoe most def them niggas real!!!","That's real b http:\/\/t.co\/jSvWnCji6K","@CedRickJamesHoe most def them niggas real!!!"],"messages_no":6,"bad_words":[],"bad_words_no":3,"weight":0,"location":[[32.61950057,-97.40195512],[32.61944429,-97.40194797],[32.61950057,-97.40195512],[32.61944429,-97.40194797],[32.61950057,-97.40195512],[32.61944429,-97.40194797]],"friends":[1,2,3,4]}