{"messages":["Peep The Bass Guitar!","The NFL Season Is Officially Over \ud83d\ude15","Peep The Bass Guitar!","The NFL Season Is Officially Over \ud83d\ude15","Super Bowl Party @ John's Crib Was Ji Live","Peep The Bass Guitar!","The NFL Season Is Officially Over \ud83d\ude15","Super Bowl Party @ John's Crib Was Ji Live"],"messages_no":8,"bad_words":[],"bad_words_no":0,"weight":0,"location":[[38.87658853,-76.81266977],[38.87662552,-76.81279784],[38.87658853,-76.81266977],[38.87662552,-76.81279784],[38.87527439,-76.8109829],[38.87658853,-76.81266977],[38.87662552,-76.81279784],[38.87527439,-76.8109829]],"friends":[1,2,3,4]}