{"messages":["Bruno Mars is good no lie","Bruno Mars is good no lie","Bruno Mars is good no lie"],"messages_no":3,"bad_words":[],"bad_words_no":0,"weight":0,"location":[[36.11924825,-97.07354793],[36.11924825,-97.07354793],[36.11924825,-97.07354793]],"friends":[1,2,3,4]}