{"messages":["#Refreshed","Carefree","DDD\nDesignated Drunk Driver"],"messages_no":3,"bad_words":[],"bad_words_no":0,"weight":0,"location":[[40.4676507,-79.8311524],[40.4676854,-79.8312045],[40.4676582,-79.8311942]]}