{"messages":["Our power just went out \ud83d\ude11","Our power just went out \ud83d\ude11","Our power just went out \ud83d\ude11"],"messages_no":3,"bad_words":[],"bad_words_no":0,"weight":0,"location":[[40.51867762,-85.66509409],[40.51867762,-85.66509409],[40.51867762,-85.66509409]],"friends":[1,2,3,4]}