{"messages":["\u201c@_xBrownSugarr: together or not ima still love that nigga!\u201d\ud83d\udcaf\ud83d\udcaf","This headache I got \ud83d\ude2b","Good morning \ud83d\ude14","\u201c@_xBrownSugarr: together or not ima still love that nigga!\u201d\ud83d\udcaf\ud83d\udcaf","\u201c@_xBrownSugarr: together or not ima still love that nigga!\u201d\ud83d\udcaf\ud83d\udcaf","This headache I got \ud83d\ude2b","This headache I got \ud83d\ude2b","Good morning \ud83d\ude14"],"messages_no":8,"bad_words":[],"bad_words_no":3,"weight":0,"location":[38.78771542,-76.22614224,38.78786202,-76.22621222,38.79918941,-76.21590017,38.78771542,-76.22614224,38.78771542,-76.22614224,38.78786202,-76.22621222,38.78786202,-76.22621222,38.79918941,-76.21590017]}