{"messages":["And mike looks like him \ud83d\ude0d\ud83d\ude1b","And mike looks like him \ud83d\ude0d\ud83d\ude1b","And mike looks like him \ud83d\ude0d\ud83d\ude1b"],"messages_no":3,"bad_words":[],"bad_words_no":0,"weight":0,"location":[[41.27961529,-81.81687584],[41.27961529,-81.81687584],[41.27961529,-81.81687584]],"friends":[1,2,3,4]}