{"messages":["@breionashantel text john","@breionashantel text john","@breionashantel text john"],"messages_no":3,"bad_words":[],"bad_words_no":0,"weight":0,"location":[38.7331734,-82.99018673,38.7331734,-82.99018673,38.7331734,-82.99018673]}