{"messages":["Yeah... All The Broncos Fans Are Salty Right Now...","@CMuneyyy That Explains It!","Yeah... All The Broncos Fans Are Salty Right Now...","@CMuneyyy That Explains It!","Yeah... All The Broncos Fans Are Salty Right Now...","@CMuneyyy That Explains It!"],"messages_no":6,"bad_words":[],"bad_words_no":0,"weight":0,"location":[[37.9656929,-100.8637456],[37.9656796,-100.8637379],[37.9656929,-100.8637456],[37.9656796,-100.8637379],[37.9656929,-100.8637456],[37.9656796,-100.8637379]],"friends":[1,2,3,4]}