{"messages":["Text me \ud83d\ude0b","Text me \ud83d\ude0b"],"messages_no":2,"bad_words":[],"bad_words_no":0,"weight":0,"location":[29.40092574,-98.65733167,29.40092574,-98.65733167]}