{"messages":["Some boys on vine \ud83d\ude0d #whereyouat","I honestly just feel like you're so shady","It's over","Some boys on vine \ud83d\ude0d #whereyouat","Some boys on vine \ud83d\ude0d #whereyouat","I honestly just feel like you're so shady"],"messages_no":6,"bad_words":[],"bad_words_no":0,"weight":0,"location":[40.6100391,-75.35609353,40.6543484,-75.28753146,40.63615633,-75.34408174,40.6100391,-75.35609353,40.6100391,-75.35609353,40.6543484,-75.28753146]}