{"messages":["@Magic_keyz talkin bou some 1, done lost ya mind.","my fuckin eyes burn man \ud83d\ude29","@Magic_keyz talkin bou some 1, done lost ya mind.","my fuckin eyes burn man \ud83d\ude29","@Magic_keyz talkin bou some 1, done lost ya mind.","my fuckin eyes burn man \ud83d\ude29"],"messages_no":6,"bad_words":[],"bad_words_no":3,"weight":0,"location":[[43.17724778,-77.5968393],[43.17731775,-77.59664727],[43.17724778,-77.5968393],[43.17731775,-77.59664727],[43.17724778,-77.5968393],[43.17731775,-77.59664727]],"friends":[1,2,3,4]}