{"messages":["@kmars32 ahhhh! Decisions....fuckkk","@kmars32 ahhhh! Decisions....fuckkk","@kmars32 ahhhh! Decisions....fuckkk"],"messages_no":3,"bad_words":[],"bad_words_no":3,"weight":0,"location":[39.79397854,-105.03930665,39.79397854,-105.03930665,39.79397854,-105.03930665]}