{"messages":["Time to gooo","Time to gooo"],"messages_no":2,"bad_words":[],"bad_words_no":0,"weight":0,"location":[32.88236466,-96.89548108,32.88236466,-96.89548108]}