{"messages":["@MadisonCayd thank you Madison! \ud83d\ude1b","@MadisonCayd thank you Madison! \ud83d\ude1b","My favs\ud83d\ude0d http:\/\/t.co\/oIrGsWDpnJ","@MadisonCayd thank you Madison! \ud83d\ude1b","@MadisonCayd thank you Madison! \ud83d\ude1b","My favs\ud83d\ude0d http:\/\/t.co\/oIrGsWDpnJ"],"messages_no":6,"bad_words":[],"bad_words_no":0,"weight":0,"location":[29.90086347,-93.93170603,29.90086347,-93.93170603,29.94087815,-93.98544788,29.90086347,-93.93170603,29.90086347,-93.93170603,29.94087815,-93.98544788]}