{"messages":["She taking all damn day .. I'm getting sleepy","She taking all damn day .. I'm getting sleepy","I want Wendy's \ud83d\ude1e","She taking all damn day .. I'm getting sleepy","I want Wendy's \ud83d\ude1e"],"messages_no":5,"bad_words":[],"bad_words_no":3,"weight":0,"location":[[37.3456267,-76.73798155],[37.3456267,-76.73798155],[37.51710533,-76.81365575],[37.3456267,-76.73798155],[37.51710533,-76.81365575]],"friends":[1,2,3,4]}