{"messages":["@PatFleming2327 can I help you?","@PatFleming2327 can I help you?","@PatFleming2327 can I help you?"],"messages_no":3,"bad_words":[],"bad_words_no":0,"weight":0,"location":[[42.76363653,-73.67358643],[42.76363653,-73.67358643],[42.76363653,-73.67358643]],"friends":[1,2,3,4]}