{"messages":["My boy C.J. Fair..\ud83d\ude4c","My boy C.J. Fair..\ud83d\ude4c"],"messages_no":2,"bad_words":[],"bad_words_no":0,"weight":0,"location":[39.61824375,-105.14208217,39.61824375,-105.14208217]}