{"messages":["@recycledDrugs sign a guy up","@recycledDrugs sign a guy up","@recycledDrugs sign a guy up"],"messages_no":3,"bad_words":[],"bad_words_no":0,"weight":0,"location":[44.68438171,-90.1497212,44.68438171,-90.1497212,44.68438171,-90.1497212]}