{"messages":["@ImGonnaMeow then act like it \ud83d\ude14","@ImGonnaMeow then act like it \ud83d\ude14","@ImGonnaMeow then act like it \ud83d\ude14"],"messages_no":3,"bad_words":[],"bad_words_no":0,"weight":0,"location":[[40.15202464,-87.62705153],[40.15202464,-87.62705153],[40.15202464,-87.62705153]],"friends":[1,2,3,4]}