{"messages":["Hang out with me","Bonfire tonight, bring all your bronco gear","Hang out with me","Bonfire tonight, bring all your bronco gear","Hang out with me","Bonfire tonight, bring all your bronco gear"],"messages_no":6,"bad_words":[],"bad_words_no":0,"weight":0,"location":[[35.42122373,-119.14028273],[35.42134588,-119.14035961],[35.42122373,-119.14028273],[35.42134588,-119.14035961],[35.42122373,-119.14028273],[35.42134588,-119.14035961]],"friends":[1,2,3,4]}