{"messages":["Anyone going out ?","Anyone going out ?","Anyone going out ?"],"messages_no":3,"bad_words":[],"bad_words_no":0,"weight":0,"location":[[42.87176344,-78.85187689],[42.87176344,-78.85187689],[42.87176344,-78.85187689]],"friends":[1,2,3,4]}