{"messages":["Ain't no mountain high enough!","Most embarrassing Super Bowl ever","Ain't no mountain high enough!","Most embarrassing Super Bowl ever","Ain't no mountain high enough!","Most embarrassing Super Bowl ever"],"messages_no":6,"bad_words":[],"bad_words_no":0,"weight":0,"location":[[25.60821375,-80.43861118],[25.4988769,-80.44166621],[25.60821375,-80.43861118],[25.4988769,-80.44166621],[25.60821375,-80.43861118],[25.4988769,-80.44166621]],"friends":[1,2,3,4]}