{"messages":["Let's go hawks !!","@PrestonCharlton @DahnTahnBrahn idk but J.J. Stokes isn't !!","@PrestonCharlton great player","Let's go hawks !!","@PrestonCharlton @DahnTahnBrahn idk but J.J. Stokes isn't !!","@PrestonCharlton great player","Let's go hawks !!","@PrestonCharlton @DahnTahnBrahn idk but J.J. Stokes isn't !!","@PrestonCharlton great player"],"messages_no":9,"bad_words":[],"bad_words_no":0,"weight":0,"location":[[40.42187233,-79.74804511],[40.42168622,-79.74815852],[40.42169085,-79.74792367],[40.42187233,-79.74804511],[40.42168622,-79.74815852],[40.42169085,-79.74792367],[40.42187233,-79.74804511],[40.42168622,-79.74815852],[40.42169085,-79.74792367]],"friends":[1,2,3,4]}