{"messages":["I hate liars","I hate liars"],"messages_no":2,"bad_words":[],"bad_words_no":0,"weight":0,"location":[36.17514762,-85.51241947,36.17514762,-85.51241947]}