{"messages":["Just for a couple months.. Until summer.","Ohhh man , wish I could be smoking","Just for a couple months.. Until summer.","Ohhh man , wish I could be smoking","Just for a couple months.. Until summer.","Ohhh man , wish I could be smoking"],"messages_no":6,"bad_words":[],"bad_words_no":0,"weight":0,"location":[[42.46689364,-96.34345156],[42.46691175,-96.34338543],[42.46689364,-96.34345156],[42.46691175,-96.34338543],[42.46689364,-96.34345156],[42.46691175,-96.34338543]],"friends":[1,2,3,4]}