{"messages":["Fuck them hoes tf","Fuck them hoes tf","Fuck them hoes tf"],"messages_no":3,"bad_words":[],"bad_words_no":3,"weight":0,"location":[[41.5251194,-81.6019969],[41.5251194,-81.6019969],[41.5251194,-81.6019969]],"friends":[1,2,3,4]}