{"messages":["Fuck you Peyton!!! \ud83d\ude02\ud83d\ude02","Fuck you Peyton!!! \ud83d\ude02\ud83d\ude02","Fuck you Peyton!!! \ud83d\ude02\ud83d\ude02"],"messages_no":3,"bad_words":[],"bad_words_no":3,"weight":0,"location":[[38.13353633,-85.68008269],[38.13353633,-85.68008269],[38.13353633,-85.68008269]],"friends":[1,2,3,4]}