{"messages":["Typos piss me off always making me look dumb","@Chokolate_City not that I kno of call n ask","Typos piss me off always making me look dumb","@Chokolate_City not that I kno of call n ask","Typos piss me off always making me look dumb","@Chokolate_City not that I kno of call n ask","Typos piss me off always making me look dumb","@Chokolate_City not that I kno of call n ask"],"messages_no":8,"bad_words":[],"bad_words_no":3,"weight":0,"location":[42.90106967,-78.69311928,42.90100083,-78.693385,42.90106967,-78.69311928,42.90100083,-78.693385,42.90106967,-78.69311928,42.90100083,-78.693385,42.90106967,-78.69311928,42.90100083,-78.693385]}