{"messages":["Back to Jackson","Back to Jackson","Back to Jackson"],"messages_no":3,"bad_words":[],"bad_words_no":0,"weight":0,"location":[[39.4894617,-74.53479995],[39.4894617,-74.53479995],[39.4894617,-74.53479995]],"friends":[1,2,3,4]}