{"messages":["@dadadietz and gingers","@dadadietz and gingers","@dadadietz and gingers"],"messages_no":3,"bad_words":[],"bad_words_no":0,"weight":0,"location":[[43.59470967,-84.77825143],[43.59470967,-84.77825143],[43.59470967,-84.77825143]],"friends":[1,2,3,4]}