{"messages":["\u201c@Yubineli: MM4.\u201d U in that mood yet!!","\u201c@Yubineli: MM4.\u201d U in that mood yet!!","\u201c@Yubineli: MM4.\u201d U in that mood yet!!","\u201c@Yubineli: MM4.\u201d U in that mood yet!!"],"messages_no":4,"bad_words":[],"bad_words_no":0,"weight":0,"location":[36.86994584,-76.21302193,36.86994584,-76.21302193,36.86994584,-76.21302193,36.86994584,-76.21302193]}