{"messages":["@RolltheDICEE I love yooooou. \ud83d\ude0c","Ok, go Eric Decker. \ud83d\ude0d","@RolltheDICEE I love yooooou. \ud83d\ude0c","Ok, go Eric Decker. \ud83d\ude0d","Me and Shakylah's horse. \ud83d\ude0d http:\/\/t.co\/AV9YUIgIrN","@RolltheDICEE I love yooooou. \ud83d\ude0c","Ok, go Eric Decker. \ud83d\ude0d","Me and Shakylah's horse. \ud83d\ude0d http:\/\/t.co\/AV9YUIgIrN"],"messages_no":8,"bad_words":[],"bad_words_no":0,"weight":0,"location":[[31.12776194,-97.69582253],[31.12773974,-97.69536939],[31.12776194,-97.69582253],[31.12773974,-97.69536939],[31.12505319,-97.68593301],[31.12776194,-97.69582253],[31.12773974,-97.69536939],[31.12505319,-97.68593301]],"friends":[1,2,3,4]}