{"messages":["\u201c@youlovexai: I'm staying up to tell my little sister happy birthday.\u201d\ud83d\ude18\ud83d\ude18\ud83d\ude0d\ud83d\ude0f","@LoganCabanas thanks log\ud83d\ude0a","\u201c@youlovexai: I'm staying up to tell my little sister happy birthday.\u201d\ud83d\ude18\ud83d\ude18\ud83d\ude0d\ud83d\ude0f","@LoganCabanas thanks log\ud83d\ude0a","\u201c@youlovexai: I'm staying up to tell my little sister happy birthday.\u201d\ud83d\ude18\ud83d\ude18\ud83d\ude0d\ud83d\ude0f","@LoganCabanas thanks log\ud83d\ude0a"],"messages_no":6,"bad_words":[],"bad_words_no":0,"weight":0,"location":[[39.83518158,-75.24383124],[39.83510815,-75.2437857],[39.83518158,-75.24383124],[39.83510815,-75.2437857],[39.83518158,-75.24383124],[39.83510815,-75.2437857]],"friends":[1,2,3,4]}