{"messages":["my auntie always worried about wtf i be doing , like gtf !","lol , hush Itty !","my auntie always worried about wtf i be doing , like gtf !","lol , hush Itty !","What's wrong ?","You're all that matters to me \ud83d\udc6b .","my auntie always worried about wtf i be doing , like gtf !","lol , hush Itty !"],"messages_no":8,"bad_words":[],"bad_words_no":0,"weight":0,"location":[[31.29319166,-92.45785835],[31.29314943,-92.45802177],[31.29319166,-92.45785835],[31.29314943,-92.45802177],[31.29322872,-92.45799775],[31.29336633,-92.45782333],[31.29319166,-92.45785835],[31.29314943,-92.45802177]],"friends":[1,2,3,4]}