{"messages":["Who wants to play NBA 2k14 online ps3?","Who wants to play NBA 2k14 online ps3?","Who wants to play NBA 2k14 online ps3?"],"messages_no":3,"bad_words":[],"bad_words_no":0,"weight":0,"location":[30.72003999,-84.96168821,30.72003999,-84.96168821,30.72003999,-84.96168821]}