{"messages":["@Tj0rtiz #2sNeverSleep","@Tj0rtiz #2sNeverSleep","@Tj0rtiz #2sNeverSleep"],"messages_no":3,"bad_words":[],"bad_words_no":0,"weight":0,"location":[[39.7169855,-121.8377535],[39.7169855,-121.8377535],[39.7169855,-121.8377535]],"friends":[1,2,3,4]}