{"messages":["@MattieKing10 @kaylee_paige3 be there in 10 seconds \ud83d\ude02 \ud83d\ude02 \ud83d\ude02 \ud83d\ude4a\ud83d\ude48","@MattieKing10 @kaylee_paige3 be there in 10 seconds \ud83d\ude02 \ud83d\ude02 \ud83d\ude02 \ud83d\ude4a\ud83d\ude48"],"messages_no":2,"bad_words":[],"bad_words_no":0,"weight":0,"location":[35.55563302,-87.55078451,35.55563302,-87.55078451]}