{"messages":["January flew by","January flew by","I fucking hate knowing I have to get up at 9:30 tomorrow","January flew by"],"messages_no":4,"bad_words":[],"bad_words_no":1,"weight":0,"location":[[33.42620439,-111.94214205],[33.42620439,-111.94214205],[33.42225247,-111.92966034],[33.42620439,-111.94214205]],"friends":[1,2,3,4]}