{"messages":["Is it a criiiiime!!!","Is it a criiiiime!!!","Is it a criiiiime!!!","Is it a criiiiime!!!"],"messages_no":4,"bad_words":[],"bad_words_no":0,"weight":0,"location":[34.15246042,-80.91157753,34.15246042,-80.91157753,34.15246042,-80.91157753,34.15246042,-80.91157753]}