{"messages":["Not this time.","Not this time.","Not this time."],"messages_no":3,"bad_words":[],"bad_words_no":0,"weight":0,"location":[[29.0772643,-82.1938435],[29.0772643,-82.1938435],[29.0772643,-82.1938435]],"friends":[1,2,3,4]}