{"messages":["@helov3nisha phone off","@helov3nisha phone off","Gotta get me a valentine man fr","@helov3nisha phone off","Gotta get me a valentine man fr"],"messages_no":5,"bad_words":[],"bad_words_no":0,"weight":0,"location":[[33.73910529,-84.41596286],[33.73910529,-84.41596286],[33.73974145,-84.4036377],[33.73910529,-84.41596286],[33.73974145,-84.4036377]],"friends":[1,2,3,4]}