{"messages":["I want twins. \ud83d\udc76\ud83d\udc6f #randomthought","I want twins. \ud83d\udc76\ud83d\udc6f #randomthought","It dont mean nothing without you\u2665\ufe0f","I want twins. \ud83d\udc76\ud83d\udc6f #randomthought"],"messages_no":4,"bad_words":[],"bad_words_no":0,"weight":0,"location":[[36.88503701,-89.54456305],[36.88503701,-89.54456305],[36.8849568,-89.54458555],[36.88503701,-89.54456305]],"friends":[1,2,3,4]}