{"messages":["Anyone Tryna communicate like wassup snap chat text FaceTime","Who got xanex \ud83d\ude01","Anyone Tryna communicate like wassup snap chat text FaceTime","Anyone Tryna communicate like wassup snap chat text FaceTime","Who got xanex \ud83d\ude01"],"messages_no":5,"bad_words":[],"bad_words_no":0,"weight":0,"location":[42.7151347,-87.79906484,42.70351137,-87.79302614,42.7151347,-87.79906484,42.7151347,-87.79906484,42.70351137,-87.79302614]}