{"messages":["Fuck Friends Where That Bread At?? \ud83d\udcb0\ud83d\udcb0\ud83d\udcb5\ud83d\udcb5","Im Glad To Have My Father In My Life","Fuck Friends Where That Bread At?? \ud83d\udcb0\ud83d\udcb0\ud83d\udcb5\ud83d\udcb5","Im Glad To Have My Father In My Life","Fuck Friends Where That Bread At?? \ud83d\udcb0\ud83d\udcb0\ud83d\udcb5\ud83d\udcb5","Im Glad To Have My Father In My Life"],"messages_no":6,"bad_words":[],"bad_words_no":3,"weight":0,"location":[[38.89231603,-76.95041427],[38.89242336,-76.95001904],[38.89231603,-76.95041427],[38.89242336,-76.95001904],[38.89231603,-76.95041427],[38.89242336,-76.95001904]],"friends":[1,2,3,4]}