{"messages":["4sets of 30 day challenges done \u2665 #Day1","4sets of 30 day challenges done \u2665 #Day1","4sets of 30 day challenges done \u2665 #Day1"],"messages_no":3,"bad_words":[],"bad_words_no":0,"weight":0,"location":[[40.3263609,-79.8911449],[40.3263609,-79.8911449],[40.3263609,-79.8911449]],"friends":[1,2,3,4]}