{"messages":["I hate being waken up outta my sleep","I live for medicine that'll put me to sleep...","I hate being waken up outta my sleep","I live for medicine that'll put me to sleep...","Bruh, swear all I need is some good ass head. That's it...","Up watching Golden Girls","I wish Jodeci would get back together and release an album","I hate being waken up outta my sleep","I live for medicine that'll put me to sleep..."],"messages_no":9,"bad_words":[],"bad_words_no":0,"weight":0,"location":[[30.19346626,-81.75416684],[30.19335861,-81.75404892],[30.19346626,-81.75416684],[30.19335861,-81.75404892],[30.19342597,-81.75377166],[30.19367525,-81.75381057],[30.19341866,-81.75415891],[30.19346626,-81.75416684],[30.19335861,-81.75404892]],"friends":[1,2,3,4]}