{"messages":["#MeechRager","#MeechRager","#MeechRager"],"messages_no":3,"bad_words":[],"bad_words_no":0,"weight":0,"location":[42.95999216,-78.84000672,42.95999216,-78.84000672,42.95999216,-78.84000672]}