{"messages":["Soooo damn tired, but it feels good!","Red Hot Chili Peppers&gt;&gt;&gt;","Soooo damn tired, but it feels good!","Red Hot Chili Peppers&gt;&gt;&gt;","Soooo damn tired, but it feels good!","Red Hot Chili Peppers&gt;&gt;&gt;"],"messages_no":6,"bad_words":[],"bad_words_no":3,"weight":0,"location":[[43.7136834,-91.97809716],[43.81401757,-91.74543235],[43.7136834,-91.97809716],[43.81401757,-91.74543235],[43.7136834,-91.97809716],[43.81401757,-91.74543235]],"friends":[1,2,3,4]}