{"messages":["@SosaFirst an ill out run u easy","Cant breathe","@SosaFirst an ill out run u easy","@SosaFirst an ill out run u easy","Cant breathe"],"messages_no":5,"bad_words":[],"bad_words_no":0,"weight":0,"location":[40.8529551,-73.0392798,40.7489374,-73.2334096,40.8529551,-73.0392798,40.8529551,-73.0392798,40.7489374,-73.2334096]}