{"messages":["\ud83d\ude01straight As? Idk","\ud83d\ude01straight As? Idk"],"messages_no":2,"bad_words":[],"bad_words_no":0,"weight":0,"location":[33.71863136,-117.89171964,33.71863136,-117.89171964]}