{"messages":["@Geezuss_ thanks \ud83d\udc81","@Geezuss_ thanks \ud83d\udc81","@Geezuss_ thanks \ud83d\udc81"],"messages_no":3,"bad_words":[],"bad_words_no":0,"weight":0,"location":[39.16428859,-78.14100721,39.16428859,-78.14100721,39.16428859,-78.14100721]}