{"messages":["@LTGreenPetree how u feelin cuz?","@itsybitsynicole I will \ud83d\ude0c","@LTGreenPetree how u feelin cuz?","@itsybitsynicole I will \ud83d\ude0c","these hoodies man.. soooo dope","@LTGreenPetree how u feelin cuz?","@itsybitsynicole I will \ud83d\ude0c"],"messages_no":7,"bad_words":[],"bad_words_no":0,"weight":0,"location":[[36.20558213,-86.55902725],[36.20532783,-86.56346454],[36.20558213,-86.55902725],[36.20532783,-86.56346454],[36.22899296,-86.58871437],[36.20558213,-86.55902725],[36.20532783,-86.56346454]],"friends":[1,2,3,4]}