{"messages":["if I could have just one wish I'd have you by my side","booty pic part 5 http:\/\/t.co\/sOjnoe60pG","if I could have just one wish I'd have you by my side","if I could have just one wish I'd have you by my side","booty pic part 5 http:\/\/t.co\/sOjnoe60pG"],"messages_no":5,"bad_words":[],"bad_words_no":0,"weight":0,"location":[42.96753592,-78.77156777,42.97383519,-78.81167803,42.96753592,-78.77156777,42.96753592,-78.77156777,42.97383519,-78.81167803]}