{"messages":["@LTGreenPetree how u feelin cuz?","@itsybitsynicole I will \ud83d\ude0c","@LTGreenPetree how u feelin cuz?","@LTGreenPetree how u feelin cuz?"],"messages_no":4,"bad_words":[],"bad_words_no":0,"weight":0,"location":[36.20558213,-86.55902725,36.20532783,-86.56346454,36.20558213,-86.55902725,36.20558213,-86.55902725]}