{"messages":["66? Really","66? Really","Someone bring me some ibuprofen","@LalaloveShelbs that's what I've been told","66? Really","Someone bring me some ibuprofen"],"messages_no":6,"bad_words":[],"bad_words_no":0,"weight":0,"location":[[38.41160274,-82.40936081],[38.41160274,-82.40936081],[38.41298621,-82.35859309],[38.41193995,-82.36605252],[38.41160274,-82.40936081],[38.41298621,-82.35859309]],"friends":[1,2,3,4]}