{"messages":["I need to find something to do until 6","I need to find something to do until 6","So tired of this.","I need to find something to do until 6"],"messages_no":4,"bad_words":[],"bad_words_no":0,"weight":0,"location":[[38.25699095,-122.07508628],[38.25699095,-122.07508628],[38.25737027,-122.07495318],[38.25699095,-122.07508628]],"friends":[1,2,3,4]}