{"messages":["@lunaxai gotta step your game up Chabs","He looks just like me http:\/\/t.co\/xLXUr7g3GT","@lunaxai gotta step your game up Chabs","He looks just like me http:\/\/t.co\/xLXUr7g3GT","@lunaxai gotta step your game up Chabs","He looks just like me http:\/\/t.co\/xLXUr7g3GT"],"messages_no":6,"bad_words":[],"bad_words_no":0,"weight":0,"location":[[25.85294396,-80.12351303],[25.85299974,-80.12350866],[25.85294396,-80.12351303],[25.85299974,-80.12350866],[25.85294396,-80.12351303],[25.85299974,-80.12350866]],"friends":[1,2,3,4]}