{"messages":["Starving","Starving"],"messages_no":2,"bad_words":[],"bad_words_no":0,"weight":0,"location":[30.00546201,-90.25321183,30.00546201,-90.25321183]}