{"messages":["I think I love Bruno Mars.","I think I love Bruno Mars.","I think I love Bruno Mars."],"messages_no":3,"bad_words":[],"bad_words_no":0,"weight":0,"location":[[32.2748269,-106.7660753],[32.2748269,-106.7660753],[32.2748269,-106.7660753]],"friends":[1,2,3,4]}