{"messages":["Mawning y'all! \ud83d\ude18","Mawning y'all! \ud83d\ude18","Mawning y'all! \ud83d\ude18"],"messages_no":3,"bad_words":[],"bad_words_no":0,"weight":0,"location":[[35.02838725,-89.86397998],[35.02838725,-89.86397998],[35.02838725,-89.86397998]],"friends":[1,2,3,4]}