{"messages":["LOB finna shut it down","Finna buy 2k next week","Woww my dad doesnt know who lil terio is \ud83d\ude10","when i get married imma cry at my wedding cuzz imma be so happy lol","@RSherman_25 finna shutdown that left side","LOB finna shut it down","Finna buy 2k next week","Woww my dad doesnt know who lil terio is \ud83d\ude10","when i get married imma cry at my wedding cuzz imma be so happy lol","@RSherman_25 finna shutdown that left side","LOB finna shut it down","Finna buy 2k next week","Woww my dad doesnt know who lil terio is \ud83d\ude10","when i get married imma cry at my wedding cuzz imma be so happy lol","@RSherman_25 finna shutdown that left side"],"messages_no":15,"bad_words":[],"bad_words_no":0,"weight":0,"location":[[28.56110469,-81.69290701],[28.56123902,-81.6930261],[28.56115416,-81.69279616],[28.56116619,-81.69311624],[28.56112609,-81.69314882],[28.56110469,-81.69290701],[28.56123902,-81.6930261],[28.56115416,-81.69279616],[28.56116619,-81.69311624],[28.56112609,-81.69314882],[28.56110469,-81.69290701],[28.56123902,-81.6930261],[28.56115416,-81.69279616],[28.56116619,-81.69311624],[28.56112609,-81.69314882]],"friends":[1,2,3,4]}