{"messages":["I'm all about that action, boss.","I'm all about that action, boss.","@NicoleTatum26 @EmmmNemm only Seahawks","I'm all about that action, boss.","I'm all about that action, boss."],"messages_no":5,"bad_words":[],"bad_words_no":0,"weight":0,"location":[35.19209693,-111.65276033,35.19209693,-111.65276033,35.18690692,-111.65349943,35.19209693,-111.65276033,35.19209693,-111.65276033]}