{"messages":["Motor oil has the best smell\ud83d\udc4d\ud83d\udc4c","Motor oil has the best smell\ud83d\udc4d\ud83d\udc4c","Motor oil has the best smell\ud83d\udc4d\ud83d\udc4c"],"messages_no":3,"bad_words":[],"bad_words_no":0,"weight":0,"location":[41.52629625,-85.07617671,41.52629625,-85.07617671,41.52629625,-85.07617671]}