{"messages":["use meh baby u can use mehh","use meh baby u can use mehh","use meh baby u can use mehh"],"messages_no":3,"bad_words":[],"bad_words_no":0,"weight":0,"location":[[47.58855164,-122.30602792],[47.58855164,-122.30602792],[47.58855164,-122.30602792]],"friends":[1,2,3,4]}