{"messages":["We be all night \u2764\ufe0f","We be all night \u2764\ufe0f","We be all night \u2764\ufe0f","We be all night \u2764\ufe0f"],"messages_no":4,"bad_words":[],"bad_words_no":0,"weight":0,"location":[40.26508713,-75.62004791,40.26508713,-75.62004791,40.26508713,-75.62004791,40.26508713,-75.62004791]}