{"messages":["so many thoughts","not this again please no","so many thoughts","not this again please no","so many thoughts","not this again please no"],"messages_no":6,"bad_words":[],"bad_words_no":0,"weight":0,"location":[[42.22361934,-85.83681235],[42.22361254,-85.83681262],[42.22361934,-85.83681235],[42.22361254,-85.83681262],[42.22361934,-85.83681235],[42.22361254,-85.83681262]],"friends":[1,2,3,4]}