{"messages":["Can't play no games wit these niggas or these bitches","If nobody else got me I gt me","Can't play no games wit these niggas or these bitches","If nobody else got me I gt me","Can't play no games wit these niggas or these bitches","If nobody else got me I gt me"],"messages_no":6,"bad_words":[],"bad_words_no":6,"weight":0,"location":[[39.91223788,-82.84379546],[39.91220829,-82.84376753],[39.91223788,-82.84379546],[39.91220829,-82.84376753],[39.91223788,-82.84379546],[39.91220829,-82.84376753]],"friends":[1,2,3,4]}