{"messages":["She's the best","She's the best","She's the best"],"messages_no":3,"bad_words":[],"bad_words_no":0,"weight":0,"location":[[38.98574682,-77.53553125],[38.98574682,-77.53553125],[38.98574682,-77.53553125]],"friends":[1,2,3,4]}