{"messages":["YOOHOO BIG SUMMER BLOWOUT","YOOHOO BIG SUMMER BLOWOUT","YOOHOO BIG SUMMER BLOWOUT"],"messages_no":3,"bad_words":[],"bad_words_no":0,"weight":0,"location":[[44.07498244,-123.04492716],[44.07498244,-123.04492716],[44.07498244,-123.04492716]],"friends":[1,2,3,4]}