{"messages":["At the crib","At the crib","At the crib"],"messages_no":3,"bad_words":[],"bad_words_no":0,"weight":0,"location":[[35.39594016,-94.40129044],[35.39594016,-94.40129044],[35.39594016,-94.40129044]],"friends":[1,2,3,4]}