{"messages":["Its snowing hard","Its snowing hard","Its snowing hard"],"messages_no":3,"bad_words":[],"bad_words_no":0,"weight":0,"location":[[35.3863104,-94.4203629],[35.3863104,-94.4203629],[35.3863104,-94.4203629]],"friends":[1,2,3,4]}