{"messages":["@courtney_rikki take me out to eat!","@courtney_rikki take me out to eat!","Every plainville cop knows who I am","@courtney_rikki take me out to eat!","Every plainville cop knows who I am"],"messages_no":5,"bad_words":[],"bad_words_no":0,"weight":0,"location":[[41.66474022,-72.95184941],[41.66474022,-72.95184941],[41.6726354,-72.89753004],[41.66474022,-72.95184941],[41.6726354,-72.89753004]],"friends":[1,2,3,4]}