{"messages":["@drakejohnson01 thatta boy! \ud83d\udc4d","@drakejohnson01 thatta boy! \ud83d\udc4d","@drakejohnson01 thatta boy! \ud83d\udc4d"],"messages_no":3,"bad_words":[],"bad_words_no":0,"weight":0,"location":[[42.10781149,-96.74616437],[42.10781149,-96.74616437],[42.10781149,-96.74616437]],"friends":[1,2,3,4]}