{"messages":["Safety","Safety","Safety"],"messages_no":3,"bad_words":[],"bad_words_no":0,"weight":0,"location":[[32.8185547,-97.0720131],[32.8185547,-97.0720131],[32.8185547,-97.0720131]],"friends":[1,2,3,4]}