{"messages":["@RossDrouillard @l_cham I want to come! I want to come!!","COMIN BACK YA BITCHES","@RossDrouillard @l_cham I want to come! I want to come!!","COMIN BACK YA BITCHES","@RossDrouillard @l_cham I want to come! I want to come!!","COMIN BACK YA BITCHES"],"messages_no":6,"bad_words":[],"bad_words_no":0,"weight":0,"location":[[42.70710653,-83.19442937],[42.70732011,-83.19324134],[42.70710653,-83.19442937],[42.70732011,-83.19324134],[42.70710653,-83.19442937],[42.70732011,-83.19324134]],"friends":[1,2,3,4]}