{"messages":["@GinaGuilliams yes I did","@GinaGuilliams yes I did","@GinaGuilliams yes I did"],"messages_no":3,"bad_words":[],"bad_words_no":0,"weight":0,"location":[[46.85900123,-113.98763022],[46.85900123,-113.98763022],[46.85900123,-113.98763022]],"friends":[1,2,3,4]}