{"messages":["Love this song!!!","Love this song!!!","Love this song!!!"],"messages_no":3,"bad_words":[],"bad_words_no":0,"weight":0,"location":[[34.0400696,-117.9599589],[34.0400696,-117.9599589],[34.0400696,-117.9599589]],"friends":[1,2,3,4]}