{"messages":["I feel so fat \ud83d\ude2d","I feel so fat \ud83d\ude2d","I feel so fat \ud83d\ude2d"],"messages_no":3,"bad_words":[],"bad_words_no":0,"weight":0,"location":[30.51888756,-92.07209741,30.51888756,-92.07209741,30.51888756,-92.07209741]}