{"messages":["Lookin forward to a great day \ud83d\udc4c","#wecantdateif u don't know how to duck hunt or think it's gay","Lookin forward to a great day \ud83d\udc4c","#wecantdateif u don't know how to duck hunt or think it's gay","Lookin forward to a great day \ud83d\udc4c","#wecantdateif u don't know how to duck hunt or think it's gay"],"messages_no":6,"bad_words":[],"bad_words_no":3,"weight":0,"location":[[30.12147705,-95.58593907],[30.09789494,-95.66648603],[30.12147705,-95.58593907],[30.09789494,-95.66648603],[30.12147705,-95.58593907],[30.09789494,-95.66648603]],"friends":[1,2,3,4]}