{"messages":["44 on flappy bird hell yeah","44 on flappy bird hell yeah","44 on flappy bird hell yeah"],"messages_no":3,"bad_words":[],"bad_words_no":3,"weight":0,"location":[[40.93107635,-81.54304736],[40.93107635,-81.54304736],[40.93107635,-81.54304736]],"friends":[1,2,3,4]}