{"messages":["@CrispyRay its all love","@CrispyRay its all love","@CrispyRay its all love"],"messages_no":3,"bad_words":[],"bad_words_no":0,"weight":0,"location":[42.72625442,-84.46508961,42.72625442,-84.46508961,42.72625442,-84.46508961]}