{"messages":["Omg noodz","@katiegrace___ \ud83d\ude02\ud83d\ude02 thanks \ud83d\udc81"],"messages_no":2,"bad_words":[],"bad_words_no":0,"weight":0,"location":[[39.29567086,-94.92321585],[39.29565556,-94.92328048]]}