{"messages":["Let's go baby!!","Let's go baby!!","Let's go baby!!"],"messages_no":3,"bad_words":[],"bad_words_no":0,"weight":0,"location":[[41.29631557,-73.77629331],[41.29631557,-73.77629331],[41.29631557,-73.77629331]],"friends":[1,2,3,4]}