{"messages":["Who saw My Brothers Keeper Video ?","@YaFav_Girl make me really grind u up yb \ud83d\ude02\ud83d\ude02","Who saw My Brothers Keeper Video ?","Who saw My Brothers Keeper Video ?","@YaFav_Girl make me really grind u up yb \ud83d\ude02\ud83d\ude02"],"messages_no":5,"bad_words":[],"bad_words_no":0,"weight":0,"location":[40.02098088,-75.17470839,40.02080516,-75.17449571,40.02098088,-75.17470839,40.02098088,-75.17470839,40.02080516,-75.17449571]}