{"messages":["Ready for my family to get here \u263a\ufe0f","Ready for my family to get here \u263a\ufe0f","Neckbones , potatoes &amp; Green beans \ud83d\ude0d\ud83d\ude29","Ready for my family to get here \u263a\ufe0f"],"messages_no":4,"bad_words":[],"bad_words_no":0,"weight":0,"location":[[35.58112637,-97.56588609],[35.58112637,-97.56588609],[35.59815881,-97.55438545],[35.58112637,-97.56588609]],"friends":[1,2,3,4]}