{"messages":["Ready for my family to get here \u263a\ufe0f","Ready for my family to get here \u263a\ufe0f","Ready for my family to get here \u263a\ufe0f"],"messages_no":3,"bad_words":[],"bad_words_no":0,"weight":0,"location":[35.58112637,-97.56588609,35.58112637,-97.56588609,35.58112637,-97.56588609]}