{"messages":["Honestly I don't care anymore","What's the moves","\u201c@RealDopeKicks: I NEED THESE!!!! http:\/\/t.co\/XdN0h9ohmh\u201d"],"messages_no":3,"bad_words":[],"bad_words_no":0,"weight":0,"location":[[38.46750504,-77.45712614],[38.46168343,-77.41543329],[38.47705045,-77.40257992]]}