{"messages":["Okay, I had to just admit that was a pretty awesome run!","Okay, I had to just admit that was a pretty awesome run!","I have to get up!\ud83d\ude2b","Okay, I had to just admit that was a pretty awesome run!","I have to get up!\ud83d\ude2b"],"messages_no":5,"bad_words":[],"bad_words_no":0,"weight":0,"location":[[43.30410489,-85.8100731],[43.30410489,-85.8100731],[43.30410443,-85.81011597],[43.30410489,-85.8100731],[43.30410443,-85.81011597]],"friends":[1,2,3,4]}