{"messages":["Get out of your own way!","Get out of your own way!","Get out of your own way!"],"messages_no":3,"bad_words":[],"bad_words_no":0,"weight":0,"location":[[34.03604271,-117.96722299],[34.03604271,-117.96722299],[34.03604271,-117.96722299]],"friends":[1,2,3,4]}