{"messages":["I'm so brutally blunt but about myself! \ud83d\ude02","I'm so brutally blunt but about myself! \ud83d\ude02","I'm so brutally blunt but about myself! \ud83d\ude02","I'm so brutally blunt but about myself! \ud83d\ude02"],"messages_no":4,"bad_words":[],"bad_words_no":0,"weight":0,"location":[32.97048578,-115.54726128,32.97048578,-115.54726128,32.97048578,-115.54726128,32.97048578,-115.54726128]}