{"messages":["I hate having dry eyes \ud83d\ude29","I hate having dry eyes \ud83d\ude29","I hate having dry eyes \ud83d\ude29"],"messages_no":3,"bad_words":[],"bad_words_no":0,"weight":0,"location":[[36.10281689,-115.06503425],[36.10281689,-115.06503425],[36.10281689,-115.06503425]],"friends":[1,2,3,4]}