{"messages":["gotta wash my hair \ud83d\ude29","gotta wash my hair \ud83d\ude29","you have 0 chill...EVER","gotta wash my hair \ud83d\ude29"],"messages_no":4,"bad_words":[],"bad_words_no":0,"weight":0,"location":[[40.61653613,-75.3882979],[40.61653613,-75.3882979],[40.61631883,-75.38827328],[40.61653613,-75.3882979]],"friends":[1,2,3,4]}