{"messages":["@FB00gie let's goooo!!","@FB00gie let's goooo!!","@FB00gie let's goooo!!"],"messages_no":3,"bad_words":[],"bad_words_no":0,"weight":0,"location":[[42.4690968,-75.0629632],[42.4690968,-75.0629632],[42.4690968,-75.0629632]],"friends":[1,2,3,4]}