{"messages":["@norinidio fuck off","@norinidio fuck off","@norinidio fuck off"],"messages_no":3,"bad_words":[],"bad_words_no":3,"weight":0,"location":[[40.57175971,-75.5861639],[40.57175971,-75.5861639],[40.57175971,-75.5861639]],"friends":[1,2,3,4]}