{"messages":["About living it up in highschool.","Moms want a nigga to do everything. SHIT.","About living it up in highschool.","About living it up in highschool."],"messages_no":4,"bad_words":[],"bad_words_no":1,"weight":0,"location":[37.9067861,-121.3234505,37.9068224,-121.3235033,37.9067861,-121.3234505,37.9067861,-121.3234505]}