{"messages":["Also just saw this fat as shit rabbit under a car.","@lofoshotho 201 days until college starts.","Also just saw this fat as shit rabbit under a car.","@lofoshotho 201 days until college starts.","Also just saw this fat as shit rabbit under a car.","@lofoshotho 201 days until college starts."],"messages_no":6,"bad_words":[],"bad_words_no":3,"weight":0,"location":[[33.20395557,-97.14255859],[33.2022516,-97.1381802],[33.20395557,-97.14255859],[33.2022516,-97.1381802],[33.20395557,-97.14255859],[33.2022516,-97.1381802]],"friends":[1,2,3,4]}