{"messages":["Game over","Game over","\u201c@alyssa_mmyers: wtf kinda number is this http:\/\/t.co\/NuIdbg141C\u201dit's just me no worries \ud83d\ude00","Game over"],"messages_no":4,"bad_words":[],"bad_words_no":0,"weight":0,"location":[[40.69483817,-80.26037087],[40.69483817,-80.26037087],[40.69148349,-80.28459738],[40.69483817,-80.26037087]],"friends":[1,2,3,4]}