{"messages":["not tired at all \ud83d\ude12","not tired at all \ud83d\ude12","not tired at all \ud83d\ude12"],"messages_no":3,"bad_words":[],"bad_words_no":0,"weight":0,"location":[41.40233641,-82.56925114,41.40233641,-82.56925114,41.40233641,-82.56925114]}