{"messages":["i make the most bangin pancakes holy shit","i make the most bangin pancakes holy shit","My son http:\/\/t.co\/YPkvwaMlSp","i make the most bangin pancakes holy shit","My son http:\/\/t.co\/YPkvwaMlSp"],"messages_no":5,"bad_words":[],"bad_words_no":3,"weight":0,"location":[[40.71688538,-73.43172099],[40.71688538,-73.43172099],[40.71668455,-73.43169187],[40.71688538,-73.43172099],[40.71668455,-73.43169187]],"friends":[1,2,3,4]}