{"messages":["Too tired.....","Too tired.....","Too tired....."],"messages_no":3,"bad_words":[],"bad_words_no":0,"weight":0,"location":[[32.4004192,-96.8544712],[32.4004192,-96.8544712],[32.4004192,-96.8544712]],"friends":[1,2,3,4]}