{"messages":["@ChampagneDomii lol i know","Percy!!","Tha thing Seattle do best is, TACKLE. Them niggahs will hitchu.","@ChampagneDomii lol i know","Percy!!","Tha thing Seattle do best is, TACKLE. Them niggahs will hitchu.","@ChampagneDomii lol i know","Percy!!","Tha thing Seattle do best is, TACKLE. Them niggahs will hitchu."],"messages_no":9,"bad_words":[],"bad_words_no":3,"weight":0,"location":[[39.6811107,-75.4890899],[40.7513065,-73.2934937],[40.751256,-73.2934951],[39.6811107,-75.4890899],[40.7513065,-73.2934937],[40.751256,-73.2934951],[39.6811107,-75.4890899],[40.7513065,-73.2934937],[40.751256,-73.2934951]],"friends":[1,2,3,4]}