{"messages":["Let's go HGPA! \ud83d\udc99\u2728","Let's go HGPA! \ud83d\udc99\u2728","Let's go HGPA! \ud83d\udc99\u2728"],"messages_no":3,"bad_words":[],"bad_words_no":0,"weight":0,"location":[[34.69316137,-82.84820692],[34.69316137,-82.84820692],[34.69316137,-82.84820692]],"friends":[1,2,3,4]}