{"messages":["UNBELIEVABLE","UNBELIEVABLE","UNBELIEVABLE"],"messages_no":3,"bad_words":[],"bad_words_no":0,"weight":0,"location":[[35.20264546,-85.18028048],[35.20264546,-85.18028048],[35.20264546,-85.18028048]],"friends":[1,2,3,4]}