{"messages":["Flappy bird while driving fwm","Flappy bird while driving fwm","Flappy bird while driving fwm"],"messages_no":3,"bad_words":[],"bad_words_no":0,"weight":0,"location":[29.67490916,-95.13434485,29.67490916,-95.13434485,29.67490916,-95.13434485]}