{"messages":["You didn't want me to feel alone, but look what you did.","@KlansekMatt they just sit there?","@KlansekMatt moans softly when I please him :-)","Night","Sad song, then long shower, then meh.","I'm glad you came.","Sigh.."],"messages_no":7,"bad_words":[],"bad_words_no":0,"weight":0,"location":[[39.6242984,-77.7688847],[39.6093001,-77.710526],[39.6092719,-77.710465],[39.6093328,-77.7104279],[39.60926601,-77.71022927],[39.60926729,-77.71021902],[39.6092901,-77.7105145]]}