{"messages":["You didn't want me to feel alone, but look what you did.","@KlansekMatt they just sit there?","@KlansekMatt moans softly when I please him :-)","Night","Sad song, then long shower, then meh.","I'm glad you came.","Sigh..","You didn't want me to feel alone, but look what you did.","@KlansekMatt they just sit there?","@KlansekMatt moans softly when I please him :-)","Night","Sad song, then long shower, then meh.","I'm glad you came.","Sigh..","\"@KlansekMatt: @Su1cideSeas0n_ You don't need to be 18 to buy pizzas.\" thank you, sir obvious.","@QuantumPhreak @KlansekMatt tbh I laughed like an idiot when he tweeted that","@KlansekMatt @_wifeofbatman_ wow. I get no love","@PiercedHoriz0ns they should have done a flatback stud.. That's what I got and my healing process was great. Then i change it and it got","Espeon is all like \"beeeee? Beeeeeee!\" and its cute","So stupid","Nothing i say is right","You didn't want me to feel alone, but look what you did.","@KlansekMatt they just sit there?","@KlansekMatt moans softly when I please him :-)","Night","Sad song, then long shower, then meh.","I'm glad you came.","Sigh..","\"@KlansekMatt: @Su1cideSeas0n_ You don't need to be 18 to buy pizzas.\" thank you, sir obvious.","@QuantumPhreak @KlansekMatt tbh I laughed like an idiot when he tweeted that","@KlansekMatt @_wifeofbatman_ wow. I get no love"],"messages_no":31,"bad_words":[],"bad_words_no":0,"weight":0,"location":[[39.6242984,-77.7688847],[39.6093001,-77.710526],[39.6092719,-77.710465],[39.6093328,-77.7104279],[39.60926601,-77.71022927],[39.60926729,-77.71021902],[39.6092901,-77.7105145],[39.6242984,-77.7688847],[39.6093001,-77.710526],[39.6092719,-77.710465],[39.6093328,-77.7104279],[39.60926601,-77.71022927],[39.60926729,-77.71021902],[39.6092901,-77.7105145],[39.6093202,-77.7103949],[39.6093202,-77.7103949],[39.6093232,-77.7104622],[39.6092174,-77.7104789],[39.6092508,-77.7104889],[39.6093025,-77.7104422],[39.6015386,-77.6999697],[39.6242984,-77.7688847],[39.6093001,-77.710526],[39.6092719,-77.710465],[39.6093328,-77.7104279],[39.60926601,-77.71022927],[39.60926729,-77.71021902],[39.6092901,-77.7105145],[39.6093202,-77.7103949],[39.6093202,-77.7103949],[39.6093232,-77.7104622]],"friends":[1,2,3,4]}