{"messages":["Where dem girls at girls at????","Coming in clutch with those frys @LauraCMango","Where dem girls at girls at????","Coming in clutch with those frys @LauraCMango","Where dem girls at girls at????","Coming in clutch with those frys @LauraCMango"],"messages_no":6,"bad_words":[],"bad_words_no":0,"weight":0,"location":[[40.62261004,-79.15842357],[40.62260272,-79.15833968],[40.62261004,-79.15842357],[40.62260272,-79.15833968],[40.62261004,-79.15842357],[40.62260272,-79.15833968]],"friends":[1,2,3,4]}