{"messages":["I forgot you don't give a shit.","I forgot you don't give a shit.","Awe, it's only Monday. Faq.","I forgot you don't give a shit.","Awe, it's only Monday. Faq."],"messages_no":5,"bad_words":[],"bad_words_no":3,"weight":0,"location":[[29.59602674,-98.62991018],[29.59602674,-98.62991018],[29.88869895,-97.94024335],[29.59602674,-98.62991018],[29.88869895,-97.94024335]],"friends":[1,2,3,4]}