{"messages":["They're perfect \ud83d\ude2d\ud83d\ude0d\ud83d\udc95\ud83d\udc6b","They're perfect \ud83d\ude2d\ud83d\ude0d\ud83d\udc95\ud83d\udc6b","They're perfect \ud83d\ude2d\ud83d\ude0d\ud83d\udc95\ud83d\udc6b"],"messages_no":3,"bad_words":[],"bad_words_no":0,"weight":0,"location":[[41.22045718,-73.23814538],[41.22045718,-73.23814538],[41.22045718,-73.23814538]],"friends":[1,2,3,4]}