{"messages":["@BobbyJenney thanks bobbers","@BobbyJenney thanks bobbers","@BobbyJenney thanks bobbers","@BobbyJenney thanks bobbers"],"messages_no":4,"bad_words":[],"bad_words_no":0,"weight":0,"location":[40.94984419,-74.00232199,40.94984419,-74.00232199,40.94984419,-74.00232199,40.94984419,-74.00232199]}