{"messages":["They haven't thrown to @RSherman_25","They haven't thrown to @RSherman_25","They haven't thrown to @RSherman_25"],"messages_no":3,"bad_words":[],"bad_words_no":0,"weight":0,"location":[[34.18687491,-101.7183967],[34.18687491,-101.7183967],[34.18687491,-101.7183967]],"friends":[1,2,3,4]}