{"messages":["@zackmisner working 7-6","@zackmisner working 7-6","@aubskilla ughhhhhhh","@zackmisner working 7-6"],"messages_no":4,"bad_words":[],"bad_words_no":0,"weight":0,"location":[[33.87681778,-117.72785705],[33.87681778,-117.72785705],[33.87653235,-117.72771864],[33.87681778,-117.72785705]],"friends":[1,2,3,4]}