{"messages":["ever ever ever .","when you stupid hoes gne learn your lesson","ever ever ever .","when you stupid hoes gne learn your lesson","\u201c@therealtyla_: quote this with a cute selfie.\u201d http:\/\/t.co\/khPYYZJwQR","ever ever ever .","when you stupid hoes gne learn your lesson"],"messages_no":7,"bad_words":[],"bad_words_no":0,"weight":0,"location":[[32.65799291,-90.3843924],[32.65803143,-90.38450497],[32.65799291,-90.3843924],[32.65803143,-90.38450497],[32.65801307,-90.38431081],[32.65799291,-90.3843924],[32.65803143,-90.38450497]],"friends":[1,2,3,4]}