{"messages":["Barbershop Flow!","Barbershop Flow!","Barbershop Flow!"],"messages_no":3,"bad_words":[],"bad_words_no":0,"weight":0,"location":[[34.77284302,-82.38978487],[34.77284302,-82.38978487],[34.77284302,-82.38978487]],"friends":[1,2,3,4]}