{"messages":["I suck at Flappy Bird","I suck at Flappy Bird","I suck at Flappy Bird"],"messages_no":3,"bad_words":[],"bad_words_no":0,"weight":0,"location":[[37.5572273,-122.33660823],[37.5572273,-122.33660823],[37.5572273,-122.33660823]],"friends":[1,2,3,4]}