{"messages":["Stfu Jason where playing a game","11 more pounds \ud83d\udc4c\ud83d\ude1c\ud83d\ude1c http:\/\/t.co\/KGWPFF7JKR","Stfu Jason where playing a game","11 more pounds \ud83d\udc4c\ud83d\ude1c\ud83d\ude1c http:\/\/t.co\/KGWPFF7JKR"],"messages_no":4,"bad_words":[],"bad_words_no":0,"weight":0,"location":[39.88624716,-75.28517833,39.88652277,-75.28540904,39.88624716,-75.28517833,39.88652277,-75.28540904]}