{"messages":["I currently don't care.","I currently don't care.","I currently don't care."],"messages_no":3,"bad_words":[],"bad_words_no":0,"weight":0,"location":[30.33004619,-81.49304839,30.33004619,-81.49304839,30.33004619,-81.49304839]}