{"messages":["Someone plz shoot me","Someone plz shoot me","\u201c@colindurrett7: I swear me and @McLeanEllisor are so unlucky\ud83d\ude12\ud83d\ude12\u201d  I'm about to beat the shit out of someone","Someone plz shoot me"],"messages_no":4,"bad_words":[],"bad_words_no":1,"weight":0,"location":[[30.09684123,-95.51979028],[30.09684123,-95.51979028],[30.10363768,-95.51350736],[30.09684123,-95.51979028]],"friends":[1,2,3,4]}