{"messages":["\u201c@DareKody: Quote this with a selfie\u201deh. It's blurry http:\/\/t.co\/v0umstwH43","@SawComplex just a joke :)","\u201c@DareKody: Quote this with a selfie\u201deh. It's blurry http:\/\/t.co\/v0umstwH43","@SawComplex just a joke :)","\u201c@DareKody: Quote this with a selfie\u201deh. It's blurry http:\/\/t.co\/v0umstwH43","@SawComplex just a joke :)"],"messages_no":6,"bad_words":[],"bad_words_no":0,"weight":0,"location":[[33.39407799,-111.53890936],[33.41379016,-111.57502043],[33.39407799,-111.53890936],[33.41379016,-111.57502043],[33.39407799,-111.53890936],[33.41379016,-111.57502043]],"friends":[1,2,3,4]}