{"messages":["Good fucking shot","Good fucking shot"],"messages_no":2,"bad_words":[],"bad_words_no":2,"weight":0,"location":[40.02129109,-75.06919669,40.02129109,-75.06919669]}