{"messages":["Why does work exist","Why does work exist","Why does work exist"],"messages_no":3,"bad_words":[],"bad_words_no":0,"weight":0,"location":[40.41775578,-74.0655989,40.41775578,-74.0655989,40.41775578,-74.0655989]}