{"messages":["Seahawks eatin","Seahawks eatin","I have hella water bottles in my car and I don't even drink water like that lol","Seahawks eatin"],"messages_no":4,"bad_words":[],"bad_words_no":1,"weight":0,"location":[[33.16250416,-96.86326161],[33.16250416,-96.86326161],[33.17424493,-96.86245095],[33.16250416,-96.86326161]],"friends":[1,2,3,4]}