{"messages":["My parents both love Bruno Mars now","That commercial was so dumb lmao","My parents both love Bruno Mars now","That commercial was so dumb lmao","My parents both love Bruno Mars now","That commercial was so dumb lmao"],"messages_no":6,"bad_words":[],"bad_words_no":0,"weight":0,"location":[[34.14119419,-117.67085273],[34.14119407,-117.67084259],[34.14119419,-117.67085273],[34.14119407,-117.67084259],[34.14119419,-117.67085273],[34.14119407,-117.67084259]],"friends":[1,2,3,4]}