{"messages":["I don't feel good at all \ud83d\ude14","I don't feel good at all \ud83d\ude14","I don't feel good at all \ud83d\ude14"],"messages_no":3,"bad_words":[],"bad_words_no":0,"weight":0,"location":[[33.57969905,-85.10358822],[33.57969905,-85.10358822],[33.57969905,-85.10358822]],"friends":[1,2,3,4]}