{"messages":["Im so thankful i got Joy !","Im so thankful i got Joy !","Fan feeling Right \ud83d\udc4c","Im so thankful i got Joy !","Im so thankful i got Joy !","Fan feeling Right \ud83d\udc4c","Fan feeling Right \ud83d\udc4c"],"messages_no":7,"bad_words":[],"bad_words_no":0,"weight":0,"location":[31.52885225,-94.10270668,31.52885225,-94.10270668,31.53514107,-94.097392,31.52885225,-94.10270668,31.52885225,-94.10270668,31.53514107,-94.097392,31.53514107,-94.097392]}