{"messages":["I hope babes business proposal turns out to be a success!","What you give is what your given","Your a bitch","I hope babes business proposal turns out to be a success!","What you give is what your given","Your a bitch","I hope babes business proposal turns out to be a success!","What you give is what your given","Your a bitch"],"messages_no":9,"bad_words":[],"bad_words_no":3,"weight":0,"location":[[42.3584677,-71.0960205],[42.3584589,-71.0960236],[42.3584486,-71.0960123],[42.3584677,-71.0960205],[42.3584589,-71.0960236],[42.3584486,-71.0960123],[42.3584677,-71.0960205],[42.3584589,-71.0960236],[42.3584486,-71.0960123]],"friends":[1,2,3,4]}