{"messages":["Go Percy go!","Go Percy go!","Go Percy go!"],"messages_no":3,"bad_words":[],"bad_words_no":0,"weight":0,"location":[[34.57542665,-82.09149822],[34.57542665,-82.09149822],[34.57542665,-82.09149822]],"friends":[1,2,3,4]}