{"messages":["@goldchainjimmy where","@BobbyChristian_ fuck you mean","@goldchainjimmy where","@BobbyChristian_ fuck you mean","@goldchainjimmy where","@BobbyChristian_ fuck you mean"],"messages_no":6,"bad_words":[],"bad_words_no":3,"weight":0,"location":[[42.26952937,-83.14912646],[42.2652336,-83.20289402],[42.26952937,-83.14912646],[42.2652336,-83.20289402],[42.26952937,-83.14912646],[42.2652336,-83.20289402]],"friends":[1,2,3,4]}