{"messages":["Man above always with us \ud83d\ude4f","Man above always with us \ud83d\ude4f","Man above always with us \ud83d\ude4f"],"messages_no":3,"bad_words":[],"bad_words_no":0,"weight":0,"location":[[40.95447351,-74.19069931],[40.95447351,-74.19069931],[40.95447351,-74.19069931]],"friends":[1,2,3,4]}