{"messages":["@swanny123123 yay let's do it text me!!","Oh Bruno your babe!!!","@swanny123123 yay let's do it text me!!","Oh Bruno your babe!!!","@swanny123123 yay let's do it text me!!","Oh Bruno your babe!!!"],"messages_no":6,"bad_words":[],"bad_words_no":0,"weight":0,"location":[[28.36335751,-81.43118553],[28.34829779,-81.42770008],[28.36335751,-81.43118553],[28.34829779,-81.42770008],[28.36335751,-81.43118553],[28.34829779,-81.42770008]],"friends":[1,2,3,4]}