{"messages":["#nw Happy Feet \ud83d\udc4f\ud83d\udc4f\ud83d\udc4f","#nw Happy Feet \ud83d\udc4f\ud83d\udc4f\ud83d\udc4f"],"messages_no":2,"bad_words":[],"bad_words_no":0,"weight":0,"location":[34.19343974,-80.80725752,34.19343974,-80.80725752]}