{"messages":["@lilmurph15 I want some","@lilmurph15 I want some","I got some weird looks Saturday night. Hahaha","@lbaker_11 great movie.","@BIGUNLUCKY13 yeah dude said he could pay you after school","@lilmurph15 I want some","I got some weird looks Saturday night. Hahaha","@lbaker_11 great movie."],"messages_no":8,"bad_words":[],"bad_words_no":0,"weight":0,"location":[[37.7542944,-84.26509305],[37.7542944,-84.26509305],[37.73931615,-84.21726348],[37.73936491,-84.21727627],[37.73945332,-84.21707797],[37.7542944,-84.26509305],[37.73931615,-84.21726348],[37.73936491,-84.21727627]],"friends":[1,2,3,4]}