{"messages":["I want ice cream","But I guess sometimes trying your hardest isn't hard enough","Laying by myself in the dark","I want ice cream","I want ice cream","But I guess sometimes trying your hardest isn't hard enough","But I guess sometimes trying your hardest isn't hard enough","Laying by myself in the dark"],"messages_no":8,"bad_words":[],"bad_words_no":0,"weight":0,"location":[42.94942,-87.9783952,42.9494195,-87.9784654,42.9494209,-87.9783883,42.94942,-87.9783952,42.94942,-87.9783952,42.9494195,-87.9784654,42.9494195,-87.9784654,42.9494209,-87.9783883]}