{"messages":["Drunk tweet \ud83d\ude02\ud83d\ude02","\u201c@StevenGomez_: Lets go Cowboys! Do work on them boys !\u201d\ud83d\ude02\ud83d\ude02"],"messages_no":2,"bad_words":[],"bad_words_no":0,"weight":0,"location":[34.11827275,-93.09530455,34.11992899,-93.05474906]}