{"messages":["@AlysiaKrautsack sounds good to me!!!","@AlysiaKrautsack sounds good to me!!!","@AlysiaKrautsack sounds good to me!!!","@AlysiaKrautsack sounds good to me!!!"],"messages_no":4,"bad_words":[],"bad_words_no":0,"weight":0,"location":[40.65447661,-75.46948453,40.65447661,-75.46948453,40.65447661,-75.46948453,40.65447661,-75.46948453]}