{"messages":["But... We've all waited for a post game interview.","But... We've all waited for a post game interview.","#EsuranceSave30","But... We've all waited for a post game interview.","#EsuranceSave30"],"messages_no":5,"bad_words":[],"bad_words_no":0,"weight":0,"location":[[40.3849123,-80.00017477],[40.3849123,-80.00017477],[40.38513643,-80.00007779],[40.3849123,-80.00017477],[40.38513643,-80.00007779]],"friends":[1,2,3,4]}