{"messages":["This game tho!!","This game tho!!"],"messages_no":2,"bad_words":[],"bad_words_no":0,"weight":0,"location":[39.67079245,-74.99627848,39.67079245,-74.99627848]}