{"messages":["@GoodOlSmith definitely dude","Where can I get the new Grizzly \ud83d\ude2d","@GoodOlSmith definitely dude","@GoodOlSmith definitely dude"],"messages_no":4,"bad_words":[],"bad_words_no":0,"weight":0,"location":[39.57867815,-84.46893004,39.57856139,-84.46902651,39.57867815,-84.46893004,39.57867815,-84.46893004]}