{"messages":["but why am I learning physics in math","but why am I learning physics in math","but why am I learning physics in math","but why am I learning physics in math"],"messages_no":4,"bad_words":[],"bad_words_no":0,"weight":0,"location":[41.15876009,-73.2568186,41.15876009,-73.2568186,41.15876009,-73.2568186,41.15876009,-73.2568186]}