{"messages":["LEAVE","LEAVE"],"messages_no":2,"bad_words":[],"bad_words_no":0,"weight":0,"location":[32.62696349,-97.11060376,32.62696349,-97.11060376]}