{"messages":["#EsuranceSave30","#EsuranceSave30","#EsuranceSave30"],"messages_no":3,"bad_words":[],"bad_words_no":0,"weight":0,"location":[[33.41576955,-111.91521425],[33.41576955,-111.91521425],[33.41576955,-111.91521425]],"friends":[1,2,3,4]}