{"messages":["What's up http:\/\/t.co\/POwBsBmvXS","Someone entertain me please","What's up http:\/\/t.co\/POwBsBmvXS","Someone entertain me please","Someone entertain me please"],"messages_no":5,"bad_words":[],"bad_words_no":0,"weight":0,"location":[36.01811879,-87.33427885,36.0871352,-87.44441497,36.01811879,-87.33427885,36.0871352,-87.44441497,36.0871352,-87.44441497]}