{"messages":["@mimiwertz \ud83d\ude02\ud83d\ude02\ud83d\ude02 only you","@mimiwertz \ud83d\ude02\ud83d\ude02\ud83d\ude02 only you","@mimiwertz \ud83d\ude02\ud83d\ude02\ud83d\ude02 only you"],"messages_no":3,"bad_words":[],"bad_words_no":0,"weight":0,"location":[[32.4260654,-81.78736408],[32.4260654,-81.78736408],[32.4260654,-81.78736408]],"friends":[1,2,3,4]}