{"messages":["Anybody want to play ncaa14?","Anybody want to play ncaa14?","Anybody want to play ncaa14?"],"messages_no":3,"bad_words":[],"bad_words_no":0,"weight":0,"location":[[33.36657969,-111.75053121],[33.36657969,-111.75053121],[33.36657969,-111.75053121]],"friends":[1,2,3,4]}