{"messages":["@jorgallagher27 don't hate me \ud83d\ude2d","@jorgallagher27 don't hate me \ud83d\ude2d","@jorgallagher27 don't hate me \ud83d\ude2d"],"messages_no":3,"bad_words":[],"bad_words_no":0,"weight":0,"location":[[35.1289338,-80.64129355],[35.1289338,-80.64129355],[35.1289338,-80.64129355]],"friends":[1,2,3,4]}