{"messages":["IT'S FUCKED UP OUTSIDE","IT'S FUCKED UP OUTSIDE","BITCHES WILL TRY TO MIND CONTROL ANYTHING","IT'S FUCKED UP OUTSIDE"],"messages_no":4,"bad_words":[],"bad_words_no":0,"weight":0,"location":[[42.4307609,-83.2037056],[42.4307609,-83.2037056],[42.4276293,-83.2044823],[42.4307609,-83.2037056]],"friends":[1,2,3,4]}