{"messages":["@test_tube_57 I gotchu baby lukey. \ud83d\ude0a\ud83d\udc09","@test_tube_57 I gotchu baby lukey. \ud83d\ude0a\ud83d\udc09","Love love love getting my hair done \ud83d\ude0d\ud83d\udc87","@test_tube_57 I gotchu baby lukey. \ud83d\ude0a\ud83d\udc09"],"messages_no":4,"bad_words":[],"bad_words_no":0,"weight":0,"location":[[38.69372609,-87.46068036],[38.69372609,-87.46068036],[38.69362345,-87.46002519],[38.69372609,-87.46068036]],"friends":[1,2,3,4]}