{"messages":["Can't wait to start making moves","Can't wait to start making moves","Can't wait to start making moves"],"messages_no":3,"bad_words":[],"bad_words_no":0,"weight":0,"location":[36.82382613,-76.41928671,36.82382613,-76.41928671,36.82382613,-76.41928671]}