{"messages":["It's Friday and I'm not at Jada's house yet, something's wrong","It's Friday and I'm not at Jada's house yet, something's wrong","@briiaannaaxO @Drunkppl fuck you \ud83d\ude02\ud83d\ude02\ud83d\ude02","I just love when I'm with youuuu","@dtaitxo dumber than Debbie","It's Friday and I'm not at Jada's house yet, something's wrong","@briiaannaaxO @Drunkppl fuck you \ud83d\ude02\ud83d\ude02\ud83d\ude02","I just love when I'm with youuuu"],"messages_no":8,"bad_words":[],"bad_words_no":2,"weight":0,"location":[[39.93331015,-75.19194379],[39.93331015,-75.19194379],[39.93334715,-75.19169468],[39.93353218,-75.19149117],[39.93332398,-75.19165604],[39.93331015,-75.19194379],[39.93334715,-75.19169468],[39.93353218,-75.19149117]],"friends":[1,2,3,4]}