{"messages":["Ayee. The music in this waiting room go!","Dayum. The sleepiness is real right now.","Ayee. The music in this waiting room go!","Dayum. The sleepiness is real right now.","Ayee. The music in this waiting room go!","Dayum. The sleepiness is real right now."],"messages_no":6,"bad_words":[],"bad_words_no":0,"weight":0,"location":[[37.8638225,-122.26050599],[37.8659978,-122.25498338],[37.8638225,-122.26050599],[37.8659978,-122.25498338],[37.8638225,-122.26050599],[37.8659978,-122.25498338]],"friends":[1,2,3,4]}