{"messages":["Just pummeled this wawa sub","Just pummeled this wawa sub","Just pummeled this wawa sub"],"messages_no":3,"bad_words":[],"bad_words_no":0,"weight":0,"location":[[40.14506079,-74.23448277],[40.14506079,-74.23448277],[40.14506079,-74.23448277]],"friends":[1,2,3,4]}