{"messages":["@JackDail you're kinda cute","@JackDail you're kinda cute","@JackDail you're kinda cute"],"messages_no":3,"bad_words":[],"bad_words_no":0,"weight":0,"location":[43.33235563,-86.35632072,43.33235563,-86.35632072,43.33235563,-86.35632072]}