{"messages":["I live for the weekend","I live for the weekend","I live for the weekend","I live for the weekend"],"messages_no":4,"bad_words":[],"bad_words_no":0,"weight":0,"location":[42.38190728,-72.52997502,42.38190728,-72.52997502,42.38190728,-72.52997502,42.38190728,-72.52997502]}