{"messages":["wish i never met you","wish i never met you","wish i never met you"],"messages_no":3,"bad_words":[],"bad_words_no":0,"weight":0,"location":[41.90916524,-88.43201623,41.90916524,-88.43201623,41.90916524,-88.43201623]}