{"messages":["wish i never met you","wish i never met you","treat me like a joke and i will literally leave you like it's fucking hilarious you asshole.","and i choose now to think of this","wish i never met you"],"messages_no":5,"bad_words":[],"bad_words_no":1,"weight":0,"location":[[41.90916524,-88.43201623],[41.90916524,-88.43201623],[41.90929984,-88.43210272],[41.90957575,-88.43208816],[41.90916524,-88.43201623]],"friends":[1,2,3,4]}