{"messages":["oh hey \ud83d\ude0f","oh hey \ud83d\ude0f","oh hey \ud83d\ude0f"],"messages_no":3,"bad_words":[],"bad_words_no":0,"weight":0,"location":[[43.00337119,-89.01460955],[43.00337119,-89.01460955],[43.00337119,-89.01460955]],"friends":[1,2,3,4]}