{"messages":["One of the best movies ever","One of the best movies ever","@kpaulus07 @AL3XISNicolee nope, she can't","\u201c@GuyCodes: How to leave the friend-zone... http:\/\/t.co\/J0Cc6lok8R\u201d I GOT IT","One of the best movies ever"],"messages_no":5,"bad_words":[],"bad_words_no":0,"weight":0,"location":[[44.5785484,-85.34726808],[44.5785484,-85.34726808],[42.76398756,-83.05029485],[42.7639941,-83.05031631],[44.5785484,-85.34726808]],"friends":[1,2,3,4]}