{"messages":["OMG Bruno daddddyy","OMG Bruno daddddyy","OMG Bruno daddddyy"],"messages_no":3,"bad_words":[],"bad_words_no":0,"weight":0,"location":[[33.95162197,-118.11457134],[33.95162197,-118.11457134],[33.95162197,-118.11457134]],"friends":[1,2,3,4]}