{"messages":["Watching Wolf of Wall St. Again lol","Glad im off tomorrow","These Bitches put sour cream on my tacos ugh","Watching Wolf of Wall St. Again lol","Glad im off tomorrow","These Bitches put sour cream on my tacos ugh","No matter how late tee go to sleep she gone get up for school with no problem at all","Damn I hate when people wake me up &amp; im sleeping good","I need to go get some snow crabs &amp; lobster tails they were so good when I did them for Super Bowl","Watching Wolf of Wall St. Again lol","Glad im off tomorrow","These Bitches put sour cream on my tacos ugh"],"messages_no":12,"bad_words":[],"bad_words_no":0,"weight":0,"location":[[29.9516273,-93.9777199],[29.9485453,-93.9919247],[29.9486003,-93.9919112],[29.9516273,-93.9777199],[29.9485453,-93.9919247],[29.9486003,-93.9919112],[29.9517124,-93.9779265],[29.9576623,-93.9823422],[29.9576424,-93.9822954],[29.9516273,-93.9777199],[29.9485453,-93.9919247],[29.9486003,-93.9919112]],"friends":[1,2,3,4]}