{"messages":["Gonna ignore that mention","Gonna ignore that mention","Gonna ignore that mention"],"messages_no":3,"bad_words":[],"bad_words_no":0,"weight":0,"location":[[39.93819206,-75.06786287],[39.93819206,-75.06786287],[39.93819206,-75.06786287]],"friends":[1,2,3,4]}