{"messages":["Need a hair cut doee. \u2702\ufe0f\ud83d\ude29","Need a hair cut doee. \u2702\ufe0f\ud83d\ude29","Need a hair cut doee. \u2702\ufe0f\ud83d\ude29"],"messages_no":3,"bad_words":[],"bad_words_no":0,"weight":0,"location":[[42.04509533,-71.87672436],[42.04509533,-71.87672436],[42.04509533,-71.87672436]],"friends":[1,2,3,4]}