{"messages":["My tattoo. Fuckin. Itches. Ugh. The. Temptation. \ud83d\ude33\ud83d\ude1e\ud83d\ude11\ud83d\ude29\ud83d\ude12","My tattoo. Fuckin. Itches. Ugh. The. Temptation. \ud83d\ude33\ud83d\ude1e\ud83d\ude11\ud83d\ude29\ud83d\ude12","\ud83d\ude02\ud83d\ude02\ud83d\ude02\ud83d\ude02y'all they are making a captain underpants movie \ud83d\udc4c","My tattoo. Fuckin. Itches. Ugh. The. Temptation. \ud83d\ude33\ud83d\ude1e\ud83d\ude11\ud83d\ude29\ud83d\ude12"],"messages_no":4,"bad_words":[],"bad_words_no":3,"weight":0,"location":[[30.26365978,-97.70594392],[30.26365978,-97.70594392],[30.26356032,-97.7092395],[30.26365978,-97.70594392]],"friends":[1,2,3,4]}