{"messages":["Great game, I'm glad Puke lost!","Great game, I'm glad Puke lost!","Class at the Mount","Great game, I'm glad Puke lost!","Class at the Mount"],"messages_no":5,"bad_words":[],"bad_words_no":0,"weight":0,"location":[[39.48794363,-77.33496022],[39.48794363,-77.33496022],[39.37982563,-77.40250463],[39.48794363,-77.33496022],[39.37982563,-77.40250463]],"friends":[1,2,3,4]}