{"messages":["@_IvySellers where at?","@_IvySellers where at?","@_IvySellers where at?"],"messages_no":3,"bad_words":[],"bad_words_no":0,"weight":0,"location":[[37.38975538,-94.70277937],[37.38975538,-94.70277937],[37.38975538,-94.70277937]],"friends":[1,2,3,4]}