{"messages":["Two hardest days of my life without Calliope","It's just a little too late","Two hardest days of my life without Calliope","Two hardest days of my life without Calliope","It's just a little too late"],"messages_no":5,"bad_words":[],"bad_words_no":0,"weight":0,"location":[40.58494691,-75.58888464,40.58486281,-75.58898368,40.58494691,-75.58888464,40.58494691,-75.58888464,40.58486281,-75.58898368]}