{"messages":["Jamba Juice makes my day","Jamba Juice makes my day","Jamba Juice makes my day"],"messages_no":3,"bad_words":[],"bad_words_no":0,"weight":0,"location":[[41.09741497,-73.95715619],[41.09741497,-73.95715619],[41.09741497,-73.95715619]],"friends":[1,2,3,4]}