{"messages":["Hindsight is 20\/20.","Hindsight is 20\/20.","Hindsight is 20\/20."],"messages_no":3,"bad_words":[],"bad_words_no":0,"weight":0,"location":[38.32751355,-85.75376026,38.32751355,-85.75376026,38.32751355,-85.75376026]}