{"messages":["Why can't I sleep?! \ud83d\ude1e","Good timing \ud83d\udc4c","Why can't I sleep?! \ud83d\ude1e","Good timing \ud83d\udc4c","Why can't I sleep?! \ud83d\ude1e","Good timing \ud83d\udc4c"],"messages_no":6,"bad_words":[],"bad_words_no":0,"weight":0,"location":[[41.57435837,-74.45281041],[41.78614887,-71.3909776],[41.57435837,-74.45281041],[41.78614887,-71.3909776],[41.57435837,-74.45281041],[41.78614887,-71.3909776]],"friends":[1,2,3,4]}