{"messages":["@Bergdorfs LOVE IT","@Bergdorfs LOVE IT","@Bergdorfs LOVE IT"],"messages_no":3,"bad_words":[],"bad_words_no":0,"weight":0,"location":[[35.06787061,-85.31153548],[35.06787061,-85.31153548],[35.06787061,-85.31153548]],"friends":[1,2,3,4]}