{"messages":["@SouIo lol wrong pick bruh","@SouIo lol wrong pick bruh","@SouIo lol wrong pick bruh"],"messages_no":3,"bad_words":[],"bad_words_no":0,"weight":0,"location":[[29.67173825,-95.29337836],[29.67173825,-95.29337836],[29.67173825,-95.29337836]],"friends":[1,2,3,4]}