{"messages":["When did busta get huge?","When did busta get huge?","\u201c@_BurgundyLips: \u201c@iHurdle18: \ud83d\udc40\ud83d\ude11 y'all raven fuckin up\u201d what I do? \ud83d\ude14\u201d I ain't been to the caf today... \ud83d\ude20","When did busta get huge?","\u201c@_BurgundyLips: \u201c@iHurdle18: \ud83d\udc40\ud83d\ude11 y'all raven fuckin up\u201d what I do? \ud83d\ude14\u201d I ain't been to the caf today... \ud83d\ude20"],"messages_no":5,"bad_words":[],"bad_words_no":2,"weight":0,"location":[[38.91784577,-77.01473556],[38.91784577,-77.01473556],[38.91782726,-77.01475196],[38.91784577,-77.01473556],[38.91782726,-77.01475196]],"friends":[1,2,3,4]}