{"messages":["Lynch babyyy","Lynch babyyy","Lynch babyyy"],"messages_no":3,"bad_words":[],"bad_words_no":0,"weight":0,"location":[[40.47197353,-74.84090943],[40.47197353,-74.84090943],[40.47197353,-74.84090943]],"friends":[1,2,3,4]}