{"messages":["bout to finally watch Despicable Me 2 :D","bout to finally watch Despicable Me 2 :D","Im so nervous :\/","bout to finally watch Despicable Me 2 :D"],"messages_no":4,"bad_words":[],"bad_words_no":0,"weight":0,"location":[[33.8115275,-116.5003505],[33.8115275,-116.5003505],[33.8234711,-116.4340116],[33.8115275,-116.5003505]],"friends":[1,2,3,4]}