{"messages":["Ilysm http:\/\/t.co\/moqCd7JQkZ","Ilysm http:\/\/t.co\/moqCd7JQkZ","@jonahbrother what?","Ilysm http:\/\/t.co\/moqCd7JQkZ"],"messages_no":4,"bad_words":[],"bad_words_no":0,"weight":0,"location":[[41.1844051,-112.0474341],[41.1844051,-112.0474341],[41.1841421,-112.0474293],[41.1844051,-112.0474341]],"friends":[1,2,3,4]}