{"messages":["When your all out of Doritos.  #WhyFatPeopleDie","@jacpecora \ud83d\ude0a miss you more! \ud83d\ude18","When your all out of Doritos.  #WhyFatPeopleDie","@jacpecora \ud83d\ude0a miss you more! \ud83d\ude18"],"messages_no":4,"bad_words":[],"bad_words_no":0,"weight":0,"location":[40.43278616,-74.48338179,40.43272786,-74.48372256,40.43278616,-74.48338179,40.43272786,-74.48372256]}