{"messages":["Just saw a girl on this show names Emsily....? #huh","It's a joke...","Just saw a girl on this show names Emsily....? #huh","It's a joke...","Just saw a girl on this show names Emsily....? #huh","It's a joke..."],"messages_no":6,"bad_words":[],"bad_words_no":0,"weight":0,"location":[[45.20430315,-93.67744594],[45.2044101,-93.67723178],[45.20430315,-93.67744594],[45.2044101,-93.67723178],[45.20430315,-93.67744594],[45.2044101,-93.67723178]],"friends":[1,2,3,4]}