{"messages":["So tired","So tired"],"messages_no":2,"bad_words":[],"bad_words_no":0,"weight":0,"location":[38.64546603,-83.75632147,38.64546603,-83.75632147]}