{"messages":["TOUCHDOWN! !!!!!!","TOUCHDOWN! !!!!!!","TOUCHDOWN! !!!!!!"],"messages_no":3,"bad_words":[],"bad_words_no":0,"weight":0,"location":[[30.5646582,-88.1868097],[30.5646582,-88.1868097],[30.5646582,-88.1868097]],"friends":[1,2,3,4]}