{"messages":["Annnnd the fireworks begin","Annnnd the fireworks begin","Annnnd the fireworks begin"],"messages_no":3,"bad_words":[],"bad_words_no":0,"weight":0,"location":[[47.27112926,-122.5219843],[47.27112926,-122.5219843],[47.27112926,-122.5219843]],"friends":[1,2,3,4]}