{"messages":["@Em_Jeann yu know it","@Em_Jeann yu know it","I honestly can't believe I'm about to begin my 3rd year of high school baseball.","@Em_Jeann yu know it"],"messages_no":4,"bad_words":[],"bad_words_no":0,"weight":0,"location":[[39.7577055,-77.55804501],[39.7577055,-77.55804501],[39.75765572,-77.55820569],[39.7577055,-77.55804501]],"friends":[1,2,3,4]}