{"messages":["At Diana house","At Diana house","At Diana house"],"messages_no":3,"bad_words":[],"bad_words_no":0,"weight":0,"location":[[41.78426353,-72.62221104],[41.78426353,-72.62221104],[41.78426353,-72.62221104]],"friends":[1,2,3,4]}