{"messages":["I've always like Percey Harvin though. And Earl Thomas since them Florida and UT days","@ify_loves_fresh 9 maybe 10","I've always like Percey Harvin though. And Earl Thomas since them Florida and UT days","@ify_loves_fresh 9 maybe 10","@MyOwnHype_16 @JaColbieB whenever we decide \ud83d\ude0e","I've always like Percey Harvin though. And Earl Thomas since them Florida and UT days","@ify_loves_fresh 9 maybe 10","@MyOwnHype_16 @JaColbieB whenever we decide \ud83d\ude0e"],"messages_no":8,"bad_words":[],"bad_words_no":0,"weight":0,"location":[[29.61449723,-95.25979498],[29.61446245,-95.25969651],[29.61449723,-95.25979498],[29.61446245,-95.25969651],[29.61442845,-95.25976382],[29.61449723,-95.25979498],[29.61446245,-95.25969651],[29.61442845,-95.25976382]],"friends":[1,2,3,4]}