{"messages":["@b_lasss I'm not cool enough 4 UVA doe","@b_lasss I'm not cool enough 4 UVA doe","Thx for the subtweet #truefriend #lol","@b_lasss I'm not cool enough 4 UVA doe","Thx for the subtweet #truefriend #lol"],"messages_no":5,"bad_words":[],"bad_words_no":0,"weight":0,"location":[[37.67385101,-77.45867017],[37.67385101,-77.45867017],[37.62078396,-77.30539971],[37.67385101,-77.45867017],[37.62078396,-77.30539971]],"friends":[1,2,3,4]}