{"messages":["@Flyguy_Ellis lol okay","@Flyguy_Ellis lol okay","Send me more emojis guise","\u201c@IPersuasion_: I can be selfish af at times \ud83d\ude02\ud83d\udc81\u201d","@Flyguy_Ellis lol okay","Send me more emojis guise"],"messages_no":6,"bad_words":[],"bad_words_no":0,"weight":0,"location":[[38.2583272,-76.96524023],[38.2583272,-76.96524023],[38.25810662,-76.96564265],[38.34018887,-77.07171793],[38.2583272,-76.96524023],[38.25810662,-76.96564265]],"friends":[1,2,3,4]}