{"messages":["Oh Beckham","Oh Beckham","Oh Beckham"],"messages_no":3,"bad_words":[],"bad_words_no":0,"weight":0,"location":[[40.69344007,-73.91916375],[40.69344007,-73.91916375],[40.69344007,-73.91916375]],"friends":[1,2,3,4]}