{"messages":["@JTMEGAN everything \ud83d\ude2d\ud83d\ude02\ud83d\ude02\ud83d\ude02 I love you so much that's why","Never doing this again","@JTMEGAN everything \ud83d\ude2d\ud83d\ude02\ud83d\ude02\ud83d\ude02 I love you so much that's why","Never doing this again","@JTMEGAN everything \ud83d\ude2d\ud83d\ude02\ud83d\ude02\ud83d\ude02 I love you so much that's why","Never doing this again"],"messages_no":6,"bad_words":[],"bad_words_no":0,"weight":0,"location":[[41.15764075,-81.46943919],[41.07515251,-81.24361502],[41.15764075,-81.46943919],[41.07515251,-81.24361502],[41.15764075,-81.46943919],[41.07515251,-81.24361502]],"friends":[1,2,3,4]}