{"messages":["ONE\nis the loneliest number","ONE\nis the loneliest number","I have no1 2 defend me in this \ud83d\ude12","ONE\nis the loneliest number"],"messages_no":4,"bad_words":[],"bad_words_no":0,"weight":0,"location":[[40.45002074,-74.1735475],[40.45002074,-74.1735475],[40.76100125,-74.14738867],[40.45002074,-74.1735475]],"friends":[1,2,3,4]}