{"messages":["That was crazy \ud83d\udc4f","That was crazy \ud83d\udc4f","That was crazy \ud83d\udc4f"],"messages_no":3,"bad_words":[],"bad_words_no":0,"weight":0,"location":[[33.83487148,-118.12373423],[33.83487148,-118.12373423],[33.83487148,-118.12373423]],"friends":[1,2,3,4]}