{"messages":["Sex ain't better than lovee","Sex ain't better than lovee","Sex ain't better than lovee","Sex ain't better than lovee"],"messages_no":4,"bad_words":[],"bad_words_no":0,"weight":0,"location":[33.7752702,-118.1606358,33.7752702,-118.1606358,33.7752702,-118.1606358,33.7752702,-118.1606358]}