{"messages":["Calling it a night \u270c\ufe0f","Calling it a night \u270c\ufe0f","Calling it a night \u270c\ufe0f"],"messages_no":3,"bad_words":[],"bad_words_no":0,"weight":0,"location":[[41.09135453,-80.65340792],[41.09135453,-80.65340792],[41.09135453,-80.65340792]],"friends":[1,2,3,4]}