{"messages":["\u201c@mackenzsmith6: I danced more tonight then I have at all my proms hollyballs combined \ud83d\ude05\ud83d\ude05\ud83d\ude05\ud83d\ude0e\u201d\ud83d\ude02\ud83d\ude02\ud83d\ude02\ud83d\ude02\ud83d\ude02\ud83d\ude02\ud83d\ude01\ud83d\ude01","\u201c@mackenzsmith6: I danced more tonight then I have at all my proms hollyballs combined \ud83d\ude05\ud83d\ude05\ud83d\ude05\ud83d\ude0e\u201d\ud83d\ude02\ud83d\ude02\ud83d\ude02\ud83d\ude02\ud83d\ude02\ud83d\ude02\ud83d\ude01\ud83d\ude01","\u201c@mackenzsmith6: I danced more tonight then I have at all my proms hollyballs combined \ud83d\ude05\ud83d\ude05\ud83d\ude05\ud83d\ude0e\u201d\ud83d\ude02\ud83d\ude02\ud83d\ude02\ud83d\ude02\ud83d\ude02\ud83d\ude02\ud83d\ude01\ud83d\ude01"],"messages_no":3,"bad_words":[],"bad_words_no":0,"weight":0,"location":[37.57635688,-97.23742651,37.57635688,-97.23742651,37.57635688,-97.23742651]}