{"messages":["Somebody FaceTime me","Somebody FaceTime me","Somebody FaceTime me"],"messages_no":3,"bad_words":[],"bad_words_no":0,"weight":0,"location":[[35.07821301,-80.62044458],[35.07821301,-80.62044458],[35.07821301,-80.62044458]],"friends":[1,2,3,4]}