{"messages":["Treasure is my jam, no lie.","Treasure is my jam, no lie.","$20 he hits the wall","Treasure is my jam, no lie.","$20 he hits the wall"],"messages_no":5,"bad_words":[],"bad_words_no":0,"weight":0,"location":[[40.766302,-73.3276361],[40.766302,-73.3276361],[40.7663514,-73.3276263],[40.766302,-73.3276361],[40.7663514,-73.3276263]],"friends":[1,2,3,4]}