{"messages":["@Chris_Matton_22 its cus ily","@Chris_Matton_22 its cus ily","@Maddieparshley do u remember this \ud83d\ude29\ud83d\ude02","@Chris_Matton_22 its cus ily","@Maddieparshley do u remember this \ud83d\ude29\ud83d\ude02"],"messages_no":5,"bad_words":[],"bad_words_no":0,"weight":0,"location":[[42.52763061,-70.89080886],[42.52763061,-70.89080886],[42.53015481,-70.88864211],[42.52763061,-70.89080886],[42.53015481,-70.88864211]],"friends":[1,2,3,4]}