{"messages":["Broncos gonna get that W tonight","Broncos gonna get that W tonight","Love my new bible! http:\/\/t.co\/yson76UGDP","Broncos gonna get that W tonight"],"messages_no":4,"bad_words":[],"bad_words_no":0,"weight":0,"location":[[34.18794278,-84.50378477],[34.18794278,-84.50378477],[34.18640483,-84.51327833],[34.18794278,-84.50378477]],"friends":[1,2,3,4]}