{"messages":["\"@icomedyfunpack: 1990s vs 2013 http:\/\/t.co\/eCoA0pnQBW\"","\"@icomedyfunpack: 1990s vs 2013 http:\/\/t.co\/eCoA0pnQBW\"","\"@icomedyfunpack: 1990s vs 2013 http:\/\/t.co\/eCoA0pnQBW\"","\"@icomedyfunpack: 1990s vs 2013 http:\/\/t.co\/eCoA0pnQBW\""],"messages_no":4,"bad_words":[],"bad_words_no":0,"weight":0,"location":[44.1608469,-94.009423,44.1608469,-94.009423,44.1608469,-94.009423,44.1608469,-94.009423]}