{"messages":["@benjaboobies @TheMcGroryStory thx for the invite.","@benjaboobies @TheMcGroryStory thx for the invite.","@nikkicarrollxo of course #BigTittyNikki","Oh my god. The Skrillex bear. I can die happy.","@benjaboobies @TheMcGroryStory thx for the invite.","@benjaboobies @TheMcGroryStory thx for the invite.","@nikkicarrollxo of course #BigTittyNikki","@nikkicarrollxo of course #BigTittyNikki"],"messages_no":8,"bad_words":[],"bad_words_no":0,"weight":0,"location":[37.23293545,-80.42296902,37.23293545,-80.42296902,37.24737003,-80.42831068,37.24748103,-80.42797898,37.23293545,-80.42296902,37.23293545,-80.42296902,37.24737003,-80.42831068,37.24737003,-80.42831068]}