{"messages":["I'm so bored right now.","@bitchbrunette at least now I know that I'm not the only one like this","I'm so bored right now.","@bitchbrunette at least now I know that I'm not the only one like this","I saw so drunk this weekend.","@OMG_Its_Edgar its soooooo good!","I'm so bored right now.","@bitchbrunette at least now I know that I'm not the only one like this","I saw so drunk this weekend."],"messages_no":9,"bad_words":[],"bad_words_no":3,"weight":0,"location":[[32.7601972,-97.0093948],[32.7601708,-97.0094595],[32.7601972,-97.0093948],[32.7601708,-97.0094595],[32.7600771,-97.0093202],[32.7600545,-97.0093648],[32.7601972,-97.0093948],[32.7601708,-97.0094595],[32.7600771,-97.0093202]],"friends":[1,2,3,4]}