{"messages":["3 hours of sleep...okay.","3 hours of sleep...okay.","3 hours of sleep...okay."],"messages_no":3,"bad_words":[],"bad_words_no":0,"weight":0,"location":[34.12852503,-118.21054847,34.12852503,-118.21054847,34.12852503,-118.21054847]}