{"messages":["Craving Taco Bell","Good Luck today Heartbreakers! Leave it all out on the floor\ud83d\udc9a\ud83d\udc9c #FUTURE5","All I want right now is you out of my life","Craving Taco Bell","Good Luck today Heartbreakers! Leave it all out on the floor\ud83d\udc9a\ud83d\udc9c #FUTURE5","All I want right now is you out of my life","All I want right now is you out of my life"],"messages_no":7,"bad_words":[],"bad_words_no":0,"weight":0,"location":[40.25737556,-76.74067676,40.25744383,-76.74051516,40.25713482,-76.7412641,40.25737556,-76.74067676,40.25744383,-76.74051516,40.25713482,-76.7412641,40.25713482,-76.7412641]}