{"messages":["Not even!!!!","Not even!!!!","Not even!!!!"],"messages_no":3,"bad_words":[],"bad_words_no":0,"weight":0,"location":[[36.69069253,-76.74703931],[36.69069253,-76.74703931],[36.69069253,-76.74703931]],"friends":[1,2,3,4]}