{"messages":["I'm so fo'i feti but I'm perfectly fine with it \ud83d\ude01\ud83d\ude02","I'm so fo'i feti but I'm perfectly fine with it \ud83d\ude01\ud83d\ude02","My grammar is hella off in my last tweet but I don't currrrrr \ud83d\ude02","\"You burned my food so black, it stole my bike.\" Ewwwwwww that's so mean! Lmao.","I don't believe everything I hear but duhhhhhh I'm gonna believe 100% of what I see! \ud83d\ude01","Cheap Tuesday!!!!!!!!!!! \ud83d\ude0d","I'm so fo'i feti but I'm perfectly fine with it \ud83d\ude01\ud83d\ude02","My grammar is hella off in my last tweet but I don't currrrrr \ud83d\ude02"],"messages_no":8,"bad_words":[],"bad_words_no":2,"weight":0,"location":[[21.2939946,-157.81305236],[21.2939946,-157.81305236],[21.29394479,-157.81369078],[21.31903389,-157.86274746],[21.31940772,-157.86241757],[21.31912773,-157.86254791],[21.2939946,-157.81305236],[21.29394479,-157.81369078]],"friends":[1,2,3,4]}