{"messages":["Jerry Ricecake tho!","Jerry Ricecake tho!","Jerry Ricecake tho!"],"messages_no":3,"bad_words":[],"bad_words_no":0,"weight":0,"location":[[42.02152441,-87.88245272],[42.02152441,-87.88245272],[42.02152441,-87.88245272]],"friends":[1,2,3,4]}