{"messages":["Da fuck u say http:\/\/t.co\/1geVMTK25C","Da fuck u say http:\/\/t.co\/1geVMTK25C","Da fuck u say http:\/\/t.co\/1geVMTK25C"],"messages_no":3,"bad_words":[],"bad_words_no":3,"weight":0,"location":[[37.26669512,-121.94470779],[37.26669512,-121.94470779],[37.26669512,-121.94470779]],"friends":[1,2,3,4]}