{"messages":["@rlyneato can u kiss me","@rlyneato can u kiss me","@rlyneato can u kiss me"],"messages_no":3,"bad_words":[],"bad_words_no":0,"weight":0,"location":[[40.90941865,-74.65051004],[40.90941865,-74.65051004],[40.90941865,-74.65051004]],"friends":[1,2,3,4]}