{"messages":["thumbs up not a boring texter at all","I really just want to go shopping rn","you think it's all about you and it's not","thumbs up not a boring texter at all","thumbs up not a boring texter at all","I really just want to go shopping rn","you think it's all about you and it's not","you think it's all about you and it's not"],"messages_no":8,"bad_words":[],"bad_words_no":0,"weight":0,"location":[29.6851102,-95.2522186,29.6850694,-95.2522729,29.6850535,-95.2522219,29.6851102,-95.2522186,29.6851102,-95.2522186,29.6850694,-95.2522729,29.6850535,-95.2522219,29.6850535,-95.2522219]}