{"messages":["@MRowland16 thank youuu\ud83d\ude01\ud83d\udc4d\ud83c\udf7b","@MRowland16 thank youuu\ud83d\ude01\ud83d\udc4d\ud83c\udf7b"],"messages_no":2,"bad_words":[],"bad_words_no":0,"weight":0,"location":[28.59559156,-81.30968587,28.59559156,-81.30968587]}