{"messages":["@luis541 hmmmm....","@luis541 hmmmm....","@luis541 hmmmm...."],"messages_no":3,"bad_words":[],"bad_words_no":0,"weight":0,"location":[[44.0879142,-123.0865683],[44.0879142,-123.0865683],[44.0879142,-123.0865683]],"friends":[1,2,3,4]}