{"messages":["Poster\ud83d\ude28\ud83d\ude31\ud83d\ude31\ud83c\udfc0\ud83c\udfc0\u203c\ufe0f\u203c\ufe0f http:\/\/t.co\/MDwKRKWDiN","When Is Valentines Day?","Hated This Shit\ud83d\ude02\ud83d\ude02\ud83d\ude02 http:\/\/t.co\/CsI7U3jIKw","Why He Dressed Like A Thot\ud83d\ude02\ud83d\ude02\ud83d\ude02 http:\/\/t.co\/7L8f0EjyFu"],"messages_no":4,"bad_words":[],"bad_words_no":1,"weight":0,"location":[[39.96654338,-75.22830281],[39.96643398,-75.22814012],[39.96651423,-75.22810833],[39.96647386,-75.22817294]]}