{"messages":["Hahahha that was fun","I was using the bathroom, but dad left me a tea outside of the door #loved","Hahahha that was fun","I was using the bathroom, but dad left me a tea outside of the door #loved","@Dabbed0ut I know \ud83d\ude4a\ud83d\ude02\ud83d\ude02","Hahahha that was fun","I was using the bathroom, but dad left me a tea outside of the door #loved","@Dabbed0ut I know \ud83d\ude4a\ud83d\ude02\ud83d\ude02"],"messages_no":8,"bad_words":[],"bad_words_no":0,"weight":0,"location":[[41.05059555,-82.72284693],[41.05047785,-82.72299089],[41.05059555,-82.72284693],[41.05047785,-82.72299089],[41.05043803,-82.72300593],[41.05059555,-82.72284693],[41.05047785,-82.72299089],[41.05043803,-82.72300593]],"friends":[1,2,3,4]}