{"messages":["\u201c@hpettit10: I'm jealous af. What's mine is mine \ud83d\ude21\ud83d\ude24\u201d","\u201c@hpettit10: I'm jealous af. What's mine is mine \ud83d\ude21\ud83d\ude24\u201d","\u201c@hpettit10: I'm jealous af. What's mine is mine \ud83d\ude21\ud83d\ude24\u201d"],"messages_no":3,"bad_words":[],"bad_words_no":0,"weight":0,"location":[[34.93890038,-81.9636179],[34.93890038,-81.9636179],[34.93890038,-81.9636179]],"friends":[1,2,3,4]}