{"messages":["F #EsuranceSave30","F #EsuranceSave30","F #EsuranceSave30"],"messages_no":3,"bad_words":[],"bad_words_no":0,"weight":0,"location":[[39.34595386,-76.62501211],[39.34595386,-76.62501211],[39.34595386,-76.62501211]],"friends":[1,2,3,4]}