{"messages":["@mastamoore89 hahaha u thought","@mastamoore89 hahaha u thought","@mastamoore89 hahaha u thought"],"messages_no":3,"bad_words":[],"bad_words_no":0,"weight":0,"location":[[34.10083605,-118.29092097],[34.10083605,-118.29092097],[34.10083605,-118.29092097]],"friends":[1,2,3,4]}