{"messages":["Im so hungry lol","Holy tired.","Im so hungry lol","Holy tired.","Holy tired."],"messages_no":5,"bad_words":[],"bad_words_no":0,"weight":0,"location":[40.83113372,-84.24395951,40.7305255,-84.15189643,40.83113372,-84.24395951,40.7305255,-84.15189643,40.7305255,-84.15189643]}