{"messages":["All I'm missing is bae @bakercat22","Getting dressed is the most stressful part of the day","All I'm missing is bae @bakercat22","Getting dressed is the most stressful part of the day","My feet are killing me","All I'm missing is bae @bakercat22","Getting dressed is the most stressful part of the day","My feet are killing me"],"messages_no":8,"bad_words":[],"bad_words_no":0,"weight":0,"location":[[39.9943143,-83.014048],[39.9961221,-83.0140481],[39.9943143,-83.014048],[39.9961221,-83.0140481],[39.9961139,-83.014044],[39.9943143,-83.014048],[39.9961221,-83.0140481],[39.9961139,-83.014044]],"friends":[1,2,3,4]}