{"messages":["@courtneynorth not really.","@courtneynorth not really.","@courtneynorth not really."],"messages_no":3,"bad_words":[],"bad_words_no":0,"weight":0,"location":[[36.87402595,-83.81385417],[36.87402595,-83.81385417],[36.87402595,-83.81385417]],"friends":[1,2,3,4]}