{"messages":["@Air_Native80 you're blind","@Air_Native80 you're blind","@Air_Native80 you're blind"],"messages_no":3,"bad_words":[],"bad_words_no":0,"weight":0,"location":[[40.76732002,-111.8509558],[40.76732002,-111.8509558],[40.76732002,-111.8509558]],"friends":[1,2,3,4]}