{"messages":["@MARCUSprettyboy Mee Too!!","@MARCUSprettyboy Mee Too!!","@MARCUSprettyboy Mee Too!!"],"messages_no":3,"bad_words":[],"bad_words_no":0,"weight":0,"location":[[40.55741158,-74.35039295],[40.55741158,-74.35039295],[40.55741158,-74.35039295]],"friends":[1,2,3,4]}