{"messages":["#BeatCuse","I love john krasinksi...and money #EsuranceSave30","#BeatCuse","I love john krasinksi...and money #EsuranceSave30","#BeatCuse","I love john krasinksi...and money #EsuranceSave30"],"messages_no":6,"bad_words":[],"bad_words_no":0,"weight":0,"location":[[42.68367073,-73.82345393],[42.68357167,-73.82363027],[42.68367073,-73.82345393],[42.68357167,-73.82363027],[42.68367073,-73.82345393],[42.68357167,-73.82363027]],"friends":[1,2,3,4]}