{"messages":["@YoBabyGoon thank you Thuglife! I'll do it fuh da #SQUAD\u270a\ud83d\ude0e","Music time\u270c\ufe0f\ud83c\udfa7\ud83d\ude36\ud83d\udcf1\ud83c\udfc9....","@AyeitsBlowe exactly lol","@YoBabyGoon thank you Thuglife! I'll do it fuh da #SQUAD\u270a\ud83d\ude0e","Music time\u270c\ufe0f\ud83c\udfa7\ud83d\ude36\ud83d\udcf1\ud83c\udfc9....","@AyeitsBlowe exactly lol","Chillin on the \ud83d\udc50estSide","@YoBabyGoon thank you Thuglife! I'll do it fuh da #SQUAD\u270a\ud83d\ude0e","Music time\u270c\ufe0f\ud83c\udfa7\ud83d\ude36\ud83d\udcf1\ud83c\udfc9....","@AyeitsBlowe exactly lol","Chillin on the \ud83d\udc50estSide"],"messages_no":11,"bad_words":[],"bad_words_no":0,"weight":0,"location":[[37.66859294,-122.09447621],[37.66854359,-122.09425717],[37.66859162,-122.09448699],[37.66859294,-122.09447621],[37.66854359,-122.09425717],[37.66859162,-122.09448699],[37.66846564,-122.09421261],[37.66859294,-122.09447621],[37.66854359,-122.09425717],[37.66859162,-122.09448699],[37.66846564,-122.09421261]],"friends":[1,2,3,4]}