{"messages":["waiting.....","waiting.....","waiting.....","waiting....."],"messages_no":4,"bad_words":[],"bad_words_no":0,"weight":0,"location":[33.451705,-84.51013191,33.451705,-84.51013191,33.451705,-84.51013191,33.451705,-84.51013191]}