{"messages":["Can't even be comfy in my own house. \ud83d\ude21","Can't even be comfy in my own house. \ud83d\ude21","Can't even be comfy in my own house. \ud83d\ude21"],"messages_no":3,"bad_words":[],"bad_words_no":0,"weight":0,"location":[41.08368916,-111.99145173,41.08368916,-111.99145173,41.08368916,-111.99145173]}