{"messages":["@FdotPeez I hear you","@FdotPeez I hear you","@FdotPeez I hear you"],"messages_no":3,"bad_words":[],"bad_words_no":0,"weight":0,"location":[40.76513797,-74.0319686,40.76513797,-74.0319686,40.76513797,-74.0319686]}