{"messages":["I'm so done.","I'm so done.","I'm so done."],"messages_no":3,"bad_words":[],"bad_words_no":0,"weight":0,"location":[[46.73836317,-92.16558765],[46.73836317,-92.16558765],[46.73836317,-92.16558765]],"friends":[1,2,3,4]}