{"messages":["Seattle is fucking me.","@mc_gray9 you're dumb","Seattle is fucking me.","@mc_gray9 you're dumb","Seattle is fucking me.","@mc_gray9 you're dumb"],"messages_no":6,"bad_words":[],"bad_words_no":3,"weight":0,"location":[[35.94343844,-84.04003572],[35.94346983,-84.04010701],[35.94343844,-84.04003572],[35.94346983,-84.04010701],[35.94343844,-84.04003572],[35.94346983,-84.04010701]],"friends":[1,2,3,4]}