{"messages":["P Sherman 42 West Sydney","P Sherman 42 West Sydney","P Sherman 42 West Sydney"],"messages_no":3,"bad_words":[],"bad_words_no":0,"weight":0,"location":[[44.04526186,-123.06842238],[44.04526186,-123.06842238],[44.04526186,-123.06842238]],"friends":[1,2,3,4]}