{"messages":["Melo literally tackled Lebron\ud83d\ude02\ud83d\ude02\ud83d\ude02","Melo literally tackled Lebron\ud83d\ude02\ud83d\ude02\ud83d\ude02"],"messages_no":2,"bad_words":[],"bad_words_no":0,"weight":0,"location":[33.97692419,-81.05003187,33.97692419,-81.05003187]}