{"messages":["They are gonna do some crazy shit for Superbowl 50","They are gonna do some crazy shit for Superbowl 50","@Gabby_Felle underage drinking is illegal","Is that about me... or naugh","@Fly_Kellz15 @swagkingevan word it's a team effort","@CoffaroShannon that's all you ShaCo","They are gonna do some crazy shit for Superbowl 50","@Gabby_Felle underage drinking is illegal"],"messages_no":8,"bad_words":[],"bad_words_no":3,"weight":0,"location":[[43.1962566,-77.5338655],[43.1962566,-77.5338655],[43.1962952,-77.5338616],[43.2053771,-77.5553954],[43.1849148,-77.5453893],[43.2053985,-77.5556801],[43.1962566,-77.5338655],[43.1962952,-77.5338616]],"friends":[1,2,3,4]}