{"messages":["@mauricedb16 nasty as hell boy.","@mauricedb16 nasty as hell boy.","Really deleted all of my notes though man. \ud83d\ude21","@mauricedb16 nasty as hell boy."],"messages_no":4,"bad_words":[],"bad_words_no":3,"weight":0,"location":[[36.86708545,-76.1711246],[36.86708545,-76.1711246],[36.86984788,-76.15801002],[36.86708545,-76.1711246]],"friends":[1,2,3,4]}