{"messages":["It's about that time \ud83c\udf7b","It's about that time \ud83c\udf7b","It's about that time \ud83c\udf7b"],"messages_no":3,"bad_words":[],"bad_words_no":0,"weight":0,"location":[[42.9471833,-78.8685876],[42.9471833,-78.8685876],[42.9471833,-78.8685876]],"friends":[1,2,3,4]}