{"messages":["@kadycoleman \ud83d\ude02 I hate you","Revenge of the dreamers \ud83d\udcab","@kadycoleman \ud83d\ude02 I hate you","Revenge of the dreamers \ud83d\udcab","@kadycoleman \ud83d\ude02 I hate you","Revenge of the dreamers \ud83d\udcab"],"messages_no":6,"bad_words":[],"bad_words_no":0,"weight":0,"location":[[33.07802285,-83.23897096],[33.07815214,-83.2391943],[33.07802285,-83.23897096],[33.07815214,-83.2391943],[33.07802285,-83.23897096],[33.07815214,-83.2391943]],"friends":[1,2,3,4]}