{"messages":["Lol @ my swollen eyes for my senior cheer pictures today","Lol @ my swollen eyes for my senior cheer pictures today","Girls never seize to amaze me","Lol @ my swollen eyes for my senior cheer pictures today","Lol @ my swollen eyes for my senior cheer pictures today","Girls never seize to amaze me","Girls never seize to amaze me"],"messages_no":7,"bad_words":[],"bad_words_no":0,"weight":0,"location":[37.32654938,-84.90539574,37.32654938,-84.90539574,37.33483547,-84.92193482,37.32654938,-84.90539574,37.32654938,-84.90539574,37.33483547,-84.92193482,37.33483547,-84.92193482]}