{"messages":["Mom got me chinese food\ud83d\ude0d\ud83d\ude0d\ud83d\udc4c","Mom got me chinese food\ud83d\ude0d\ud83d\ude0d\ud83d\udc4c","Mom got me chinese food\ud83d\ude0d\ud83d\ude0d\ud83d\udc4c"],"messages_no":3,"bad_words":[],"bad_words_no":0,"weight":0,"location":[[40.28267341,-74.51822413],[40.28267341,-74.51822413],[40.28267341,-74.51822413]],"friends":[1,2,3,4]}