{"messages":["DAMAGED BY DANITY KANE IS MY SONG","DAMAGED BY DANITY KANE IS MY SONG","LOL IM ACTUALLY LAUGHING","DAMAGED BY DANITY KANE IS MY SONG"],"messages_no":4,"bad_words":[],"bad_words_no":0,"weight":0,"location":[[42.33178218,-83.87076985],[42.33178218,-83.87076985],[42.32505424,-83.88391879],[42.33178218,-83.87076985]],"friends":[1,2,3,4]}