{"messages":["@Cam_103 wait huh???","I'm flooding cause I'm bored \ud83d\ude2b","This nigga really funny","I bet this nigga is out somewhere being a hoe","@yani_johnson facts only","Floyd richer than all of us so stop dickeating","@Cam_103 wait huh???","I'm flooding cause I'm bored \ud83d\ude2b","This nigga really funny","I bet this nigga is out somewhere being a hoe","@yani_johnson facts only","Floyd richer than all of us so stop dickeating","If you mention me wit that corny ass music #IDontBangWithYou","Saigon said \"SHUT UP\" \ud83d\ude02\ud83d\ude02\ud83d\ude02\ud83d\ude02 nigga sounded like somebody grand pop","Sticky ashit, mad ashit at the bus stop \ud83d\ude02","@Cam_103 wait huh???","I'm flooding cause I'm bored \ud83d\ude2b","This nigga really funny","I bet this nigga is out somewhere being a hoe","@yani_johnson facts only","Floyd richer than all of us so stop dickeating","If you mention me wit that corny ass music #IDontBangWithYou","Saigon said \"SHUT UP\" \ud83d\ude02\ud83d\ude02\ud83d\ude02\ud83d\ude02 nigga sounded like somebody grand pop","Sticky ashit, mad ashit at the bus stop \ud83d\ude02"],"messages_no":24,"bad_words":[],"bad_words_no":15,"weight":0,"location":[[39.96207336,-75.26034614],[39.94658107,-75.26812635],[39.94643101,-75.26805307],[39.96945023,-75.24417805],[39.969505,-75.24423164],[39.96947647,-75.24480448],[39.96207336,-75.26034614],[39.94658107,-75.26812635],[39.94643101,-75.26805307],[39.96945023,-75.24417805],[39.969505,-75.24423164],[39.96947647,-75.24480448],[39.96961024,-75.24406632],[39.96932262,-75.24422265],[39.96950258,-75.24416649],[39.96207336,-75.26034614],[39.94658107,-75.26812635],[39.94643101,-75.26805307],[39.96945023,-75.24417805],[39.969505,-75.24423164],[39.96947647,-75.24480448],[39.96961024,-75.24406632],[39.96932262,-75.24422265],[39.96950258,-75.24416649]],"friends":[1,2,3,4]}