{"messages":["\"@stephanie33_: I guess not Jj fuck you then\" what","\"@stephanie33_: I guess not Jj fuck you then\" what","Oh watchout \ud83d\ude02","I wont say I'm in love.","\"@stephanie33_: I guess not Jj fuck you then\" what"],"messages_no":5,"bad_words":[],"bad_words_no":3,"weight":0,"location":[[36.9399253,-121.7675977],[36.9399253,-121.7675977],[36.9399427,-121.7677811],[36.9401356,-121.7678952],[36.9399253,-121.7675977]],"friends":[1,2,3,4]}