{"messages":["@AaronNall were done here lol","@AaronNall were done here lol","@AaronNall were done here lol"],"messages_no":3,"bad_words":[],"bad_words_no":0,"weight":0,"location":[38.01236871,-85.58359374,38.01236871,-85.58359374,38.01236871,-85.58359374]}