{"messages":["\u201c@mckiiinley: i really want an apex crew neck \ud83d\ude48\u201d @ApexBrand","@GallowayBrendan sucks to suck","Russell's touch is amazing. All season.","\u201c@mckiiinley: i really want an apex crew neck \ud83d\ude48\u201d @ApexBrand","@GallowayBrendan sucks to suck","Russell's touch is amazing. All season.","How'd I forget all this homework?!\ud83d\ude2b","\u201c@mckiiinley: i really want an apex crew neck \ud83d\ude48\u201d @ApexBrand","@GallowayBrendan sucks to suck","Russell's touch is amazing. All season.","How'd I forget all this homework?!\ud83d\ude2b"],"messages_no":11,"bad_words":[],"bad_words_no":0,"weight":0,"location":[[35.3044726,-80.62197469],[35.30449045,-80.62174402],[35.23908604,-80.44498947],[35.3044726,-80.62197469],[35.30449045,-80.62174402],[35.23908604,-80.44498947],[35.30460928,-80.62161623],[35.3044726,-80.62197469],[35.30449045,-80.62174402],[35.23908604,-80.44498947],[35.30460928,-80.62161623]],"friends":[1,2,3,4]}