{"messages":["I cannt deal with jr \ud83d\ude02\ud83d\ude02","I cannt deal with jr \ud83d\ude02\ud83d\ude02","I cannt deal with jr \ud83d\ude02\ud83d\ude02"],"messages_no":3,"bad_words":[],"bad_words_no":0,"weight":0,"location":[[30.02017505,-90.24926104],[30.02017505,-90.24926104],[30.02017505,-90.24926104]],"friends":[1,2,3,4]}