{"messages":["And, baby, tell me you're not leaving. It's just the rainy season.","@kayla_kovach this is true","But do the Seahawks have the ball again or nah","And, baby, tell me you're not leaving. It's just the rainy season.","@kayla_kovach this is true","But do the Seahawks have the ball again or nah","@delaney9_ @dylanwolfiee it is ughhgghghg","And, baby, tell me you're not leaving. It's just the rainy season.","@kayla_kovach this is true","But do the Seahawks have the ball again or nah"],"messages_no":10,"bad_words":[],"bad_words_no":0,"weight":0,"location":[[33.06089453,-97.02835388],[33.06094662,-97.0283657],[33.16295858,-97.1275864],[33.06089453,-97.02835388],[33.06094662,-97.0283657],[33.16295858,-97.1275864],[33.03972625,-97.01993243],[33.06089453,-97.02835388],[33.06094662,-97.0283657],[33.16295858,-97.1275864]],"friends":[1,2,3,4]}