{"messages":["@abbayybayy night!","@abbayybayy night!","@abbayybayy night!"],"messages_no":3,"bad_words":[],"bad_words_no":0,"weight":0,"location":[42.44681331,-83.87647516,42.44681331,-83.87647516,42.44681331,-83.87647516]}