{"messages":["I love my friends so much","I love my friends so much","I love my friends so much"],"messages_no":3,"bad_words":[],"bad_words_no":0,"weight":0,"location":[[31.97860759,-81.16299549],[31.97860759,-81.16299549],[31.97860759,-81.16299549]],"friends":[1,2,3,4]}