{"messages":["Sippin this drank up off yo body \ud83d\ude08\ud83d\ude08","Sippin this drank up off yo body \ud83d\ude08\ud83d\ude08","Sippin this drank up off yo body \ud83d\ude08\ud83d\ude08"],"messages_no":3,"bad_words":[],"bad_words_no":0,"weight":0,"location":[[29.905236,-95.58949009],[29.905236,-95.58949009],[29.905236,-95.58949009]],"friends":[1,2,3,4]}