{"messages":["\ud83d\ude02\ud83d\ude02\ud83d\ude02 freakyyyyyyyy","\ud83d\ude02\ud83d\ude02\ud83d\ude02 freakyyyyyyyy","Yall she playin \ud83d\ude12","\ud83d\ude02\ud83d\ude02\ud83d\ude02 freakyyyyyyyy"],"messages_no":4,"bad_words":[],"bad_words_no":0,"weight":0,"location":[[36.85436713,-76.26511867],[36.85436713,-76.26511867],[36.85437181,-76.26517075],[36.85436713,-76.26511867]],"friends":[1,2,3,4]}