{"messages":["@Fellin07 what a field goal","@Fellin07 what a field goal","@Fellin07 what a field goal"],"messages_no":3,"bad_words":[],"bad_words_no":0,"weight":0,"location":[[40.72079628,-73.4749142],[40.72079628,-73.4749142],[40.72079628,-73.4749142]],"friends":[1,2,3,4]}