{"messages":["\"Assume everyone is drunk\" \n\nDriving tips from Dave\ud83d\ude02","Broncos better pull out this W","\"Assume everyone is drunk\" \n\nDriving tips from Dave\ud83d\ude02","Broncos better pull out this W","Well no more learning is getting done tonight!","\"Assume everyone is drunk\" \n\nDriving tips from Dave\ud83d\ude02","Broncos better pull out this W","Well no more learning is getting done tonight!"],"messages_no":8,"bad_words":[],"bad_words_no":0,"weight":0,"location":[[34.06489767,-84.04068671],[34.08112628,-84.10846846],[34.06489767,-84.04068671],[34.08112628,-84.10846846],[34.06490291,-84.04060942],[34.06489767,-84.04068671],[34.08112628,-84.10846846],[34.06490291,-84.04060942]],"friends":[1,2,3,4]}