{"messages":["I love the way she carries herself .","1\/2 of clipse RT\u201c@_thebadness: Who the fuck is pusha t ?\u201d","I love the way she carries herself .","1\/2 of clipse RT\u201c@_thebadness: Who the fuck is pusha t ?\u201d"],"messages_no":4,"bad_words":[],"bad_words_no":2,"weight":0,"location":[34.20639568,-118.6204931,34.20645194,-118.62047615,34.20639568,-118.6204931,34.20645194,-118.62047615]}