{"messages":["@LaurenKyle214 True! True! \ud83d\ude04","@LaurenKyle214 True! True! \ud83d\ude04"],"messages_no":2,"bad_words":[],"bad_words_no":0,"weight":0,"location":[34.53046436,-83.98886072,34.53046436,-83.98886072]}