{"messages":["It really is a blessed fridaay\ud83d\udc96","It really is a blessed fridaay\ud83d\udc96","It really is a blessed fridaay\ud83d\udc96"],"messages_no":3,"bad_words":[],"bad_words_no":0,"weight":0,"location":[[42.32789687,-83.22707193],[42.32789687,-83.22707193],[42.32789687,-83.22707193]],"friends":[1,2,3,4]}