{"messages":["I dont care","I dont care","@tylercampion at least im scared of birds and not tiny ass lizards *cough* pussy :~)","Im giving up on you","I dont care"],"messages_no":5,"bad_words":[],"bad_words_no":1,"weight":0,"location":[[32.9599088,-117.0563618],[32.9599088,-117.0563618],[32.96637,-117.0586858],[32.9598693,-117.0563173],[32.9599088,-117.0563618]],"friends":[1,2,3,4]}