{"messages":["High of 44 today #TU","Lmao that dunk would've been too much","HOO HOO HOOSIERS !!!!","High of 44 today #TU","Lmao that dunk would've been too much"],"messages_no":5,"bad_words":[],"bad_words_no":0,"weight":0,"location":[39.16029034,-86.56774119,39.16025816,-86.56785658,39.16021063,-86.5679642,39.16029034,-86.56774119,39.16025816,-86.56785658]}