{"messages":["Kicking it like karate","Kicking it like karate","Ion trust these bitchs","Kicking it like karate","Ion trust these bitchs"],"messages_no":5,"bad_words":[],"bad_words_no":2,"weight":0,"location":[[36.7039598,-78.9044153],[36.7039598,-78.9044153],[36.7139902,-78.9033148],[36.7039598,-78.9044153],[36.7139902,-78.9033148]],"friends":[1,2,3,4]}