{"messages":["Going to sleep","Going to sleep","Going to sleep"],"messages_no":3,"bad_words":[],"bad_words_no":0,"weight":0,"location":[[40.63824356,-80.45047103],[40.63824356,-80.45047103],[40.63824356,-80.45047103]],"friends":[1,2,3,4]}