{"messages":["I love @IloveLlamaslots lots","I love @IloveLlamaslots lots","Unless it's from Tiffany &amp; co. Then they're okay \ud83d\ude09","I love @IloveLlamaslots lots","Unless it's from Tiffany &amp; co. Then they're okay \ud83d\ude09"],"messages_no":5,"bad_words":[],"bad_words_no":0,"weight":0,"location":[[43.46017721,-89.74206612],[43.46017721,-89.74206612],[43.46019932,-89.74205242],[43.46017721,-89.74206612],[43.46019932,-89.74205242]],"friends":[1,2,3,4]}