{"messages":["Being home \ud83d\udc4c\ud83d\ude0c","Being home \ud83d\udc4c\ud83d\ude0c","Being home \ud83d\udc4c\ud83d\ude0c"],"messages_no":3,"bad_words":[],"bad_words_no":0,"weight":0,"location":[[41.47598279,-87.99670392],[41.47598279,-87.99670392],[41.47598279,-87.99670392]],"friends":[1,2,3,4]}