{"messages":["Mannnnnn. Lost a good one.","Mannnnnn. Lost a good one.","Mannnnnn. Lost a good one."],"messages_no":3,"bad_words":[],"bad_words_no":0,"weight":0,"location":[[33.91644547,-117.88705068],[33.91644547,-117.88705068],[33.91644547,-117.88705068]],"friends":[1,2,3,4]}