{"messages":["Christmas ... WEAK All Star.... WEAK Black History month..... WEAK","He drained that bitch!","Eat up these last 24 dwade !","Christmas ... WEAK All Star.... WEAK Black History month..... WEAK","He drained that bitch!","Eat up these last 24 dwade !","Christmas ... WEAK All Star.... WEAK Black History month..... WEAK","He drained that bitch!","Eat up these last 24 dwade !"],"messages_no":9,"bad_words":[],"bad_words_no":3,"weight":0,"location":[[31.0415027,-97.71152979],[31.04153666,-97.71145674],[31.04147449,-97.71156105],[31.0415027,-97.71152979],[31.04153666,-97.71145674],[31.04147449,-97.71156105],[31.0415027,-97.71152979],[31.04153666,-97.71145674],[31.04147449,-97.71156105]],"friends":[1,2,3,4]}