{"messages":["Seahawks 26-23","Seahawks 26-23","Seahawks 26-23"],"messages_no":3,"bad_words":[],"bad_words_no":0,"weight":0,"location":[[47.5760971,-94.89518079],[47.5760971,-94.89518079],[47.5760971,-94.89518079]],"friends":[1,2,3,4]}