{"messages":["Seriously need to go to a concert soon.","What you need - The Weeknd","Seriously need to go to a concert soon.","What you need - The Weeknd","Seriously need to go to a concert soon.","What you need - The Weeknd"],"messages_no":6,"bad_words":[],"bad_words_no":0,"weight":0,"location":[[32.80335129,-117.16252542],[32.80303672,-117.16258811],[32.80335129,-117.16252542],[32.80303672,-117.16258811],[32.80335129,-117.16252542],[32.80303672,-117.16258811]],"friends":[1,2,3,4]}