{"messages":["Found my iPod!!!","Found my iPod!!!","Found my iPod!!!"],"messages_no":3,"bad_words":[],"bad_words_no":0,"weight":0,"location":[[33.57104893,-81.77134645],[33.57104893,-81.77134645],[33.57104893,-81.77134645]],"friends":[1,2,3,4]}