{"messages":["Good morning","Good morning","Good morning"],"messages_no":3,"bad_words":[],"bad_words_no":0,"weight":0,"location":[[29.91977988,-90.03901852],[29.91977988,-90.03901852],[29.91977988,-90.03901852]],"friends":[1,2,3,4]}