{"messages":["@maggieejones yessssss \ud83d\udc83\ud83d\udc83\ud83d\udc83","@maggieejones yessssss \ud83d\udc83\ud83d\udc83\ud83d\udc83","@maggieejones yessssss \ud83d\udc83\ud83d\udc83\ud83d\udc83"],"messages_no":3,"bad_words":[],"bad_words_no":0,"weight":0,"location":[[41.46875184,-71.30194187],[41.46875184,-71.30194187],[41.46875184,-71.30194187]],"friends":[1,2,3,4]}