{"messages":["Thanks Ahmad\ud83d\udc8b\ud83d\ude4c","Thanks Ahmad\ud83d\udc8b\ud83d\ude4c","Thanks Ahmad\ud83d\udc8b\ud83d\ude4c","Thanks Ahmad\ud83d\udc8b\ud83d\ude4c"],"messages_no":4,"bad_words":[],"bad_words_no":0,"weight":0,"location":[40.71973536,-74.16143239,40.71973536,-74.16143239,40.71973536,-74.16143239,40.71973536,-74.16143239]}