{"messages":["So happy that's over","So happy that's over","So happy that's over"],"messages_no":3,"bad_words":[],"bad_words_no":0,"weight":0,"location":[[26.70479068,-80.05310897],[26.70479068,-80.05310897],[26.70479068,-80.05310897]],"friends":[1,2,3,4]}