{"messages":["Black Hawk Down is such a bad ass movie.","@BHansome84 no makeup, no straightening my hair, no tanning, no clothes lol!","Ima root for these Seahawks!","Black Hawk Down is such a bad ass movie.","@BHansome84 no makeup, no straightening my hair, no tanning, no clothes lol!","Ima root for these Seahawks!","Black Hawk Down is such a bad ass movie.","@BHansome84 no makeup, no straightening my hair, no tanning, no clothes lol!","Ima root for these Seahawks!"],"messages_no":9,"bad_words":[],"bad_words_no":0,"weight":0,"location":[[38.02882136,-84.44435948],[38.02926604,-84.44290616],[38.0293359,-84.44293281],[38.02882136,-84.44435948],[38.02926604,-84.44290616],[38.0293359,-84.44293281],[38.02882136,-84.44435948],[38.02926604,-84.44290616],[38.0293359,-84.44293281]],"friends":[1,2,3,4]}