{"messages":["@_2gees but i wont lol \ud83d\ude02","@_2gees but i wont lol \ud83d\ude02"],"messages_no":2,"bad_words":[],"bad_words_no":0,"weight":0,"location":[32.56483386,-117.0768037,32.56483386,-117.0768037]}