{"messages":["@GROWRninetray I'm at home","@GROWRninetray I'm at home","@GROWRninetray I'm at home"],"messages_no":3,"bad_words":[],"bad_words_no":0,"weight":0,"location":[36.7846127,-119.8618431,36.7846127,-119.8618431,36.7846127,-119.8618431]}