{"messages":["@jwalterman22 fix it NOW","@jwalterman22 fix it NOW"],"messages_no":2,"bad_words":[],"bad_words_no":0,"weight":0,"location":[38.97046664,-94.97389343,38.97046664,-94.97389343]}