{"messages":["I still play temple run 2.\n\nAll day.","yeah we're goin out.","I still play temple run 2.\n\nAll day.","yeah we're goin out.","I still play temple run 2.\n\nAll day.","yeah we're goin out."],"messages_no":6,"bad_words":[],"bad_words_no":0,"weight":0,"location":[[34.9823482,-101.9103848],[34.9825641,-101.9107334],[34.9823482,-101.9103848],[34.9825641,-101.9107334],[34.9823482,-101.9103848],[34.9825641,-101.9107334]],"friends":[1,2,3,4]}