{"messages":["\u201c@chloeeeekerns: Sorry boutcha @leeeGill http:\/\/t.co\/VIKCrCIKWN\u201dNOOOOOOOO \ud83d\ude2d\ud83d\ude2d\ud83d\ude2d\ud83d\ude2d\ud83d\ude2d\ud83d\ude2d\ud83d\ude2d\ud83d\ude2d\ud83d\ude2d","@ash_11296 the game is over for Denver!!!","\u201c@chloeeeekerns: Sorry boutcha @leeeGill http:\/\/t.co\/VIKCrCIKWN\u201dNOOOOOOOO \ud83d\ude2d\ud83d\ude2d\ud83d\ude2d\ud83d\ude2d\ud83d\ude2d\ud83d\ude2d\ud83d\ude2d\ud83d\ude2d\ud83d\ude2d","@ash_11296 the game is over for Denver!!!","@zachisBUNNY it ain't east being this beautiful!","\u201c@chloeeeekerns: Sorry boutcha @leeeGill http:\/\/t.co\/VIKCrCIKWN\u201dNOOOOOOOO \ud83d\ude2d\ud83d\ude2d\ud83d\ude2d\ud83d\ude2d\ud83d\ude2d\ud83d\ude2d\ud83d\ude2d\ud83d\ude2d\ud83d\ude2d","@ash_11296 the game is over for Denver!!!","@zachisBUNNY it ain't east being this beautiful!"],"messages_no":8,"bad_words":[],"bad_words_no":0,"weight":0,"location":[[40.1259485,-88.22327724],[40.13003153,-88.22399978],[40.1259485,-88.22327724],[40.13003153,-88.22399978],[40.11210873,-88.23867081],[40.1259485,-88.22327724],[40.13003153,-88.22399978],[40.11210873,-88.23867081]],"friends":[1,2,3,4]}