{"messages":["Just wiped out in BA","Just wiped out in BA","Just wiped out in BA","Just wiped out in BA"],"messages_no":4,"bad_words":[],"bad_words_no":0,"weight":0,"location":[41.37738784,-83.6374377,41.37738784,-83.6374377,41.37738784,-83.6374377,41.37738784,-83.6374377]}