{"messages":["Can you just be minee?","Can you just be minee?","I hate writing in pen soo much #thestruggle","Can you just be minee?"],"messages_no":4,"bad_words":[],"bad_words_no":0,"weight":0,"location":[[42.5277134,-83.0252706],[42.5277134,-83.0252706],[42.5279191,-83.0252626],[42.5277134,-83.0252706]],"friends":[1,2,3,4]}