{"messages":["that's why you ALWAYS follow rule #1\u20e3","that's why you ALWAYS follow rule #1\u20e3","that's why you ALWAYS follow rule #1\u20e3"],"messages_no":3,"bad_words":[],"bad_words_no":0,"weight":0,"location":[[43.09618518,-87.94602427],[43.09618518,-87.94602427],[43.09618518,-87.94602427]],"friends":[1,2,3,4]}