{"messages":["I love Carpinteria &lt;3","I love Carpinteria &lt;3","I love Carpinteria &lt;3","I love Carpinteria &lt;3"],"messages_no":4,"bad_words":[],"bad_words_no":0,"weight":0,"location":[34.399999,-119.5242306,34.399999,-119.5242306,34.399999,-119.5242306,34.399999,-119.5242306]}