{"messages":["Little kid \ud83d\udc76","Little kid \ud83d\udc76","Little kid \ud83d\udc76"],"messages_no":3,"bad_words":[],"bad_words_no":0,"weight":0,"location":[[28.05839375,-82.62860667],[28.05839375,-82.62860667],[28.05839375,-82.62860667]],"friends":[1,2,3,4]}