{"messages":["After my heart was broken girl it reopened for me and you. \ud83d\ude0f","This game got me like \ud83d\ude34\ud83d\ude34\ud83d\ude34\ud83d\ude34","After my heart was broken girl it reopened for me and you. \ud83d\ude0f","This game got me like \ud83d\ude34\ud83d\ude34\ud83d\ude34\ud83d\ude34","Sometimes I forget I got Boyfriend oh well \ud83d\ude02","After my heart was broken girl it reopened for me and you. \ud83d\ude0f","This game got me like \ud83d\ude34\ud83d\ude34\ud83d\ude34\ud83d\ude34"],"messages_no":7,"bad_words":[],"bad_words_no":0,"weight":0,"location":[[39.04519558,-94.40622448],[39.08456735,-94.44440693],[39.04519558,-94.40622448],[39.08456735,-94.44440693],[39.08471889,-94.44440383],[39.04519558,-94.40622448],[39.08456735,-94.44440693]],"friends":[1,2,3,4]}