{"messages":["@Trill_Effect thank you.","@Trill_Effect thank you.","I just took a shower WITH A FUCKING SPIDER!","Someone snapchat me.","@Trill_Effect thank you.","I just took a shower WITH A FUCKING SPIDER!","Someone snapchat me."],"messages_no":7,"bad_words":[],"bad_words_no":0,"weight":0,"location":[[39.69948682,-86.16179436],[39.69948682,-86.16179436],[39.69945207,-86.16169749],[39.69941942,-86.16176485],[39.69948682,-86.16179436],[39.69945207,-86.16169749],[39.69941942,-86.16176485]],"friends":[1,2,3,4]}