{"messages":["WEEKEND!! http:\/\/t.co\/cOJuzFLEi1","WEEKEND!! http:\/\/t.co\/cOJuzFLEi1","WEEKEND!! http:\/\/t.co\/cOJuzFLEi1","WEEKEND!! http:\/\/t.co\/cOJuzFLEi1"],"messages_no":4,"bad_words":[],"bad_words_no":0,"weight":0,"location":[39.77943351,-84.06348254,39.77943351,-84.06348254,39.77943351,-84.06348254,39.77943351,-84.06348254]}