{"messages":["haven't seen Leslie in 3 months \ud83d\ude15","I hate you lmao","haven't seen Leslie in 3 months \ud83d\ude15","I hate you lmao","I hate you lmao"],"messages_no":5,"bad_words":[],"bad_words_no":0,"weight":0,"location":[34.02746979,-118.35703824,34.02764677,-118.35694109,34.02746979,-118.35703824,34.02764677,-118.35694109,34.02764677,-118.35694109]}