{"messages":["It's Friday, time to make some moves.","It's Friday, time to make some moves.","It's Friday, time to make some moves.","It's Friday, time to make some moves."],"messages_no":4,"bad_words":[],"bad_words_no":0,"weight":0,"location":[39.68687084,-75.65219569,39.68687084,-75.65219569,39.68687084,-75.65219569,39.68687084,-75.65219569]}