{"messages":["y u actin so weird","y u actin so weird","y u actin so weird"],"messages_no":3,"bad_words":[],"bad_words_no":0,"weight":0,"location":[[38.99702658,-77.31311867],[38.99702658,-77.31311867],[38.99702658,-77.31311867]],"friends":[1,2,3,4]}