{"messages":["I'm honestly bored","I'm honestly bored","I'm honestly bored"],"messages_no":3,"bad_words":[],"bad_words_no":0,"weight":0,"location":[[35.8709723,-86.3413697],[35.8709723,-86.3413697],[35.8709723,-86.3413697]],"friends":[1,2,3,4]}