{"messages":["@delauter23 fuck off","@delauter23 fuck off","@delauter23 fuck off","@delauter23 fuck off"],"messages_no":4,"bad_words":[],"bad_words_no":3,"weight":0,"location":[39.15920463,-80.04751488,39.15920463,-80.04751488,39.15920463,-80.04751488,39.15920463,-80.04751488]}