{"messages":["That was a nice shower","That was a nice shower","That was a nice shower"],"messages_no":3,"bad_words":[],"bad_words_no":0,"weight":0,"location":[[32.8413416,-83.6590406],[32.8413416,-83.6590406],[32.8413416,-83.6590406]],"friends":[1,2,3,4]}