{"messages":["Tanning the fuq out of myself","Hello world http:\/\/t.co\/AIKhBbIvZy","Tanning the fuq out of myself","Hello world http:\/\/t.co\/AIKhBbIvZy","Tanning the fuq out of myself","Hello world http:\/\/t.co\/AIKhBbIvZy"],"messages_no":6,"bad_words":[],"bad_words_no":0,"weight":0,"location":[[42.22087805,-71.0260686],[42.36617855,-71.06257022],[42.22087805,-71.0260686],[42.36617855,-71.06257022],[42.22087805,-71.0260686],[42.36617855,-71.06257022]],"friends":[1,2,3,4]}