{"messages":["My collection so far #bootyselfies \ud83d\ude0d\ud83d\udca6\ud83d\udc45\ud83d\ude02\ud83d\ude4c http:\/\/t.co\/dm7UclkE0t","I love saying OR NAH \ud83d\ude02","#fuckbothteams","My collection so far #bootyselfies \ud83d\ude0d\ud83d\udca6\ud83d\udc45\ud83d\ude02\ud83d\ude4c http:\/\/t.co\/dm7UclkE0t","I love saying OR NAH \ud83d\ude02","#fuckbothteams","My collection so far #bootyselfies \ud83d\ude0d\ud83d\udca6\ud83d\udc45\ud83d\ude02\ud83d\ude4c http:\/\/t.co\/dm7UclkE0t","I love saying OR NAH \ud83d\ude02","#fuckbothteams"],"messages_no":9,"bad_words":[],"bad_words_no":3,"weight":0,"location":[[39.27408371,-121.65675931],[39.27407135,-121.65702396],[39.2740359,-121.65680716],[39.27408371,-121.65675931],[39.27407135,-121.65702396],[39.2740359,-121.65680716],[39.27408371,-121.65675931],[39.27407135,-121.65702396],[39.2740359,-121.65680716]],"friends":[1,2,3,4]}