{"messages":["@JGrizzy228 @Ash_Trey11 who they beat?","@JGrizzy228 @Ash_Trey11 who they beat?","@JGrizzy228 @Ash_Trey11 who they beat?"],"messages_no":3,"bad_words":[],"bad_words_no":0,"weight":0,"location":[[30.40837785,-89.06257551],[30.40837785,-89.06257551],[30.40837785,-89.06257551]],"friends":[1,2,3,4]}