{"messages":["@tribecalledw3st I just bought shawshank","@td_justin what time you going down","Praying for @860bozy21 #lifegoeson","@tribecalledw3st I just bought shawshank","@td_justin what time you going down","Praying for @860bozy21 #lifegoeson","@tribecalledw3st I just bought shawshank","@td_justin what time you going down","Praying for @860bozy21 #lifegoeson"],"messages_no":9,"bad_words":[],"bad_words_no":3,"weight":0,"location":[[42.95739414,-71.43152238],[42.98689476,-71.50517827],[42.98686161,-71.50520435],[42.95739414,-71.43152238],[42.98689476,-71.50517827],[42.98686161,-71.50520435],[42.95739414,-71.43152238],[42.98689476,-71.50517827],[42.98686161,-71.50520435]],"friends":[1,2,3,4]}