{"messages":["Jk jk I'm not about that life anymore.","Jk jk I'm not about that life anymore.","Jk jk I'm not about that life anymore.","Jk jk I'm not about that life anymore."],"messages_no":4,"bad_words":[],"bad_words_no":0,"weight":0,"location":[40.65804281,-112.01703482,40.65804281,-112.01703482,40.65804281,-112.01703482,40.65804281,-112.01703482]}