{"messages":["Aced my mkt exam #miracle \ud83d\ude4f\ud83d\ude4c","Aced my mkt exam #miracle \ud83d\ude4f\ud83d\ude4c","Aced my mkt exam #miracle \ud83d\ude4f\ud83d\ude4c"],"messages_no":3,"bad_words":[],"bad_words_no":0,"weight":0,"location":[[42.73711673,-84.47672068],[42.73711673,-84.47672068],[42.73711673,-84.47672068]],"friends":[1,2,3,4]}