{"messages":["I'm Lowkey ruining you. \ud83d\ude35\ud83d\ude15","Wow... My smile right now or hurting my cheeks.. \ud83d\ude02","Annoying broad*","What's the score guys? I'm driving!","I'm Lowkey ruining you. \ud83d\ude35\ud83d\ude15","Wow... My smile right now or hurting my cheeks.. \ud83d\ude02","Annoying broad*","What's the score guys? I'm driving!","Just know , when someone stops loving you , That's an opportunity for someone else to start. \ud83d\udc4c\ud83d\udcaf","*me getting pulled over*\n\nPolice officer - son why did you take that red light?\n\nMe - because officer... http:\/\/t.co\/YDKy5CVNiW","I'm Lowkey ruining you. \ud83d\ude35\ud83d\ude15","Wow... My smile right now or hurting my cheeks.. \ud83d\ude02","Annoying broad*","What's the score guys? I'm driving!"],"messages_no":14,"bad_words":[],"bad_words_no":0,"weight":0,"location":[[36.20867823,-119.36635926],[35.94210883,-119.40196392],[35.94211075,-119.40198085],[36.00759605,-119.35666988],[36.20867823,-119.36635926],[35.94210883,-119.40196392],[35.94211075,-119.40198085],[36.00759605,-119.35666988],[35.94206549,-119.40188421],[35.94213582,-119.4019438],[36.20867823,-119.36635926],[35.94210883,-119.40196392],[35.94211075,-119.40198085],[36.00759605,-119.35666988]],"friends":[1,2,3,4]}