{"messages":["Im mad shes really an escort \ud83d\udc40 thats freaks me out","\u201c@lastqveen_: @BiancaDominiqu3 happy birthday \ud83d\ude0d\ud83d\udc4f\u201d thanks lul tay \ud83d\ude18","Im mad shes really an escort \ud83d\udc40 thats freaks me out","Im mad shes really an escort \ud83d\udc40 thats freaks me out","\u201c@lastqveen_: @BiancaDominiqu3 happy birthday \ud83d\ude0d\ud83d\udc4f\u201d thanks lul tay \ud83d\ude18"],"messages_no":5,"bad_words":[],"bad_words_no":0,"weight":0,"location":[37.39801667,-122.0758015,37.41687933,-121.90327831,37.39801667,-122.0758015,37.39801667,-122.0758015,37.41687933,-121.90327831]}