{"messages":["That's all she wrote","That's all she wrote","\u201c@Nunya_Biznaz: Seeeeerrf Board!!!! \ud83c\udf0a\ud83d\ude0d\ud83d\ude0d\ud83d\ude0d\u201d \ud83d\ude4c #QueenBey","That's all she wrote","\u201c@Nunya_Biznaz: Seeeeerrf Board!!!! \ud83c\udf0a\ud83d\ude0d\ud83d\ude0d\ud83d\ude0d\u201d \ud83d\ude4c #QueenBey"],"messages_no":5,"bad_words":[],"bad_words_no":0,"weight":0,"location":[[34.22346449,-119.19183803],[34.22346449,-119.19183803],[34.21540253,-119.05845635],[34.22346449,-119.19183803],[34.21540253,-119.05845635]],"friends":[1,2,3,4]}