{"messages":["I'm so tired.","I'm so tired.","I'm so tired."],"messages_no":3,"bad_words":[],"bad_words_no":0,"weight":0,"location":[[47.1570707,-123.0101321],[47.1570707,-123.0101321],[47.1570707,-123.0101321]],"friends":[1,2,3,4]}