{"messages":["All I need in life is @LyssMeeks and @lookitslyss \ud83d\ude0d","So excited for RHCP \ud83d\ude01","All I need in life is @LyssMeeks and @lookitslyss \ud83d\ude0d","So excited for RHCP \ud83d\ude01","All I need in life is @LyssMeeks and @lookitslyss \ud83d\ude0d","So excited for RHCP \ud83d\ude01"],"messages_no":6,"bad_words":[],"bad_words_no":0,"weight":0,"location":[[39.39409001,-76.59547941],[39.39512574,-76.60505002],[39.39409001,-76.59547941],[39.39512574,-76.60505002],[39.39409001,-76.59547941],[39.39512574,-76.60505002]],"friends":[1,2,3,4]}