{"messages":["Also I'm sick as fuck.","Also I'm sick as fuck.","Also I'm sick as fuck."],"messages_no":3,"bad_words":[],"bad_words_no":3,"weight":0,"location":[[30.0770629,-81.6958645],[30.0770629,-81.6958645],[30.0770629,-81.6958645]],"friends":[1,2,3,4]}