{"messages":["It's almost wedding time!!! \ud83d\ude01\ud83d\udc70\ud83d\udc99\ud83d\udc8d\ud83d\udc4c","It's almost wedding time!!! \ud83d\ude01\ud83d\udc70\ud83d\udc99\ud83d\udc8d\ud83d\udc4c"],"messages_no":2,"bad_words":[],"bad_words_no":0,"weight":0,"location":[38.39579298,-76.79433168,38.39579298,-76.79433168]}