{"messages":["@MMascola \ud83d\ude02\ud83d\ude02\ud83d\ude02\ud83d\ude02 I'm actually dying","@MMascola \ud83d\ude02\ud83d\ude02\ud83d\ude02\ud83d\ude02 I'm actually dying","@MMascola \ud83d\ude02\ud83d\ude02\ud83d\ude02\ud83d\ude02 I'm actually dying","@MMascola \ud83d\ude02\ud83d\ude02\ud83d\ude02\ud83d\ude02 I'm actually dying"],"messages_no":4,"bad_words":[],"bad_words_no":0,"weight":0,"location":[41.37066075,-72.85788823,41.37066075,-72.85788823,41.37066075,-72.85788823,41.37066075,-72.85788823]}