{"messages":["@aliciamariecole alright!","@Leeexxx__ I figured! Lolol","@aliciamariecole alright!","@Leeexxx__ I figured! Lolol","@aliciamariecole alright!","@Leeexxx__ I figured! Lolol"],"messages_no":6,"bad_words":[],"bad_words_no":0,"weight":0,"location":[[27.71163622,-97.3217614],[27.71096337,-97.32039942],[27.71163622,-97.3217614],[27.71096337,-97.32039942],[27.71163622,-97.3217614],[27.71096337,-97.32039942]],"friends":[1,2,3,4]}