{"messages":["@tif_ani tell me bout it \ud83d\ude29","@tif_ani tell me bout it \ud83d\ude29","@tif_ani tell me bout it \ud83d\ude29","@tif_ani tell me bout it \ud83d\ude29"],"messages_no":4,"bad_words":[],"bad_words_no":0,"weight":0,"location":[40.74983601,-73.56414576,40.74983601,-73.56414576,40.74983601,-73.56414576,40.74983601,-73.56414576]}