{"messages":["@DopeAssPrincess logic- in sick so I better take selfies \ud83d\ude02\ud83d\ude02\ud83d\ude02","Go pats\ud83d\ude22\ud83d\ude25\ud83d\ude13","@DopeAssPrincess logic- in sick so I better take selfies \ud83d\ude02\ud83d\ude02\ud83d\ude02"],"messages_no":3,"bad_words":[],"bad_words_no":0,"weight":0,"location":[39.83888154,-84.41812082,39.83888365,-84.41811307,39.83888154,-84.41812082]}