{"messages":["Booty had me like http:\/\/t.co\/BJ2owf0vSr","Booty had me like http:\/\/t.co\/BJ2owf0vSr","Booty had me like http:\/\/t.co\/BJ2owf0vSr","Booty had me like http:\/\/t.co\/BJ2owf0vSr"],"messages_no":4,"bad_words":[],"bad_words_no":0,"weight":0,"location":[29.88889642,-90.40588285,29.88889642,-90.40588285,29.88889642,-90.40588285,29.88889642,-90.40588285]}