{"messages":["fuck yo expectations","I'm so physically &amp; emotionally drained \ud83d\ude15","fuck yo expectations","I'm so physically &amp; emotionally drained \ud83d\ude15","I'm so physically &amp; emotionally drained \ud83d\ude15"],"messages_no":5,"bad_words":[],"bad_words_no":2,"weight":0,"location":[38.06351978,-85.72799038,38.06354497,-85.72790287,38.06351978,-85.72799038,38.06354497,-85.72790287,38.06354497,-85.72790287]}