{"messages":["Poppin off this morning \ud83d\ude48","Poppin off this morning \ud83d\ude48","I'm so angry in the morning lol","Poppin off this morning \ud83d\ude48"],"messages_no":4,"bad_words":[],"bad_words_no":0,"weight":0,"location":[[45.58034128,-122.56141861],[45.58034128,-122.56141861],[45.57616368,-122.56546559],[45.58034128,-122.56141861]],"friends":[1,2,3,4]}