{"messages":["Ummm... Game over!","Ummm... Game over!","Ummm... Game over!"],"messages_no":3,"bad_words":[],"bad_words_no":0,"weight":0,"location":[[29.47931145,-98.6852357],[29.47931145,-98.6852357],[29.47931145,-98.6852357]],"friends":[1,2,3,4]}