{"messages":["@PaperB_Tatted explains a lot now, I've done it before .","@OhTHATBtchMella HOME, chillin \ud83d\ude12","@PaperB_Tatted explains a lot now, I've done it before .","@OhTHATBtchMella HOME, chillin \ud83d\ude12","I just had two people try to make me skip class, NOPE I CANT DO IT \ud83d\ude2b","@PaperB_Tatted explains a lot now, I've done it before .","@OhTHATBtchMella HOME, chillin \ud83d\ude12"],"messages_no":7,"bad_words":[],"bad_words_no":0,"weight":0,"location":[[30.31251923,-97.66143895],[30.24036462,-97.71282161],[30.31251923,-97.66143895],[30.24036462,-97.71282161],[30.26855426,-97.70686283],[30.31251923,-97.66143895],[30.24036462,-97.71282161]],"friends":[1,2,3,4]}