{"messages":["Quack quack","He knows better than to even look Sherman's way","Quack quack","He knows better than to even look Sherman's way","Quack quack","He knows better than to even look Sherman's way"],"messages_no":6,"bad_words":[],"bad_words_no":0,"weight":0,"location":[[31.3489864,-89.3408323],[31.3489869,-89.3408492],[31.3489864,-89.3408323],[31.3489869,-89.3408492],[31.3489864,-89.3408323],[31.3489869,-89.3408492]],"friends":[1,2,3,4]}