{"messages":["@DrewLoveDMV but it's keeping me awake \ud83d\ude13","@_Kushington_ lol I got youu","@DrewLoveDMV but it's keeping me awake \ud83d\ude13","@_Kushington_ lol I got youu","@DrewLoveDMV but it's keeping me awake \ud83d\ude13","@_Kushington_ lol I got youu"],"messages_no":6,"bad_words":[],"bad_words_no":0,"weight":0,"location":[[39.10011126,-76.93946514],[39.11161932,-76.93440493],[39.10011126,-76.93946514],[39.11161932,-76.93440493],[39.10011126,-76.93946514],[39.11161932,-76.93440493]],"friends":[1,2,3,4]}