{"messages":["I love my team! #GoHawks #SB48","I love my team! #GoHawks #SB48","I love my team! #GoHawks #SB48"],"messages_no":3,"bad_words":[],"bad_words_no":0,"weight":0,"location":[[47.16154732,-122.01876779],[47.16154732,-122.01876779],[47.16154732,-122.01876779]],"friends":[1,2,3,4]}