{"messages":["Who stole my damn banana @LV_4tre Damn","Percy Harvin lookin fast man","Who stole my damn banana @LV_4tre Damn","Percy Harvin lookin fast man","I could finally afford to see my heat play with that #EssuranceSave30","Who stole my damn banana @LV_4tre Damn","Percy Harvin lookin fast man","I could finally afford to see my heat play with that #EssuranceSave30"],"messages_no":8,"bad_words":[],"bad_words_no":3,"weight":0,"location":[[43.26284646,-73.63476823],[43.30138365,-73.63251328],[43.26284646,-73.63476823],[43.30138365,-73.63251328],[43.30152215,-73.63239222],[43.26284646,-73.63476823],[43.30138365,-73.63251328],[43.30152215,-73.63239222]],"friends":[1,2,3,4]}