{"messages":["\u201c@RawTalent5: Bitch... is you fuckin? http:\/\/t.co\/k7gmJjJ2RG\u201d Turned out nice \ud83d\ude0d\ud83d\udc4c\ud83d\udc4c","At the end of the day I know who my real friends are \ud83d\ude0c\ud83d\udc4c","\u201c@RawTalent5: Bitch... is you fuckin? http:\/\/t.co\/k7gmJjJ2RG\u201d Turned out nice \ud83d\ude0d\ud83d\udc4c\ud83d\udc4c","At the end of the day I know who my real friends are \ud83d\ude0c\ud83d\udc4c","Getting my braces off in April\/May \ud83d\udc4f\ud83d\udc4f\ud83d\udc4f\ud83d\udc4f\ud83d\udc4f\ud83d\ude29\ud83d\ude0f\ud83d\ude01","\u201c@RawTalent5: Bitch... is you fuckin? http:\/\/t.co\/k7gmJjJ2RG\u201d Turned out nice \ud83d\ude0d\ud83d\udc4c\ud83d\udc4c","At the end of the day I know who my real friends are \ud83d\ude0c\ud83d\udc4c","Getting my braces off in April\/May \ud83d\udc4f\ud83d\udc4f\ud83d\udc4f\ud83d\udc4f\ud83d\udc4f\ud83d\ude29\ud83d\ude0f\ud83d\ude01"],"messages_no":8,"bad_words":[],"bad_words_no":3,"weight":0,"location":[[33.96222772,-118.35936623],[33.96425804,-118.36054481],[33.96222772,-118.35936623],[33.96425804,-118.36054481],[33.96436499,-118.36057829],[33.96222772,-118.35936623],[33.96425804,-118.36054481],[33.96436499,-118.36057829]],"friends":[1,2,3,4]}