{"messages":["Either way you ugly , so it don't matter.","Either way you ugly , so it don't matter.","Either way you ugly , so it don't matter.","Either way you ugly , so it don't matter."],"messages_no":4,"bad_words":[],"bad_words_no":0,"weight":0,"location":[36.08634951,-86.72927841,36.08634951,-86.72927841,36.08634951,-86.72927841,36.08634951,-86.72927841]}