{"messages":["@medinaa_k thank you!","@medinaa_k thank you!","@medinaa_k thank you!"],"messages_no":3,"bad_words":[],"bad_words_no":0,"weight":0,"location":[[42.48231295,-92.3556996],[42.48231295,-92.3556996],[42.48231295,-92.3556996]],"friends":[1,2,3,4]}