{"messages":["@durbin266 we kicking some ass?","@durbin266 we kicking some ass?","@durbin266 we kicking some ass?"],"messages_no":3,"bad_words":[],"bad_words_no":0,"weight":0,"location":[[40.94205296,-82.28296473],[40.94205296,-82.28296473],[40.94205296,-82.28296473]],"friends":[1,2,3,4]}