{"messages":["Why can't I be 21 so I can go to all the good shows?!\ud83d\ude2b\ud83d\ude2d\ud83d\udc4e","@ImmYouurs USANA and I got two for like 70 bucks lol","@ImmYouurs that sounds awesome!(:","Why can't I be 21 so I can go to all the good shows?!\ud83d\ude2b\ud83d\ude2d\ud83d\udc4e","Why can't I be 21 so I can go to all the good shows?!\ud83d\ude2b\ud83d\ude2d\ud83d\udc4e","@ImmYouurs USANA and I got two for like 70 bucks lol","@ImmYouurs USANA and I got two for like 70 bucks lol","@ImmYouurs that sounds awesome!(:"],"messages_no":8,"bad_words":[],"bad_words_no":0,"weight":0,"location":[40.70106369,-111.97917586,40.70103192,-111.97937091,40.68259556,-111.97675972,40.70106369,-111.97917586,40.70106369,-111.97917586,40.70103192,-111.97937091,40.70103192,-111.97937091,40.68259556,-111.97675972]}