{"messages":["@Melissaaaa123 lol sike af I have to go to the damn mall","@Melissaaaa123 lol sike af I have to go to the damn mall","Everyone just loves to bring up the past don't they","Yup pretty much","@Melissaaaa123 lol sike af I have to go to the damn mall","Everyone just loves to bring up the past don't they","Yup pretty much"],"messages_no":7,"bad_words":[],"bad_words_no":3,"weight":0,"location":[[25.75803298,-80.43738825],[25.75803298,-80.43738825],[25.75114857,-80.29811084],[25.7582024,-80.43733818],[25.75803298,-80.43738825],[25.75114857,-80.29811084],[25.7582024,-80.43733818]],"friends":[1,2,3,4]}