{"messages":["#coupleapp LOL","#coupleapp LOL"],"messages_no":2,"bad_words":[],"bad_words_no":0,"weight":0,"location":[33.92333466,-117.97955118,33.92333466,-117.97955118]}