{"messages":["I Can't Wait For The Commercials \ud83d\ude02","I Can't Wait For The Commercials \ud83d\ude02","I Can't Wait For The Commercials \ud83d\ude02"],"messages_no":3,"bad_words":[],"bad_words_no":0,"weight":0,"location":[[40.57260859,-74.23696247],[40.57260859,-74.23696247],[40.57260859,-74.23696247]],"friends":[1,2,3,4]}