{"messages":["How about a favorite and a retweet \ud83d\ude01","I'm so cut up \ud83d\ude11","How about a favorite and a retweet \ud83d\ude01"],"messages_no":3,"bad_words":[],"bad_words_no":0,"weight":0,"location":[40.3772928,-85.20626604,40.37767269,-85.20654179,40.3772928,-85.20626604]}