{"messages":["I've liked 9 of your selfies now. How do you not get this","Why am I up so early when I don't need to be","This bish \ud83d\ude48\ud83d\ude02 http:\/\/t.co\/qqXPknwrKM","I've liked 9 of your selfies now. How do you not get this","Why am I up so early when I don't need to be","This bish \ud83d\ude48\ud83d\ude02 http:\/\/t.co\/qqXPknwrKM","Allergies &lt;&lt;&lt;","I've liked 9 of your selfies now. How do you not get this","Why am I up so early when I don't need to be","This bish \ud83d\ude48\ud83d\ude02 http:\/\/t.co\/qqXPknwrKM","Allergies &lt;&lt;&lt;"],"messages_no":11,"bad_words":[],"bad_words_no":0,"weight":0,"location":[[43.39252148,-124.27272944],[43.39252359,-124.27273],[43.39215557,-124.27286843],[43.39252148,-124.27272944],[43.39252359,-124.27273],[43.39215557,-124.27286843],[43.39252377,-124.27272991],[43.39252148,-124.27272944],[43.39252359,-124.27273],[43.39215557,-124.27286843],[43.39252377,-124.27272991]],"friends":[1,2,3,4]}