{"messages":["Gonna make that ass clap","Gonna make that ass clap","Gonna make that ass clap","Gonna make that ass clap"],"messages_no":4,"bad_words":[],"bad_words_no":0,"weight":0,"location":[42.53348953,-83.43033541,42.53348953,-83.43033541,42.53348953,-83.43033541,42.53348953,-83.43033541]}