{"messages":["@joseph_0309 @emilyywhiteee you ok?","@joseph_0309 @emilyywhiteee you ok?","@joseph_0309 @emilyywhiteee you ok?"],"messages_no":3,"bad_words":[],"bad_words_no":0,"weight":0,"location":[[34.45400514,-118.48222741],[34.45400514,-118.48222741],[34.45400514,-118.48222741]],"friends":[1,2,3,4]}