{"messages":["Was Txting my brother","Was Txting my brother","Was late Cuzz if my gma","Not even mad I got way to much to worry bout","Was Txting my brother"],"messages_no":5,"bad_words":[],"bad_words_no":0,"weight":0,"location":[[32.82043579,-83.64253365],[32.82043579,-83.64253365],[32.83502881,-83.63246667],[32.82073962,-83.64226307],[32.82043579,-83.64253365]],"friends":[1,2,3,4]}