{"messages":["@jbodean46 wish I was too. Go injuns","@jbodean46 wish I was too. Go injuns","@jbodean46 wish I was too. Go injuns"],"messages_no":3,"bad_words":[],"bad_words_no":3,"weight":0,"location":[[29.66982807,-82.33346494],[29.66982807,-82.33346494],[29.66982807,-82.33346494]],"friends":[1,2,3,4]}