{"messages":["@meggubb I don't need this","@meggubb I don't need this","@meggubb I don't need this"],"messages_no":3,"bad_words":[],"bad_words_no":0,"weight":0,"location":[[36.86233103,-119.71482558],[36.86233103,-119.71482558],[36.86233103,-119.71482558]],"friends":[1,2,3,4]}