{"messages":["I'm so slow \ud83d\ude14","I'm so slow \ud83d\ude14"],"messages_no":2,"bad_words":[],"bad_words_no":0,"weight":0,"location":[41.6424878,-84.871818,41.6424878,-84.871818]}