{"messages":["@ugowhere exactly","@ugowhere exactly","@ugowhere exactly"],"messages_no":3,"bad_words":[],"bad_words_no":0,"weight":0,"location":[[36.9875534,-86.45552909],[36.9875534,-86.45552909],[36.9875534,-86.45552909]],"friends":[1,2,3,4]}