{"messages":["@mtat93 upstairs bitch","@mtat93 upstairs bitch","@mtat93 upstairs bitch"],"messages_no":3,"bad_words":[],"bad_words_no":3,"weight":0,"location":[[33.95808477,-83.37420256],[33.95808477,-83.37420256],[33.95808477,-83.37420256]],"friends":[1,2,3,4]}