{"messages":["Killing it at Rutgers","I could out bro any frat boy","Killing it at Rutgers","I could out bro any frat boy","Killing it at Rutgers","I could out bro any frat boy"],"messages_no":6,"bad_words":[],"bad_words_no":0,"weight":0,"location":[[40.50352182,-74.45657156],[40.52269226,-74.29008219],[40.50352182,-74.45657156],[40.52269226,-74.29008219],[40.50352182,-74.45657156],[40.52269226,-74.29008219]],"friends":[1,2,3,4]}