{"messages":["Sloppy smh","Sloppy smh","Sloppy smh"],"messages_no":3,"bad_words":[],"bad_words_no":0,"weight":0,"location":[40.27025363,-74.04879357,40.27025363,-74.04879357,40.27025363,-74.04879357]}