{"messages":["@RAWRkassiee_ he's kinda green but other than that yes \ud83d\ude4c","@TheBoy_Austin yes you should","@RAWRkassiee_ he's kinda green but other than that yes \ud83d\ude4c","@TheBoy_Austin yes you should","@RAWRkassiee_ he's kinda green but other than that yes \ud83d\ude4c","@TheBoy_Austin yes you should"],"messages_no":6,"bad_words":[],"bad_words_no":0,"weight":0,"location":[[34.18419508,-119.21548787],[34.17637903,-119.21544235],[34.18419508,-119.21548787],[34.17637903,-119.21544235],[34.18419508,-119.21548787],[34.17637903,-119.21544235]],"friends":[1,2,3,4]}