{"messages":["Eat shit Duke","It's SuperBowl Sunday! Lets go Broncos!","I don't mind Seattle. I love Richard Sherman","Eat shit Duke","It's SuperBowl Sunday! Lets go Broncos!","I don't mind Seattle. I love Richard Sherman","Eat shit Duke","It's SuperBowl Sunday! Lets go Broncos!","I don't mind Seattle. I love Richard Sherman"],"messages_no":9,"bad_words":[],"bad_words_no":3,"weight":0,"location":[[40.48288011,-78.55056041],[40.48587548,-78.65944924],[40.6307651,-78.65068279],[40.48288011,-78.55056041],[40.48587548,-78.65944924],[40.6307651,-78.65068279],[40.48288011,-78.55056041],[40.48587548,-78.65944924],[40.6307651,-78.65068279]],"friends":[1,2,3,4]}