{"messages":["Parker working hard! #Duke","Parker working hard! #Duke","Parker working hard! #Duke"],"messages_no":3,"bad_words":[],"bad_words_no":0,"weight":0,"location":[[43.19638702,-77.78490834],[43.19638702,-77.78490834],[43.19638702,-77.78490834]],"friends":[1,2,3,4]}