{"messages":["caleb laceup","that would be cool","caleb laceup"],"messages_no":3,"bad_words":[],"bad_words_no":0,"weight":0,"location":[41.24232081,-82.60316049,41.24237747,-82.60310858,41.24232081,-82.60316049]}