{"messages":["Goal: Find a naked yoga facility.","Shout out to all the people who also don't have plans tonight","Goal: Find a naked yoga facility.","Shout out to all the people who also don't have plans tonight","Goal: Find a naked yoga facility.","Shout out to all the people who also don't have plans tonight","Goal: Find a naked yoga facility.","Shout out to all the people who also don't have plans tonight"],"messages_no":8,"bad_words":[],"bad_words_no":0,"weight":0,"location":[34.0306936,-117.0565618,34.0367218,-117.0540315,34.0306936,-117.0565618,34.0367218,-117.0540315,34.0306936,-117.0565618,34.0367218,-117.0540315,34.0306936,-117.0565618,34.0367218,-117.0540315]}