{"messages":["Don't worry, be happy \ud83d\udc95","Idk why you think you're some \"cool guy\" lol","Don't worry, be happy \ud83d\udc95"],"messages_no":3,"bad_words":[],"bad_words_no":0,"weight":0,"location":[37.26277433,-121.79549963,37.24966151,-121.81045889,37.26277433,-121.79549963]}