{"messages":["I love my roommates","I love my roommates","I love my roommates"],"messages_no":3,"bad_words":[],"bad_words_no":0,"weight":0,"location":[[34.29582456,-85.18786083],[34.29582456,-85.18786083],[34.29582456,-85.18786083]],"friends":[1,2,3,4]}