{"messages":["Seriously?!","Seriously?!","Seriously?!"],"messages_no":3,"bad_words":[],"bad_words_no":0,"weight":0,"location":[[34.0989995,-80.8620414],[34.0989995,-80.8620414],[34.0989995,-80.8620414]],"friends":[1,2,3,4]}