{"messages":["Times Square http:\/\/t.co\/9L431RDI7E","Times Square http:\/\/t.co\/9L431RDI7E","Times Square http:\/\/t.co\/9L431RDI7E"],"messages_no":3,"bad_words":[],"bad_words_no":0,"weight":0,"location":[[40.7590314,-73.9850058],[40.7590314,-73.9850058],[40.7590314,-73.9850058]],"friends":[1,2,3,4]}