{"messages":["@bryanlewis2014 7th grades up 43-21 358 left in 4th","@bryanlewis2014 7th grades up 43-21 358 left in 4th"],"messages_no":2,"bad_words":[],"bad_words_no":0,"weight":0,"location":[40.59939874,-81.40394574,40.59939874,-81.40394574]}