{"messages":["Literally hate NKY","@ksquare fanks Kathy \ud83d\ude1b","Literally hate NKY","@ksquare fanks Kathy \ud83d\ude1b","Wifi still isn't working lol. Why","Literally hate NKY","@ksquare fanks Kathy \ud83d\ude1b"],"messages_no":7,"bad_words":[],"bad_words_no":0,"weight":0,"location":[[38.96123661,-84.59276769],[38.96123825,-84.59287777],[38.96123661,-84.59276769],[38.96123825,-84.59287777],[38.9612957,-84.59293627],[38.96123661,-84.59276769],[38.96123825,-84.59287777]],"friends":[1,2,3,4]}