{"messages":["Louboutin Dreams.. \ud83d\udd34","Louboutin Dreams.. \ud83d\udd34","@randyfoye with the deep Buzzer Beater. #NuggetsNation","Louboutin Dreams.. \ud83d\udd34","@randyfoye with the deep Buzzer Beater. #NuggetsNation"],"messages_no":5,"bad_words":[],"bad_words_no":0,"weight":0,"location":[[39.67543012,-104.91001233],[39.67543012,-104.91001233],[39.67553674,-104.91009037],[39.67543012,-104.91001233],[39.67553674,-104.91009037]],"friends":[1,2,3,4]}