{"messages":["Lmao nope","Lmao nope","\"@Heavymindx: @PlaystationGod_ @ReckTheHero agreed\"","MY NIGGA KAKASHI HAS BRACES","\"@BackTAYreality: \u201c@PlaystationGod_: What's your favorite Gambino song?,\u201d LES, Do You Like, or You See Me\" \ud83d\ude0d\ud83d\ude0d","I'm in her ass like sodamy","LMAOOO YES BRUH \"@Nwanu: On payday http:\/\/t.co\/OLYdfa3eYI\"","Lmao nope","\"@Heavymindx: @PlaystationGod_ @ReckTheHero agreed\""],"messages_no":9,"bad_words":[],"bad_words_no":0,"weight":0,"location":[[32.0329657,-93.7205201],[32.0329657,-93.7205201],[32.0329462,-93.7205618],[32.0329073,-93.7205324],[32.0329305,-93.7205262],[32.0329005,-93.720497],[32.0328902,-93.7204916],[32.0329657,-93.7205201],[32.0329462,-93.7205618]],"friends":[1,2,3,4]}