{"messages":["Lol but rly who r u","Lol but rly who r u"],"messages_no":2,"bad_words":[],"bad_words_no":0,"weight":0,"location":[38.58353239,-90.60271737,38.58353239,-90.60271737]}