{"messages":["I just need a blue Gatorade right now","Guys my uncle kills me \ud83d\ude2d\ud83d\ude2d\ud83d\udc4f\ud83d\udc4f http:\/\/t.co\/1iL4XDHKAp","I just want a huge plate of fruit \ud83d\ude29\ud83c\udf49\ud83c\udf47\ud83c\udf53\ud83c\udf52\ud83c\udf4d","I just need a blue Gatorade right now","Guys my uncle kills me \ud83d\ude2d\ud83d\ude2d\ud83d\udc4f\ud83d\udc4f http:\/\/t.co\/1iL4XDHKAp","I just want a huge plate of fruit \ud83d\ude29\ud83c\udf49\ud83c\udf47\ud83c\udf53\ud83c\udf52\ud83c\udf4d","@cruxella Bree knows who I'm talking about","I just need a blue Gatorade right now","Guys my uncle kills me \ud83d\ude2d\ud83d\ude2d\ud83d\udc4f\ud83d\udc4f http:\/\/t.co\/1iL4XDHKAp","I just want a huge plate of fruit \ud83d\ude29\ud83c\udf49\ud83c\udf47\ud83c\udf53\ud83c\udf52\ud83c\udf4d","@cruxella Bree knows who I'm talking about"],"messages_no":11,"bad_words":[],"bad_words_no":0,"weight":0,"location":[[37.11454094,-93.30296414],[37.11460172,-93.30303464],[37.11466113,-93.30321522],[37.11454094,-93.30296414],[37.11460172,-93.30303464],[37.11466113,-93.30321522],[37.14621251,-93.28985551],[37.11454094,-93.30296414],[37.11460172,-93.30303464],[37.11466113,-93.30321522],[37.14621251,-93.28985551]],"friends":[1,2,3,4]}