{"messages":["@PCow99 coward. Don't block me.","@PCow99 coward. Don't block me.","@PCow99 coward. Don't block me."],"messages_no":3,"bad_words":[],"bad_words_no":0,"weight":0,"location":[[40.35379514,-94.88773236],[40.35379514,-94.88773236],[40.35379514,-94.88773236]],"friends":[1,2,3,4]}