{"messages":["@Meggann_xoxo and me.","@Meggann_xoxo and me.","@Meggann_xoxo and me."],"messages_no":3,"bad_words":[],"bad_words_no":0,"weight":0,"location":[[35.24838828,-81.40418898],[35.24838828,-81.40418898],[35.24838828,-81.40418898]],"friends":[1,2,3,4]}