{"messages":["Unlock your full potential","Unlock your full potential","Unlock your full potential"],"messages_no":3,"bad_words":[],"bad_words_no":0,"weight":0,"location":[41.65409521,-91.53575568,41.65409521,-91.53575568,41.65409521,-91.53575568]}