{"messages":["Baby Kennedy gone have the world &amp; she ain't even here yet \ud83d\ude18\ud83d\ude18\ud83d\udcaf","On the phone with my bae \ud83d\ude18","Baby Kennedy gone have the world &amp; she ain't even here yet \ud83d\ude18\ud83d\ude18\ud83d\udcaf","On the phone with my bae \ud83d\ude18","Bitches gotta chill with these damn eyebrows \ud83d\ude02\ud83d\ude29\ud83d\udc4e\u270b\u270b\ud83d\udcaf","Baby Kennedy gone have the world &amp; she ain't even here yet \ud83d\ude18\ud83d\ude18\ud83d\udcaf","On the phone with my bae \ud83d\ude18","Bitches gotta chill with these damn eyebrows \ud83d\ude02\ud83d\ude29\ud83d\udc4e\u270b\u270b\ud83d\udcaf"],"messages_no":8,"bad_words":[],"bad_words_no":2,"weight":0,"location":[[41.80387251,-87.62456391],[41.80623505,-87.61392686],[41.80387251,-87.62456391],[41.80623505,-87.61392686],[41.8063047,-87.61407344],[41.80387251,-87.62456391],[41.80623505,-87.61392686],[41.8063047,-87.61407344]],"friends":[1,2,3,4]}