{"messages":["It's our anniversary\ud83d\ude0d\ud83d\ude18\u2764\ufe0f","It's our anniversary\ud83d\ude0d\ud83d\ude18\u2764\ufe0f","But I swear this mf piss me off everyday...","It's our anniversary\ud83d\ude0d\ud83d\ude18\u2764\ufe0f"],"messages_no":4,"bad_words":[],"bad_words_no":1,"weight":0,"location":[[33.60483371,-84.64703876],[33.60483371,-84.64703876],[33.60450261,-84.64740397],[33.60483371,-84.64703876]],"friends":[1,2,3,4]}