{"messages":["Kole is such a dick.","I miss KT"],"messages_no":2,"bad_words":[],"bad_words_no":1,"weight":0,"location":[[41.77697064,-81.09367765],[41.77680912,-81.09378221]]}