{"messages":["talk dirty to me nanana","talk dirty to me nanana","\u201c@ItsAlex23: I see the same boring people on my TL\u201dfollow new people","I can't be whatcha want from me","talk dirty to me nanana","\u201c@ItsAlex23: I see the same boring people on my TL\u201dfollow new people"],"messages_no":6,"bad_words":[],"bad_words_no":0,"weight":0,"location":[[26.11727657,-80.10544184],[26.11727657,-80.10544184],[25.91659508,-80.30864222],[25.91649305,-80.30873358],[26.11727657,-80.10544184],[25.91659508,-80.30864222]],"friends":[1,2,3,4]}