{"messages":["\u201c@MBAMLILFLIP: Erbody Wanna GangBang xx Be yoself Dis Life NOT FOR EVERYONE .\u201d\ud83d\udcaf\ud83d\udcaf\ud83d\udcaf\ud83d\udcaf\ud83d\udcaf\u2714\ufe0f\u2714\ufe0f\u2714\ufe0f\u2714\ufe0f\u2714\ufe0f\u2714\ufe0f\u2714\ufe0f","\u201c@MBAMLILFLIP: Erbody Wanna GangBang xx Be yoself Dis Life NOT FOR EVERYONE .\u201d\ud83d\udcaf\ud83d\udcaf\ud83d\udcaf\ud83d\udcaf\ud83d\udcaf\u2714\ufe0f\u2714\ufe0f\u2714\ufe0f\u2714\ufe0f\u2714\ufe0f\u2714\ufe0f\u2714\ufe0f","\u201c@MBAMLILFLIP: Erbody Wanna GangBang xx Be yoself Dis Life NOT FOR EVERYONE .\u201d\ud83d\udcaf\ud83d\udcaf\ud83d\udcaf\ud83d\udcaf\ud83d\udcaf\u2714\ufe0f\u2714\ufe0f\u2714\ufe0f\u2714\ufe0f\u2714\ufe0f\u2714\ufe0f\u2714\ufe0f"],"messages_no":3,"bad_words":[],"bad_words_no":0,"weight":0,"location":[[41.88671002,-88.34424057],[41.88671002,-88.34424057],[41.88671002,-88.34424057]],"friends":[1,2,3,4]}