{"messages":["Just listening to people can tell you alot","It's snowing \u2601\ufe0f\u2744\ufe0f\u26c4\ufe0f","Just listening to people can tell you alot"],"messages_no":3,"bad_words":[],"bad_words_no":0,"weight":0,"location":[36.29933267,-95.80990764,36.28945703,-95.84050147,36.29933267,-95.80990764]}