{"messages":["FUCKING HIT SOMEBODY!!!\ud83d\ude21\ud83d\ude21\ud83d\ude20\ud83d\ude1d\ud83d\udca6\ud83d\udc45\ud83d\udca6\ud83d\udc45\ud83d\udca6\ud83d\udca6.     -HEAD coach rick vice","FUCKING HIT SOMEBODY!!!\ud83d\ude21\ud83d\ude21\ud83d\ude20\ud83d\ude1d\ud83d\udca6\ud83d\udc45\ud83d\udca6\ud83d\udc45\ud83d\udca6\ud83d\udca6.     -HEAD coach rick vice","FUCKING HIT SOMEBODY!!!\ud83d\ude21\ud83d\ude21\ud83d\ude20\ud83d\ude1d\ud83d\udca6\ud83d\udc45\ud83d\udca6\ud83d\udc45\ud83d\udca6\ud83d\udca6.     -HEAD coach rick vice"],"messages_no":3,"bad_words":[],"bad_words_no":0,"weight":0,"location":[[41.48086549,-73.03323701],[41.48086549,-73.03323701],[41.48086549,-73.03323701]],"friends":[1,2,3,4]}