{"messages":["Good luck thoooo, ha.","Good luck thoooo, ha.","Super tired right now.","Let's see what i still got in me.","Good luck thoooo, ha."],"messages_no":5,"bad_words":[],"bad_words_no":0,"weight":0,"location":[[29.59742825,-95.30876395],[29.59742825,-95.30876395],[29.39694022,-94.90431893],[29.39698825,-94.90420436],[29.59742825,-95.30876395]],"friends":[1,2,3,4]}