{"messages":["Don't doubt me.","Don't doubt me.","You make me fucking sick to my stomach.","Don't doubt me."],"messages_no":4,"bad_words":[],"bad_words_no":1,"weight":0,"location":[[42.38738648,-83.31469625],[42.38738648,-83.31469625],[42.3872967,-83.31488363],[42.38738648,-83.31469625]],"friends":[1,2,3,4]}