{"messages":["@_lmxo why tho lol","@goldstorg16 lol I was smacked witchu cuz we was trippin bruh frfr","@_lmxo why tho lol","@_lmxo why tho lol"],"messages_no":4,"bad_words":[],"bad_words_no":0,"weight":0,"location":[35.13522827,-79.48049686,35.34319204,-79.37943344,35.13522827,-79.48049686,35.13522827,-79.48049686]}