{"messages":["What happened?","What happened?","@crystalhLOVE ahh I just finished and I feel so lost now!!","What'd I do?","What happened?"],"messages_no":5,"bad_words":[],"bad_words_no":0,"weight":0,"location":[[41.1941873,-80.7453367],[41.1941873,-80.7453367],[41.20545,-80.7122191],[41.20545,-80.7122191],[41.1941873,-80.7453367]],"friends":[1,2,3,4]}