{"messages":["Not Denver's night. \ud83d\ude02","Not Denver's night. \ud83d\ude02","Not Denver's night. \ud83d\ude02"],"messages_no":3,"bad_words":[],"bad_words_no":0,"weight":0,"location":[[30.59532724,-96.32527214],[30.59532724,-96.32527214],[30.59532724,-96.32527214]],"friends":[1,2,3,4]}