{"messages":["Currently hating my car","Currently hating my car","Currently hating my car"],"messages_no":3,"bad_words":[],"bad_words_no":0,"weight":0,"location":[34.79670009,-92.23348924,34.79670009,-92.23348924,34.79670009,-92.23348924]}