{"messages":["Hey uh someone should text me","Hey uh someone should text me","Hey uh someone should text me"],"messages_no":3,"bad_words":[],"bad_words_no":0,"weight":0,"location":[[42.63206302,-83.69070827],[42.63206302,-83.69070827],[42.63206302,-83.69070827]],"friends":[1,2,3,4]}