{"messages":["He is putting on a damn good show though","He is putting on a damn good show though","Sophia fucking Lucia for instance","He is putting on a damn good show though","Sophia fucking Lucia for instance"],"messages_no":5,"bad_words":[],"bad_words_no":5,"weight":0,"location":[[41.89116796,-87.61875755],[41.89116796,-87.61875755],[41.8924501,-87.61994426],[41.89116796,-87.61875755],[41.8924501,-87.61994426]],"friends":[1,2,3,4]}