{"messages":["It's a perfect morning \ud83c\udf41","It's a perfect morning \ud83c\udf41","Why the hell did I just use so many #hashtags ?","It's a perfect morning \ud83c\udf41","Why the hell did I just use so many #hashtags ?"],"messages_no":5,"bad_words":[],"bad_words_no":2,"weight":0,"location":[[29.59526256,-98.36290893],[29.59526256,-98.36290893],[29.59533482,-98.3629462],[29.59526256,-98.36290893],[29.59533482,-98.3629462]],"friends":[1,2,3,4]}