{"messages":["Give me money #EsuranceSave30","#TwitterJail for the #EsuranceSave30","Give me money #EsuranceSave30","#TwitterJail for the #EsuranceSave30","#EsuranceSave30","Tweeting this much is the worst thing ever for all parties #EsuranceSaves30","@BigDinThaHouse I'm going to tweet regularly with that # at the end of it. #gobigorgohome #EsuranceSave30","Give me money #EsuranceSave30","#TwitterJail for the #EsuranceSave30","#EsuranceSave30","Tweeting this much is the worst thing ever for all parties #EsuranceSaves30","@BigDinThaHouse I'm going to tweet regularly with that # at the end of it. #gobigorgohome #EsuranceSave30"],"messages_no":12,"bad_words":[],"bad_words_no":0,"weight":0,"location":[[42.0862943,-78.49185976],[42.08621245,-78.49184258],[42.0862943,-78.49185976],[42.08621245,-78.49184258],[42.0759279,-78.47447285],[42.0760758,-78.47456999],[42.07596964,-78.47454183],[42.0862943,-78.49185976],[42.08621245,-78.49184258],[42.0759279,-78.47447285],[42.0760758,-78.47456999],[42.07596964,-78.47454183]],"friends":[1,2,3,4]}