{"messages":["S\/O to the cum thru!!","\u201c@JaiLOW_: So glad my kids in school during the day\u201d\ud83d\udc4f\ud83d\udc4f\ud83d\udc4f\ud83d\udc4f","\u201c@Ball_Is_Life12: \u201c@MEKA_SLIMFINE: \ud83d\udeac\ud83d\udeac\ud83d\udeac\ud83d\udeac\ud83d\udeac\ud83d\udeac\ud83d\udeac(Blunt Emoji)\u201d thats mos def a cigarette lol\u201d\ud83d\ude02\ud83d\ude02\ud83d\ude02\ud83d\ude02\ud83d\ude02","S\/O to the cum thru!!","\u201c@JaiLOW_: So glad my kids in school during the day\u201d\ud83d\udc4f\ud83d\udc4f\ud83d\udc4f\ud83d\udc4f","\u201c@Ball_Is_Life12: \u201c@MEKA_SLIMFINE: \ud83d\udeac\ud83d\udeac\ud83d\udeac\ud83d\udeac\ud83d\udeac\ud83d\udeac\ud83d\udeac(Blunt Emoji)\u201d thats mos def a cigarette lol\u201d\ud83d\ude02\ud83d\ude02\ud83d\ude02\ud83d\ude02\ud83d\ude02","I FaceTime Peyton today!!\ud83d\udc4f\ud83d\udc4f\ud83d\udc4f","S\/O to the cum thru!!","\u201c@JaiLOW_: So glad my kids in school during the day\u201d\ud83d\udc4f\ud83d\udc4f\ud83d\udc4f\ud83d\udc4f","\u201c@Ball_Is_Life12: \u201c@MEKA_SLIMFINE: \ud83d\udeac\ud83d\udeac\ud83d\udeac\ud83d\udeac\ud83d\udeac\ud83d\udeac\ud83d\udeac(Blunt Emoji)\u201d thats mos def a cigarette lol\u201d\ud83d\ude02\ud83d\ude02\ud83d\ude02\ud83d\ude02\ud83d\ude02","I FaceTime Peyton today!!\ud83d\udc4f\ud83d\udc4f\ud83d\udc4f"],"messages_no":11,"bad_words":[],"bad_words_no":3,"weight":0,"location":[[32.46960171,-92.11434803],[32.46934226,-92.11388603],[32.4693393,-92.11374491],[32.46960171,-92.11434803],[32.46934226,-92.11388603],[32.4693393,-92.11374491],[32.46931732,-92.11386726],[32.46960171,-92.11434803],[32.46934226,-92.11388603],[32.4693393,-92.11374491],[32.46931732,-92.11386726]],"friends":[1,2,3,4]}