{"messages":["Enough not my fault ur a fool","Enough not my fault ur a fool","Enough not my fault ur a fool"],"messages_no":3,"bad_words":[],"bad_words_no":0,"weight":0,"location":[[39.32727857,-76.61377267],[39.32727857,-76.61377267],[39.32727857,-76.61377267]],"friends":[1,2,3,4]}