{"messages":["Seahawks bout to take it","Seahawks bout to take it","Seahawks bout to take it"],"messages_no":3,"bad_words":[],"bad_words_no":0,"weight":0,"location":[[39.34595788,-76.69529621],[39.34595788,-76.69529621],[39.34595788,-76.69529621]],"friends":[1,2,3,4]}