{"messages":["My hips don't lie","My hips don't lie","My hips don't lie"],"messages_no":3,"bad_words":[],"bad_words_no":0,"weight":0,"location":[[42.83781054,-88.74739867],[42.83781054,-88.74739867],[42.83781054,-88.74739867]],"friends":[1,2,3,4]}