{"messages":["I think I'm getting sunburnt","I think I'm getting sunburnt","I think I'm getting sunburnt"],"messages_no":3,"bad_words":[],"bad_words_no":0,"weight":0,"location":[[36.12109191,-115.17007358],[36.12109191,-115.17007358],[36.12109191,-115.17007358]],"friends":[1,2,3,4]}