{"messages":["Might get some too for you too","Might get some too for you too","Might get some too for you too"],"messages_no":3,"bad_words":[],"bad_words_no":0,"weight":0,"location":[[33.03636131,-97.01444685],[33.03636131,-97.01444685],[33.03636131,-97.01444685]],"friends":[1,2,3,4]}