{"messages":["The truth is obsolete","The truth is obsolete","Welcome home hawks!","The truth is obsolete"],"messages_no":4,"bad_words":[],"bad_words_no":0,"weight":0,"location":[[48.02243419,-122.12418244],[48.02243419,-122.12418244],[48.02211103,-122.12419636],[48.02243419,-122.12418244]],"friends":[1,2,3,4]}