{"messages":["@JRoseLiveHD thanks bro","@JRoseLiveHD thanks bro","@JRoseLiveHD thanks bro"],"messages_no":3,"bad_words":[],"bad_words_no":0,"weight":0,"location":[[41.74886005,-72.88005707],[41.74886005,-72.88005707],[41.74886005,-72.88005707]],"friends":[1,2,3,4]}