{"messages":["\u201c@Laughbook: damn... this is deep \ud83d\ude36 http:\/\/t.co\/EN60Mcy8m4\u201d \ud83d\ude33\ud83d\ude33\ud83d\ude33","@tanna_32 I just ate at work sorry!","I just want March Madness."],"messages_no":3,"bad_words":[],"bad_words_no":1,"weight":0,"location":[[40.26407438,-85.40699308],[40.2628782,-85.36875098],[40.24063578,-85.24894506]]}