{"messages":["@abbycakezz rabbits","@abbycakezz rabbits","@abbycakezz rabbits"],"messages_no":3,"bad_words":[],"bad_words_no":0,"weight":0,"location":[38.86344571,-77.27442504,38.86344571,-77.27442504,38.86344571,-77.27442504]}