{"messages":["OMG!!!!!!\ud83d\ude33\ud83d\ude33\ud83d\ude33\ud83d\ude33","OMG!!!!!!\ud83d\ude33\ud83d\ude33\ud83d\ude33\ud83d\ude33","OMG!!!!!!\ud83d\ude33\ud83d\ude33\ud83d\ude33\ud83d\ude33"],"messages_no":3,"bad_words":[],"bad_words_no":0,"weight":0,"location":[[38.83534413,-77.3946901],[38.83534413,-77.3946901],[38.83534413,-77.3946901]],"friends":[1,2,3,4]}