{"messages":["@Ignacho_13 \ud83d\ude02\ud83d\ude02\ud83d\ude02 bring the Dice out lol","@Ignacho_13 \ud83d\ude02\ud83d\ude02\ud83d\ude02 bring the Dice out lol"],"messages_no":2,"bad_words":[],"bad_words_no":0,"weight":0,"location":[29.76914728,-94.85841509,29.76914728,-94.85841509]}