{"messages":["I wanna take a road trip!","The new 100$ bill looks fake","I wanna take a road trip!","The new 100$ bill looks fake","I wanna take a road trip!","The new 100$ bill looks fake","I wanna take a road trip!","The new 100$ bill looks fake"],"messages_no":8,"bad_words":[],"bad_words_no":0,"weight":0,"location":[46.7811701,-100.7768368,46.8336209,-100.7720142,46.7811701,-100.7768368,46.8336209,-100.7720142,46.7811701,-100.7768368,46.8336209,-100.7720142,46.7811701,-100.7768368,46.8336209,-100.7720142]}