{"messages":["I don't feel good","I don't feel good","Hell no . I'm not baby sitting in atl . \ud83d\udc50\ud83d\udc50","I don't feel good"],"messages_no":4,"bad_words":[],"bad_words_no":0,"weight":0,"location":[[41.68522254,-87.63191538],[41.68522254,-87.63191538],[41.68905181,-87.63091994],[41.68522254,-87.63191538]],"friends":[1,2,3,4]}