{"messages":["Friday class, just be cancelled","Friday class, just be cancelled","Friday class, just be cancelled","Friday class, just be cancelled"],"messages_no":4,"bad_words":[],"bad_words_no":0,"weight":0,"location":[42.83846697,-88.7502367,42.83846697,-88.7502367,42.83846697,-88.7502367,42.83846697,-88.7502367]}