{"messages":["@erin_labuski thank you \u263a\ufe0f","@erin_labuski thank you \u263a\ufe0f","Ganem pulling the real one \u2714\ufe0f","I stay up late for no reason at all..","@erin_labuski thank you \u263a\ufe0f"],"messages_no":5,"bad_words":[],"bad_words_no":0,"weight":0,"location":[[42.258455,-71.82388685],[42.258455,-71.82388685],[42.25842473,-71.82390269],[42.2583848,-71.82383421],[42.258455,-71.82388685]],"friends":[1,2,3,4]}