{"messages":["Everyday I'm strugggglin","\u201c@Whitney_Lauren_: @DraytonRay love you \ud83d\ude01\ud83d\ude18\u201d love you most","Everyday I'm strugggglin","\u201c@Whitney_Lauren_: @DraytonRay love you \ud83d\ude01\ud83d\ude18\u201d love you most"],"messages_no":4,"bad_words":[],"bad_words_no":0,"weight":0,"location":[32.3822739,-86.22041403,32.38250054,-86.22060801,32.3822739,-86.22041403,32.38250054,-86.22060801]}