{"messages":["I just want to feel better\ud83d\ude23","I just want to feel better\ud83d\ude23","I literally have a big whole in the roof of my mouth \ud83d\ude2e","I just want to feel better\ud83d\ude23"],"messages_no":4,"bad_words":[],"bad_words_no":0,"weight":0,"location":[[40.74799973,-73.34054648],[40.74799973,-73.34054648],[40.76504149,-73.96608886],[40.74799973,-73.34054648]],"friends":[1,2,3,4]}