{"messages":["I just wanna lay in bed all day","I just wanna lay in bed all day","I just wanna lay in bed all day"],"messages_no":3,"bad_words":[],"bad_words_no":0,"weight":0,"location":[[39.71474196,-75.64956495],[39.71474196,-75.64956495],[39.71474196,-75.64956495]],"friends":[1,2,3,4]}