{"messages":["Can't sleep wtf!","Can't sleep wtf!","Can't sleep wtf!"],"messages_no":3,"bad_words":[],"bad_words_no":0,"weight":0,"location":[[40.57328183,-74.00119699],[40.57328183,-74.00119699],[40.57328183,-74.00119699]],"friends":[1,2,3,4]}