{"messages":["@YourBoyDonnyy I do...","@YourBoyDonnyy I do...","@YourBoyDonnyy I do..."],"messages_no":3,"bad_words":[],"bad_words_no":0,"weight":0,"location":[[38.32090975,-85.75354362],[38.32090975,-85.75354362],[38.32090975,-85.75354362]],"friends":[1,2,3,4]}