{"messages":["Tired of driving.","Tired of driving.","Been face timing all day.","\u201c@eazzyyeeee: Amy feelin some type of way lol.\u201d Yeah I am.","I don't really like to cake all over twitter.","Tired of driving."],"messages_no":6,"bad_words":[],"bad_words_no":0,"weight":0,"location":[[33.17830609,-96.63701104],[33.17830609,-96.63701104],[33.17829352,-96.6370879],[33.17830031,-96.63701087],[33.17829148,-96.63707641],[33.17830609,-96.63701104]],"friends":[1,2,3,4]}