{"messages":["Oh this is just great.","Oh this is just great.","Oh this is just great."],"messages_no":3,"bad_words":[],"bad_words_no":0,"weight":0,"location":[[42.72637894,-84.47648565],[42.72637894,-84.47648565],[42.72637894,-84.47648565]],"friends":[1,2,3,4]}