{"messages":["awkward.","\u201c@_imScrilla: Who up ? \ud83d\udc40\u201d","awkward.","\u201c@_imScrilla: Who up ? \ud83d\udc40\u201d","I wish I was at the game \ud83d\ude12","awkward.","\u201c@_imScrilla: Who up ? \ud83d\udc40\u201d"],"messages_no":7,"bad_words":[],"bad_words_no":0,"weight":0,"location":[[37.9218219,-78.33616394],[37.91666699,-78.33163306],[37.9218219,-78.33616394],[37.91666699,-78.33163306],[37.92203891,-78.33633045],[37.9218219,-78.33616394],[37.91666699,-78.33163306]],"friends":[1,2,3,4]}