{"messages":["Jeremy Kearse puttin in work!!!","Jeremy Kearse puttin in work!!!","@Charapata23 me too man. I'm good but my tummy hurts \ud83d\ude22\ud83d\ude92","Jeremy Kearse puttin in work!!!"],"messages_no":4,"bad_words":[],"bad_words_no":3,"weight":0,"location":[[42.88273455,-87.8959509],[42.88273455,-87.8959509],[42.88459467,-87.90615893],[42.88273455,-87.8959509]],"friends":[1,2,3,4]}