{"messages":["Realize how blessed you are","Realize how blessed you are","Realize how blessed you are","Realize how blessed you are"],"messages_no":4,"bad_words":[],"bad_words_no":0,"weight":0,"location":[33.84963949,-84.71723723,33.84963949,-84.71723723,33.84963949,-84.71723723,33.84963949,-84.71723723]}