{"messages":["My old home! #SSC","My old home! #SSC","My old home! #SSC","My old home! #SSC"],"messages_no":4,"bad_words":[],"bad_words_no":0,"weight":0,"location":[35.33050382,-96.67173089,35.33050382,-96.67173089,35.33050382,-96.67173089,35.33050382,-96.67173089]}