{"messages":["Can we just start please...","Can we just start please...","Can we just start please..."],"messages_no":3,"bad_words":[],"bad_words_no":0,"weight":0,"location":[33.59703374,-117.1645378,33.59703374,-117.1645378,33.59703374,-117.1645378]}