{"messages":["Classic Mike situation","Classic Mike situation","Classic Mike situation"],"messages_no":3,"bad_words":[],"bad_words_no":0,"weight":0,"location":[40.79708828,-77.85616975,40.79708828,-77.85616975,40.79708828,-77.85616975]}