{"messages":["@Megansummerr im bringing both of my snuggies and a pillow lol","\u201c@ItsKidCudii: You can't shine if you don't grind\u201d this is true","@LoganTorno *idiot thats ironic","@Megansummerr im bringing both of my snuggies and a pillow lol","\u201c@ItsKidCudii: You can't shine if you don't grind\u201d this is true","@LoganTorno *idiot thats ironic","Why do people think im gay?","@Megansummerr im bringing both of my snuggies and a pillow lol","\u201c@ItsKidCudii: You can't shine if you don't grind\u201d this is true","@LoganTorno *idiot thats ironic","Why do people think im gay?"],"messages_no":11,"bad_words":[],"bad_words_no":2,"weight":0,"location":[[43.29912153,-70.77413872],[43.29908849,-70.77483877],[43.29912189,-70.77450241],[43.29912153,-70.77413872],[43.29908849,-70.77483877],[43.29912189,-70.77450241],[43.29906497,-70.7745995],[43.29912153,-70.77413872],[43.29908849,-70.77483877],[43.29912189,-70.77450241],[43.29906497,-70.7745995]],"friends":[1,2,3,4]}