{"messages":["Smoothies &gt;&gt;&gt; \ud83d\ude0d\ud83d\ude0a","Smoothies &gt;&gt;&gt; \ud83d\ude0d\ud83d\ude0a","Tempted to skip school today.","Smoothies &gt;&gt;&gt; \ud83d\ude0d\ud83d\ude0a","Tempted to skip school today."],"messages_no":5,"bad_words":[],"bad_words_no":0,"weight":0,"location":[[45.04162231,-93.41053976],[45.04162231,-93.41053976],[45.04157147,-93.41071925],[45.04162231,-93.41053976],[45.04157147,-93.41071925]],"friends":[1,2,3,4]}