{"messages":["Yayyy","Yayyy"],"messages_no":2,"bad_words":[],"bad_words_no":0,"weight":0,"location":[38.93393059,-76.54768752,38.93393059,-76.54768752]}