{"messages":["sometimes i hate having a 808 number. \ud83d\ude1d","sometimes i hate having a 808 number. \ud83d\ude1d","sometimes i hate having a 808 number. \ud83d\ude1d","sometimes i hate having a 808 number. \ud83d\ude1d"],"messages_no":4,"bad_words":[],"bad_words_no":0,"weight":0,"location":[41.52665072,-90.56983153,41.52665072,-90.56983153,41.52665072,-90.56983153,41.52665072,-90.56983153]}