{"messages":["Aww man","Whoever mentions me or my team tonight or Tomorrow were fighting","Aww man","Whoever mentions me or my team tonight or Tomorrow were fighting","Aww man","Whoever mentions me or my team tonight or Tomorrow were fighting"],"messages_no":6,"bad_words":[],"bad_words_no":0,"weight":0,"location":[[39.1480529,-76.8259393],[39.1480528,-76.8259402],[39.1480529,-76.8259393],[39.1480528,-76.8259402],[39.1480529,-76.8259393],[39.1480528,-76.8259402]],"friends":[1,2,3,4]}