{"messages":["@TaylorSchaede14 Whataburger!!!!","@TaylorSchaede14 Whataburger!!!!","This red in my hair faded quickly \ud83d\ude48\ud83d\udc94","That mountain dew commercial tho \ud83d\udc4d","@TaylorSchaede14 Whataburger!!!!","This red in my hair faded quickly \ud83d\ude48\ud83d\udc94","That mountain dew commercial tho \ud83d\udc4d"],"messages_no":7,"bad_words":[],"bad_words_no":0,"weight":0,"location":[[29.84866,-98.01981],[29.84866,-98.01981],[29.85479556,-97.9523951],[29.90175953,-97.96828246],[29.84866,-98.01981],[29.85479556,-97.9523951],[29.90175953,-97.96828246]],"friends":[1,2,3,4]}