{"messages":["@GMA Hell No!!!\ud83d\ude16\ud83d\ude16\ud83d\ude16","@GMA Hell No!!!\ud83d\ude16\ud83d\ude16\ud83d\ude16","@ESPN_FirstTake It's pure bullshit!!! And J Martin is a pussy!!!\ud83d\ude3c\ud83d\ude3c\ud83d\ude3c\ud83d\ude3c\ud83d\ude3c\ud83d\ude3c\ud83d\ude3c\ud83d\ude3c\ud83d\ude3c\ud83d\ude3c\ud83d\ude3c\ud83d\ude3c","@GMA Hell No!!!\ud83d\ude16\ud83d\ude16\ud83d\ude16"],"messages_no":4,"bad_words":[],"bad_words_no":2,"weight":0,"location":[[38.86424873,-76.77194956],[38.86424873,-76.77194956],[38.90281986,-77.04815333],[38.86424873,-76.77194956]],"friends":[1,2,3,4]}