{"messages":["What's wrong with Carmel skin?","What's wrong with Carmel skin?","@LaTesha_K good! Relax that mind!","What's wrong with Carmel skin?"],"messages_no":4,"bad_words":[],"bad_words_no":0,"weight":0,"location":[[39.61285337,-82.90511589],[39.61285337,-82.90511589],[39.61286466,-82.90431951],[39.61285337,-82.90511589]],"friends":[1,2,3,4]}