{"messages":["@GMA Hell No!!!\ud83d\ude16\ud83d\ude16\ud83d\ude16","@GMA Hell No!!!\ud83d\ude16\ud83d\ude16\ud83d\ude16","@GMA Hell No!!!\ud83d\ude16\ud83d\ude16\ud83d\ude16","@GMA Hell No!!!\ud83d\ude16\ud83d\ude16\ud83d\ude16"],"messages_no":4,"bad_words":[],"bad_words_no":0,"weight":0,"location":[38.86424873,-76.77194956,38.86424873,-76.77194956,38.86424873,-76.77194956,38.86424873,-76.77194956]}