{"messages":["What to do tonight?","What to do tonight?","What to do tonight?"],"messages_no":3,"bad_words":[],"bad_words_no":0,"weight":0,"location":[[38.19291172,-99.09815339],[38.19291172,-99.09815339],[38.19291172,-99.09815339]],"friends":[1,2,3,4]}