{"messages":["My car is so dirty :(","My car is so dirty :(","@6italia0 backing out it got caught on an ice block \ud83d\udc94","My car is so dirty :("],"messages_no":4,"bad_words":[],"bad_words_no":0,"weight":0,"location":[[41.13166037,-112.04144133],[41.13166037,-112.04144133],[40.92119484,-111.89016114],[41.13166037,-112.04144133]],"friends":[1,2,3,4]}