{"messages":["I'm so aggravated .","I'm so aggravated .","I'm so aggravated ."],"messages_no":3,"bad_words":[],"bad_words_no":0,"weight":0,"location":[[29.38059849,-98.63997401],[29.38059849,-98.63997401],[29.38059849,-98.63997401]],"friends":[1,2,3,4]}