{"messages":["Whoop there it is..","Whoop there it is..","Maybe you're not as wonderful as I thought you were? #LateNightThoughts \ud83d\udc9b","Whoop there it is.."],"messages_no":4,"bad_words":[],"bad_words_no":0,"weight":0,"location":[[32.28468047,-106.7452473],[32.28468047,-106.7452473],[32.28474438,-106.74522869],[32.28468047,-106.7452473]],"friends":[1,2,3,4]}