{"messages":["Fuck whip cream","\u201c@Vanessa21412: Played such a shitty game today.\u201d"],"messages_no":2,"bad_words":[],"bad_words_no":3,"weight":0,"location":[[32.62023034,-97.40197925],[32.6202174,-97.40200832]]}