{"messages":["@curlyhurrshaay Not today Shay pls! \ud83d\ude29\ud83d\ude02\ud83d\ude02\u270b","@curlyhurrshaay Not today Shay pls! \ud83d\ude29\ud83d\ude02\ud83d\ude02\u270b","@curlyhurrshaay Not today Shay pls! \ud83d\ude29\ud83d\ude02\ud83d\ude02\u270b"],"messages_no":3,"bad_words":[],"bad_words_no":0,"weight":0,"location":[[33.84705201,-117.55022581],[33.84705201,-117.55022581],[33.84705201,-117.55022581]],"friends":[1,2,3,4]}