{"messages":["@Shortie_Alert @vshlynnblue @12_23_98 @Tuhhhhh_ ctfu fr doe \ud83d\ude02\ud83d\ude02\ud83d\ude02\ud83d\ude02\ud83d\ude02\ud83d\ude02","@Shortie_Alert @vshlynnblue @12_23_98 @Tuhhhhh_ ctfu fr doe \ud83d\ude02\ud83d\ude02\ud83d\ude02\ud83d\ude02\ud83d\ude02\ud83d\ude02"],"messages_no":2,"bad_words":[],"bad_words_no":0,"weight":0,"location":[42.9304222,-78.7833151,42.9304222,-78.7833151]}