{"messages":["Breakfast time!","Breakfast time!","Breakfast time!"],"messages_no":3,"bad_words":[],"bad_words_no":0,"weight":0,"location":[[41.05960639,-85.21980884],[41.05960639,-85.21980884],[41.05960639,-85.21980884]],"friends":[1,2,3,4]}