{"messages":["all i get are favorites no retweets show me some love yo","but he looks good tho","all i get are favorites no retweets show me some love yo","but he looks good tho","\u201c@catwifi: I wish I died on 06\/06\/06\u201d that would be iconic","all i get are favorites no retweets show me some love yo","but he looks good tho"],"messages_no":7,"bad_words":[],"bad_words_no":0,"weight":0,"location":[[33.37366784,-86.81534517],[33.36703055,-86.81863449],[33.37366784,-86.81534517],[33.36703055,-86.81863449],[33.36683425,-86.81870355],[33.37366784,-86.81534517],[33.36703055,-86.81863449]],"friends":[1,2,3,4]}