{"messages":["Goodnight Twitter! \ud83d\ude1c\u270c\ufe0f\ud83d\ude34","Goodnight Twitter! \ud83d\ude1c\u270c\ufe0f\ud83d\ude34","Did anyone see the US Gov planned the 9\/11 thing on ESPN 2?! Rotfl... That guy was brave...","Goodnight Twitter! \ud83d\ude1c\u270c\ufe0f\ud83d\ude34","Did anyone see the US Gov planned the 9\/11 thing on ESPN 2?! Rotfl... That guy was brave..."],"messages_no":5,"bad_words":[],"bad_words_no":0,"weight":0,"location":[[36.12195245,-97.07505416],[36.12195245,-97.07505416],[36.12151613,-97.07514578],[36.12195245,-97.07505416],[36.12151613,-97.07514578]],"friends":[1,2,3,4]}