{"messages":["\ud83d\ude33 @kara_bear9397  stop looking at us \ud83d\ude33\ud83d\ude33\ud83d\ude33\ud83d\ude33\ud83d\ude02","\ud83d\ude33 @kara_bear9397  stop looking at us \ud83d\ude33\ud83d\ude33\ud83d\ude33\ud83d\ude33\ud83d\ude02"],"messages_no":2,"bad_words":[],"bad_words_no":0,"weight":0,"location":[39.75578438,-75.56696357,39.75578438,-75.56696357]}