{"messages":["#whatrudoing","#whatrudoing","#whatrudoing"],"messages_no":3,"bad_words":[],"bad_words_no":0,"weight":0,"location":[46.0924182,-95.82124755,46.0924182,-95.82124755,46.0924182,-95.82124755]}