{"messages":["#EsuranceSave30 Show me the money!!","#EsuranceSave30 Show me the money!!","#EsuranceSave30 Show me the money!!"],"messages_no":3,"bad_words":[],"bad_words_no":0,"weight":0,"location":[[33.3149615,-111.74657333],[33.3149615,-111.74657333],[33.3149615,-111.74657333]],"friends":[1,2,3,4]}