{"messages":["@destonybell90 thank you. I try. \ud83d\udc81","@destonybell90 thank you. I try. \ud83d\udc81","@destonybell90 thank you. I try. \ud83d\udc81"],"messages_no":3,"bad_words":[],"bad_words_no":0,"weight":0,"location":[[29.56994078,-98.42909602],[29.56994078,-98.42909602],[29.56994078,-98.42909602]],"friends":[1,2,3,4]}