{"messages":["Hate being lied to,especially when I know the truth\u2026\u2026","Hate being lied to,especially when I know the truth\u2026\u2026","Hate being lied to,especially when I know the truth\u2026\u2026"],"messages_no":3,"bad_words":[],"bad_words_no":0,"weight":0,"location":[32.77621744,-79.84510755,32.77621744,-79.84510755,32.77621744,-79.84510755]}