{"messages":["young and living \ud83d\ude0e","work 6-9 who wants to hangout after","young and living \ud83d\ude0e","work 6-9 who wants to hangout after","young and living \ud83d\ude0e","work 6-9 who wants to hangout after"],"messages_no":6,"bad_words":[],"bad_words_no":0,"weight":0,"location":[[41.48150694,-73.00898093],[41.48143237,-73.00938041],[41.48150694,-73.00898093],[41.48143237,-73.00938041],[41.48150694,-73.00898093],[41.48143237,-73.00938041]],"friends":[1,2,3,4]}