{"messages":["Beer with a straw \ud83d\ude2c","Beer with a straw \ud83d\ude2c","Beer with a straw \ud83d\ude2c"],"messages_no":3,"bad_words":[],"bad_words_no":0,"weight":0,"location":[[32.6441745,-117.0875212],[32.6441745,-117.0875212],[32.6441745,-117.0875212]],"friends":[1,2,3,4]}