{"messages":["Frozen with mama and g","Frozen with mama and g","Frozen with mama and g"],"messages_no":3,"bad_words":[],"bad_words_no":0,"weight":0,"location":[[43.47633346,-83.97529281],[43.47633346,-83.97529281],[43.47633346,-83.97529281]],"friends":[1,2,3,4]}