{"messages":[", you always ugly to a bitch that don't like you \ud83d\ude02",", you always ugly to a bitch that don't like you \ud83d\ude02",", they talking about porn \ud83d\ude16\ud83d\ude37",", my body hurt \ud83d\ude29",", you always ugly to a bitch that don't like you \ud83d\ude02",", they talking about porn \ud83d\ude16\ud83d\ude37"],"messages_no":6,"bad_words":[],"bad_words_no":5,"weight":0,"location":[[30.43376096,-91.0888809],[30.43376096,-91.0888809],[30.43385509,-91.08807251],[30.43431888,-91.08797119],[30.43376096,-91.0888809],[30.43385509,-91.08807251]],"friends":[1,2,3,4]}