{"messages":["I want Krystal's. NOW.","I want Krystal's. NOW.","I want Krystal's. NOW."],"messages_no":3,"bad_words":[],"bad_words_no":0,"weight":0,"location":[[35.44744623,-86.79946128],[35.44744623,-86.79946128],[35.44744623,-86.79946128]],"friends":[1,2,3,4]}