{"messages":["Phone back online hmu \ud83d\ude01","Phone back online hmu \ud83d\ude01","Phone back online hmu \ud83d\ude01"],"messages_no":3,"bad_words":[],"bad_words_no":0,"weight":0,"location":[[40.69501862,-73.37990041],[40.69501862,-73.37990041],[40.69501862,-73.37990041]],"friends":[1,2,3,4]}