{"messages":["Lmao he's an idiot","Lmao he's an idiot","Lmao he's an idiot"],"messages_no":3,"bad_words":[],"bad_words_no":0,"weight":0,"location":[[41.8105833,-87.7225348],[41.8105833,-87.7225348],[41.8105833,-87.7225348]],"friends":[1,2,3,4]}