{"messages":["Happy birthday @Azar_53!!! #missyou \ud83d\ude0a\ud83c\udf89\ud83c\udf81\ud83c\udf88","Happy birthday @Azar_53!!! #missyou \ud83d\ude0a\ud83c\udf89\ud83c\udf81\ud83c\udf88","Happy birthday @Azar_53!!! #missyou \ud83d\ude0a\ud83c\udf89\ud83c\udf81\ud83c\udf88","Happy birthday @Azar_53!!! #missyou \ud83d\ude0a\ud83c\udf89\ud83c\udf81\ud83c\udf88"],"messages_no":4,"bad_words":[],"bad_words_no":0,"weight":0,"location":[40.30851411,-75.93751671,40.30851411,-75.93751671,40.30851411,-75.93751671,40.30851411,-75.93751671]}