{"messages":["Aaaahhhh!!!!","Aaaahhhh!!!!","Aaaahhhh!!!!"],"messages_no":3,"bad_words":[],"bad_words_no":0,"weight":0,"location":[[44.71053745,-67.45750097],[44.71053745,-67.45750097],[44.71053745,-67.45750097]],"friends":[1,2,3,4]}