{"messages":["@lyssplease the fan is just too loud for me man \ud83d\ude29\ud83d\ude29\ud83d\ude29\ud83d\ude29","@lyssplease the fan is just too loud for me man \ud83d\ude29\ud83d\ude29\ud83d\ude29\ud83d\ude29","@lyssplease the fan is just too loud for me man \ud83d\ude29\ud83d\ude29\ud83d\ude29\ud83d\ude29"],"messages_no":3,"bad_words":[],"bad_words_no":0,"weight":0,"location":[[40.28869915,-75.20825647],[40.28869915,-75.20825647],[40.28869915,-75.20825647]],"friends":[1,2,3,4]}