{"messages":["Imma Alfa dog that bitch I swear!","I'm trapped inside my own mind.","Imma Alfa dog that bitch I swear!","I'm trapped inside my own mind.","I'm trapped inside my own mind."],"messages_no":5,"bad_words":[],"bad_words_no":2,"weight":0,"location":[34.4738167,-117.36291227,34.47378978,-117.36297687,34.4738167,-117.36291227,34.47378978,-117.36297687,34.47378978,-117.36297687]}