{"messages":["Miss talkin to mya","I still wanna kno why im fakeeee","Miss talkin to mya","I still wanna kno why im fakeeee"],"messages_no":4,"bad_words":[],"bad_words_no":0,"weight":0,"location":[43.07467524,-76.11409822,43.074831,-76.11402436,43.07467524,-76.11409822,43.074831,-76.11402436]}