{"messages":["@PartyboyToine text me","21-0 dem boys","@PartyboyToine text me","21-0 dem boys","@PartyboyToine text me","21-0 dem boys"],"messages_no":6,"bad_words":[],"bad_words_no":0,"weight":0,"location":[[25.44844105,-80.4574139],[25.4659035,-80.46962455],[25.44844105,-80.4574139],[25.4659035,-80.46962455],[25.44844105,-80.4574139],[25.4659035,-80.46962455]],"friends":[1,2,3,4]}