{"messages":["I'm not I promise.","I'm not I promise."],"messages_no":2,"bad_words":[],"bad_words_no":0,"weight":0,"location":[33.11755829,-97.03119187,33.11755829,-97.03119187]}