{"messages":["OMG PENIS","OMG PENIS","OMG PENIS"],"messages_no":3,"bad_words":[],"bad_words_no":0,"weight":0,"location":[[41.42290159,-94.83442101],[41.42290159,-94.83442101],[41.42290159,-94.83442101]],"friends":[1,2,3,4]}