{"messages":["Happy February. \ud83d\udc95","And i need the toro 4zzz uh","Happy February. \ud83d\udc95","And i need the toro 4zzz uh","\u201c@long_mackenzie: You play both sides. Lmao I don't trust you at all.\u201d\ud83d\udcaf","I love documentaries so much !!! But only ones that interest me.","Happy February. \ud83d\udc95","And i need the toro 4zzz uh"],"messages_no":8,"bad_words":[],"bad_words_no":1,"weight":0,"location":[[39.90916968,-83.43469748],[39.90896537,-83.43468774],[39.90916968,-83.43469748],[39.90896537,-83.43468774],[39.88503516,-83.44715782],[39.90911494,-83.4346347],[39.90916968,-83.43469748],[39.90896537,-83.43468774]],"friends":[1,2,3,4]}