{"messages":["@Brennen_Byrne which doesn't? The camping or country","@RamToughHusker it's a dolphin mannn","@Brennen_Byrne which doesn't? The camping or country","@RamToughHusker it's a dolphin mannn","I feel like \ud83d\udca9","@ScottCottos I guess it's just one of those things you can't ever be comfortable with","@Brennen_Byrne which doesn't? The camping or country","@RamToughHusker it's a dolphin mannn","I feel like \ud83d\udca9"],"messages_no":9,"bad_words":[],"bad_words_no":0,"weight":0,"location":[[40.46128438,-80.65250318],[40.45327367,-80.8768045],[40.46128438,-80.65250318],[40.45327367,-80.8768045],[40.86687307,-81.4376036],[40.37310182,-80.67072501],[40.46128438,-80.65250318],[40.45327367,-80.8768045],[40.86687307,-81.4376036]],"friends":[1,2,3,4]}