{"messages":["Well this sucks","Well this sucks","Well this sucks"],"messages_no":3,"bad_words":[],"bad_words_no":0,"weight":0,"location":[[36.11324348,-97.06378578],[36.11324348,-97.06378578],[36.11324348,-97.06378578]],"friends":[1,2,3,4]}