{"messages":["It wasn't me","It wasn't me"],"messages_no":2,"bad_words":[],"bad_words_no":0,"weight":0,"location":[35.17344318,-79.4802247,35.17344318,-79.4802247]}