{"messages":["@TimberlynRabb16 we really were \ud83d\ude0b","@TimberlynRabb16 we really were \ud83d\ude0b","@TimberlynRabb16 we really were \ud83d\ude0b"],"messages_no":3,"bad_words":[],"bad_words_no":0,"weight":0,"location":[[33.78684513,-83.84153084],[33.78684513,-83.84153084],[33.78684513,-83.84153084]],"friends":[1,2,3,4]}