{"messages":["Pampering myself for surviving this week \ud83d\udc85\ud83d\udc51","Pampering myself for surviving this week \ud83d\udc85\ud83d\udc51","Pampering myself for surviving this week \ud83d\udc85\ud83d\udc51","Pampering myself for surviving this week \ud83d\udc85\ud83d\udc51"],"messages_no":4,"bad_words":[],"bad_words_no":0,"weight":0,"location":[40.71450486,-73.80214395,40.71450486,-73.80214395,40.71450486,-73.80214395,40.71450486,-73.80214395]}