{"messages":["Finally found the Krispy Kreme \ud83d\ude0d\u2665\ufe0f\ud83c\udf69","Finally found the Krispy Kreme \ud83d\ude0d\u2665\ufe0f\ud83c\udf69","Finally found the Krispy Kreme \ud83d\ude0d\u2665\ufe0f\ud83c\udf69"],"messages_no":3,"bad_words":[],"bad_words_no":0,"weight":0,"location":[37.50055084,-77.52712919,37.50055084,-77.52712919,37.50055084,-77.52712919]}