{"messages":["\"These potatoes are so good, McDonalds should think about hiring me.\" \ud83d\ude02\ud83d\ude02\ud83d\ude02 #dadjuststop","Here's to a better week. \u2728","\"These potatoes are so good, McDonalds should think about hiring me.\" \ud83d\ude02\ud83d\ude02\ud83d\ude02 #dadjuststop","Here's to a better week. \u2728","Here's to a better week. \u2728"],"messages_no":5,"bad_words":[],"bad_words_no":0,"weight":0,"location":[37.33450522,-93.28556179,37.33461481,-93.28554109,37.33450522,-93.28556179,37.33461481,-93.28554109,37.33461481,-93.28554109]}