{"messages":["My new follower\ud83d\ude0d","My new follower\ud83d\ude0d","My new follower\ud83d\ude0d","My new follower\ud83d\ude0d"],"messages_no":4,"bad_words":[],"bad_words_no":0,"weight":0,"location":[37.96830229,-84.21837489,37.96830229,-84.21837489,37.96830229,-84.21837489,37.96830229,-84.21837489]}