{"messages":["I'm Full!!!","I'm Full!!!","Me &amp; My nigga Eat together! #Respect It!","I'm Full!!!","Me &amp; My nigga Eat together! #Respect It!"],"messages_no":5,"bad_words":[],"bad_words_no":5,"weight":0,"location":[[41.7851278,-87.6457899],[41.7851278,-87.6457899],[41.7853688,-87.6457538],[41.7851278,-87.6457899],[41.7853688,-87.6457538]],"friends":[1,2,3,4]}