{"messages":["Rn rn http:\/\/t.co\/3SJ7sFFNqV","So many bro hoes out tonight\ud83d\ude02","Rn rn http:\/\/t.co\/3SJ7sFFNqV","So many bro hoes out tonight\ud83d\ude02","Rn rn http:\/\/t.co\/3SJ7sFFNqV","So many bro hoes out tonight\ud83d\ude02"],"messages_no":6,"bad_words":[],"bad_words_no":0,"weight":0,"location":[[34.22426371,-119.05344799],[34.16090209,-118.4682255],[34.22426371,-119.05344799],[34.16090209,-118.4682255],[34.22426371,-119.05344799],[34.16090209,-118.4682255]],"friends":[1,2,3,4]}