{"messages":["All i got is my Pro's\nI dont need no friends","Never going to copper again #CryingGirls","All i got is my Pro's\nI dont need no friends","Never going to copper again #CryingGirls","All i got is my Pro's\nI dont need no friends","Never going to copper again #CryingGirls"],"messages_no":6,"bad_words":[],"bad_words_no":0,"weight":0,"location":[[42.96830107,-85.88196161],[42.96829728,-85.88195955],[42.96830107,-85.88196161],[42.96829728,-85.88195955],[42.96830107,-85.88196161],[42.96829728,-85.88195955]],"friends":[1,2,3,4]}