{"messages":["@QZBeatss whys that?","@QZBeatss whys that?","@QZBeatss whys that?","@QZBeatss whys that?"],"messages_no":4,"bad_words":[],"bad_words_no":0,"weight":0,"location":[38.66978857,-121.22908036,38.66978857,-121.22908036,38.66978857,-121.22908036,38.66978857,-121.22908036]}