{"messages":["This shit awkward as hell","This shit awkward as hell","This shit awkward as hell"],"messages_no":3,"bad_words":[],"bad_words_no":6,"weight":0,"location":[[32.34933331,-90.32606936],[32.34933331,-90.32606936],[32.34933331,-90.32606936]],"friends":[1,2,3,4]}