{"messages":["I'm currently in Jurupa \ud83d\ude02\ud83d\ude02","@_Edguhrr @itbeManny I know you guys went for a cool minute and left back to her 15 right?","I'm currently in Jurupa \ud83d\ude02\ud83d\ude02","@_Edguhrr @itbeManny I know you guys went for a cool minute and left back to her 15 right?","I'm currently in Jurupa \ud83d\ude02\ud83d\ude02","@_Edguhrr @itbeManny I know you guys went for a cool minute and left back to her 15 right?"],"messages_no":6,"bad_words":[],"bad_words_no":0,"weight":0,"location":[[34.01856577,-117.53834741],[33.88343958,-117.88261317],[34.01856577,-117.53834741],[33.88343958,-117.88261317],[34.01856577,-117.53834741],[33.88343958,-117.88261317]],"friends":[1,2,3,4]}