{"messages":["#EsuranceSave30","#EsuranceSave30","#EsuranceSave30"],"messages_no":3,"bad_words":[],"bad_words_no":0,"weight":0,"location":[[43.13125726,-70.93529859],[43.13125726,-70.93529859],[43.13125726,-70.93529859]],"friends":[1,2,3,4]}