{"messages":["Slow motion for mehhhhh.","Slow motion for mehhhhh.","Yeah he's a looker, but I really think it's guts that matter most.","Slow motion for mehhhhh."],"messages_no":4,"bad_words":[],"bad_words_no":0,"weight":0,"location":[[42.59823359,-83.90563198],[42.59823359,-83.90563198],[42.52135845,-83.63015701],[42.59823359,-83.90563198]],"friends":[1,2,3,4]}