{"messages":["Lmao boosie","#stopmyfamily2014 http:\/\/t.co\/HzdMEzQbWD","7th grade, lowkey I thought I was hard af tryna be thug lookin ass","Lmao boosie","#stopmyfamily2014 http:\/\/t.co\/HzdMEzQbWD","7th grade, lowkey I thought I was hard af tryna be thug lookin ass","When you're with your niggas and she sends nudes. https:\/\/t.co\/qcpvJ6yOOM","Lowkey chess is pretty fun, idc.","Lmao boosie","#stopmyfamily2014 http:\/\/t.co\/HzdMEzQbWD","7th grade, lowkey I thought I was hard af tryna be thug lookin ass","When you're with your niggas and she sends nudes. https:\/\/t.co\/qcpvJ6yOOM"],"messages_no":12,"bad_words":[],"bad_words_no":2,"weight":0,"location":[[32.7112483,-97.11238028],[32.71128112,-97.1123419],[32.71125744,-97.11239235],[32.7112483,-97.11238028],[32.71128112,-97.1123419],[32.71125744,-97.11239235],[32.71126871,-97.1122283],[32.71127466,-97.11226755],[32.7112483,-97.11238028],[32.71128112,-97.1123419],[32.71125744,-97.11239235],[32.71126871,-97.1122283]],"friends":[1,2,3,4]}