{"messages":["RIP Philip Seymour Hoffman.","RIP Philip Seymour Hoffman.","RIP Philip Seymour Hoffman."],"messages_no":3,"bad_words":[],"bad_words_no":0,"weight":0,"location":[[41.19785771,-73.18188682],[41.19785771,-73.18188682],[41.19785771,-73.18188682]],"friends":[1,2,3,4]}