{"messages":["Worst night ever I'm done","Worst night ever I'm done","Worst night ever I'm done"],"messages_no":3,"bad_words":[],"bad_words_no":0,"weight":0,"location":[35.08201987,-80.78144501,35.08201987,-80.78144501,35.08201987,-80.78144501]}