{"messages":["Smh Katie","Smh Katie","Smh Katie"],"messages_no":3,"bad_words":[],"bad_words_no":0,"weight":0,"location":[[38.2399055,-84.58237744],[38.2399055,-84.58237744],[38.2399055,-84.58237744]],"friends":[1,2,3,4]}