{"messages":["One direction music videos will be the death of me","She looks so perfect omg","One direction music videos will be the death of me","She looks so perfect omg","One direction music videos will be the death of me","She looks so perfect omg"],"messages_no":6,"bad_words":[],"bad_words_no":0,"weight":0,"location":[[41.0502833,-85.0173033],[41.0503032,-85.0174581],[41.0502833,-85.0173033],[41.0503032,-85.0174581],[41.0502833,-85.0173033],[41.0503032,-85.0174581]],"friends":[1,2,3,4]}