{"messages":["If you follow my tweets I love you","It's been a long time since I've felt right.","I've been counting down the days.","@murom__ I think I'm in love \ud83d\ude0d\ud83d\ude0d\ud83d\ude0d\ud83d\ude0d http:\/\/t.co\/u8VGSkWqqr","Dude this DBZ is fucking lovely","Vans Warped Tour 2013 was seriously the best day ever","\u201c@Hiialexis_: American Football bores me\ud83d\ude34\u201d\n\nReal football is where it's at","If you follow my tweets I love you","It's been a long time since I've felt right.","I've been counting down the days.","@murom__ I think I'm in love \ud83d\ude0d\ud83d\ude0d\ud83d\ude0d\ud83d\ude0d http:\/\/t.co\/u8VGSkWqqr","Dude this DBZ is fucking lovely","Vans Warped Tour 2013 was seriously the best day ever","\u201c@Hiialexis_: American Football bores me\ud83d\ude34\u201d\n\nReal football is where it's at","#EsuranceSave30 \ud83d\udcb0","#EsuranceSave30 \ud83d\udc4c\ud83d\udc4c http:\/\/t.co\/6gGWWAjm5L","\u201c@LilKFromTheCrew: 17. Safe sex or raw?\u201d\n\nNothing safe about the sex I have","@KCCOjones that's sick so should I buy the tickets rn?","If you follow my tweets I love you","It's been a long time since I've felt right.","I've been counting down the days.","@murom__ I think I'm in love \ud83d\ude0d\ud83d\ude0d\ud83d\ude0d\ud83d\ude0d http:\/\/t.co\/u8VGSkWqqr","Dude this DBZ is fucking lovely","Vans Warped Tour 2013 was seriously the best day ever","\u201c@Hiialexis_: American Football bores me\ud83d\ude34\u201d\n\nReal football is where it's at","#EsuranceSave30 \ud83d\udcb0","#EsuranceSave30 \ud83d\udc4c\ud83d\udc4c http:\/\/t.co\/6gGWWAjm5L","\u201c@LilKFromTheCrew: 17. Safe sex or raw?\u201d\n\nNothing safe about the sex I have"],"messages_no":28,"bad_words":[],"bad_words_no":3,"weight":0,"location":[[41.074436,-81.515201],[41.07541522,-81.51278988],[41.07541522,-81.51278988],[41.05931909,-81.4851984],[41.05942665,-81.48533845],[41.05933925,-81.48512397],[41.0529822,-81.48651573],[41.074436,-81.515201],[41.07541522,-81.51278988],[41.07541522,-81.51278988],[41.05931909,-81.4851984],[41.05942665,-81.48533845],[41.05933925,-81.48512397],[41.0529822,-81.48651573],[41.07755027,-81.51813527],[41.07559582,-81.51229153],[41.052905,-81.4865566],[41.05309131,-81.48639134],[41.074436,-81.515201],[41.07541522,-81.51278988],[41.07541522,-81.51278988],[41.05931909,-81.4851984],[41.05942665,-81.48533845],[41.05933925,-81.48512397],[41.0529822,-81.48651573],[41.07755027,-81.51813527],[41.07559582,-81.51229153],[41.052905,-81.4865566]],"friends":[1,2,3,4]}