{"messages":["@BigWajih fuck up\ud83d\ude12","@BigWajih fuck up\ud83d\ude12","@BigWajih fuck up\ud83d\ude12"],"messages_no":3,"bad_words":[],"bad_words_no":3,"weight":0,"location":[[25.96300454,-80.32315205],[25.96300454,-80.32315205],[25.96300454,-80.32315205]],"friends":[1,2,3,4]}