{"messages":["That was horrible","That was horrible","That was horrible","That was horrible"],"messages_no":4,"bad_words":[],"bad_words_no":0,"weight":0,"location":[39.60820139,-75.06549264,39.60820139,-75.06549264,39.60820139,-75.06549264,39.60820139,-75.06549264]}