{"messages":["I would trade my car for an older cobra tbh","I would trade my car for an older cobra tbh","I'm so fucking  awake","They wait for me to slip so they can take my baby","I would trade my car for an older cobra tbh","I would trade my car for an older cobra tbh","I'm so fucking  awake","I'm so fucking  awake"],"messages_no":8,"bad_words":[],"bad_words_no":3,"weight":0,"location":[26.24043224,-80.17874128,26.24043224,-80.17874128,26.2784133,-80.22094714,26.23614994,-80.2002876,26.24043224,-80.17874128,26.24043224,-80.17874128,26.2784133,-80.22094714,26.2784133,-80.22094714]}