{"messages":["Don't EVER tickle @PageKennedy unless you want him to pull a sharkeisha on you lol","Imma get my boobs done lol fuck it","Messy buns &gt;&gt;&gt;","Don't EVER tickle @PageKennedy unless you want him to pull a sharkeisha on you lol","Imma get my boobs done lol fuck it","Messy buns &gt;&gt;&gt;","I want everybody to shout me out on my birthday too \ud83d\ude02","\ud83d\ude02 got Garcia right \u201c@MagicMarkee: @realmessican Elizabeth Maria Selena Garcia\u201d","FOLLOW \ud83d\udc49\ud83d\udc49\ud83d\udc49 \u201c@ThickWomen2: Retweet if you would smash http:\/\/t.co\/OAcoTLzBtA\u201d","FOLLOW \ud83d\udc49\ud83d\udc49\ud83d\udc49 \u201c@LoveDeeKayla: Selfie!! \ud83d\ude02\ud83d\ude02\ud83d\ude02 lol http:\/\/t.co\/c7XJeg2bNX\u201d","Don't EVER tickle @PageKennedy unless you want him to pull a sharkeisha on you lol","Imma get my boobs done lol fuck it","Messy buns &gt;&gt;&gt;","I want everybody to shout me out on my birthday too \ud83d\ude02"],"messages_no":14,"bad_words":[],"bad_words_no":6,"weight":0,"location":[[33.97492535,-118.33293775],[33.97469992,-118.33283331],[33.97312926,-118.33114178],[33.97492535,-118.33293775],[33.97469992,-118.33283331],[33.97312926,-118.33114178],[33.97493143,-118.33272561],[33.9751601,-118.33123016],[33.97467088,-118.332765],[34.04281299,-118.3096115],[33.97492535,-118.33293775],[33.97469992,-118.33283331],[33.97312926,-118.33114178],[33.97493143,-118.33272561]],"friends":[1,2,3,4]}