{"messages":["Don't EVER tickle @PageKennedy unless you want him to pull a sharkeisha on you lol","Imma get my boobs done lol fuck it","Messy buns &gt;&gt;&gt;","Don't EVER tickle @PageKennedy unless you want him to pull a sharkeisha on you lol","Don't EVER tickle @PageKennedy unless you want him to pull a sharkeisha on you lol","Imma get my boobs done lol fuck it","Imma get my boobs done lol fuck it","Messy buns &gt;&gt;&gt;"],"messages_no":8,"bad_words":[],"bad_words_no":6,"weight":0,"location":[33.97492535,-118.33293775,33.97469992,-118.33283331,33.97312926,-118.33114178,33.97492535,-118.33293775,33.97492535,-118.33293775,33.97469992,-118.33283331,33.97469992,-118.33283331,33.97312926,-118.33114178]}