{"messages":["I'm not leaving my bed all weekend \ud83d\ude34","I'm not leaving my bed all weekend \ud83d\ude34","I'm not leaving my bed all weekend \ud83d\ude34"],"messages_no":3,"bad_words":[],"bad_words_no":0,"weight":0,"location":[41.22044803,-73.24186577,41.22044803,-73.24186577,41.22044803,-73.24186577]}