{"messages":["Me and lilly listen to the same music I swear.","Me and lilly listen to the same music I swear.","I SMELL BASEBALL SEASONNN","Go ahead... ask me how much I care. I promise you I gnf.","@Haydo_rmft hell yeah!","Me and lilly listen to the same music I swear.","I SMELL BASEBALL SEASONNN","Go ahead... ask me how much I care. I promise you I gnf."],"messages_no":8,"bad_words":[],"bad_words_no":1,"weight":0,"location":[[30.4851428,-88.2292419],[30.4851428,-88.2292419],[30.4851027,-88.2289861],[30.4849222,-88.2282913],[30.4833018,-88.2289891],[30.4851428,-88.2292419],[30.4851027,-88.2289861],[30.4849222,-88.2282913]],"friends":[1,2,3,4]}