{"messages":["Resurrection. @Jake11291 http:\/\/t.co\/vTAC6s7tc1","Resurrection. @Jake11291 http:\/\/t.co\/vTAC6s7tc1","Resurrection. @Jake11291 http:\/\/t.co\/vTAC6s7tc1"],"messages_no":3,"bad_words":[],"bad_words_no":0,"weight":0,"location":[[33.84546504,-84.36922209],[33.84546504,-84.36922209],[33.84546504,-84.36922209]],"friends":[1,2,3,4]}