{"messages":["#throwback http:\/\/t.co\/LUE2YRHdsG","I really need the money for college #EsuranceSave30","#throwback http:\/\/t.co\/LUE2YRHdsG","I really need the money for college #EsuranceSave30","#throwback http:\/\/t.co\/LUE2YRHdsG","I really need the money for college #EsuranceSave30"],"messages_no":6,"bad_words":[],"bad_words_no":0,"weight":0,"location":[[40.02483445,-79.29936796],[40.32737724,-79.82769423],[40.02483445,-79.29936796],[40.32737724,-79.82769423],[40.02483445,-79.29936796],[40.32737724,-79.82769423]],"friends":[1,2,3,4]}