{"messages":["@TerraWasi I'm tryna start nowwww lol jkk I'd die. And ok sounds good","shushiiii #yesss","@TerraWasi I'm tryna start nowwww lol jkk I'd die. And ok sounds good","shushiiii #yesss","I aint mad at cha","@TerraWasi I'm tryna start nowwww lol jkk I'd die. And ok sounds good","shushiiii #yesss","I aint mad at cha"],"messages_no":8,"bad_words":[],"bad_words_no":0,"weight":0,"location":[[44.0235951,-88.545423],[44.0302771,-88.5889778],[44.0235951,-88.545423],[44.0302771,-88.5889778],[44.0240004,-88.5456052],[44.0235951,-88.545423],[44.0302771,-88.5889778],[44.0240004,-88.5456052]],"friends":[1,2,3,4]}