{"messages":["@RatchetMeow I do. I'm working for it\ud83c\udf54\ud83c\udf5f\ud83c\udf57\ud83c\udf56\ud83c\udf55\ud83c\udf7b\ud83c\udf7a\ud83c\udf70\ud83c\udf82\ud83c\udf67\ud83c\udf68\ud83c\udf66\ud83c\udf6a\ud83c\udf6b\ud83c\udf69\ud83c\udf6c\ud83c\udf6d","But it's game day! #GoBroncos #SB48","@RatchetMeow I do. I'm working for it\ud83c\udf54\ud83c\udf5f\ud83c\udf57\ud83c\udf56\ud83c\udf55\ud83c\udf7b\ud83c\udf7a\ud83c\udf70\ud83c\udf82\ud83c\udf67\ud83c\udf68\ud83c\udf66\ud83c\udf6a\ud83c\udf6b\ud83c\udf69\ud83c\udf6c\ud83c\udf6d","@RatchetMeow I do. I'm working for it\ud83c\udf54\ud83c\udf5f\ud83c\udf57\ud83c\udf56\ud83c\udf55\ud83c\udf7b\ud83c\udf7a\ud83c\udf70\ud83c\udf82\ud83c\udf67\ud83c\udf68\ud83c\udf66\ud83c\udf6a\ud83c\udf6b\ud83c\udf69\ud83c\udf6c\ud83c\udf6d"],"messages_no":4,"bad_words":[],"bad_words_no":0,"weight":0,"location":[45.53282057,-122.60292063,45.53271837,-122.60292391,45.53282057,-122.60292063,45.53282057,-122.60292063]}