{"messages":["Whatchu know about Lil Snupe?","Whatchu know about Lil Snupe?","Whatchu know about Lil Snupe?"],"messages_no":3,"bad_words":[],"bad_words_no":0,"weight":0,"location":[[33.13438035,-117.07450186],[33.13438035,-117.07450186],[33.13438035,-117.07450186]],"friends":[1,2,3,4]}