{"messages":["@hayleyy007 is a mean individual.","Lynchburg lemonade though&gt;&gt;&gt;","@hayleyy007 is a mean individual.","Lynchburg lemonade though&gt;&gt;&gt;","@hayleyy007 is a mean individual.","Lynchburg lemonade though&gt;&gt;&gt;"],"messages_no":6,"bad_words":[],"bad_words_no":0,"weight":0,"location":[[34.58347691,-77.37059792],[34.58347691,-77.37059792],[34.58347691,-77.37059792],[34.58347691,-77.37059792],[34.58347691,-77.37059792],[34.58347691,-77.37059792]],"friends":[1,2,3,4]}