{"messages":["Florence? Eh, sure why not?","Florence? Eh, sure why not?","Florence? Eh, sure why not?","Florence? Eh, sure why not?"],"messages_no":4,"bad_words":[],"bad_words_no":0,"weight":0,"location":[34.69490681,-82.83797579,34.69490681,-82.83797579,34.69490681,-82.83797579,34.69490681,-82.83797579]}