{"messages":["@AlexMadisonn guess who cares ? \ud83d\ude02","@AlexMadisonn guess who cares ? \ud83d\ude02","About to make this run real quick","@AlexMadisonn guess who cares ? \ud83d\ude02","@AlexMadisonn guess who cares ? \ud83d\ude02","About to make this run real quick"],"messages_no":6,"bad_words":[],"bad_words_no":0,"weight":0,"location":[35.99391578,-83.74053486,35.99391578,-83.74053486,35.99395885,-83.74032381,35.99391578,-83.74053486,35.99391578,-83.74053486,35.99395885,-83.74032381]}