{"messages":["Finally a TD","Finally a TD","Finally a TD"],"messages_no":3,"bad_words":[],"bad_words_no":0,"weight":0,"location":[[32.31695561,-89.01804288],[32.31695561,-89.01804288],[32.31695561,-89.01804288]],"friends":[1,2,3,4]}