{"messages":["Watching #YoungGuns2020 and I'm crying","Watching #YoungGuns2020 and I'm crying","Watching #YoungGuns2020 and I'm crying"],"messages_no":3,"bad_words":[],"bad_words_no":0,"weight":0,"location":[[40.16719613,-75.65594258],[40.16719613,-75.65594258],[40.16719613,-75.65594258]],"friends":[1,2,3,4]}