{"messages":["I'm starving","I'm starving","I'm starving"],"messages_no":3,"bad_words":[],"bad_words_no":0,"weight":0,"location":[[38.98114175,-74.94168841],[38.98114175,-74.94168841],[38.98114175,-74.94168841]],"friends":[1,2,3,4]}