{"messages":["@alaskahooper not even bro\ud83d\ude02\ud83d\udc4c. I'm straight now. Fuck it. Plenty of other girls. Right @t_raww_7 ?\ud83d\ude0a","@iemilyschultz I did\ud83d\ude15\ud83d\ude15\ud83d\ude15","Dumb ahh brawd\ud83d\ude02\ud83d\udc4c","@alaskahooper not even bro\ud83d\ude02\ud83d\udc4c. I'm straight now. Fuck it. Plenty of other girls. Right @t_raww_7 ?\ud83d\ude0a","@iemilyschultz I did\ud83d\ude15\ud83d\ude15\ud83d\ude15","Dumb ahh brawd\ud83d\ude02\ud83d\udc4c","@Steffnaaayy I like seaworld though\ud83d\ude14","@alaskahooper not even bro\ud83d\ude02\ud83d\udc4c. I'm straight now. Fuck it. Plenty of other girls. Right @t_raww_7 ?\ud83d\ude0a","@iemilyschultz I did\ud83d\ude15\ud83d\ude15\ud83d\ude15","Dumb ahh brawd\ud83d\ude02\ud83d\udc4c","@Steffnaaayy I like seaworld though\ud83d\ude14"],"messages_no":11,"bad_words":[],"bad_words_no":3,"weight":0,"location":[[30.53523688,-97.54818225],[30.53509975,-97.54841418],[30.53529568,-97.54830052],[30.53523688,-97.54818225],[30.53509975,-97.54841418],[30.53529568,-97.54830052],[30.53509036,-97.54836288],[30.53523688,-97.54818225],[30.53509975,-97.54841418],[30.53529568,-97.54830052],[30.53509036,-97.54836288]],"friends":[1,2,3,4]}