{"messages":["suck a mother fucking dick","suck a mother fucking dick","suck a mother fucking dick"],"messages_no":3,"bad_words":[],"bad_words_no":6,"weight":0,"location":[[33.77378659,-117.95797528],[33.77378659,-117.95797528],[33.77378659,-117.95797528]],"friends":[1,2,3,4]}