{"messages":["15-0. Cool","15-0. Cool","15-0. Cool"],"messages_no":3,"bad_words":[],"bad_words_no":0,"weight":0,"location":[[30.62987708,-96.32571025],[30.62987708,-96.32571025],[30.62987708,-96.32571025]],"friends":[1,2,3,4]}