{"messages":["My dream was so wild last night omgg","My dream was so wild last night omgg","My dream was so wild last night omgg","My dream was so wild last night omgg"],"messages_no":4,"bad_words":[],"bad_words_no":0,"weight":0,"location":[40.77345963,-74.42997147,40.77345963,-74.42997147,40.77345963,-74.42997147,40.77345963,-74.42997147]}