{"messages":["I want some eggs \ud83c\udf73","I want some eggs \ud83c\udf73","I want some eggs \ud83c\udf73"],"messages_no":3,"bad_words":[],"bad_words_no":0,"weight":0,"location":[[43.34131717,-83.08667458],[43.34131717,-83.08667458],[43.34131717,-83.08667458]],"friends":[1,2,3,4]}