{"messages":["And that's just how I feel","And that's just how I feel","And that's just how I feel","And that's just how I feel"],"messages_no":4,"bad_words":[],"bad_words_no":0,"weight":0,"location":[34.77374962,-96.66219036,34.77374962,-96.66219036,34.77374962,-96.66219036,34.77374962,-96.66219036]}