{"messages":["Last night was ummm.. Wow","Last night was ummm.. Wow","Last night was ummm.. Wow","Last night was ummm.. Wow"],"messages_no":4,"bad_words":[],"bad_words_no":0,"weight":0,"location":[34.07251872,-117.33289685,34.07251872,-117.33289685,34.07251872,-117.33289685,34.07251872,-117.33289685]}