{"messages":["What the actual fuck.","Wake and bake , aha \ud83d\ude1c","Her boyfriend always in my messages tho. Smhhh.","What the actual fuck."],"messages_no":4,"bad_words":[],"bad_words_no":2,"weight":0,"location":[29.99910612,-91.19584438,29.99971182,-91.19632609,29.99934992,-91.19551967,29.99910612,-91.19584438]}