{"messages":["Communists that's who!","Communists that's who!","Communists that's who!","Communists that's who!"],"messages_no":4,"bad_words":[],"bad_words_no":0,"weight":0,"location":[39.89555613,-83.79879981,39.89555613,-83.79879981,39.89555613,-83.79879981,39.89555613,-83.79879981]}