{"messages":["Potter Harry. http:\/\/t.co\/0cp5M0Hhzv","Potter Harry. http:\/\/t.co\/0cp5M0Hhzv","Potter Harry. http:\/\/t.co\/0cp5M0Hhzv"],"messages_no":3,"bad_words":[],"bad_words_no":0,"weight":0,"location":[29.87138272,-95.73020737,29.87138272,-95.73020737,29.87138272,-95.73020737]}