{"messages":["We should be growing now","We should be growing now","Born talent doesn't compete with earned talent","Tweeted in Compton, Ca","We should be growing now"],"messages_no":5,"bad_words":[],"bad_words_no":0,"weight":0,"location":[[33.91769435,-118.22833616],[33.91769435,-118.22833616],[33.91765023,-118.22827637],[33.91472904,-118.2535592],[33.91769435,-118.22833616]],"friends":[1,2,3,4]}