{"messages":["R Rihanna grande","R Rihanna grande","R Rihanna grande"],"messages_no":3,"bad_words":[],"bad_words_no":0,"weight":0,"location":[[27.95932259,-82.75667216],[27.95932259,-82.75667216],[27.95932259,-82.75667216]],"friends":[1,2,3,4]}