{"messages":["Not quite. \ud83d\ude14","Not quite. \ud83d\ude14"],"messages_no":2,"bad_words":[],"bad_words_no":0,"weight":0,"location":[41.24403713,-96.01224918,41.24403713,-96.01224918]}