{"messages":["Bakin again.","Doing hair for free is a dubbbbbb","Can't even smoke in peace \ud83d\ude29\ud83d\ude29","Not tryna be inside all day.","Just tried to run over some thots and they ran. Lmfao."],"messages_no":5,"bad_words":[],"bad_words_no":0,"weight":0,"location":[[35.7539816,-78.6035206],[35.7538813,-78.6036169],[35.7562586,-78.6059439],[35.7540156,-78.6034474],[35.7541552,-78.6107095]]}