{"messages":["You can sense the excitement .","You can sense the excitement .","I WILL HAVE SMOOTH LEGS IN ONE WEEK","You can sense the excitement ."],"messages_no":4,"bad_words":[],"bad_words_no":0,"weight":0,"location":[[34.13117958,-117.88735611],[34.13117958,-117.88735611],[34.13084585,-117.8897463],[34.13117958,-117.88735611]],"friends":[1,2,3,4]}