{"messages":["Not replying to \"k\"","Not replying to \"k\"","Not replying to \"k\""],"messages_no":3,"bad_words":[],"bad_words_no":0,"weight":0,"location":[[29.81970117,-95.71280245],[29.81970117,-95.71280245],[29.81970117,-95.71280245]],"friends":[1,2,3,4]}