{"messages":["Its hot as fuck in hereeeee \ud83d\ude21\ud83d\udd25","Its hot as fuck in hereeeee \ud83d\ude21\ud83d\udd25","Its hot as fuck in hereeeee \ud83d\ude21\ud83d\udd25"],"messages_no":3,"bad_words":[],"bad_words_no":3,"weight":0,"location":[[29.68299771,-82.42522868],[29.68299771,-82.42522868],[29.68299771,-82.42522868]],"friends":[1,2,3,4]}