{"messages":["I\u2019d rather have 4 quarters than 100 pennies..","I\u2019d rather have 4 quarters than 100 pennies..","I\u2019d rather have 4 quarters than 100 pennies.."],"messages_no":3,"bad_words":[],"bad_words_no":0,"weight":0,"location":[[32.07931587,-96.50036615],[32.07931587,-96.50036615],[32.07931587,-96.50036615]],"friends":[1,2,3,4]}