{"messages":["@FlyChriss your names tho","@FlyChriss your names tho","Optimistic people are so inspiring &lt;3","@FlyChriss your names tho","Optimistic people are so inspiring &lt;3"],"messages_no":5,"bad_words":[],"bad_words_no":0,"weight":0,"location":[[33.41326387,-111.9242759],[33.41326387,-111.9242759],[33.41324711,-111.92426702],[33.41326387,-111.9242759],[33.41324711,-111.92426702]],"friends":[1,2,3,4]}