{"messages":["It's Pay Day!!! \ud83d\ude4c\ud83d\ude0f","It's Pay Day!!! \ud83d\ude4c\ud83d\ude0f","Oh my \ud83d\ude0a RT\u201c@BabyAnimalPics: he got tired aw http:\/\/t.co\/Z8Z0Y57A1Y\u201d","It's Pay Day!!! \ud83d\ude4c\ud83d\ude0f","Oh my \ud83d\ude0a RT\u201c@BabyAnimalPics: he got tired aw http:\/\/t.co\/Z8Z0Y57A1Y\u201d"],"messages_no":5,"bad_words":[],"bad_words_no":0,"weight":0,"location":[[36.12326568,-97.0756249],[36.12326568,-97.0756249],[36.12299426,-97.07241831],[36.12326568,-97.0756249],[36.12299426,-97.07241831]],"friends":[1,2,3,4]}