{"messages":["Boutta take a little nap then finish my day \u263a\ufe0f\ud83d\udc51","You expect too much","Finna get up and go to the mall","Boutta take a little nap then finish my day \u263a\ufe0f\ud83d\udc51","You expect too much","Finna get up and go to the mall","Where is the fucking bell ?","Boutta take a little nap then finish my day \u263a\ufe0f\ud83d\udc51","You expect too much","Finna get up and go to the mall","Where is the fucking bell ?"],"messages_no":11,"bad_words":[],"bad_words_no":2,"weight":0,"location":[[29.98275856,-95.25393994],[29.98277131,-95.25414119],[29.98270295,-95.25403021],[29.98275856,-95.25393994],[29.98277131,-95.25414119],[29.98270295,-95.25403021],[29.982478,-95.24792932],[29.98275856,-95.25393994],[29.98277131,-95.25414119],[29.98270295,-95.25403021],[29.982478,-95.24792932]],"friends":[1,2,3,4]}