{"messages":["Something about Emma","Something about Emma","Something about Emma"],"messages_no":3,"bad_words":[],"bad_words_no":0,"weight":0,"location":[[42.03708092,-76.02740918],[42.03708092,-76.02740918],[42.03708092,-76.02740918]],"friends":[1,2,3,4]}