{"messages":["I'm so fucking lonely.","@megchavzzzz you're so gorgeous! \ud83d\ude0d","I'm so fucking lonely.","@megchavzzzz you're so gorgeous! \ud83d\ude0d","I'm dressed like a boy.","I'm so fucking lonely.","@megchavzzzz you're so gorgeous! \ud83d\ude0d"],"messages_no":7,"bad_words":[],"bad_words_no":3,"weight":0,"location":[[33.82085512,-118.19954379],[33.82083991,-118.19979732],[33.82085512,-118.19954379],[33.82083991,-118.19979732],[33.82089627,-118.19960724],[33.82085512,-118.19954379],[33.82083991,-118.19979732]],"friends":[1,2,3,4]}