{"messages":["Lean wit the.... http:\/\/t.co\/34hKFyyWq9","@natperussault the turn up never ends","@hunterdunn_2 it says retweet for broncos..","Lean wit the.... http:\/\/t.co\/34hKFyyWq9","@natperussault the turn up never ends","@hunterdunn_2 it says retweet for broncos..","@JonnySoccer1010 crawl back inti whatever asshole u got shitted out of","Lean wit the.... http:\/\/t.co\/34hKFyyWq9","@natperussault the turn up never ends","@hunterdunn_2 it says retweet for broncos.."],"messages_no":10,"bad_words":[],"bad_words_no":2,"weight":0,"location":[[39.09893637,-77.56902217],[39.09126648,-77.59290289],[39.09126636,-77.59287782],[39.09893637,-77.56902217],[39.09126648,-77.59290289],[39.09126636,-77.59287782],[39.09103728,-77.59266548],[39.09893637,-77.56902217],[39.09126648,-77.59290289],[39.09126636,-77.59287782]],"friends":[1,2,3,4]}