{"messages":["When a heart breaks it don't break even","When a heart breaks it don't break even","Who doesn't love a good all nighter \ud83d\ude05","When a heart breaks it don't break even","Who doesn't love a good all nighter \ud83d\ude05"],"messages_no":5,"bad_words":[],"bad_words_no":0,"weight":0,"location":[[44.47345643,-73.20541078],[44.47345643,-73.20541078],[44.47357641,-73.20551807],[44.47345643,-73.20541078],[44.47357641,-73.20551807]],"friends":[1,2,3,4]}