{"messages":["Idk why I get my hopes up \ud83d\ude12\ud83d\ude12","Idk why I get my hopes up \ud83d\ude12\ud83d\ude12","Idk why I get my hopes up \ud83d\ude12\ud83d\ude12","Idk why I get my hopes up \ud83d\ude12\ud83d\ude12"],"messages_no":4,"bad_words":[],"bad_words_no":0,"weight":0,"location":[42.71852964,-84.45299095,42.71852964,-84.45299095,42.71852964,-84.45299095,42.71852964,-84.45299095]}