{"messages":["@SarahJeanBee love her \u2764\ufe0f","@SarahJeanBee love her \u2764\ufe0f","@SarahJeanBee love her \u2764\ufe0f"],"messages_no":3,"bad_words":[],"bad_words_no":0,"weight":0,"location":[[42.37977566,-88.06235209],[42.37977566,-88.06235209],[42.37977566,-88.06235209]],"friends":[1,2,3,4]}