{"messages":["Dates with my auntie !!!! \ud83d\ude0d\ud83d\ude0d\u2764\ufe0f\ud83d\udc85\ud83d\udc87\ud83d\udc6d http:\/\/t.co\/qwynh4NuQn","1st ..... http:\/\/t.co\/k4je4fkFeN","@goldenkurls your hair &gt;&gt;&gt;&gt;","Dates with my auntie !!!! \ud83d\ude0d\ud83d\ude0d\u2764\ufe0f\ud83d\udc85\ud83d\udc87\ud83d\udc6d http:\/\/t.co\/qwynh4NuQn","Dates with my auntie !!!! \ud83d\ude0d\ud83d\ude0d\u2764\ufe0f\ud83d\udc85\ud83d\udc87\ud83d\udc6d http:\/\/t.co\/qwynh4NuQn"],"messages_no":5,"bad_words":[],"bad_words_no":0,"weight":0,"location":[33.87005824,-83.70861034,33.86977333,-83.70850291,33.86999338,-83.70823607,33.87005824,-83.70861034,33.87005824,-83.70861034]}