{"messages":["Senior night! #startedfromthebottom","Somebody play me in 2k!","Senior night! #startedfromthebottom","Senior night! #startedfromthebottom","Somebody play me in 2k!"],"messages_no":5,"bad_words":[],"bad_words_no":0,"weight":0,"location":[30.60835266,-87.90822981,30.60828757,-87.90829907,30.60835266,-87.90822981,30.60835266,-87.90822981,30.60828757,-87.90829907]}