{"messages":["Lmao oh boy","PRAY FOR A TOUCHDOWN","Lmao oh boy","PRAY FOR A TOUCHDOWN","Lmao oh boy","PRAY FOR A TOUCHDOWN"],"messages_no":6,"bad_words":[],"bad_words_no":0,"weight":0,"location":[[40.58928407,-74.23147352],[40.5959106,-74.24465378],[40.58928407,-74.23147352],[40.5959106,-74.24465378],[40.58928407,-74.23147352],[40.5959106,-74.24465378]],"friends":[1,2,3,4]}