{"messages":["Ass and boobs gonna be full force out tonight","I'm gonna die tonight. Pretty sure","@LeeUhm_ on my way","@MermMegan @ayeeeetullyy we're so stupid lmao","I just went into a coma for 10 hours","@DIGLYY \ud83d\udc80 there you go","I'm too drunk for this","I want Sherman to talk more shit"],"messages_no":8,"bad_words":[],"bad_words_no":2,"weight":0,"location":[[40.93510982,-73.99003993],[40.93481163,-73.9899865],[39.96211829,-75.15611225],[40.93491723,-73.99001853],[40.93485646,-73.99010838],[40.93492017,-73.9901316],[40.93485978,-73.98996295],[40.93490764,-73.98982105]]}