{"messages":["I'm so hungry","I'm so hungry","@Whatisclassy next time \u263a\ufe0f","I'm so hungry"],"messages_no":4,"bad_words":[],"bad_words_no":0,"weight":0,"location":[[32.55446675,-84.89868531],[32.55446675,-84.89868531],[32.56210662,-84.93546207],[32.55446675,-84.89868531]],"friends":[1,2,3,4]}