{"messages":["Niggas need to wake up","Niggas need to wake up","Niggas need to wake up"],"messages_no":3,"bad_words":[],"bad_words_no":0,"weight":0,"location":[41.51860045,-72.8065596,41.51860045,-72.8065596,41.51860045,-72.8065596]}