{"messages":["That McDonald's though \ud83d\udc4c","I want some San Jose","@nocomp__ @ahryon_ look at bruh face \ud83d\ude02\ud83d\ude02"],"messages_no":3,"bad_words":[],"bad_words_no":0,"weight":0,"location":[[34.62302177,-79.04821173],[34.61644553,-79.02471414],[34.6165278,-79.02293835]]}