{"messages":["I had a fun Night","I had a fun Night","I had a fun Night"],"messages_no":3,"bad_words":[],"bad_words_no":0,"weight":0,"location":[[38.67561442,-90.34680357],[38.67561442,-90.34680357],[38.67561442,-90.34680357]],"friends":[1,2,3,4]}