{"messages":["Forever young","Forever young","Forever young"],"messages_no":3,"bad_words":[],"bad_words_no":0,"weight":0,"location":[[32.32811519,-110.85061948],[32.32811519,-110.85061948],[32.32811519,-110.85061948]],"friends":[1,2,3,4]}