{"messages":["Whoa hey now comeback??????","Whoa hey now comeback??????","Whoa hey now comeback??????"],"messages_no":3,"bad_words":[],"bad_words_no":0,"weight":0,"location":[[28.07618383,-80.56447709],[28.07618383,-80.56447709],[28.07618383,-80.56447709]],"friends":[1,2,3,4]}