{"messages":["NO WAY!!!","NO WAY!!!","NO WAY!!!"],"messages_no":3,"bad_words":[],"bad_words_no":0,"weight":0,"location":[[40.76464421,-96.68502279],[40.76464421,-96.68502279],[40.76464421,-96.68502279]],"friends":[1,2,3,4]}