{"messages":["@EmCrawford_5 you a wild bull","@EmCrawford_5 you a wild bull","@EmCrawford_5 you a wild bull"],"messages_no":3,"bad_words":[],"bad_words_no":0,"weight":0,"location":[[36.8493836,-76.26741397],[36.8493836,-76.26741397],[36.8493836,-76.26741397]],"friends":[1,2,3,4]}