{"messages":["Finna make a lil trip reql quick \ud83d\udc4c","Finna make a lil trip reql quick \ud83d\udc4c","\u201c@commonfemaIe: black history month \ud83d\ude02\ud83d\udc4c http:\/\/t.co\/de4nxAQP43\u201d","Finna make a lil trip reql quick \ud83d\udc4c"],"messages_no":4,"bad_words":[],"bad_words_no":0,"weight":0,"location":[[42.50910495,-92.35427015],[42.50910495,-92.35427015],[42.51264207,-92.35980491],[42.50910495,-92.35427015]],"friends":[1,2,3,4]}