{"messages":["Superbad is on and it makes me happy.","Superbad is on and it makes me happy.","@KillRachey and I love you.","Superbad is on and it makes me happy.","@KillRachey and I love you."],"messages_no":5,"bad_words":[],"bad_words_no":0,"weight":0,"location":[[42.4043161,-83.2868721],[42.4043161,-83.2868721],[42.6600034,-83.2491539],[42.4043161,-83.2868721],[42.6600034,-83.2491539]],"friends":[1,2,3,4]}