{"messages":["@daniellaaamg HEY SHUT UP","@daniellaaamg HEY SHUT UP","@daniellaaamg HEY SHUT UP"],"messages_no":3,"bad_words":[],"bad_words_no":0,"weight":0,"location":[[40.98371531,-75.19509149],[40.98371531,-75.19509149],[40.98371531,-75.19509149]],"friends":[1,2,3,4]}