{"messages":["Big Kiss Goodnight","Big Kiss Goodnight","Big Kiss Goodnight"],"messages_no":3,"bad_words":[],"bad_words_no":0,"weight":0,"location":[[33.85434505,-98.64775664],[33.85434505,-98.64775664],[33.85434505,-98.64775664]],"friends":[1,2,3,4]}