{"messages":["@RezNBK Your a goon\ud83d\ude02\ud83d\ude02 #BrokeBoy","@RezNBK Your a goon\ud83d\ude02\ud83d\ude02 #BrokeBoy","@RezNBK Your a goon\ud83d\ude02\ud83d\ude02 #BrokeBoy"],"messages_no":3,"bad_words":[],"bad_words_no":0,"weight":0,"location":[[42.41459526,-71.0296501],[42.41459526,-71.0296501],[42.41459526,-71.0296501]],"friends":[1,2,3,4]}