{"messages":["@YungRiot_4 FaceTime or nah","All off of a snapchat like really \ud83d\ude12","@FOREVA_SWAGGIN Lol only black people mess with ps3","@YungRiot_4 FaceTime or nah","All off of a snapchat like really \ud83d\ude12","@FOREVA_SWAGGIN Lol only black people mess with ps3","@YungRiot_4 FaceTime or nah","All off of a snapchat like really \ud83d\ude12","@FOREVA_SWAGGIN Lol only black people mess with ps3"],"messages_no":9,"bad_words":[],"bad_words_no":0,"weight":0,"location":[[36.12475498,-95.8415375],[36.12478436,-95.84150565],[36.12467074,-95.84155208],[36.12475498,-95.8415375],[36.12478436,-95.84150565],[36.12467074,-95.84155208],[36.12475498,-95.8415375],[36.12478436,-95.84150565],[36.12467074,-95.84155208]],"friends":[1,2,3,4]}