{"messages":["Yeah pretty much http:\/\/t.co\/hz2nmVNwcw","I'm so fucking cool http:\/\/t.co\/N9QY0LRBO8","Yeah pretty much http:\/\/t.co\/hz2nmVNwcw","I'm so fucking cool http:\/\/t.co\/N9QY0LRBO8","I would never say this but school was really fun today lol","Peace \u270c\ufe0f","Yeah pretty much http:\/\/t.co\/hz2nmVNwcw","I'm so fucking cool http:\/\/t.co\/N9QY0LRBO8","I would never say this but school was really fun today lol"],"messages_no":9,"bad_words":[],"bad_words_no":3,"weight":0,"location":[[33.76638434,-118.1634582],[33.74906046,-118.1090804],[33.76638434,-118.1634582],[33.74906046,-118.1090804],[33.74905505,-118.10905654],[33.74901052,-118.10908133],[33.76638434,-118.1634582],[33.74906046,-118.1090804],[33.74905505,-118.10905654]],"friends":[1,2,3,4]}