{"messages":["Yeah pretty much http:\/\/t.co\/hz2nmVNwcw","I'm so fucking cool http:\/\/t.co\/N9QY0LRBO8","Yeah pretty much http:\/\/t.co\/hz2nmVNwcw","I'm so fucking cool http:\/\/t.co\/N9QY0LRBO8"],"messages_no":4,"bad_words":[],"bad_words_no":2,"weight":0,"location":[33.76638434,-118.1634582,33.74906046,-118.1090804,33.76638434,-118.1634582,33.74906046,-118.1090804]}