{"messages":["Stunned","Stunned","Stunned"],"messages_no":3,"bad_words":[],"bad_words_no":0,"weight":0,"location":[[40.5006723,-80.0721642],[40.5006723,-80.0721642],[40.5006723,-80.0721642]],"friends":[1,2,3,4]}