{"messages":["Not happy with my grades \ud83d\ude15","Not happy with my grades \ud83d\ude15","Not happy with my grades \ud83d\ude15","Not happy with my grades \ud83d\ude15"],"messages_no":4,"bad_words":[],"bad_words_no":0,"weight":0,"location":[42.64128605,-84.58227617,42.64128605,-84.58227617,42.64128605,-84.58227617,42.64128605,-84.58227617]}