{"messages":["This is one big fat joke.","This is one big fat joke.","This is one big fat joke."],"messages_no":3,"bad_words":[],"bad_words_no":0,"weight":0,"location":[[39.36441305,-107.02732358],[39.36441305,-107.02732358],[39.36441305,-107.02732358]],"friends":[1,2,3,4]}