{"messages":["I'm at McDonald's","@GFINEE lol I didn't notice until now","\u201c@kryssss13: Time heals all\u201d but heels hurt to walk in","I'm at McDonald's","@GFINEE lol I didn't notice until now","\u201c@kryssss13: Time heals all\u201d but heels hurt to walk in","I'm at McDonald's","@GFINEE lol I didn't notice until now","\u201c@kryssss13: Time heals all\u201d but heels hurt to walk in"],"messages_no":9,"bad_words":[],"bad_words_no":0,"weight":0,"location":[[29.88413588,-97.92249223],[29.90191782,-97.91210145],[29.84965603,-97.9512518],[29.88413588,-97.92249223],[29.90191782,-97.91210145],[29.84965603,-97.9512518],[29.88413588,-97.92249223],[29.90191782,-97.91210145],[29.84965603,-97.9512518]],"friends":[1,2,3,4]}