{"messages":["@sophiar4444 @alexiaalyleah12 dying\ud83d\ude02\ud83d\ude02\ud83d\ude02\ud83d\ude02\ud83d\ude02","@sophiar4444 @alexiaalyleah12 dying\ud83d\ude02\ud83d\ude02\ud83d\ude02\ud83d\ude02\ud83d\ude02"],"messages_no":2,"bad_words":[],"bad_words_no":0,"weight":0,"location":[41.68942124,-83.39290142,41.68942124,-83.39290142]}