{"messages":["goodmorningg \ue418","\"@jmichelleb_: \u201c@UrOne_AndOnly: Damn\ud83d\ude15\ud83d\ude02\ud83d\ude14 http:\/\/t.co\/fcp3uAtDPn\u201d I guess we're both crazy \ud83d\ude15\" me \ue40e\ue40e\ue40e","goodmorningg \ue418"],"messages_no":3,"bad_words":[],"bad_words_no":1,"weight":0,"location":[39.3637718,-74.4331383,40.6763265,-74.1185037,39.3637718,-74.4331383]}