{"messages":["What the fuck","What the fuck","What the fuck"],"messages_no":3,"bad_words":[],"bad_words_no":3,"weight":0,"location":[[42.69213177,-78.80997696],[42.69213177,-78.80997696],[42.69213177,-78.80997696]],"friends":[1,2,3,4]}