{"messages":["Good morning \ud83d\ude4a http:\/\/t.co\/aSe8vHsQoP","Good morning \ud83d\ude4a http:\/\/t.co\/aSe8vHsQoP","Ima go to sleep before I end up texting my ex some dumb shit","Nigga was I suppose to give a fuck \ud83d\ude29\ud83d\ude02","I'm bored now \ud83d\ude34\ud83d\ude34","Good morning \ud83d\ude4a http:\/\/t.co\/aSe8vHsQoP","Good morning \ud83d\ude4a http:\/\/t.co\/aSe8vHsQoP","Ima go to sleep before I end up texting my ex some dumb shit","Nigga was I suppose to give a fuck \ud83d\ude29\ud83d\ude02"],"messages_no":9,"bad_words":[],"bad_words_no":4,"weight":0,"location":[40.34529187,-74.18646176,40.34529187,-74.18646176,40.34530119,-74.18642012,40.34522641,-74.18664198,40.34529745,-74.18650239,40.34529187,-74.18646176,40.34529187,-74.18646176,40.34530119,-74.18642012,40.34522641,-74.18664198]}