{"messages":["Lord knows I needed this","Lord knows I needed this","Wake up say my prayers and be like fuck a nigga \ud83d\ude4f","Lord knows I needed this","Wake up say my prayers and be like fuck a nigga \ud83d\ude4f"],"messages_no":5,"bad_words":[],"bad_words_no":4,"weight":0,"location":[[32.52583771,-92.63135696],[32.52583771,-92.63135696],[33.44358457,-90.50462494],[32.52583771,-92.63135696],[33.44358457,-90.50462494]],"friends":[1,2,3,4]}