{"messages":["I wish you knew how fucking mad you make me.","I wish you knew how fucking mad you make me.","Can't believe I'm about to post my car on craigslist \ud83d\ude01\ud83d\ude01\ud83d\ude01","I wish you knew how fucking mad you make me.","Can't believe I'm about to post my car on craigslist \ud83d\ude01\ud83d\ude01\ud83d\ude01"],"messages_no":5,"bad_words":[],"bad_words_no":3,"weight":0,"location":[[28.66597608,-81.49818976],[28.66597608,-81.49818976],[28.66601853,-81.49809957],[28.66597608,-81.49818976],[28.66601853,-81.49809957]],"friends":[1,2,3,4]}