{"messages":["Ill show you","Ill show you","@WondoDaShooter you know who I'm talkin about","Ill show you"],"messages_no":4,"bad_words":[],"bad_words_no":0,"weight":0,"location":[[38.23784987,-86.39565767],[38.23784987,-86.39565767],[37.74120283,-87.06997801],[38.23784987,-86.39565767]],"friends":[1,2,3,4]}