{"messages":["The beginning is so boring","Scientology \ud83d\ude02","Ohhhhhhhhhhhh","The beginning is so boring","Scientology \ud83d\ude02","Ohhhhhhhhhhhh","The beginning is so boring","Scientology \ud83d\ude02","Ohhhhhhhhhhhh"],"messages_no":9,"bad_words":[],"bad_words_no":0,"weight":0,"location":[[33.86378882,-117.99913986],[33.86373899,-117.99925192],[33.86375119,-117.99901095],[33.86378882,-117.99913986],[33.86373899,-117.99925192],[33.86375119,-117.99901095],[33.86378882,-117.99913986],[33.86373899,-117.99925192],[33.86375119,-117.99901095]],"friends":[1,2,3,4]}