{"messages":["\ud83d\ude33\ud83d\ude02\ud83d\ude02\ud83d\ude02 how did I know you were gonna favorite that. Lol","\ud83d\ude33\ud83d\ude02\ud83d\ude02\ud83d\ude02 how did I know you were gonna favorite that. Lol","\ud83d\ude33\ud83d\ude02\ud83d\ude02\ud83d\ude02 how did I know you were gonna favorite that. Lol"],"messages_no":3,"bad_words":[],"bad_words_no":0,"weight":0,"location":[[29.44874982,-95.87297626],[29.44874982,-95.87297626],[29.44874982,-95.87297626]],"friends":[1,2,3,4]}