{"messages":["Just seen the nastiest video on YouTube \ud83d\ude37\ud83d\ude29","Just seen the nastiest video on YouTube \ud83d\ude37\ud83d\ude29","Just seen the nastiest video on YouTube \ud83d\ude37\ud83d\ude29"],"messages_no":3,"bad_words":[],"bad_words_no":0,"weight":0,"location":[38.70421075,-121.33843897,38.70421075,-121.33843897,38.70421075,-121.33843897]}