{"messages":["Figured that &lt;&lt;&lt;","That shit fluke ...","Figured that &lt;&lt;&lt;","That shit fluke ...","Still up dry","Figured that &lt;&lt;&lt;","That shit fluke ..."],"messages_no":7,"bad_words":[],"bad_words_no":3,"weight":0,"location":[[37.20697423,-77.46420757],[37.20716114,-77.46530235],[37.20697423,-77.46420757],[37.20716114,-77.46530235],[37.20728772,-77.46369075],[37.20697423,-77.46420757],[37.20716114,-77.46530235]],"friends":[1,2,3,4]}