{"messages":["Infatuated \ud83d\ude0d\ud83d\udc4d\ud83d\udc4c\ud83d\ude4b","Infatuated \ud83d\ude0d\ud83d\udc4d\ud83d\udc4c\ud83d\ude4b","Infatuated \ud83d\ude0d\ud83d\udc4d\ud83d\udc4c\ud83d\ude4b"],"messages_no":3,"bad_words":[],"bad_words_no":0,"weight":0,"location":[[40.19762197,-85.40684629],[40.19762197,-85.40684629],[40.19762197,-85.40684629]],"friends":[1,2,3,4]}