{"messages":["Syracuse with the w!","Better have some good food tommorow","Syracuse with the w!","Better have some good food tommorow","Syracuse with the w!","Better have some good food tommorow"],"messages_no":6,"bad_words":[],"bad_words_no":0,"weight":0,"location":[[41.48571457,-87.38607196],[41.48555473,-87.38614598],[41.48571457,-87.38607196],[41.48555473,-87.38614598],[41.48571457,-87.38607196],[41.48555473,-87.38614598]],"friends":[1,2,3,4]}