{"messages":["Fell asleep on me damn it","Fell asleep on me damn it","Fell asleep on me damn it"],"messages_no":3,"bad_words":[],"bad_words_no":3,"weight":0,"location":[40.9152189,-90.63868642,40.9152189,-90.63868642,40.9152189,-90.63868642]}