{"messages":["I look like a dirt ball my hair is filthy","I look like a dirt ball my hair is filthy","I look like a dirt ball my hair is filthy","I look like a dirt ball my hair is filthy"],"messages_no":4,"bad_words":[],"bad_words_no":0,"weight":0,"location":[40.15210334,-75.34877415,40.15210334,-75.34877415,40.15210334,-75.34877415,40.15210334,-75.34877415]}