{"messages":["I'm nervous","I'm nervous","I'm nervous"],"messages_no":3,"bad_words":[],"bad_words_no":0,"weight":0,"location":[[34.27802174,-118.404593],[34.27802174,-118.404593],[34.27802174,-118.404593]],"friends":[1,2,3,4]}