{"messages":["@DC3_Pitts never got a texted from u","@DC3_Pitts never got a texted from u","Baby you the SHXT","@DC3_Pitts never got a texted from u"],"messages_no":4,"bad_words":[],"bad_words_no":0,"weight":0,"location":[[36.1476645,-95.9489134],[36.1476645,-95.9489134],[36.1161656,-95.9223113],[36.1476645,-95.9489134]],"friends":[1,2,3,4]}