{"messages":["Where to watch where to watch","Where to watch where to watch","Where to watch where to watch"],"messages_no":3,"bad_words":[],"bad_words_no":0,"weight":0,"location":[[34.00259215,-81.01105187],[34.00259215,-81.01105187],[34.00259215,-81.01105187]],"friends":[1,2,3,4]}