{"messages":["Let's go #Hawks","Let's go #Hawks","Let's go #Hawks"],"messages_no":3,"bad_words":[],"bad_words_no":0,"weight":0,"location":[[40.4420029,-79.9599078],[40.4420029,-79.9599078],[40.4420029,-79.9599078]],"friends":[1,2,3,4]}