{"messages":["Way to ruin my mood already.","Way to ruin my mood already.","Way to ruin my mood already."],"messages_no":3,"bad_words":[],"bad_words_no":0,"weight":0,"location":[[36.92120304,-84.16393099],[36.92120304,-84.16393099],[36.92120304,-84.16393099]],"friends":[1,2,3,4]}