{"messages":["Steph curry is unreal","Steph curry is unreal","Steph curry is unreal"],"messages_no":3,"bad_words":[],"bad_words_no":0,"weight":0,"location":[[38.17502895,-85.66494685],[38.17502895,-85.66494685],[38.17502895,-85.66494685]],"friends":[1,2,3,4]}