{"messages":["It's cold AF!","It's cold AF!","@Jooelymac duhhhhhhh duhhhhh duhhhh duhhhhhh was that enough? Or nahhhhh?","It's cold AF!","@Jooelymac duhhhhhhh duhhhhh duhhhh duhhhhhh was that enough? Or nahhhhh?"],"messages_no":5,"bad_words":[],"bad_words_no":0,"weight":0,"location":[[34.0349905,-118.28352599],[34.0349905,-118.28352599],[34.03462688,-118.28377204],[34.0349905,-118.28352599],[34.03462688,-118.28377204]],"friends":[1,2,3,4]}