{"messages":["@KissMah_Assh at work","@KissMah_Assh at work","Wtf has the world come to man \ud83d\ude02","@KissMah_Assh at work"],"messages_no":4,"bad_words":[],"bad_words_no":0,"weight":0,"location":[[34.0049838,-118.33242089],[34.0049838,-118.33242089],[34.01604643,-118.2495236],[34.0049838,-118.33242089]],"friends":[1,2,3,4]}