{"messages":["party bound \ud83c\udf89 http:\/\/t.co\/tRtS1UI238","party bound \ud83c\udf89 http:\/\/t.co\/tRtS1UI238"],"messages_no":2,"bad_words":[],"bad_words_no":0,"weight":0,"location":[39.86550323,-86.27214823,39.86550323,-86.27214823]}