{"messages":["Finally Home \ud83d\ude4c\ud83d\ude4c\ud83d\ude4c","Finally Home \ud83d\ude4c\ud83d\ude4c\ud83d\ude4c","Finally Home \ud83d\ude4c\ud83d\ude4c\ud83d\ude4c"],"messages_no":3,"bad_words":[],"bad_words_no":0,"weight":0,"location":[[42.20745756,-72.60659379],[42.20745756,-72.60659379],[42.20745756,-72.60659379]],"friends":[1,2,3,4]}