{"messages":["Anthony just got 63 on flappy bird.\ud83d\ude12 #isuck","\u201c@UnbridldCowgirl: HOLY!!!! Is there another team in this game!!?! &gt;:(\u201d","Anthony just got 63 on flappy bird.\ud83d\ude12 #isuck","\u201c@UnbridldCowgirl: HOLY!!!! Is there another team in this game!!?! &gt;:(\u201d","Anthony just got 63 on flappy bird.\ud83d\ude12 #isuck","\u201c@UnbridldCowgirl: HOLY!!!! Is there another team in this game!!?! &gt;:(\u201d"],"messages_no":6,"bad_words":[],"bad_words_no":0,"weight":0,"location":[[42.85891055,-76.67866061],[43.03117161,-76.63336659],[42.85891055,-76.67866061],[43.03117161,-76.63336659],[42.85891055,-76.67866061],[43.03117161,-76.63336659]],"friends":[1,2,3,4]}