{"messages":["I am so sleepy but I must go to the gym","I pray chivas losses","I am so sleepy but I must go to the gym","I pray chivas losses","I am so sleepy but I must go to the gym","I pray chivas losses"],"messages_no":6,"bad_words":[],"bad_words_no":0,"weight":0,"location":[[41.8560657,-87.7769026],[41.8555434,-87.7765127],[41.8560657,-87.7769026],[41.8555434,-87.7765127],[41.8560657,-87.7769026],[41.8555434,-87.7765127]],"friends":[1,2,3,4]}