{"messages":["Talk dirty ~","Talk dirty ~","Talk dirty ~","Talk dirty ~"],"messages_no":4,"bad_words":[],"bad_words_no":0,"weight":0,"location":[42.2696051,-89.0334558,42.2696051,-89.0334558,42.2696051,-89.0334558,42.2696051,-89.0334558]}