{"messages":["I'm. So. Bored.","I'm. So. Bored.","I'm. So. Bored."],"messages_no":3,"bad_words":[],"bad_words_no":0,"weight":0,"location":[[34.6847762,-118.07835069],[34.6847762,-118.07835069],[34.6847762,-118.07835069]],"friends":[1,2,3,4]}