{"messages":["The struggle is real","The struggle is real","The struggle is real"],"messages_no":3,"bad_words":[],"bad_words_no":0,"weight":0,"location":[[35.37567684,-80.66905284],[35.37567684,-80.66905284],[35.37567684,-80.66905284]],"friends":[1,2,3,4]}