{"messages":["just gonna go blond, fuck it","just gonna go blond, fuck it","just gonna go blond, fuck it"],"messages_no":3,"bad_words":[],"bad_words_no":3,"weight":0,"location":[[32.28447544,-110.95731791],[32.28447544,-110.95731791],[32.28447544,-110.95731791]],"friends":[1,2,3,4]}