{"messages":["Had the best dream ever now that I think about it.","@joevonmorgan well that sucks","Had the best dream ever now that I think about it.","@joevonmorgan well that sucks","People on the train blow me","Had the best dream ever now that I think about it.","@joevonmorgan well that sucks"],"messages_no":7,"bad_words":[],"bad_words_no":0,"weight":0,"location":[[42.00007675,-87.70138325],[42.00000035,-87.70108431],[42.00007675,-87.70138325],[42.00000035,-87.70108431],[41.95421369,-87.65522304],[42.00007675,-87.70138325],[42.00000035,-87.70108431]],"friends":[1,2,3,4]}