{"messages":["@madi_newman ur father","@madi_newman ur father","@madi_newman ur father"],"messages_no":3,"bad_words":[],"bad_words_no":0,"weight":0,"location":[[32.40941393,-93.58427389],[32.40941393,-93.58427389],[32.40941393,-93.58427389]],"friends":[1,2,3,4]}