{"messages":["Need sleep\ud83d\udc80","Need sleep\ud83d\udc80","Need sleep\ud83d\udc80"],"messages_no":3,"bad_words":[],"bad_words_no":0,"weight":0,"location":[39.1209969,-75.51861732,39.1209969,-75.51861732,39.1209969,-75.51861732]}