{"messages":["Smart dude we getting ignorant","Smart dude we getting ignorant","Smart dude we getting ignorant"],"messages_no":3,"bad_words":[],"bad_words_no":0,"weight":0,"location":[36.7109311,-121.63562679,36.7109311,-121.63562679,36.7109311,-121.63562679]}