{"messages":["Ctfu and what you say?","Ctfu and what you say?","Ctfu and what you say?"],"messages_no":3,"bad_words":[],"bad_words_no":0,"weight":0,"location":[[36.16744594,-96.01094012],[36.16744594,-96.01094012],[36.16744594,-96.01094012]],"friends":[1,2,3,4]}