{"messages":["@kperdomo14 In going to text u","@kperdomo14 In going to text u","@DayhanaBanana u going with your parents ?","@kperdomo14 In going to text u"],"messages_no":4,"bad_words":[],"bad_words_no":0,"weight":0,"location":[[41.8881834,-71.34939351],[41.8881834,-71.34939351],[41.88812622,-71.34940566],[41.8881834,-71.34939351]],"friends":[1,2,3,4]}