{"messages":["Better have some drank or canabis tonight or imma b mad","I seriously wish I was high ugh","@MonaeMtaylor whenever you want . Do you have my number?","Better have some drank or canabis tonight or imma b mad","Better have some drank or canabis tonight or imma b mad","I seriously wish I was high ugh"],"messages_no":6,"bad_words":[],"bad_words_no":0,"weight":0,"location":[37.8039728,-122.22843005,37.99202763,-121.79784049,37.99177018,-121.7969164,37.8039728,-122.22843005,37.8039728,-122.22843005,37.99202763,-121.79784049]}