{"messages":["Chop suey!","Chop suey!"],"messages_no":2,"bad_words":[],"bad_words_no":0,"weight":0,"location":[33.90481944,-118.15267337,33.90481944,-118.15267337]}