{"messages":["Secretly praying for snow","Secretly praying for snow","@Choclatie_Clare forreal.....","Secretly praying for snow"],"messages_no":4,"bad_words":[],"bad_words_no":0,"weight":0,"location":[[39.42136952,-77.2723725],[39.42136952,-77.2723725],[39.42136487,-77.27211633],[39.42136952,-77.2723725]],"friends":[1,2,3,4]}