{"messages":["i was sick this morning with the cold for 5 minutes and now its gone..... wtf\ud83d\ude15","aint nobody gonna say nothing about me \ud83c\udfb6","i was sick this morning with the cold for 5 minutes and now its gone..... wtf\ud83d\ude15","aint nobody gonna say nothing about me \ud83c\udfb6","@50xYomar STOP IT!!!!! lol","i dont like arguements nope. i get wayyy to defensive.","@pocahontaskellz that should be good !","@Kfernandez8 lol naaa . i think you guys are on the other side of route 46","i was sick this morning with the cold for 5 minutes and now its gone..... wtf\ud83d\ude15","aint nobody gonna say nothing about me \ud83c\udfb6","@50xYomar STOP IT!!!!! lol"],"messages_no":11,"bad_words":[],"bad_words_no":0,"weight":0,"location":[[40.77869151,-74.02552418],[40.76979466,-74.03320997],[40.77869151,-74.02552418],[40.76979466,-74.03320997],[40.77889506,-74.02539812],[40.7788626,-74.0254058],[40.77880219,-74.02551639],[40.77876502,-74.02559979],[40.77869151,-74.02552418],[40.76979466,-74.03320997],[40.77889506,-74.02539812]],"friends":[1,2,3,4]}