{"messages":["@alexancira guilty... \ud83d\ude4d","@alexancira guilty... \ud83d\ude4d","@alexancira guilty... \ud83d\ude4d","@alexancira guilty... \ud83d\ude4d"],"messages_no":4,"bad_words":[],"bad_words_no":0,"weight":0,"location":[31.63526427,-94.63133829,31.63526427,-94.63133829,31.63526427,-94.63133829,31.63526427,-94.63133829]}