{"messages":["@JakeDonald10 thanks chief","@taknKARAbusines thanks that means a lot","@JakeDonald10 thanks chief","@JakeDonald10 thanks chief","@taknKARAbusines thanks that means a lot"],"messages_no":5,"bad_words":[],"bad_words_no":0,"weight":0,"location":[40.35122763,-79.63661315,40.35090704,-79.63658709,40.35122763,-79.63661315,40.35122763,-79.63661315,40.35090704,-79.63658709]}