{"messages":["It's so heavy","It's so heavy","It's so heavy"],"messages_no":3,"bad_words":[],"bad_words_no":0,"weight":0,"location":[[30.6306951,-84.4145076],[30.6306951,-84.4145076],[30.6306951,-84.4145076]],"friends":[1,2,3,4]}