{"messages":["Tired of everybody","Tired of everybody","Tired of everybody","Tired of everybody"],"messages_no":4,"bad_words":[],"bad_words_no":0,"weight":0,"location":[30.55833666,-96.28635656,30.55833666,-96.28635656,30.55833666,-96.28635656,30.55833666,-96.28635656]}