{"messages":["OMG another one!!! #SB48","OMG another one!!! #SB48","OMG another one!!! #SB48"],"messages_no":3,"bad_words":[],"bad_words_no":0,"weight":0,"location":[[42.43447284,-85.68666248],[42.43447284,-85.68666248],[42.43447284,-85.68666248]],"friends":[1,2,3,4]}