{"messages":["At* fml too early","At* fml too early","At* fml too early","At* fml too early"],"messages_no":4,"bad_words":[],"bad_words_no":0,"weight":0,"location":[33.1329275,-96.82383623,33.1329275,-96.82383623,33.1329275,-96.82383623,33.1329275,-96.82383623]}