{"messages":["#knicks","#knicks"],"messages_no":2,"bad_words":[],"bad_words_no":0,"weight":0,"location":[39.9039926,-95.79146476,39.9039926,-95.79146476]}