{"messages":["42- 27 broncos but I want the seabirds to win","42- 27 broncos but I want the seabirds to win","42- 27 broncos but I want the seabirds to win"],"messages_no":3,"bad_words":[],"bad_words_no":0,"weight":0,"location":[[42.9975906,-78.80330741],[42.9975906,-78.80330741],[42.9975906,-78.80330741]],"friends":[1,2,3,4]}