{"messages":["Seattle Seahaqks#WhosGonnaWin","Seattle Seahaqks#WhosGonnaWin","Seattle Seahaqks#WhosGonnaWin"],"messages_no":3,"bad_words":[],"bad_words_no":0,"weight":0,"location":[46.49915856,-122.94871881,46.49915856,-122.94871881,46.49915856,-122.94871881]}