{"messages":["@balhardwitwaka Wait what?","@balhardwitwaka Wait what?","@balhardwitwaka Wait what?"],"messages_no":3,"bad_words":[],"bad_words_no":0,"weight":0,"location":[[40.71732564,-74.00203136],[40.71732564,-74.00203136],[40.71732564,-74.00203136]],"friends":[1,2,3,4]}