{"messages":["@eemmmm__  you are tall!! And it's ok I still love u","You don't have anymore selfies to favorite \ud83d\ude01\ud83d\ude01","Nikki how'd you get on that commercial?","Damn Bruno is killing rn","@eemmmm__  you are tall!! And it's ok I still love u","You don't have anymore selfies to favorite \ud83d\ude01\ud83d\ude01","You don't have anymore selfies to favorite \ud83d\ude01\ud83d\ude01"],"messages_no":7,"bad_words":[],"bad_words_no":0,"weight":0,"location":[43.09240679,-75.2171812,43.09243286,-75.21722643,43.09218939,-75.21715307,43.09242845,-75.21722857,43.09240679,-75.2171812,43.09243286,-75.21722643,43.09243286,-75.21722643]}