{"messages":["The past two days have been pretty hilarious \ud83d\ude02\ud83d\ude02\ud83d\ude02","This weather tho&gt;&gt;&gt; \ud83d\ude0d","The past two days have been pretty hilarious \ud83d\ude02\ud83d\ude02\ud83d\ude02"],"messages_no":3,"bad_words":[],"bad_words_no":0,"weight":0,"location":[37.53984408,-77.30766398,37.58985825,-77.3410461,37.53984408,-77.30766398]}