{"messages":["my head is pounding \ud83d\ude2d\ud83d\ude2d\ud83d\ude2d","my head is pounding \ud83d\ude2d\ud83d\ude2d\ud83d\ude2d","my head is pounding \ud83d\ude2d\ud83d\ude2d\ud83d\ude2d"],"messages_no":3,"bad_words":[],"bad_words_no":0,"weight":0,"location":[[35.03406927,-80.66498829],[35.03406927,-80.66498829],[35.03406927,-80.66498829]],"friends":[1,2,3,4]}