{"messages":["It's all about balance","It's all about balance","It's all about balance"],"messages_no":3,"bad_words":[],"bad_words_no":0,"weight":0,"location":[[30.31048831,-81.69389833],[30.31048831,-81.69389833],[30.31048831,-81.69389833]],"friends":[1,2,3,4]}