{"messages":["I hate you guys, why would I wanna go to a bar with you?","@narmymekawy Are you crying","The Broncos are doooooty","I hate you guys, why would I wanna go to a bar with you?","I hate you guys, why would I wanna go to a bar with you?","@narmymekawy Are you crying","@narmymekawy Are you crying"],"messages_no":7,"bad_words":[],"bad_words_no":0,"weight":0,"location":[40.5057317,-74.2410663,40.5061034,-74.2532742,40.5349063,-74.2177095,40.5057317,-74.2410663,40.5057317,-74.2410663,40.5061034,-74.2532742,40.5061034,-74.2532742]}