{"messages":["I'm like a kid at the candy store","I'm like a kid at the candy store","So now what?","Book you're no fun","I'm like a kid at the candy store","So now what?","Book you're no fun"],"messages_no":7,"bad_words":[],"bad_words_no":0,"weight":0,"location":[[29.518734,-98.4963348],[29.518734,-98.4963348],[29.3871616,-98.6815429],[29.387473,-98.6817305],[29.518734,-98.4963348],[29.3871616,-98.6815429],[29.387473,-98.6817305]],"friends":[1,2,3,4]}