{"messages":["Never realized how hot Bruno is. \ud83d\ude0d","Never realized how hot Bruno is. \ud83d\ude0d","I can't deal with this again.","Never realized how hot Bruno is. \ud83d\ude0d"],"messages_no":4,"bad_words":[],"bad_words_no":0,"weight":0,"location":[[41.97464014,-85.62251226],[41.97464014,-85.62251226],[41.97476931,-85.62238217],[41.97464014,-85.62251226]],"friends":[1,2,3,4]}