{"messages":["In a slump like forest gump","Sleepless nights","In a slump like forest gump","Sleepless nights","Sleepless nights"],"messages_no":5,"bad_words":[],"bad_words_no":0,"weight":0,"location":[41.75596376,-71.49510305,41.77740267,-71.39329627,41.75596376,-71.49510305,41.77740267,-71.39329627,41.77740267,-71.39329627]}