{"messages":["\ud83d\ude02\ud83d\ude02\ud83d\ude02 gotta make those little sacrifices","\ud83d\ude02\ud83d\ude02\ud83d\ude02 gotta make those little sacrifices","\ud83d\ude02\ud83d\ude02\ud83d\ude02 gotta make those little sacrifices","\ud83d\ude02\ud83d\ude02\ud83d\ude02 gotta make those little sacrifices"],"messages_no":4,"bad_words":[],"bad_words_no":0,"weight":0,"location":[28.82338797,-96.96760965,28.82338797,-96.96760965,28.82338797,-96.96760965,28.82338797,-96.96760965]}