{"messages":["LONGEST HOUR OF MY LIFE","LONGEST HOUR OF MY LIFE","LONGEST HOUR OF MY LIFE"],"messages_no":3,"bad_words":[],"bad_words_no":0,"weight":0,"location":[[42.99546468,-78.6967558],[42.99546468,-78.6967558],[42.99546468,-78.6967558]],"friends":[1,2,3,4]}