{"messages":["I never ever know what to wear","@_jacqueen top 5 best moments of my life for sure","I never ever know what to wear","I never ever know what to wear"],"messages_no":4,"bad_words":[],"bad_words_no":0,"weight":0,"location":[27.18639499,-80.19071422,37.78781494,-122.40849504,27.18639499,-80.19071422,27.18639499,-80.19071422]}