{"messages":["The talk I had w\/ #oomf was much needed \u2764\ufe0f","The talk I had w\/ #oomf was much needed \u2764\ufe0f","\ud83d\ude48\ud83d\ude01 - Hey stranger hmu sometimes and your such a cutie stay a sweetheart \ud83d\ude01\u2764\ufe0f","This girl needs to get her ass kicked \ud83d\ude29\ud83d\ude29\ud83d\ude29\ud83d\ude29 http:\/\/t.co\/60DQIoutpD","The talk I had w\/ #oomf was much needed \u2764\ufe0f","\ud83d\ude48\ud83d\ude01 - Hey stranger hmu sometimes and your such a cutie stay a sweetheart \ud83d\ude01\u2764\ufe0f","This girl needs to get her ass kicked \ud83d\ude29\ud83d\ude29\ud83d\ude29\ud83d\ude29 http:\/\/t.co\/60DQIoutpD"],"messages_no":7,"bad_words":[],"bad_words_no":0,"weight":0,"location":[[40.92615253,-74.17758741],[40.92615253,-74.17758741],[40.92036612,-74.13763491],[40.92046626,-74.13760438],[40.92615253,-74.17758741],[40.92036612,-74.13763491],[40.92046626,-74.13760438]],"friends":[1,2,3,4]}