{"messages":["#Smile","#Smile"],"messages_no":2,"bad_words":[],"bad_words_no":0,"weight":0,"location":[28.59438213,-81.20995401,28.59438213,-81.20995401]}