{"messages":["This game is funny","This game is funny","This game is funny"],"messages_no":3,"bad_words":[],"bad_words_no":0,"weight":0,"location":[[30.72843215,-83.2840056],[30.72843215,-83.2840056],[30.72843215,-83.2840056]],"friends":[1,2,3,4]}