{"messages":["It's a movie day \ud83d\udc9c","It's a movie day \ud83d\udc9c","This would be so much easier if I drove..","It's a movie day \ud83d\udc9c"],"messages_no":4,"bad_words":[],"bad_words_no":0,"weight":0,"location":[[42.10841929,-91.28065879],[42.10841929,-91.28065879],[42.10801211,-91.28039656],[42.10841929,-91.28065879]],"friends":[1,2,3,4]}