{"messages":["\ud83d\ude31 that hurt my back n","\ud83d\ude31 that hurt my back n"],"messages_no":2,"bad_words":[],"bad_words_no":0,"weight":0,"location":[38.23986132,-104.64125868,38.23986132,-104.64125868]}