{"messages":["@Adamm305 I know i know \ud83d\ude2d\ud83d\ude2d\ud83d\ude2d\ud83d\ude2d\ud83d\ude02\ud83d\ude02\ud83d\ude02\ud83d\udc4f\ud83d\udc4f","@Adamm305 I know i know \ud83d\ude2d\ud83d\ude2d\ud83d\ude2d\ud83d\ude2d\ud83d\ude02\ud83d\ude02\ud83d\ude02\ud83d\udc4f\ud83d\udc4f","@Adamm305 I know i know \ud83d\ude2d\ud83d\ude2d\ud83d\ude2d\ud83d\ude2d\ud83d\ude02\ud83d\ude02\ud83d\ude02\ud83d\udc4f\ud83d\udc4f"],"messages_no":3,"bad_words":[],"bad_words_no":0,"weight":0,"location":[34.1443679,-117.3105856,34.1443679,-117.3105856,34.1443679,-117.3105856]}