{"messages":["Oops!  What does the fox say?","Oops!  What does the fox say?","Oops!  What does the fox say?"],"messages_no":3,"bad_words":[],"bad_words_no":0,"weight":0,"location":[[34.39464213,-87.75093954],[34.39464213,-87.75093954],[34.39464213,-87.75093954]],"friends":[1,2,3,4]}