{"messages":["Wayy better than Bruno","Wayy better than Bruno","Someone come cuddle!!","So tired","Wayy better than Bruno","Someone come cuddle!!"],"messages_no":6,"bad_words":[],"bad_words_no":0,"weight":0,"location":[[42.6485072,-78.8540282],[42.6485072,-78.8540282],[42.6485063,-78.8540295],[42.6485071,-78.8540297],[42.6485072,-78.8540282],[42.6485063,-78.8540295]],"friends":[1,2,3,4]}