{"messages":["still haven't seen frozen","still haven't seen frozen","still haven't seen frozen"],"messages_no":3,"bad_words":[],"bad_words_no":0,"weight":0,"location":[[29.66260121,-98.50842054],[29.66260121,-98.50842054],[29.66260121,-98.50842054]],"friends":[1,2,3,4]}