{"messages":["I like her","I like her","Can't sleep","I like her","Can't sleep"],"messages_no":5,"bad_words":[],"bad_words_no":0,"weight":0,"location":[[40.87449556,-85.49029664],[40.87449556,-85.49029664],[40.87449318,-85.49041816],[40.87449556,-85.49029664],[40.87449318,-85.49041816]],"friends":[1,2,3,4]}