{"messages":["@NicoleKWallen what car??","@liseynicole Stop tweeting about me","@lukashodge I don't believe it","@NicoleKWallen what car??","@liseynicole Stop tweeting about me","@lukashodge I don't believe it","@NicoleKWallen what car??","@liseynicole Stop tweeting about me","@lukashodge I don't believe it"],"messages_no":9,"bad_words":[],"bad_words_no":0,"weight":0,"location":[[42.45914235,-89.12207728],[42.05131126,-87.98705419],[42.07135105,-87.93660753],[42.45914235,-89.12207728],[42.05131126,-87.98705419],[42.07135105,-87.93660753],[42.45914235,-89.12207728],[42.05131126,-87.98705419],[42.07135105,-87.93660753]],"friends":[1,2,3,4]}