{"messages":["Omg I'm so hungry","Omg I'm so hungry","Omg I'm so hungry"],"messages_no":3,"bad_words":[],"bad_words_no":0,"weight":0,"location":[[33.72571575,-84.39473864],[33.72571575,-84.39473864],[33.72571575,-84.39473864]],"friends":[1,2,3,4]}