{"messages":["Ugh I just need a coke","Ugh I just need a coke","Ugh I just need a coke","Ugh I just need a coke"],"messages_no":4,"bad_words":[],"bad_words_no":0,"weight":0,"location":[32.42502958,-81.78466266,32.42502958,-81.78466266,32.42502958,-81.78466266,32.42502958,-81.78466266]}