{"messages":["@LIV4TheThrill #lies","@LIV4TheThrill #lies","@LIV4TheThrill #lies"],"messages_no":3,"bad_words":[],"bad_words_no":0,"weight":0,"location":[35.21228013,-81.12679043,35.21228013,-81.12679043,35.21228013,-81.12679043]}