{"messages":["Why do I miss you ? \ud83d\ude14","Why do I miss you ? \ud83d\ude14","Why do I miss you ? \ud83d\ude14"],"messages_no":3,"bad_words":[],"bad_words_no":0,"weight":0,"location":[[42.25138266,-83.62192194],[42.25138266,-83.62192194],[42.25138266,-83.62192194]],"friends":[1,2,3,4]}