{"messages":["I will NEVER trust you again","I will NEVER trust you again","I will NEVER trust you again"],"messages_no":3,"bad_words":[],"bad_words_no":0,"weight":0,"location":[[35.40051869,-81.32346331],[35.40051869,-81.32346331],[35.40051869,-81.32346331]],"friends":[1,2,3,4]}