{"messages":["Lol why do I always crave chocolate &amp; chicken","&amp; You'll always have a special place in my heart","Lol why do I always crave chocolate &amp; chicken","&amp; You'll always have a special place in my heart","Pamela Gutierrez I CAN GO TO THE FAIR YAY","AM I THE ONLY ONE WHO SAW THAT MOVIE ABOUT THE GIRLS KIDNAPPING THE BOYBAND? WITH THE CLICK 5!??","LEAVING GAITHER CUZ IM FAKE BYE","LMFAO MY MOMS FB MOVIE RUINED MY NIGHT BYE","Lol why do I always crave chocolate &amp; chicken","&amp; You'll always have a special place in my heart"],"messages_no":10,"bad_words":[],"bad_words_no":0,"weight":0,"location":[[28.07768491,-82.46508496],[28.07767034,-82.46501538],[28.07768491,-82.46508496],[28.07767034,-82.46501538],[28.05452551,-82.44319446],[28.07766165,-82.46506208],[28.07768913,-82.46504315],[28.07768763,-82.46500505],[28.07768491,-82.46508496],[28.07767034,-82.46501538]],"friends":[1,2,3,4]}