{"messages":["But I'm broke so \ud83d\ude22","Oomf think he slick","But I'm broke so \ud83d\ude22","Oomf think he slick","Oomf think he slick"],"messages_no":5,"bad_words":[],"bad_words_no":0,"weight":0,"location":[35.89344911,-83.90819647,36.25704995,-83.41408504,35.89344911,-83.90819647,36.25704995,-83.41408504,36.25704995,-83.41408504]}