{"messages":["I am so attracted to this girl wow","I am so attracted to this girl wow","I don't like getting by. I like being ahead. I like acceling.","I should totally become a vegan.","I am so attracted to this girl wow","I don't like getting by. I like being ahead. I like acceling."],"messages_no":6,"bad_words":[],"bad_words_no":0,"weight":0,"location":[[30.06703856,-95.46112647],[30.06703856,-95.46112647],[30.07963185,-95.42700756],[30.07445119,-95.4348977],[30.06703856,-95.46112647],[30.07963185,-95.42700756]],"friends":[1,2,3,4]}