{"messages":["@Diamond_Botch &lt;3","@Diamond_Botch &lt;3","#throwback kickflip at GCP http:\/\/t.co\/SV128YHHuz","Got keith in on the company. This shits about to be bangin.","@Diamond_Botch &lt;3","#throwback kickflip at GCP http:\/\/t.co\/SV128YHHuz"],"messages_no":6,"bad_words":[],"bad_words_no":1,"weight":0,"location":[[42.2150954,-83.2606619],[42.2150954,-83.2606619],[42.21509,-83.2606695],[42.2150954,-83.2606705],[42.2150954,-83.2606619],[42.21509,-83.2606695]],"friends":[1,2,3,4]}