{"messages":["@meggordon7 thanks \ud83d\ude18","@meggordon7 thanks \ud83d\ude18","@meggordon7 thanks \ud83d\ude18","@meggordon7 thanks \ud83d\ude18"],"messages_no":4,"bad_words":[],"bad_words_no":0,"weight":0,"location":[40.30691546,-82.71578374,40.30691546,-82.71578374,40.30691546,-82.71578374,40.30691546,-82.71578374]}