{"messages":["And you're only 16","And you're only 16","And you're only 16"],"messages_no":3,"bad_words":[],"bad_words_no":0,"weight":0,"location":[[38.88529208,-104.70641943],[38.88529208,-104.70641943],[38.88529208,-104.70641943]],"friends":[1,2,3,4]}