{"messages":["@babyjodann then dm me lol","\"@pawpawbro: Got home safely. \ud83d\udc4c\"","@babyjodann then dm me lol","\"@pawpawbro: Got home safely. \ud83d\udc4c\""],"messages_no":4,"bad_words":[],"bad_words_no":0,"weight":0,"location":[29.3975455,-95.0450602,29.3975478,-95.0450969,29.3975455,-95.0450602,29.3975478,-95.0450969]}