{"messages":["@babyjodann then dm me lol","\"@pawpawbro: Got home safely. \ud83d\udc4c\"","@babyjodann then dm me lol","\"@pawpawbro: Got home safely. \ud83d\udc4c\"","@pawpawbro time?","i wanna take someone out on valentines day.","@babyjodann then dm me lol","\"@pawpawbro: Got home safely. \ud83d\udc4c\""],"messages_no":8,"bad_words":[],"bad_words_no":0,"weight":0,"location":[[29.3975455,-95.0450602],[29.3975478,-95.0450969],[29.3975455,-95.0450602],[29.3975478,-95.0450969],[29.3975412,-95.0450788],[29.3975755,-95.0451087],[29.3975455,-95.0450602],[29.3975478,-95.0450969]],"friends":[1,2,3,4]}