{"messages":["what to do tonight....","what to do tonight....","what to do tonight...."],"messages_no":3,"bad_words":[],"bad_words_no":0,"weight":0,"location":[[41.52559091,-90.44432695],[41.52559091,-90.44432695],[41.52559091,-90.44432695]],"friends":[1,2,3,4]}