{"messages":["Can you not ? HE DONT LIKE YOU \ud83d\ude24\ud83d\ude21","Can you not ? HE DONT LIKE YOU \ud83d\ude24\ud83d\ude21","I had a crush on oomf my whole junior year but he barely ever showed up to class \ud83d\ude02\ud83d\ude2b","Can you not ? HE DONT LIKE YOU \ud83d\ude24\ud83d\ude21"],"messages_no":4,"bad_words":[],"bad_words_no":0,"weight":0,"location":[[32.65563123,-97.13777016],[32.65563123,-97.13777016],[32.65556086,-97.13772615],[32.65563123,-97.13777016]],"friends":[1,2,3,4]}