{"messages":["@BASEDgraham good one!!!!","@BASEDgraham good one!!!!","@BASEDgraham good one!!!!"],"messages_no":3,"bad_words":[],"bad_words_no":0,"weight":0,"location":[[38.31372872,-85.49912964],[38.31372872,-85.49912964],[38.31372872,-85.49912964]],"friends":[1,2,3,4]}