{"messages":["#EsuranceSave30","#EsuranceSave30","#EsuranceSave30"],"messages_no":3,"bad_words":[],"bad_words_no":0,"weight":0,"location":[[27.92064572,-82.49665875],[27.92064572,-82.49665875],[27.92064572,-82.49665875]],"friends":[1,2,3,4]}