{"messages":["Man. I can see it. \ud83d\ude09 super bright.","Omg. Bruh, stop texting me.","Man. I can see it. \ud83d\ude09 super bright.","Omg. Bruh, stop texting me.","When we ride, we ride, it's to the day that we diee","Man. I can see it. \ud83d\ude09 super bright.","Omg. Bruh, stop texting me.","When we ride, we ride, it's to the day that we diee"],"messages_no":8,"bad_words":[],"bad_words_no":0,"weight":0,"location":[[32.49954522,-92.63292064],[32.49941343,-92.63205104],[32.49954522,-92.63292064],[32.49941343,-92.63205104],[32.4994363,-92.63236171],[32.49954522,-92.63292064],[32.49941343,-92.63205104],[32.4994363,-92.63236171]],"friends":[1,2,3,4]}