{"messages":["Just stop please","Fuck your favorite rapper","Just stop please","Fuck your favorite rapper","@caarlymarie @alllisynnn haha naww you gotta hit me up","I need some sleeping pills fr","Just stop please","Fuck your favorite rapper","@caarlymarie @alllisynnn haha naww you gotta hit me up","I need some sleeping pills fr"],"messages_no":10,"bad_words":[],"bad_words_no":3,"weight":0,"location":[[41.0244418,-80.7091345],[41.0812524,-80.7984798],[41.0244418,-80.7091345],[41.0812524,-80.7984798],[41.1067212,-80.7748874],[41.1066973,-80.7748388],[41.0244418,-80.7091345],[41.0812524,-80.7984798],[41.1067212,-80.7748874],[41.1066973,-80.7748388]],"friends":[1,2,3,4]}