{"messages":["RT if you wanna S\/O \ud83d\ude1c\ud83d\ude1c","RT if you wanna S\/O \ud83d\ude1c\ud83d\ude1c","RT if you wanna S\/O \ud83d\ude1c\ud83d\ude1c"],"messages_no":3,"bad_words":[],"bad_words_no":0,"weight":0,"location":[[37.33254586,-87.50714128],[37.33254586,-87.50714128],[37.33254586,-87.50714128]],"friends":[1,2,3,4]}