{"messages":["Excuse me. Do you even know English?","@olivia_tarpley it hates you \ud83d\ude35\ud83d\ude35","Seattle ball","@SpencerBarnes22 yeah it is I'm not as in curiosity about it since we can take pictures like that. Snapchat needs to get their shit together","Excuse me. Do you even know English?","@olivia_tarpley it hates you \ud83d\ude35\ud83d\ude35","Seattle ball","@SpencerBarnes22 yeah it is I'm not as in curiosity about it since we can take pictures like that. Snapchat needs to get their shit together","Excuse me. Do you even know English?","@olivia_tarpley it hates you \ud83d\ude35\ud83d\ude35","Seattle ball","@SpencerBarnes22 yeah it is I'm not as in curiosity about it since we can take pictures like that. Snapchat needs to get their shit together"],"messages_no":12,"bad_words":[],"bad_words_no":3,"weight":0,"location":[[35.20700909,-97.44830551],[35.20042098,-97.4454625],[35.20379626,-97.44095858],[35.20379626,-97.44095858],[35.20700909,-97.44830551],[35.20042098,-97.4454625],[35.20379626,-97.44095858],[35.20379626,-97.44095858],[35.20700909,-97.44830551],[35.20042098,-97.4454625],[35.20379626,-97.44095858],[35.20379626,-97.44095858]],"friends":[1,2,3,4]}