{"messages":["This halftime show was 10x better than last years!!!\ud83d\ude0d\u2764\ufe0f #BrunoMars #SB48","This halftime show was 10x better than last years!!!\ud83d\ude0d\u2764\ufe0f #BrunoMars #SB48","@colbylb miss you\ud83d\ude0a","This halftime show was 10x better than last years!!!\ud83d\ude0d\u2764\ufe0f #BrunoMars #SB48","@colbylb miss you\ud83d\ude0a"],"messages_no":5,"bad_words":[],"bad_words_no":0,"weight":0,"location":[[32.77331428,-96.5486087],[32.77331428,-96.5486087],[32.74382955,-96.44900914],[32.77331428,-96.5486087],[32.74382955,-96.44900914]],"friends":[1,2,3,4]}