{"messages":["@JLiddo that's what I did!","@makenziecarr96 we might be.....","@JLiddo that's what I did!","@makenziecarr96 we might be.....","@JLiddo that's what I did!","@makenziecarr96 we might be....."],"messages_no":6,"bad_words":[],"bad_words_no":0,"weight":0,"location":[[42.88613289,-87.96017963],[42.9079447,-87.89912532],[42.88613289,-87.96017963],[42.9079447,-87.89912532],[42.88613289,-87.96017963],[42.9079447,-87.89912532]],"friends":[1,2,3,4]}