{"messages":["Hell yeah","Hell yeah","Doing homework for a change","Hell yeah"],"messages_no":4,"bad_words":[],"bad_words_no":0,"weight":0,"location":[[42.9564529,-78.86549748],[42.9564529,-78.86549748],[42.9564263,-78.86549404],[42.9564529,-78.86549748]],"friends":[1,2,3,4]}