{"messages":["Spring break in Mexico \ud83c\udf88\ud83c\udf89","Go Seahawks"],"messages_no":2,"bad_words":[],"bad_words_no":0,"weight":0,"location":[[37.16350084,-113.45097705],[37.11506707,-113.5328458]]}