{"messages":["those moves \ud83d\udc4c\ud83d\ude0d","this is live damn","those moves \ud83d\udc4c\ud83d\ude0d","this is live damn","those moves \ud83d\udc4c\ud83d\ude0d","this is live damn"],"messages_no":6,"bad_words":[],"bad_words_no":3,"weight":0,"location":[[35.19752744,-89.80577756],[35.1975618,-89.8057535],[35.19752744,-89.80577756],[35.1975618,-89.8057535],[35.19752744,-89.80577756],[35.1975618,-89.8057535]],"friends":[1,2,3,4]}