{"messages":["@ayy420lmao no no don't c.all me that","@ayy420lmao no no don't c.all me that","@ayy420lmao no no don't c.all me that"],"messages_no":3,"bad_words":[],"bad_words_no":0,"weight":0,"location":[39.71710604,-74.27814938,39.71710604,-74.27814938,39.71710604,-74.27814938]}