{"messages":["Goodddmorning!!","Goodddmorning!!","Goodddmorning!!"],"messages_no":3,"bad_words":[],"bad_words_no":0,"weight":0,"location":[[40.53191513,-74.28909872],[40.53191513,-74.28909872],[40.53191513,-74.28909872]],"friends":[1,2,3,4]}