{"messages":["Get to Styx\/\nOn route 666","@allthesarah doesn't it rain a lot. Isn't it cold and the sun never comes out","Get to Styx\/\nOn route 666","@allthesarah doesn't it rain a lot. Isn't it cold and the sun never comes out","Get to Styx\/\nOn route 666","@allthesarah doesn't it rain a lot. Isn't it cold and the sun never comes out"],"messages_no":6,"bad_words":[],"bad_words_no":0,"weight":0,"location":[[40.2743394,-111.6844666],[40.24141742,-111.64755735],[40.2743394,-111.6844666],[40.24141742,-111.64755735],[40.2743394,-111.6844666],[40.24141742,-111.64755735]],"friends":[1,2,3,4]}