{"messages":["@SamiVanHoven wait no","@SamiVanHoven wait no","@SamiVanHoven wait no"],"messages_no":3,"bad_words":[],"bad_words_no":0,"weight":0,"location":[[42.88043529,-85.59819343],[42.88043529,-85.59819343],[42.88043529,-85.59819343]],"friends":[1,2,3,4]}