{"messages":["@Real_Osiris correction... By 3","@Real_Osiris correction... By 3","@Real_Osiris correction... By 3"],"messages_no":3,"bad_words":[],"bad_words_no":0,"weight":0,"location":[[40.57540186,-112.01250876],[40.57540186,-112.01250876],[40.57540186,-112.01250876]],"friends":[1,2,3,4]}