{"messages":["@Mateo_BA mutted smh.","@Mateo_BA mutted smh.","@Mateo_BA mutted smh."],"messages_no":3,"bad_words":[],"bad_words_no":0,"weight":0,"location":[[30.42766856,-84.28959821],[30.42766856,-84.28959821],[30.42766856,-84.28959821]],"friends":[1,2,3,4]}