{"messages":["I don't think i have ever tu with tights on.","@T_Rog21 then why did you comment?","I don't think i have ever tu with tights on.","@T_Rog21 then why did you comment?","I don't think i have ever tu with tights on.","@T_Rog21 then why did you comment?"],"messages_no":6,"bad_words":[],"bad_words_no":0,"weight":0,"location":[[34.0995431,-118.18850539],[34.16656737,-118.21174705],[34.0995431,-118.18850539],[34.16656737,-118.21174705],[34.0995431,-118.18850539],[34.16656737,-118.21174705]],"friends":[1,2,3,4]}