{"messages":["Work blows!!!","This game is bullshit","Work blows!!!"],"messages_no":3,"bad_words":[],"bad_words_no":1,"weight":0,"location":[43.59465898,-83.85060039,44.02105146,-84.00564976,43.59465898,-83.85060039]}