{"messages":["Fuck today.","Fuck today.","Fuck today."],"messages_no":3,"bad_words":[],"bad_words_no":3,"weight":0,"location":[[41.21538438,-74.55345827],[41.21538438,-74.55345827],[41.21538438,-74.55345827]],"friends":[1,2,3,4]}