{"messages":["We gone get this money\ud83d\udcb0\ud83d\udcb5\ud83d\udcb8","We gone get this money\ud83d\udcb0\ud83d\udcb5\ud83d\udcb8","@dauri_hall lol rt , I try \ud83d\ude02","Guess I'll go up to McDonald's tomorrow &amp; see wassup..","He said \"I got two jobs, Pizza Hut &amp; Taco Bell\"","\u201c@CallHer_ASHAREE: If I don't get a edible arrangement for valentines day I'm going to be sooooo upset\u201d","We gone get this money\ud83d\udcb0\ud83d\udcb5\ud83d\udcb8"],"messages_no":7,"bad_words":[],"bad_words_no":0,"weight":0,"location":[[38.16672112,-85.86349064],[38.16672112,-85.86349064],[38.1667438,-85.86357529],[38.16677552,-85.86356951],[38.16568796,-85.86439119],[38.16676768,-85.86336264],[38.16672112,-85.86349064]],"friends":[1,2,3,4]}