{"messages":["F** el super bowl","F** el super bowl","F** el super bowl"],"messages_no":3,"bad_words":[],"bad_words_no":0,"weight":0,"location":[[40.78774517,-73.21092486],[40.78774517,-73.21092486],[40.78774517,-73.21092486]],"friends":[1,2,3,4]}