{"messages":["I shouldn't be awake!!!!!!!!!","Bud Light grilling.","I shouldn't be awake!!!!!!!!!","Bud Light grilling.","I shouldn't be awake!!!!!!!!!","Bud Light grilling."],"messages_no":6,"bad_words":[],"bad_words_no":0,"weight":0,"location":[[33.64229271,-112.05061943],[33.64225621,-112.05081205],[33.64229271,-112.05061943],[33.64225621,-112.05081205],[33.64229271,-112.05061943],[33.64225621,-112.05081205]],"friends":[1,2,3,4]}