{"messages":["Here we gooooo \ud83d\ude29\ud83d\udc40","Here we gooooo \ud83d\ude29\ud83d\udc40","Here we gooooo \ud83d\ude29\ud83d\udc40"],"messages_no":3,"bad_words":[],"bad_words_no":0,"weight":0,"location":[[38.71419313,-90.29943779],[38.71419313,-90.29943779],[38.71419313,-90.29943779]],"friends":[1,2,3,4]}