{"messages":["Finally \ud83d\udca9","Lmfao what in the world was that","Finally \ud83d\udca9","Lmfao what in the world was that","\u201c@savannah_keely: Im praying to the suffolk gods that these next two classes go quick\u201d don't pray to Suffolk gods pray to GEEZZUS","Finally \ud83d\udca9","Lmfao what in the world was that"],"messages_no":7,"bad_words":[],"bad_words_no":0,"weight":0,"location":[[40.8190991,-73.09957946],[40.8081585,-73.07417379],[40.8190991,-73.09957946],[40.8081585,-73.07417379],[40.82604519,-73.07901172],[40.8190991,-73.09957946],[40.8081585,-73.07417379]],"friends":[1,2,3,4]}