{"messages":["Britton is so awesome!","Britton is so awesome!","Britton is so awesome!"],"messages_no":3,"bad_words":[],"bad_words_no":0,"weight":0,"location":[[36.2799485,-95.83299678],[36.2799485,-95.83299678],[36.2799485,-95.83299678]],"friends":[1,2,3,4]}