{"messages":["I know, I know, I know\ud83d\udc50\ud83d\ude0c","That goes for everybody.","Almost time to get off work \ud83d\ude4c\ud83d\ude4c\ud83d\ude29\ud83d\ude29","I know, I know, I know\ud83d\udc50\ud83d\ude0c","That goes for everybody.","Almost time to get off work \ud83d\ude4c\ud83d\ude4c\ud83d\ude29\ud83d\ude29","Oomf use to be a full out fem not she a full blown out stud\ud83d\udc40\ud83d\udc40\ud83d\udc40\ud83d\ude33\ud83d\ude33\ud83d\ude10","It ain't just you and at girlfriend Patna!","I can't right now, I just can't \ud83d\ude29\ud83d\ude21","I know, I know, I know\ud83d\udc50\ud83d\ude0c","That goes for everybody.","Almost time to get off work \ud83d\ude4c\ud83d\ude4c\ud83d\ude29\ud83d\ude29"],"messages_no":12,"bad_words":[],"bad_words_no":0,"weight":0,"location":[[32.86660195,-97.41932787],[32.86652244,-97.41957894],[32.8118802,-97.4325326],[32.86660195,-97.41932787],[32.86652244,-97.41957894],[32.8118802,-97.4325326],[32.86668605,-97.41947612],[32.8665451,-97.41945469],[32.86646071,-97.41933189],[32.86660195,-97.41932787],[32.86652244,-97.41957894],[32.8118802,-97.4325326]],"friends":[1,2,3,4]}