{"messages":["I know, I know, I know\ud83d\udc50\ud83d\ude0c","That goes for everybody.","Almost time to get off work \ud83d\ude4c\ud83d\ude4c\ud83d\ude29\ud83d\ude29"],"messages_no":3,"bad_words":[],"bad_words_no":0,"weight":0,"location":[[32.86660195,-97.41932787],[32.86652244,-97.41957894],[32.8118802,-97.4325326]]}