{"messages":["Bout that time! #churchtime","Bout that time! #churchtime","Bout that time! #churchtime"],"messages_no":3,"bad_words":[],"bad_words_no":0,"weight":0,"location":[[42.55928371,-83.09014732],[42.55928371,-83.09014732],[42.55928371,-83.09014732]],"friends":[1,2,3,4]}