{"messages":["All of me loves all of you","All of me loves all of you","No really, can justin wake up","All of me loves all of you","No really, can justin wake up"],"messages_no":5,"bad_words":[],"bad_words_no":0,"weight":0,"location":[[40.16924584,-74.69314671],[40.16924584,-74.69314671],[40.16601549,-74.69586265],[40.16924584,-74.69314671],[40.16601549,-74.69586265]],"friends":[1,2,3,4]}