{"messages":["Thanks for ruining my night","Thanks for ruining my night","Thanks for ruining my night"],"messages_no":3,"bad_words":[],"bad_words_no":0,"weight":0,"location":[[42.46568528,-82.94365189],[42.46568528,-82.94365189],[42.46568528,-82.94365189]],"friends":[1,2,3,4]}