{"messages":["@ag_simss he's ugly as dirt","@ag_simss he's ugly as dirt","@ag_simss he's ugly as dirt"],"messages_no":3,"bad_words":[],"bad_words_no":0,"weight":0,"location":[[34.04198881,-83.92913916],[34.04198881,-83.92913916],[34.04198881,-83.92913916]],"friends":[1,2,3,4]}