{"messages":["omg hurry up Cheyenne","omg hurry up Cheyenne","just wanna tell you everything that just happened but I know you won't reply","I've gotten maybe 10 hrs of sleep since Friday","omg hurry up Cheyenne","just wanna tell you everything that just happened but I know you won't reply","I've gotten maybe 10 hrs of sleep since Friday"],"messages_no":7,"bad_words":[],"bad_words_no":0,"weight":0,"location":[[32.79410769,-97.39803077],[32.79410769,-97.39803077],[32.67179274,-97.37461268],[32.79403653,-97.39808198],[32.79410769,-97.39803077],[32.67179274,-97.37461268],[32.79403653,-97.39808198]],"friends":[1,2,3,4]}