{"messages":["Awesome","Awesome","Awesome"],"messages_no":3,"bad_words":[],"bad_words_no":0,"weight":0,"location":[[39.64627075,-85.14816282],[39.64627075,-85.14816282],[39.64627075,-85.14816282]],"friends":[1,2,3,4]}