{"messages":["Imma pick and choose wisely tho","Imma pick and choose wisely tho","@JusPeachyyNique one is Kim","Imma pick and choose wisely tho"],"messages_no":4,"bad_words":[],"bad_words_no":0,"weight":0,"location":[[37.0981196,-76.45958699],[37.0981196,-76.45958699],[36.839423,-76.17151453],[37.0981196,-76.45958699]],"friends":[1,2,3,4]}