{"messages":["@ellaboyce5 you got them!!","@ellaboyce5 you got them!!","@ellaboyce5 you got them!!"],"messages_no":3,"bad_words":[],"bad_words_no":0,"weight":0,"location":[[32.95920097,-117.22431117],[32.95920097,-117.22431117],[32.95920097,-117.22431117]],"friends":[1,2,3,4]}