{"messages":["ACCURATE \ud83d\ude02\ud83d\ude02\ud83d\ude02 #flappybird http:\/\/t.co\/TtqX0eMo9I","ACCURATE \ud83d\ude02\ud83d\ude02\ud83d\ude02 #flappybird http:\/\/t.co\/TtqX0eMo9I","I'm gonna wait til I know she's saving something and eat it in 2.5","ACCURATE \ud83d\ude02\ud83d\ude02\ud83d\ude02 #flappybird http:\/\/t.co\/TtqX0eMo9I","I'm gonna wait til I know she's saving something and eat it in 2.5"],"messages_no":5,"bad_words":[],"bad_words_no":0,"weight":0,"location":[[37.33842389,-121.79469271],[37.33842389,-121.79469271],[37.32633176,-121.83808819],[37.33842389,-121.79469271],[37.32633176,-121.83808819]],"friends":[1,2,3,4]}