{"messages":["My niece just tweeted something","My niece just tweeted something","My niece just tweeted something","My niece just tweeted something"],"messages_no":4,"bad_words":[],"bad_words_no":0,"weight":0,"location":[28.0173499,-81.6250408,28.0173499,-81.6250408,28.0173499,-81.6250408,28.0173499,-81.6250408]}