{"messages":["#ABGT is just what I needed\ud83c\udfb6","#ABGT is just what I needed\ud83c\udfb6","#ABGT is just what I needed\ud83c\udfb6"],"messages_no":3,"bad_words":[],"bad_words_no":0,"weight":0,"location":[[29.89190539,-97.90710955],[29.89190539,-97.90710955],[29.89190539,-97.90710955]],"friends":[1,2,3,4]}