{"messages":["@DavidAnaya20 12 I think","@DavidAnaya20 12 I think","@DavidAnaya20 12 I think"],"messages_no":3,"bad_words":[],"bad_words_no":0,"weight":0,"location":[42.37839112,-71.0198674,42.37839112,-71.0198674,42.37839112,-71.0198674]}