{"messages":["@killaneco not about to sit here and describe to you what they taste like lol go get some","@hardcorissa lol ok","Chandler, jr, Felton, gotta go","Transformers by far is the best movie series","@killaneco not about to sit here and describe to you what they taste like lol go get some","@hardcorissa lol ok","Chandler, jr, Felton, gotta go","Chandler, jr, Felton, gotta go"],"messages_no":8,"bad_words":[],"bad_words_no":0,"weight":0,"location":[30.70175706,-95.55530354,30.70174175,-95.55530981,30.70175065,-95.5553218,30.70175202,-95.55531561,30.70175706,-95.55530354,30.70174175,-95.55530981,30.70175065,-95.5553218,30.70175065,-95.5553218]}