{"messages":["@Rizzle_3600 it be like that sometimes \ud83d\ude02","@Rizzle_3600 it be like that sometimes \ud83d\ude02","My mom not going to be home for the Super Bowl \ud83d\udc4f\ud83d\udc4f","@Rizzle_3600 it be like that sometimes \ud83d\ude02","@Rizzle_3600 it be like that sometimes \ud83d\ude02"],"messages_no":5,"bad_words":[],"bad_words_no":0,"weight":0,"location":[42.91919982,-78.7803377,42.91919982,-78.7803377,42.87918073,-78.85801272,42.91919982,-78.7803377,42.91919982,-78.7803377]}