{"messages":["James Franco is too perfect","James Franco is too perfect","James Franco is too perfect"],"messages_no":3,"bad_words":[],"bad_words_no":0,"weight":0,"location":[[42.50244405,-83.13432065],[42.50244405,-83.13432065],[42.50244405,-83.13432065]],"friends":[1,2,3,4]}