{"messages":["@Tamaraa_f forreal????","@Tamaraa_f forreal????","@Tamaraa_f forreal????"],"messages_no":3,"bad_words":[],"bad_words_no":0,"weight":0,"location":[[38.91783725,-77.21992122],[38.91783725,-77.21992122],[38.91783725,-77.21992122]],"friends":[1,2,3,4]}