{"messages":["\u201c@NightLifeFails: If alcohol could talk - http:\/\/t.co\/AoAvv14oz0\u201d \ud83d\ude02\ud83d\ude02\ud83d\ude02\ud83d\ude02\ud83d\ude02","\u201c@NightLifeFails: If alcohol could talk - http:\/\/t.co\/AoAvv14oz0\u201d \ud83d\ude02\ud83d\ude02\ud83d\ude02\ud83d\ude02\ud83d\ude02","This ain't no time for games","Can't believe you said that too","\u201c@NightLifeFails: If alcohol could talk - http:\/\/t.co\/AoAvv14oz0\u201d \ud83d\ude02\ud83d\ude02\ud83d\ude02\ud83d\ude02\ud83d\ude02","This ain't no time for games"],"messages_no":6,"bad_words":[],"bad_words_no":0,"weight":0,"location":[[37.58339297,-120.96090253],[37.58339297,-120.96090253],[37.58340891,-120.96082551],[37.58340055,-120.96075844],[37.58339297,-120.96090253],[37.58340891,-120.96082551]],"friends":[1,2,3,4]}