{"messages":["You can take everything I have.","I'm already there. Take a look around \ud83d\ude14","You can take everything I have.","I'm already there. Take a look around \ud83d\ude14","You can take everything I have.","I'm already there. Take a look around \ud83d\ude14","You can take everything I have.","I'm already there. Take a look around \ud83d\ude14"],"messages_no":8,"bad_words":[],"bad_words_no":0,"weight":0,"location":[42.23542768,-76.66864696,42.23536381,-76.66856918,42.23542768,-76.66864696,42.23536381,-76.66856918,42.23542768,-76.66864696,42.23536381,-76.66856918,42.23542768,-76.66864696,42.23536381,-76.66856918]}