{"messages":["Im Against Abortions 100% b.","Im Against Abortions 100% b.","Im Against Abortions 100% b."],"messages_no":3,"bad_words":[],"bad_words_no":0,"weight":0,"location":[[42.377431,-83.1904033],[42.377431,-83.1904033],[42.377431,-83.1904033]],"friends":[1,2,3,4]}