{"messages":["@zachhughes10 78 right now","@zachhughes10 78 right now","@SkubaSteel come downstairs","@zachhughes10 78 right now","@SkubaSteel come downstairs"],"messages_no":5,"bad_words":[],"bad_words_no":0,"weight":0,"location":[[38.6824988,-87.51775383],[38.6824988,-87.51775383],[37.97920445,-87.61186478],[38.6824988,-87.51775383],[37.97920445,-87.61186478]],"friends":[1,2,3,4]}