{"messages":["You gotta play your cards rights bby!","#oomf So Damn Friendly!","You gotta play your cards rights bby!","You gotta play your cards rights bby!","#oomf So Damn Friendly!","#oomf So Damn Friendly!"],"messages_no":6,"bad_words":[],"bad_words_no":0,"weight":0,"location":[33.5373012,-86.7660605,33.6119221,-86.6900831,33.5373012,-86.7660605,33.5373012,-86.7660605,33.6119221,-86.6900831,33.6119221,-86.6900831]}