{"messages":["Comeback? \ud83d\ude02","Comeback? \ud83d\ude02","Comeback? \ud83d\ude02"],"messages_no":3,"bad_words":[],"bad_words_no":0,"weight":0,"location":[[42.88722947,-83.48687571],[42.88722947,-83.48687571],[42.88722947,-83.48687571]],"friends":[1,2,3,4]}