{"messages":["@nagealai roger that","@nagealai roger that","@nagealai roger that"],"messages_no":3,"bad_words":[],"bad_words_no":0,"weight":0,"location":[[28.59226113,-81.30430302],[28.59226113,-81.30430302],[28.59226113,-81.30430302]],"friends":[1,2,3,4]}