{"messages":["@LordJae_ true.","@LordJae_ true.","@LordJae_ true."],"messages_no":3,"bad_words":[],"bad_words_no":0,"weight":0,"location":[31.83516759,-81.60398196,31.83516759,-81.60398196,31.83516759,-81.60398196]}