{"messages":["can I be the move or noooooooo","can I be the move or noooooooo","can I be the move or noooooooo"],"messages_no":3,"bad_words":[],"bad_words_no":0,"weight":0,"location":[[42.72976199,-87.78322038],[42.72976199,-87.78322038],[42.72976199,-87.78322038]],"friends":[1,2,3,4]}