{"messages":["Text me so I can save your numbers, please.\n\n229-375-9866.","Text me so I can save your numbers, please.\n\n229-375-9866.","Text me so I can save your numbers, please.\n\n229-375-9866."],"messages_no":3,"bad_words":[],"bad_words_no":0,"weight":0,"location":[[30.93736233,-83.2435111],[30.93736233,-83.2435111],[30.93736233,-83.2435111]],"friends":[1,2,3,4]}