{"messages":["Dat David Beckham commercial \ud83d\ude0d\ud83d\ude0d","Dat David Beckham commercial \ud83d\ude0d\ud83d\ude0d","Dat David Beckham commercial \ud83d\ude0d\ud83d\ude0d"],"messages_no":3,"bad_words":[],"bad_words_no":0,"weight":0,"location":[[34.06903104,-117.75727616],[34.06903104,-117.75727616],[34.06903104,-117.75727616]],"friends":[1,2,3,4]}