{"messages":["#EsuranceSave30 !!!","#EsuranceSave30 !!!","#EsuranceSave30 !!!"],"messages_no":3,"bad_words":[],"bad_words_no":0,"weight":0,"location":[[38.8993539,-77.10781476],[38.8993539,-77.10781476],[38.8993539,-77.10781476]],"friends":[1,2,3,4]}