{"messages":["Rough throwing skills tonight","AND AGAIN!\ud83d\udd36\ud83d\udd37\u2764\ufe0f","Rough throwing skills tonight","AND AGAIN!\ud83d\udd36\ud83d\udd37\u2764\ufe0f","@la_toria wait I don't get it","Rough throwing skills tonight","AND AGAIN!\ud83d\udd36\ud83d\udd37\u2764\ufe0f","@la_toria wait I don't get it"],"messages_no":8,"bad_words":[],"bad_words_no":0,"weight":0,"location":[[42.33919731,-71.24290536],[42.33919561,-71.24290644],[42.33919731,-71.24290536],[42.33919561,-71.24290644],[42.33919731,-71.24290536],[42.33919561,-71.24290644]],"friends":[1,2,3,4]}