{"messages":["Shakey better link up tomorrow","Doing Features For $300.00 DM me for Serious Inquiries!","Shakey better link up tomorrow","Doing Features For $300.00 DM me for Serious Inquiries!","Doing Features For $300.00 DM me for Serious Inquiries!"],"messages_no":5,"bad_words":[],"bad_words_no":0,"weight":0,"location":[41.73272389,-87.60901639,41.73273785,-87.60901822,41.73272389,-87.60901639,41.73273785,-87.60901822,41.73273785,-87.60901822]}