{"messages":["@JacobJunker that's tomorrow !!!","@JacobJunker that's tomorrow !!!","@JacobJunker that's tomorrow !!!","@JacobJunker that's tomorrow !!!"],"messages_no":4,"bad_words":[],"bad_words_no":0,"weight":0,"location":[34.08127624,-118.24789739,34.08127624,-118.24789739,34.08127624,-118.24789739,34.08127624,-118.24789739]}