{"messages":["So sore from the gym \ue406","So sore from the gym \ue406","So sore from the gym \ue406"],"messages_no":3,"bad_words":[],"bad_words_no":0,"weight":0,"location":[[42.2359729,-70.9344366],[42.2359729,-70.9344366],[42.2359729,-70.9344366]],"friends":[1,2,3,4]}