{"messages":["He asks to hangout it the weirdest was","Beyonce is a bad bitch","I've been trying hint things for a while now, you just don't get it","He asks to hangout it the weirdest was","He asks to hangout it the weirdest was","Beyonce is a bad bitch","I've been trying hint things for a while now, you just don't get it","I've been trying hint things for a while now, you just don't get it"],"messages_no":8,"bad_words":[],"bad_words_no":2,"weight":0,"location":[38.8417127,-121.2893845,38.8418273,-121.2894688,38.8418068,-121.2892864,38.8417127,-121.2893845,38.8417127,-121.2893845,38.8418273,-121.2894688,38.8418068,-121.2892864,38.8418068,-121.2892864]}