{"messages":["Why my tweets keep getting deleted \ud83d\ude02\u270b","Why my tweets keep getting deleted \ud83d\ude02\u270b","@_JazzBruh_ lmfao stop being petty ! \ud83d\ude02\ud83d\ude0c","Why my tweets keep getting deleted \ud83d\ude02\u270b"],"messages_no":4,"bad_words":[],"bad_words_no":0,"weight":0,"location":[[29.68311741,-82.35259794],[29.68311741,-82.35259794],[29.66968117,-82.34064301],[29.68311741,-82.35259794]],"friends":[1,2,3,4]}