{"messages":["I love the smell of toilet bowl cleaner","I love the smell of toilet bowl cleaner","I love the smell of toilet bowl cleaner","I love the smell of toilet bowl cleaner"],"messages_no":4,"bad_words":[],"bad_words_no":0,"weight":0,"location":[40.05101274,-76.29487409,40.05101274,-76.29487409,40.05101274,-76.29487409,40.05101274,-76.29487409]}