{"messages":["I should be allowed to post whatever I want in my social media and not have to worry about creeps. #bullshit","\ud83d\ude14 I'm just gonna go back to bed","Second","I should be allowed to post whatever I want in my social media and not have to worry about creeps. #bullshit","\ud83d\ude14 I'm just gonna go back to bed","Second","During commercials I'm doing squats and arms","I should be allowed to post whatever I want in my social media and not have to worry about creeps. #bullshit","\ud83d\ude14 I'm just gonna go back to bed","Second"],"messages_no":10,"bad_words":[],"bad_words_no":3,"weight":0,"location":[[39.99431234,-85.74751494],[39.99392969,-85.74774243],[39.99427055,-85.74781702],[39.99431234,-85.74751494],[39.99392969,-85.74774243],[39.99427055,-85.74781702],[39.99411163,-85.74760424],[39.99431234,-85.74751494],[39.99392969,-85.74774243],[39.99427055,-85.74781702]],"friends":[1,2,3,4]}