{"messages":["To the ratchet. http:\/\/t.co\/W4q90VWTP6","To the ratchet. http:\/\/t.co\/W4q90VWTP6","To the ratchet. http:\/\/t.co\/W4q90VWTP6"],"messages_no":3,"bad_words":[],"bad_words_no":0,"weight":0,"location":[[27.42959471,-98.83915886],[27.42959471,-98.83915886],[27.42959471,-98.83915886]],"friends":[1,2,3,4]}