{"messages":["@_ChrisBush I asked earlier \ud83d\ude2d","@_ChrisBush I asked earlier \ud83d\ude2d","@_ChrisBush I asked earlier \ud83d\ude2d"],"messages_no":3,"bad_words":[],"bad_words_no":0,"weight":0,"location":[[42.37452736,-85.24551429],[42.37452736,-85.24551429],[42.37452736,-85.24551429]],"friends":[1,2,3,4]}