{"messages":["@LeahGibbons2 in her skin","I've gotten good at hiding my feelings","@LeahGibbons2 in her skin","I've gotten good at hiding my feelings","sittin here waiting for a text I'm not gonna get \ud83d\ude15","am I making it clear?","#vans http:\/\/t.co\/5kOr8r6try","@LeahGibbons2 in her skin","I've gotten good at hiding my feelings","sittin here waiting for a text I'm not gonna get \ud83d\ude15","am I making it clear?"],"messages_no":11,"bad_words":[],"bad_words_no":0,"weight":0,"location":[[33.76460056,-80.17792267],[34.13475756,-79.72697678],[33.76460056,-80.17792267],[34.13475756,-79.72697678],[32.85868702,-81.08909271],[32.76741263,-81.19835358],[32.7600091,-81.20661998],[33.76460056,-80.17792267],[34.13475756,-79.72697678],[32.85868702,-81.08909271],[32.76741263,-81.19835358]],"friends":[1,2,3,4]}