{"messages":["Oomf hoed","Oomf hoed","Oomf hoed"],"messages_no":3,"bad_words":[],"bad_words_no":0,"weight":0,"location":[29.64241196,-95.62763887,29.64241196,-95.62763887,29.64241196,-95.62763887]}