{"messages":["@LexandriaG dang it.. Now its just weird! Lol \ud83d\ude4d","I want a shoulder massage \ud83d\ude1e","\u201c@_RubenRamon: \u201c@VeroooGonzales: Can I get some kind of dm or text or sumthin.\u201d\u201d Nooo m.. Nah nvm\ud83d\ude02","@LexandriaG dang it.. Now its just weird! Lol \ud83d\ude4d","I want a shoulder massage \ud83d\ude1e","\u201c@_RubenRamon: \u201c@VeroooGonzales: Can I get some kind of dm or text or sumthin.\u201d\u201d Nooo m.. Nah nvm\ud83d\ude02","\ud83d\ude02\ud83d\ude02\ud83d\ude02\ud83d\ude02\ud83d\ude02 that was the last time evvvver.","@myarandaa even older news\ud83d\ude02 you takin the L .","@LexandriaG dang it.. Now its just weird! Lol \ud83d\ude4d","I want a shoulder massage \ud83d\ude1e","\u201c@_RubenRamon: \u201c@VeroooGonzales: Can I get some kind of dm or text or sumthin.\u201d\u201d Nooo m.. Nah nvm\ud83d\ude02"],"messages_no":11,"bad_words":[],"bad_words_no":0,"weight":0,"location":[[29.82531809,-97.95038846],[29.82535271,-97.95026408],[29.82537102,-97.95041562],[29.82531809,-97.95038846],[29.82535271,-97.95026408],[29.82537102,-97.95041562],[29.82540489,-97.95032686],[29.82541842,-97.95041705],[29.82531809,-97.95038846],[29.82535271,-97.95026408],[29.82537102,-97.95041562]],"friends":[1,2,3,4]}