{"messages":["Just wow..","Just wow..","Just wow.."],"messages_no":3,"bad_words":[],"bad_words_no":0,"weight":0,"location":[[33.60541791,-92.73958624],[33.60541791,-92.73958624],[33.60541791,-92.73958624]],"friends":[1,2,3,4]}