{"messages":["@Sibley_371 @paytenvinson It really was me \ud83d\ude02\ud83d\ude02","@TheKirby97 @RashaanLewis10 I was just gonna say something \ud83d\ude02\ud83d\ude02\ud83d\ude02","He won't throw it Richards way","@Sibley_371 @paytenvinson It really was me \ud83d\ude02\ud83d\ude02","@TheKirby97 @RashaanLewis10 I was just gonna say something \ud83d\ude02\ud83d\ude02\ud83d\ude02","He won't throw it Richards way","@Sibley_371 @paytenvinson It really was me \ud83d\ude02\ud83d\ude02","@TheKirby97 @RashaanLewis10 I was just gonna say something \ud83d\ude02\ud83d\ude02\ud83d\ude02","He won't throw it Richards way"],"messages_no":9,"bad_words":[],"bad_words_no":0,"weight":0,"location":[[32.58805503,-97.08772575],[32.58809648,-97.08780706],[32.58809115,-97.08781217],[32.58805503,-97.08772575],[32.58809648,-97.08780706],[32.58809115,-97.08781217],[32.58805503,-97.08772575],[32.58809648,-97.08780706],[32.58809115,-97.08781217]],"friends":[1,2,3,4]}