{"messages":["@JoesphVargas where ?","@JoesphVargas where ?","@JoesphVargas where ?"],"messages_no":3,"bad_words":[],"bad_words_no":0,"weight":0,"location":[29.52738358,-95.04491299,29.52738358,-95.04491299,29.52738358,-95.04491299]}