{"messages":["@GTOM55 thanks Beowulf","@LJohnson_1010 @Im_Kel_Yeoman oh for sure. \ud83d\ude02\ud83d\ude02","@GTOM55 thanks Beowulf","@LJohnson_1010 @Im_Kel_Yeoman oh for sure. \ud83d\ude02\ud83d\ude02","@GTOM55 thanks Beowulf","@LJohnson_1010 @Im_Kel_Yeoman oh for sure. \ud83d\ude02\ud83d\ude02"],"messages_no":6,"bad_words":[],"bad_words_no":0,"weight":0,"location":[[37.16303675,-95.11125438],[37.16197905,-95.10625315],[37.16303675,-95.11125438],[37.16197905,-95.10625315],[37.16303675,-95.11125438],[37.16197905,-95.10625315]],"friends":[1,2,3,4]}