{"messages":["That nap did me right","That nap did me right","@zealaous happy birthday too","That nap did me right"],"messages_no":4,"bad_words":[],"bad_words_no":0,"weight":0,"location":[[33.93940411,-80.34488972],[33.93940411,-80.34488972],[33.93931626,-80.34492203],[33.93940411,-80.34488972]],"friends":[1,2,3,4]}