{"messages":["That wind ain't playin","That wind ain't playin","That wind ain't playin"],"messages_no":3,"bad_words":[],"bad_words_no":0,"weight":0,"location":[[36.8837519,-89.57036775],[36.8837519,-89.57036775],[36.8837519,-89.57036775]],"friends":[1,2,3,4]}