{"messages":["Kaylas weird","Kaylas weird","Kaylas weird"],"messages_no":3,"bad_words":[],"bad_words_no":0,"weight":0,"location":[[39.82096514,-84.88541862],[39.82096514,-84.88541862],[39.82096514,-84.88541862]],"friends":[1,2,3,4]}