{"messages":["Social","Social","Social"],"messages_no":3,"bad_words":[],"bad_words_no":0,"weight":0,"location":[[36.2720095,-95.8279877],[36.2720095,-95.8279877],[36.2720095,-95.8279877]],"friends":[1,2,3,4]}