{"messages":["Happy birthday gab lmao","@salupon13 Omfg and you actually !","Happy birthday gab lmao","@salupon13 Omfg and you actually !","You claim no guy is Loyal, yet you stay on every guys dick \ud83d\ude05","Happy birthday gab lmao","@salupon13 Omfg and you actually !","You claim no guy is Loyal, yet you stay on every guys dick \ud83d\ude05"],"messages_no":8,"bad_words":[],"bad_words_no":2,"weight":0,"location":[[39.5653667,-76.36071292],[39.56524028,-76.36057189],[39.5653667,-76.36071292],[39.56524028,-76.36057189],[39.56509394,-76.36067756],[39.5653667,-76.36071292],[39.56524028,-76.36057189],[39.56509394,-76.36067756]],"friends":[1,2,3,4]}