{"messages":["@A_Sanchezz_13 pussy or what?","@A_Sanchezz_13 pussy or what?","@A_Sanchezz_13 pussy or what?"],"messages_no":3,"bad_words":[],"bad_words_no":3,"weight":0,"location":[[41.58965405,-85.80818122],[41.58965405,-85.80818122],[41.58965405,-85.80818122]],"friends":[1,2,3,4]}