{"messages":["Too pumped to see @niptots tonight\ud83d\ude0f","Too pumped to see @niptots tonight\ud83d\ude0f","Too pumped to see @niptots tonight\ud83d\ude0f","Too pumped to see @niptots tonight\ud83d\ude0f"],"messages_no":4,"bad_words":[],"bad_words_no":0,"weight":0,"location":[42.03255953,-72.52902477,42.03255953,-72.52902477,42.03255953,-72.52902477,42.03255953,-72.52902477]}