{"messages":["#PlayGod$ making moves","@NayaGPapaya morningg\ud83d\ude0d\ud83d\ude4a","\u201c@MyHoesBritish: #QuoteThisWithAPicFrom2K13\nNow!!!!!\u201d http:\/\/t.co\/MmaDMdnK5c","Finna take bae to the movies later on http:\/\/t.co\/DyfRZYHjQr","Because jalen wanna decommit nshii"],"messages_no":5,"bad_words":[],"bad_words_no":0,"weight":0,"location":[[32.85738607,-96.57557856],[32.85731901,-96.57559658],[32.86479165,-96.5419792],[32.86011306,-96.56905752],[32.86013278,-96.56913104]]}