{"messages":["My liver hurts","My liver hurts","My liver hurts"],"messages_no":3,"bad_words":[],"bad_words_no":0,"weight":0,"location":[[31.87939769,-106.32297689],[31.87939769,-106.32297689],[31.87939769,-106.32297689]],"friends":[1,2,3,4]}