{"messages":["@HuffPostWeird @Broncos baby!!! \ud83d\udc4f\ud83d\udc4f\ud83d\udc4f\ud83d\udc4f\ud83d\udc4f\ud83d\udc4f\ud83d\udc4f\ud83d\udc4f\ud83d\udc4f\ud83d\udc4f\ud83d\udc4f\ud83d\udc4f\ud83d\udc4f\ud83d\udc4f","@poopfighters #Denver \ud83d\udc4c\ud83d\ude18","@HuffPostWeird @Broncos baby!!! \ud83d\udc4f\ud83d\udc4f\ud83d\udc4f\ud83d\udc4f\ud83d\udc4f\ud83d\udc4f\ud83d\udc4f\ud83d\udc4f\ud83d\udc4f\ud83d\udc4f\ud83d\udc4f\ud83d\udc4f\ud83d\udc4f\ud83d\udc4f","@poopfighters #Denver \ud83d\udc4c\ud83d\ude18","@HuffPostWeird @Broncos baby!!! \ud83d\udc4f\ud83d\udc4f\ud83d\udc4f\ud83d\udc4f\ud83d\udc4f\ud83d\udc4f\ud83d\udc4f\ud83d\udc4f\ud83d\udc4f\ud83d\udc4f\ud83d\udc4f\ud83d\udc4f\ud83d\udc4f\ud83d\udc4f","@poopfighters #Denver \ud83d\udc4c\ud83d\ude18"],"messages_no":6,"bad_words":[],"bad_words_no":3,"weight":0,"location":[[41.28146268,-72.82840733],[41.28145498,-72.82843808],[41.28146268,-72.82840733],[41.28145498,-72.82843808],[41.28146268,-72.82840733],[41.28145498,-72.82843808]],"friends":[1,2,3,4]}