{"messages":["@xofernandes aight","@xofernandes aight","My bio &amp; my header \ud83d\ude0d\u270a\ud83d\ude18","@xofernandes aight"],"messages_no":4,"bad_words":[],"bad_words_no":0,"weight":0,"location":[[41.65143637,-70.94847541],[41.65143637,-70.94847541],[41.6515643,-70.94854266],[41.65143637,-70.94847541]],"friends":[1,2,3,4]}