{"messages":["Reweet if you're from Dallas Texas","But I have to watch my baby cousins ...","@TLM_OG SF booty.","Reweet if you're from Dallas Texas","But I have to watch my baby cousins ...","@TLM_OG SF booty.","@DynastyFYB @oGkushhhhhhh what car","Ima flame his ass up tomorrow","Reweet if you're from Dallas Texas","But I have to watch my baby cousins ...","@TLM_OG SF booty.","@DynastyFYB @oGkushhhhhhh what car"],"messages_no":12,"bad_words":[],"bad_words_no":0,"weight":0,"location":[[33.1001324,-96.64588047],[32.93220232,-96.81806586],[33.08479505,-96.62616448],[33.1001324,-96.64588047],[32.93220232,-96.81806586],[33.08479505,-96.62616448],[33.08489522,-96.62609388],[33.08476305,-96.62608614],[33.1001324,-96.64588047],[32.93220232,-96.81806586],[33.08479505,-96.62616448],[33.08489522,-96.62609388]],"friends":[1,2,3,4]}