{"messages":["Reweet if you're from Dallas Texas","But I have to watch my baby cousins ...","@TLM_OG SF booty.","Reweet if you're from Dallas Texas","Reweet if you're from Dallas Texas","But I have to watch my baby cousins ...","But I have to watch my baby cousins ...","@TLM_OG SF booty.","@TLM_OG SF booty."],"messages_no":9,"bad_words":[],"bad_words_no":0,"weight":0,"location":[33.1001324,-96.64588047,32.93220232,-96.81806586,33.08479505,-96.62616448,33.1001324,-96.64588047,33.1001324,-96.64588047,32.93220232,-96.81806586,32.93220232,-96.81806586,33.08479505,-96.62616448,33.08479505,-96.62616448]}