{"messages":["\u201c@luzbillz_: everything happens for a reason\u201d","\u201c@5lutynun: @TheReal_Dolds well aren't you a dick?\u201d\ud83d\udc40bye","\u201c@luzbillz_: everything happens for a reason\u201d","\u201c@5lutynun: @TheReal_Dolds well aren't you a dick?\u201d\ud83d\udc40bye","\u201c@Tibelisse_: @TheReal_Dolds @Timmy_Persaud dnt mean imma listen\ud83d\ude0c\u201dActually It Does .. Cause You Know Better \ud83d\ude34\ud83d\ude0c","Cookie Cake From Papa Johns Would Be Everything Right Now\ud83d\ude29\ud83d\ude4c","@genesissmx33 Lmao Closing the door mad hard m shit \ud83d\ude29\ud83d\ude02","\u201c@PimpnAintEasy_: That gut feeling? Go with it.. Its never wrong\u201d","\u201c@luzbillz_: everything happens for a reason\u201d","\u201c@5lutynun: @TheReal_Dolds well aren't you a dick?\u201d\ud83d\udc40bye","\u201c@Tibelisse_: @TheReal_Dolds @Timmy_Persaud dnt mean imma listen\ud83d\ude0c\u201dActually It Does .. Cause You Know Better \ud83d\ude34\ud83d\ude0c","Cookie Cake From Papa Johns Would Be Everything Right Now\ud83d\ude29\ud83d\ude4c","@genesissmx33 Lmao Closing the door mad hard m shit \ud83d\ude29\ud83d\ude02"],"messages_no":13,"bad_words":[],"bad_words_no":5,"weight":0,"location":[[40.77416411,-73.18395386],[40.77434336,-73.18384676],[40.77416411,-73.18395386],[40.77434336,-73.18384676],[40.77414173,-73.18396401],[40.77428202,-73.18375908],[40.77420589,-73.18382274],[40.77420572,-73.18386745],[40.77416411,-73.18395386],[40.77434336,-73.18384676],[40.77414173,-73.18396401],[40.77428202,-73.18375908],[40.77420589,-73.18382274]],"friends":[1,2,3,4]}