{"messages":["Dawwwww that's so sweet \ud83d\ude0d","Dawwwww that's so sweet \ud83d\ude0d","Dawwwww that's so sweet \ud83d\ude0d"],"messages_no":3,"bad_words":[],"bad_words_no":0,"weight":0,"location":[[38.76929153,-91.05688909],[38.76929153,-91.05688909],[38.76929153,-91.05688909]],"friends":[1,2,3,4]}