{"messages":["hats &amp; fakes","hats &amp; fakes","hats &amp; fakes"],"messages_no":3,"bad_words":[],"bad_words_no":0,"weight":0,"location":[[40.43888115,-79.95331842],[40.43888115,-79.95331842],[40.43888115,-79.95331842]],"friends":[1,2,3,4]}