{"messages":["Errands all day .","Errands all day .","Errands all day ."],"messages_no":3,"bad_words":[],"bad_words_no":0,"weight":0,"location":[32.69261,-117.0667806,32.69261,-117.0667806,32.69261,-117.0667806]}