{"messages":["does anyone have a printer I could use?","ours is out of ink and yeah I need a printer","does anyone have a printer I could use?","ours is out of ink and yeah I need a printer","does anyone have a printer I could use?","ours is out of ink and yeah I need a printer"],"messages_no":6,"bad_words":[],"bad_words_no":0,"weight":0,"location":[[32.45725745,-99.74811441],[32.45721222,-99.74801375],[32.45725745,-99.74811441],[32.45721222,-99.74801375],[32.45725745,-99.74811441],[32.45721222,-99.74801375]],"friends":[1,2,3,4]}