{"messages":["Well this month","Well this month","Well this month"],"messages_no":3,"bad_words":[],"bad_words_no":0,"weight":0,"location":[33.9283685,-118.2808505,33.9283685,-118.2808505,33.9283685,-118.2808505]}