{"messages":["I hate Riley's","So much to do before I get hammered. #sundayfunday","I hate Riley's"],"messages_no":3,"bad_words":[],"bad_words_no":0,"weight":0,"location":[39.72542554,-121.83932673,39.72484643,-121.84203031,39.72542554,-121.83932673]}