{"messages":["I wanna scream right now smh","I wanna scream right now smh","I wanna scream right now smh"],"messages_no":3,"bad_words":[],"bad_words_no":0,"weight":0,"location":[[39.74610072,-75.53092251],[39.74610072,-75.53092251],[39.74610072,-75.53092251]],"friends":[1,2,3,4]}