{"messages":["@FletchySketchy they did have one there though lmao","@FletchySketchy they did have one there though lmao","@k_wamp13 go to bee","@FletchySketchy they did have one there though lmao","@k_wamp13 go to bee"],"messages_no":5,"bad_words":[],"bad_words_no":0,"weight":0,"location":[[37.13321666,-80.54333576],[37.13321666,-80.54333576],[37.13332744,-80.54328249],[37.13321666,-80.54333576],[37.13332744,-80.54328249]],"friends":[1,2,3,4]}