{"messages":["@JacobRutledge17 Will do.","@JacobRutledge17 Will do.","@JacobRutledge17 Will do."],"messages_no":3,"bad_words":[],"bad_words_no":0,"weight":0,"location":[[40.80542398,-85.8349294],[40.80542398,-85.8349294],[40.80542398,-85.8349294]],"friends":[1,2,3,4]}