{"messages":["everyone likes my case \u263a\ufe0f\ud83d\ude0d","everyone likes my case \u263a\ufe0f\ud83d\ude0d","my bed is such a mess \ud83d\ude11","everyone likes my case \u263a\ufe0f\ud83d\ude0d","everyone likes my case \u263a\ufe0f\ud83d\ude0d","my bed is such a mess \ud83d\ude11"],"messages_no":6,"bad_words":[],"bad_words_no":0,"weight":0,"location":[38.8952466,-121.29832114,38.8952466,-121.29832114,38.87734579,-121.2997024,38.8952466,-121.29832114,38.8952466,-121.29832114,38.87734579,-121.2997024]}