{"messages":["\u201c@_TravisThompson: No school today niiiicceee.\u201d","\u201c@_TravisThompson: No school today niiiicceee.\u201d","I'm ready for the game to start....","Plot twist: Broncos win the 2014 Super Bowl ... Sike lmfao that aint gon happen \ud83d\ude02","\u201c@_TravisThompson: No school today niiiicceee.\u201d","\u201c@_TravisThompson: No school today niiiicceee.\u201d"],"messages_no":6,"bad_words":[],"bad_words_no":0,"weight":0,"location":[47.30947682,-122.34204701,47.30947682,-122.34204701,47.39924732,-122.31414964,47.15424513,-122.42285807,47.30947682,-122.34204701,47.30947682,-122.34204701]}