{"messages":["I fuck with you \u2764\ufe0f","I fuck with you \u2764\ufe0f"],"messages_no":2,"bad_words":[],"bad_words_no":2,"weight":0,"location":[40.32272105,-79.87307008,40.32272105,-79.87307008]}