{"messages":["#EsuranceSave30 \ud83d\ude04","#EsuranceSave30 \ud83d\ude04","#EsuranceSave30 \ud83d\ude04"],"messages_no":3,"bad_words":[],"bad_words_no":0,"weight":0,"location":[[40.03123324,-82.90206601],[40.03123324,-82.90206601],[40.03123324,-82.90206601]],"friends":[1,2,3,4]}