{"messages":["@AnnieBerguin OH MY GOSH IM DYING!!! \ud83d\ude02","@AnnieBerguin OH MY GOSH IM DYING!!! \ud83d\ude02","@AnnieBerguin OH MY GOSH IM DYING!!! \ud83d\ude02"],"messages_no":3,"bad_words":[],"bad_words_no":0,"weight":0,"location":[[33.51246688,-112.12816763],[33.51246688,-112.12816763],[33.51246688,-112.12816763]],"friends":[1,2,3,4]}