{"messages":["Ugh laundry","Ugh laundry","Ugh laundry"],"messages_no":3,"bad_words":[],"bad_words_no":0,"weight":0,"location":[41.0424945,-81.502678,41.0424945,-81.502678,41.0424945,-81.502678]}