{"messages":["I'm fucking starving","Bitch kicked out of the table tf lol","I'm fucking starving","Bitch kicked out of the table tf lol","I'm fucking starving","Bitch kicked out of the table tf lol"],"messages_no":6,"bad_words":[],"bad_words_no":3,"weight":0,"location":[[37.68136545,-121.12595803],[36.23784501,-119.7659216],[37.68136545,-121.12595803],[36.23784501,-119.7659216],[37.68136545,-121.12595803],[36.23784501,-119.7659216]],"friends":[1,2,3,4]}