{"messages":["New transformers!!!!! \ud83d\ude01\ud83d\ude03","New transformers!!!!! \ud83d\ude01\ud83d\ude03","New transformers!!!!! \ud83d\ude01\ud83d\ude03"],"messages_no":3,"bad_words":[],"bad_words_no":0,"weight":0,"location":[[37.10052172,-79.81983079],[37.10052172,-79.81983079],[37.10052172,-79.81983079]],"friends":[1,2,3,4]}