{"messages":["About to knock","About to knock","About to knock"],"messages_no":3,"bad_words":[],"bad_words_no":0,"weight":0,"location":[40.7876088,-72.85954534,40.7876088,-72.85954534,40.7876088,-72.85954534]}