{"messages":["Wit her ugggggly self","Wit her ugggggly self","Wit her ugggggly self"],"messages_no":3,"bad_words":[],"bad_words_no":0,"weight":0,"location":[[35.78929085,-77.62020369],[35.78929085,-77.62020369],[35.78929085,-77.62020369]],"friends":[1,2,3,4]}