{"messages":["He don't wife em he one nights em","@MyLordDisick lmao my nigga was high af","He don't wife em he one nights em","@MyLordDisick lmao my nigga was high af","Own it \/\/ Drake","He don't wife em he one nights em","@MyLordDisick lmao my nigga was high af"],"messages_no":7,"bad_words":[],"bad_words_no":3,"weight":0,"location":[[27.36023733,-82.50354163],[27.36017585,-82.50368346],[27.36023733,-82.50354163],[27.36017585,-82.50368346],[27.35198562,-82.53043333],[27.36023733,-82.50354163],[27.36017585,-82.50368346]],"friends":[1,2,3,4]}