{"messages":["@nolanhall21 are you playin?","@nolanhall21 are you playin?","@Lhillll you good?","@nolanhall21 are you playin?"],"messages_no":4,"bad_words":[],"bad_words_no":0,"weight":0,"location":[[41.0595203,-80.0518912],[41.0595203,-80.0518912],[41.0720356,-80.0667271],[41.0595203,-80.0518912]],"friends":[1,2,3,4]}