{"messages":["@_OC14 @_Guoop never that\ud83d\udc4c\ud83d\udc4c\ud83d\udc4c","@_OC14 @_Guoop never that\ud83d\udc4c\ud83d\udc4c\ud83d\udc4c","@_OC14 @_Guoop never that\ud83d\udc4c\ud83d\udc4c\ud83d\udc4c"],"messages_no":3,"bad_words":[],"bad_words_no":0,"weight":0,"location":[[34.27765786,-81.61870913],[34.27765786,-81.61870913],[34.27765786,-81.61870913]],"friends":[1,2,3,4]}