{"messages":["@PAFFYHiGHROLLER whatevs \u270c\ufe0f","@PAFFYHiGHROLLER whatevs \u270c\ufe0f","@PAFFYHiGHROLLER whatevs \u270c\ufe0f"],"messages_no":3,"bad_words":[],"bad_words_no":0,"weight":0,"location":[[38.45310506,-82.3275386],[38.45310506,-82.3275386],[38.45310506,-82.3275386]],"friends":[1,2,3,4]}