{"messages":["Where dem girls at","Where dem girls at","Where dem girls at"],"messages_no":3,"bad_words":[],"bad_words_no":0,"weight":0,"location":[[43.2263947,-76.190135],[43.2263947,-76.190135],[43.2263947,-76.190135]],"friends":[1,2,3,4]}