{"messages":["\u201c@teenagernotes: when you die on flappy bird \ud83d\ude02 http:\/\/t.co\/2QtmQsKHPF\u201d \ud83d\ude02\ud83d\ude02\ud83d\ude02","\u201c@teenagernotes: when you die on flappy bird \ud83d\ude02 http:\/\/t.co\/2QtmQsKHPF\u201d \ud83d\ude02\ud83d\ude02\ud83d\ude02","I miss @Krissy_79","\u201c@teenagernotes: when you die on flappy bird \ud83d\ude02 http:\/\/t.co\/2QtmQsKHPF\u201d \ud83d\ude02\ud83d\ude02\ud83d\ude02","I miss @Krissy_79"],"messages_no":5,"bad_words":[],"bad_words_no":0,"weight":0,"location":[[35.23638422,-80.6328881],[35.23638422,-80.6328881],[35.39984575,-80.9275788],[35.23638422,-80.6328881],[35.39984575,-80.9275788]],"friends":[1,2,3,4]}