{"messages":["Fuck you bitch, I'm more than high!","I want a valentine!","\u201c@TheRealLilTez: The best relationships are the ones you never saw coming. \u2764\ud83d\ude18\ud83d\ude0f\ud83d\ude0a\ud83d\udcaf\u201d","Fuck you bitch, I'm more than high!","I want a valentine!","\u201c@TheRealLilTez: The best relationships are the ones you never saw coming. \u2764\ud83d\ude18\ud83d\ude0f\ud83d\ude0a\ud83d\udcaf\u201d","@hiiiart ha I know how to deal, believe me!","Yours....","Fuck you bitch, I'm more than high!","I want a valentine!","\u201c@TheRealLilTez: The best relationships are the ones you never saw coming. \u2764\ud83d\ude18\ud83d\ude0f\ud83d\ude0a\ud83d\udcaf\u201d","@hiiiart ha I know how to deal, believe me!","Yours...."],"messages_no":13,"bad_words":[],"bad_words_no":6,"weight":0,"location":[[39.19435041,-84.38481554],[39.19434403,-84.38475617],[39.19429884,-84.38464387],[39.19435041,-84.38481554],[39.19434403,-84.38475617],[39.19429884,-84.38464387],[39.19431986,-84.38475075],[39.19427753,-84.38477808],[39.19435041,-84.38481554],[39.19434403,-84.38475617],[39.19429884,-84.38464387],[39.19431986,-84.38475075],[39.19427753,-84.38477808]],"friends":[1,2,3,4]}