{"messages":["He'll yeah","He'll yeah"],"messages_no":2,"bad_words":[],"bad_words_no":0,"weight":0,"location":[29.52697988,-98.38140186,29.52697988,-98.38140186]}