{"messages":["I'm bored","Seriously.","@Dachiaa_Wachiaa lmfaooo Why"],"messages_no":3,"bad_words":[],"bad_words_no":0,"weight":0,"location":[[41.7327416,-87.6089442],[41.7326804,-87.6089769],[41.7328278,-87.6089974]]}