{"messages":["Ride along is the funniest movie ever!\ud83d\ude02\ud83d\ude02","Ride along is the funniest movie ever!\ud83d\ude02\ud83d\ude02","Baseball needs to get here","Ride along is the funniest movie ever!\ud83d\ude02\ud83d\ude02"],"messages_no":4,"bad_words":[],"bad_words_no":0,"weight":0,"location":[[35.98840656,-96.11350612],[35.98840656,-96.11350612],[35.94805738,-96.05824105],[35.98840656,-96.11350612]],"friends":[1,2,3,4]}