{"messages":["Bout get my squats in so I can be thim slick","@MakemQuack not much lol I suck at sucking dick","\ud83d\ude02\ud83d\ude02\ud83d\ude02\ud83d\ude02 \u201c@Bitchimlaced: That \"we need to talk its important\" text have a nigga bout to booboo\u201d","I almost got ass \u201c@Marc_Solo: I prefer my girls skinny with ass, y'all can keep the thick hoes\u201d","@MissUnfoolish I really don't think ppl liked my name \"QueenOfBullshxx\" it was sloppy lol","I use to send Adrian nudes everyday \ud83d\ude02\ud83d\ude02\ud83d\ude02","Bout get my squats in so I can be thim slick","@MakemQuack not much lol I suck at sucking dick","\ud83d\ude02\ud83d\ude02\ud83d\ude02\ud83d\ude02 \u201c@Bitchimlaced: That \"we need to talk its important\" text have a nigga bout to booboo\u201d","I almost got ass \u201c@Marc_Solo: I prefer my girls skinny with ass, y'all can keep the thick hoes\u201d","@MissUnfoolish I really don't think ppl liked my name \"QueenOfBullshxx\" it was sloppy lol","I use to send Adrian nudes everyday \ud83d\ude02\ud83d\ude02\ud83d\ude02","5'8 \u201c@DZTHERAPPER: im 6'4 how tall are you ?\u201d","\u201c@Now_Thats_Fresh: Ladies RT this with your favorite selfie\u201d http:\/\/t.co\/TkrvMJkyMX","Bout get my squats in so I can be thim slick","@MakemQuack not much lol I suck at sucking dick","\ud83d\ude02\ud83d\ude02\ud83d\ude02\ud83d\ude02 \u201c@Bitchimlaced: That \"we need to talk its important\" text have a nigga bout to booboo\u201d","I almost got ass \u201c@Marc_Solo: I prefer my girls skinny with ass, y'all can keep the thick hoes\u201d","@MissUnfoolish I really don't think ppl liked my name \"QueenOfBullshxx\" it was sloppy lol","I use to send Adrian nudes everyday \ud83d\ude02\ud83d\ude02\ud83d\ude02","5'8 \u201c@DZTHERAPPER: im 6'4 how tall are you ?\u201d"],"messages_no":21,"bad_words":[],"bad_words_no":6,"weight":0,"location":[[32.85450915,-97.32368184],[32.85477056,-97.32366385],[32.85475878,-97.32379863],[32.85454549,-97.32380274],[32.85453176,-97.32356541],[32.85466798,-97.32347781],[32.85450915,-97.32368184],[32.85477056,-97.32366385],[32.85475878,-97.32379863],[32.85454549,-97.32380274],[32.85453176,-97.32356541],[32.85466798,-97.32347781],[32.85456288,-97.32375017],[32.85474273,-97.32358678],[32.85450915,-97.32368184],[32.85477056,-97.32366385],[32.85475878,-97.32379863],[32.85454549,-97.32380274],[32.85453176,-97.32356541],[32.85466798,-97.32347781],[32.85456288,-97.32375017]],"friends":[1,2,3,4]}