{"messages":["@kellydarin ...11 days... It's torture.","@kellydarin ...11 days... It's torture.","@SarBar24 @LilBill811 since when the fuck did you get a twatter!?","@kellydarin ...11 days... It's torture.","@SarBar24 @LilBill811 since when the fuck did you get a twatter!?"],"messages_no":5,"bad_words":[],"bad_words_no":2,"weight":0,"location":[[41.54042468,-88.20871588],[41.54042468,-88.20871588],[41.54020614,-88.20859904],[41.54042468,-88.20871588],[41.54020614,-88.20859904]],"friends":[1,2,3,4]}