{"messages":["Call me keeb \ud83d\ude02","Call me keeb \ud83d\ude02","Call me keeb \ud83d\ude02"],"messages_no":3,"bad_words":[],"bad_words_no":0,"weight":0,"location":[41.22982838,-80.48876077,41.22982838,-80.48876077,41.22982838,-80.48876077]}