{"messages":["#EsuranceSave30 ...","#EsuranceSave30 ...","#EsuranceSave30 ..."],"messages_no":3,"bad_words":[],"bad_words_no":0,"weight":0,"location":[[33.8399167,-117.20990312],[33.8399167,-117.20990312],[33.8399167,-117.20990312]],"friends":[1,2,3,4]}