{"messages":["@jamesmann23 \nYes! And let's keep in touch James!! \ud83c\udfc8\u2764\ufe0f\ud83c\udfc8\ud83d\ude18","@jamesmann23 \nYes! And let's keep in touch James!! \ud83c\udfc8\u2764\ufe0f\ud83c\udfc8\ud83d\ude18","@jamesmann23 \nYes! And let's keep in touch James!! \ud83c\udfc8\u2764\ufe0f\ud83c\udfc8\ud83d\ude18"],"messages_no":3,"bad_words":[],"bad_words_no":0,"weight":0,"location":[[36.99129931,-121.97248877],[36.99129931,-121.97248877],[36.99129931,-121.97248877]],"friends":[1,2,3,4]}