{"messages":["THAT WAS AMAZING","THAT WAS AMAZING","THAT WAS AMAZING"],"messages_no":3,"bad_words":[],"bad_words_no":0,"weight":0,"location":[[44.9175783,-93.0946574],[44.9175783,-93.0946574],[44.9175783,-93.0946574]],"friends":[1,2,3,4]}