{"messages":["@totaljuanmove c u there \ud83d\udd2e","@totaljuanmove c u there \ud83d\udd2e","@totaljuanmove c u there \ud83d\udd2e"],"messages_no":3,"bad_words":[],"bad_words_no":0,"weight":0,"location":[[29.89069388,-97.94626088],[29.89069388,-97.94626088],[29.89069388,-97.94626088]],"friends":[1,2,3,4]}