{"messages":["@emtz2012 the new one?","@emtz2012 the new one?"],"messages_no":2,"bad_words":[],"bad_words_no":0,"weight":0,"location":[30.29404104,-97.7435671,30.29404104,-97.7435671]}