{"messages":["Idk why I'm awake..","@EllyKohs I don't want to be in love... Don't talk to me.","Idk why I'm awake.."],"messages_no":3,"bad_words":[],"bad_words_no":0,"weight":0,"location":[35.34059166,-97.56909002,35.32992429,-97.56811677,35.34059166,-97.56909002]}