{"messages":["horrible night last night \ud83d\ude12","horrible night last night \ud83d\ude12","horrible night last night \ud83d\ude12"],"messages_no":3,"bad_words":[],"bad_words_no":0,"weight":0,"location":[[29.69355621,-91.21733791],[29.69355621,-91.21733791],[29.69355621,-91.21733791]],"friends":[1,2,3,4]}