{"messages":["@Cherrera_2013 thanks \u263a\ufe0f\u263a\ufe0f haha","@Cherrera_2013 thanks \u263a\ufe0f\u263a\ufe0f haha"],"messages_no":2,"bad_words":[],"bad_words_no":0,"weight":0,"location":[30.54953037,-97.5548913,30.54953037,-97.5548913]}