{"messages":["My phone is so messed up!","My phone is so messed up!","@ColeSatterlee steaming","My phone is so messed up!"],"messages_no":4,"bad_words":[],"bad_words_no":0,"weight":0,"location":[[37.16517824,-94.27088807],[37.16517824,-94.27088807],[37.14665088,-94.26719589],[37.16517824,-94.27088807]],"friends":[1,2,3,4]}