{"messages":["I'm scared of loving you . . . \ud83c\udfb6\ud83d\udc95","I'm scared of loving you . . . \ud83c\udfb6\ud83d\udc95","Even tho I got out 3 hours ago \ud83d\ude1c pero still it took foreverrrr !! \ud83d\ude29\ud83d\ude29\ud83d\ude13","Jhene Aiko really my bitch now tho . \ud83d\ude0d\ud83d\ude0d","I'm scared of loving you . . . \ud83c\udfb6\ud83d\udc95","Even tho I got out 3 hours ago \ud83d\ude1c pero still it took foreverrrr !! \ud83d\ude29\ud83d\ude29\ud83d\ude13","I'm scared of loving you . . . \ud83c\udfb6\ud83d\udc95","Even tho I got out 3 hours ago \ud83d\ude1c pero still it took foreverrrr !! \ud83d\ude29\ud83d\ude29\ud83d\ude13"],"messages_no":8,"bad_words":[],"bad_words_no":1,"weight":0,"location":[40.02030982,-75.06629119,40.02030982,-75.06629119,40.02004667,-75.06629613,40.00024488,-75.11054222,40.02030982,-75.06629119,40.02004667,-75.06629613,40.02030982,-75.06629119,40.02004667,-75.06629613]}