{"messages":["Ayyyyyy must be the monayyyy","Louisiana bound in a little while!","Ayyyyyy must be the monayyyy","Louisiana bound in a little while!","@Adrian_Chad19 I got a 118 and since then I can't even get close lol","Ayyyyyy must be the monayyyy","Louisiana bound in a little while!"],"messages_no":7,"bad_words":[],"bad_words_no":0,"weight":0,"location":[[29.63848833,-97.11933529],[29.65239186,-97.15266298],[29.63848833,-97.11933529],[29.65239186,-97.15266298],[29.63861879,-97.11942834],[29.63848833,-97.11933529],[29.65239186,-97.15266298]],"friends":[1,2,3,4]}