{"messages":["I used to be a dick, jk i still am","The hunger is real","I used to be a dick, jk i still am","The hunger is real","I used to be a dick, jk i still am","The hunger is real"],"messages_no":6,"bad_words":[],"bad_words_no":3,"weight":0,"location":[[40.8287415,-81.4175047],[41.0296848,-81.5745336],[40.8287415,-81.4175047],[41.0296848,-81.5745336],[40.8287415,-81.4175047],[41.0296848,-81.5745336]],"friends":[1,2,3,4]}