{"messages":["@mikieglass @KalebHogan quit being a gine due #gine","#EsuranceSave30","@mikieglass @KalebHogan quit being a gine due #gine","#EsuranceSave30","@mikieglass @KalebHogan quit being a gine due #gine","#EsuranceSave30"],"messages_no":6,"bad_words":[],"bad_words_no":0,"weight":0,"location":[[40.75185387,-111.86884051],[40.91235009,-111.87523403],[40.75185387,-111.86884051],[40.91235009,-111.87523403],[40.75185387,-111.86884051],[40.91235009,-111.87523403]],"friends":[1,2,3,4]}