{"messages":["@ashweee_ maybe a lil","@ashweee_ maybe a lil","Ben fam 4 life","@ashweee_ maybe a lil"],"messages_no":4,"bad_words":[],"bad_words_no":0,"weight":0,"location":[[35.8262807,-86.4819585],[35.8262807,-86.4819585],[35.8261844,-86.4818608],[35.8262807,-86.4819585]],"friends":[1,2,3,4]}