{"messages":["White girl calling my name","@KalebLogan broncos by how much?","White girl calling my name"],"messages_no":3,"bad_words":[],"bad_words_no":0,"weight":0,"location":[32.66747707,-97.21429839,32.6675107,-97.21465515,32.66747707,-97.21429839]}