{"messages":["Can't wait for Benihana \ud83d\ude0b","Can't wait for Benihana \ud83d\ude0b","Can't wait for Benihana \ud83d\ude0b","Can't wait for Benihana \ud83d\ude0b"],"messages_no":4,"bad_words":[],"bad_words_no":0,"weight":0,"location":[42.19030869,-83.21340217,42.19030869,-83.21340217,42.19030869,-83.21340217,42.19030869,-83.21340217]}