{"messages":["Oopsies","Oopsies","Oopsies"],"messages_no":3,"bad_words":[],"bad_words_no":0,"weight":0,"location":[[43.35459167,-70.72503934],[43.35459167,-70.72503934],[43.35459167,-70.72503934]],"friends":[1,2,3,4]}