{"messages":["#EsuranceSave30","#EsuranceSave30","#EsuranceSave30"],"messages_no":3,"bad_words":[],"bad_words_no":0,"weight":0,"location":[[46.69050418,-92.45021717],[46.69050418,-92.45021717],[46.69050418,-92.45021717]],"friends":[1,2,3,4]}