{"messages":["Keri Hilson-Tell him the truth\ud83d\ude4c\ud83d\ude29","Keri Hilson-Tell him the truth\ud83d\ude4c\ud83d\ude29","Keri Hilson-Tell him the truth\ud83d\ude4c\ud83d\ude29"],"messages_no":3,"bad_words":[],"bad_words_no":0,"weight":0,"location":[[34.99672281,-81.97275192],[34.99672281,-81.97275192],[34.99672281,-81.97275192]],"friends":[1,2,3,4]}