{"messages":["I've been single for a minute now .... Lol more like an hour...","\ud83d\ude0d\ud83d\udc6d baby cousinnnnnn","I've been single for a minute now .... Lol more like an hour...","\ud83d\ude0d\ud83d\udc6d baby cousinnnnnn","I've been single for a minute now .... Lol more like an hour...","\ud83d\ude0d\ud83d\udc6d baby cousinnnnnn"],"messages_no":6,"bad_words":[],"bad_words_no":0,"weight":0,"location":[[28.4624698,-81.43405186],[25.99206318,-80.30756347],[28.4624698,-81.43405186],[25.99206318,-80.30756347],[28.4624698,-81.43405186],[25.99206318,-80.30756347]],"friends":[1,2,3,4]}