{"messages":["I honestly don't think stand up is funny unless you're tosh","That was insane","I honestly don't think stand up is funny unless you're tosh","That was insane","@marettarawson happy birthday \ud83d\udc82\ud83d\ude07","I honestly don't think stand up is funny unless you're tosh","That was insane"],"messages_no":7,"bad_words":[],"bad_words_no":0,"weight":0,"location":[[41.60109061,-83.62037509],[41.51135488,-83.80488851],[41.60109061,-83.62037509],[41.51135488,-83.80488851],[41.51134319,-83.80485364],[41.60109061,-83.62037509],[41.51135488,-83.80488851]],"friends":[1,2,3,4]}