{"messages":["@ItsMyJayJay_ thank youuu","This is my first time watching 2012","@ItsMyJayJay_ thank youuu","This is my first time watching 2012","@ItsMyJayJay_ thank youuu","This is my first time watching 2012"],"messages_no":6,"bad_words":[],"bad_words_no":0,"weight":0,"location":[[40.09491497,-88.29160772],[40.09453366,-88.29167735],[40.09491497,-88.29160772],[40.09453366,-88.29167735],[40.09491497,-88.29160772],[40.09453366,-88.29167735]],"friends":[1,2,3,4]}