{"messages":["Ugh work in like 4 hours.","Ugh work in like 4 hours.","Ugh work in like 4 hours.","Ugh work in like 4 hours."],"messages_no":4,"bad_words":[],"bad_words_no":0,"weight":0,"location":[38.6655837,-121.2686777,38.6655837,-121.2686777,38.6655837,-121.2686777,38.6655837,-121.2686777]}