{"messages":["@Eber_AnimalPak for sure","Why u going  to put me on blast again ?","@juanbelu84 he bitch","@Eber_AnimalPak for sure","Why u going  to put me on blast again ?","@juanbelu84 he bitch","@Eber_AnimalPak for sure","Why u going  to put me on blast again ?","@juanbelu84 he bitch"],"messages_no":9,"bad_words":[],"bad_words_no":3,"weight":0,"location":[[38.95389578,-77.58242251],[38.98747365,-77.61878371],[38.90295569,-77.12788875],[38.95389578,-77.58242251],[38.98747365,-77.61878371],[38.90295569,-77.12788875],[38.95389578,-77.58242251],[38.98747365,-77.61878371],[38.90295569,-77.12788875]],"friends":[1,2,3,4]}