{"messages":["I hate test!","Let me get up","I hate test!","Let me get up","I hate test!","Let me get up"],"messages_no":6,"bad_words":[],"bad_words_no":0,"weight":0,"location":[[33.7341216,-84.1321855],[33.7341356,-84.1321306],[33.7341216,-84.1321855],[33.7341356,-84.1321306],[33.7341216,-84.1321855],[33.7341356,-84.1321306]],"friends":[1,2,3,4]}