{"messages":["@J_Eggs10 I knew I was forgetting one.... \ud83d\ude02","@J_Eggs10 I knew I was forgetting one.... \ud83d\ude02","@J_Eggs10 I knew I was forgetting one.... \ud83d\ude02","@J_Eggs10 I knew I was forgetting one.... \ud83d\ude02"],"messages_no":4,"bad_words":[],"bad_words_no":0,"weight":0,"location":[42.60016786,-83.85466302,42.60016786,-83.85466302,42.60016786,-83.85466302,42.60016786,-83.85466302]}