{"messages":["I woke up happy for some odd reason \ud83c\udf1a\u263a\ufe0f","I woke up happy for some odd reason \ud83c\udf1a\u263a\ufe0f","I woke up happy for some odd reason \ud83c\udf1a\u263a\ufe0f"],"messages_no":3,"bad_words":[],"bad_words_no":0,"weight":0,"location":[[41.31016536,-72.91319987],[41.31016536,-72.91319987],[41.31016536,-72.91319987]],"friends":[1,2,3,4]}