{"messages":["Fuckin right, all right. \ue420","\"@AyliiinLuna: Give me a drink and let me sing loud.\"","Fuckin right, all right. \ue420","\"@AyliiinLuna: Give me a drink and let me sing loud.\"","\"@BodybuiIding: I\u2019m easily attracted to girls who workout.\"","Fuckin right, all right. \ue420","\"@AyliiinLuna: Give me a drink and let me sing loud.\"","\"@BodybuiIding: I\u2019m easily attracted to girls who workout.\""],"messages_no":8,"bad_words":[],"bad_words_no":3,"weight":0,"location":[[29.4480393,-95.0779413],[29.4688222,-95.0287911],[29.4480393,-95.0779413],[29.4688222,-95.0287911],[29.4669294,-95.0883336],[29.4480393,-95.0779413],[29.4688222,-95.0287911],[29.4669294,-95.0883336]],"friends":[1,2,3,4]}