{"messages":["He cooks for me \ud83d\ude0a","He cooks for me \ud83d\ude0a","He cooks for me \ud83d\ude0a"],"messages_no":3,"bad_words":[],"bad_words_no":0,"weight":0,"location":[[39.67096733,-75.73127992],[39.67096733,-75.73127992],[39.67096733,-75.73127992]],"friends":[1,2,3,4]}