{"messages":["Mad bored.","Mad bored.","Mad bored."],"messages_no":3,"bad_words":[],"bad_words_no":0,"weight":0,"location":[[42.34874452,-71.55922537],[42.34874452,-71.55922537],[42.34874452,-71.55922537]],"friends":[1,2,3,4]}