{"messages":["Empty house &gt;&gt;&gt;","Empty house &gt;&gt;&gt;","Empty house &gt;&gt;&gt;"],"messages_no":3,"bad_words":[],"bad_words_no":0,"weight":0,"location":[[41.93956639,-87.81406367],[41.93956639,-87.81406367],[41.93956639,-87.81406367]],"friends":[1,2,3,4]}