{"messages":["Last night here \ud83d\ude25","Last night here \ud83d\ude25"],"messages_no":2,"bad_words":[],"bad_words_no":0,"weight":0,"location":[36.04725977,-115.17079789,36.04725977,-115.17079789]}