{"messages":["Whats past is past.","Whats past is past.","Whats past is past."],"messages_no":3,"bad_words":[],"bad_words_no":0,"weight":0,"location":[40.5688168,-75.5409373,40.5688168,-75.5409373,40.5688168,-75.5409373]}