{"messages":["How neesha been?","How neesha been?","I watch a lot of travel channel &amp; discovery. Idk why tho.","How neesha been?","I watch a lot of travel channel &amp; discovery. Idk why tho."],"messages_no":5,"bad_words":[],"bad_words_no":0,"weight":0,"location":[[39.07137466,-84.50061782],[39.07137466,-84.50061782],[39.07169761,-84.50056839],[39.07137466,-84.50061782],[39.07169761,-84.50056839]],"friends":[1,2,3,4]}