{"messages":["I'm scared......","I'm scared......","I'm scared......"],"messages_no":3,"bad_words":[],"bad_words_no":0,"weight":0,"location":[[42.32963576,-71.91883222],[42.32963576,-71.91883222],[42.32963576,-71.91883222]],"friends":[1,2,3,4]}