{"messages":["KD got the game sliders up","KD got the game sliders up","KD got the game sliders up"],"messages_no":3,"bad_words":[],"bad_words_no":0,"weight":0,"location":[[28.3449369,-81.63811623],[28.3449369,-81.63811623],[28.3449369,-81.63811623]],"friends":[1,2,3,4]}