{"messages":["They just too tall lol .","Lol i miss Daisha's laugh .","I hope he fr ..","No help .","Goku been acting like a stranger .","Beer not even that nasty .","Call me Flocka Philly .","\"@_ayeyanna: I hate when more than one person likes me at a time it really gets me thinking ..\"","Let a nigga know .","They just too tall lol .","Lol i miss Daisha's laugh .","Lol i miss Daisha's laugh .","I hope he fr ..","I hope he fr ..","No help .","Goku been acting like a stranger .","Beer not even that nasty .","Call me Flocka Philly .","Call me Flocka Philly .","\"@_ayeyanna: I hate when more than one person likes me at a time it really gets me thinking ..\"","\"@_ayeyanna: I hate when more than one person likes me at a time it really gets me thinking ..\"","Let a nigga know ."],"messages_no":22,"bad_words":[],"bad_words_no":2,"weight":0,"location":[42.04535539,-87.93730642,42.04535659,-87.93733082,42.04536216,-87.9373071,42.04537074,-87.93731434,42.0453503,-87.93733531,42.04536372,-87.93731361,42.04536703,-87.93730704,42.045381,-87.93728552,42.04535864,-87.93734441,42.04535539,-87.93730642,42.04535659,-87.93733082,42.04535659,-87.93733082,42.04536216,-87.9373071,42.04536216,-87.9373071,42.04537074,-87.93731434,42.0453503,-87.93733531,42.04536372,-87.93731361,42.04536703,-87.93730704,42.04536703,-87.93730704,42.045381,-87.93728552,42.045381,-87.93728552,42.04535864,-87.93734441]}