{"messages":["I'm scared......","I'm scared......"],"messages_no":2,"bad_words":[],"bad_words_no":0,"weight":0,"location":[42.32963576,-71.91883222,42.32963576,-71.91883222]}