{"messages":["\u201c@WhitePpITweet: I can\u2019t see it lol http:\/\/t.co\/TzoTlSeZkr\u201d \ud83d\ude02\ud83d\ude02\ud83d\ude02","\u201c@WhitePpITweet: I can\u2019t see it lol http:\/\/t.co\/TzoTlSeZkr\u201d \ud83d\ude02\ud83d\ude02\ud83d\ude02","\u201c@WhitePpITweet: I can\u2019t see it lol http:\/\/t.co\/TzoTlSeZkr\u201d \ud83d\ude02\ud83d\ude02\ud83d\ude02"],"messages_no":3,"bad_words":[],"bad_words_no":0,"weight":0,"location":[[34.74185818,-82.33071408],[34.74185818,-82.33071408],[34.74185818,-82.33071408]],"friends":[1,2,3,4]}