{"messages":["Up bouta get this bread !","Up bouta get this bread !","Man i hate it when she do tht shit","Up bouta get this bread !"],"messages_no":4,"bad_words":[],"bad_words_no":1,"weight":0,"location":[[39.68586325,-75.41857269],[39.68586325,-75.41857269],[39.73279734,-75.4713677],[39.68586325,-75.41857269]],"friends":[1,2,3,4]}