{"messages":["Friday night has done me well\ud83d\ude0d","Ride along\u2764\ufe0f\ud83d\ude02","Friday night has done me well\ud83d\ude0d","Ride along\u2764\ufe0f\ud83d\ude02","Friday night has done me well\ud83d\ude0d","Ride along\u2764\ufe0f\ud83d\ude02"],"messages_no":6,"bad_words":[],"bad_words_no":0,"weight":0,"location":[[38.48866033,-85.40069701],[38.30797104,-85.55341462],[38.48866033,-85.40069701],[38.30797104,-85.55341462],[38.48866033,-85.40069701],[38.30797104,-85.55341462]],"friends":[1,2,3,4]}