{"messages":["NO SCHOOL TOMORROW","NO SCHOOL TOMORROW","Lol at the fact im in peytons family group message","NO SCHOOL TOMORROW"],"messages_no":4,"bad_words":[],"bad_words_no":0,"weight":0,"location":[[33.32874504,-84.42957597],[33.32874504,-84.42957597],[33.40882586,-84.58595809],[33.32874504,-84.42957597]],"friends":[1,2,3,4]}