{"messages":["Tired","Tired"],"messages_no":2,"bad_words":[],"bad_words_no":0,"weight":0,"location":[41.63212354,-85.0096091,41.63212354,-85.0096091]}