{"messages":["I'm going hesher","I'm going hesher"],"messages_no":2,"bad_words":[],"bad_words_no":0,"weight":0,"location":[30.50817012,-87.90301085,30.50817012,-87.90301085]}