{"messages":["Omg.... The new transformers. \ud83d\ude0d\ud83d\ude0d\ud83d\ude0d\ud83d\ude0d","Omg.... I'm in complete shock right now \ud83d\ude27","Omg.... The new transformers. \ud83d\ude0d\ud83d\ude0d\ud83d\ude0d\ud83d\ude0d","Omg.... I'm in complete shock right now \ud83d\ude27","Omg.... The new transformers. \ud83d\ude0d\ud83d\ude0d\ud83d\ude0d\ud83d\ude0d","Omg.... I'm in complete shock right now \ud83d\ude27"],"messages_no":6,"bad_words":[],"bad_words_no":0,"weight":0,"location":[[38.96299526,-90.98925562],[38.96254183,-90.98930199],[38.96299526,-90.98925562],[38.96254183,-90.98930199],[38.96299526,-90.98925562],[38.96254183,-90.98930199]],"friends":[1,2,3,4]}