{"messages":["Well dats game","Well dats game","Well dats game"],"messages_no":3,"bad_words":[],"bad_words_no":0,"weight":0,"location":[[31.94928547,-83.74336586],[31.94928547,-83.74336586],[31.94928547,-83.74336586]],"friends":[1,2,3,4]}