{"messages":["@shelbyroberts14 you work there!!?","@shelbyroberts14 you work there!!?","@shelbyroberts14 you work there!!?"],"messages_no":3,"bad_words":[],"bad_words_no":0,"weight":0,"location":[[38.08170063,-84.86609118],[38.08170063,-84.86609118],[38.08170063,-84.86609118]],"friends":[1,2,3,4]}