{"messages":["Sultan and Ned S; all these roads \ud83d\udc83\ud83d\ude46\ud83d\ude45\ud83d\udc81\ud83d\ude4b\ud83d\udc6f","I miss partying in Fitchburg till 6am","Sultan and Ned S; all these roads \ud83d\udc83\ud83d\ude46\ud83d\ude45\ud83d\udc81\ud83d\ude4b\ud83d\udc6f","Sultan and Ned S; all these roads \ud83d\udc83\ud83d\ude46\ud83d\ude45\ud83d\udc81\ud83d\ude4b\ud83d\udc6f","I miss partying in Fitchburg till 6am"],"messages_no":5,"bad_words":[],"bad_words_no":0,"weight":0,"location":[42.58623463,-71.78994655,42.58649056,-71.7899558,42.58623463,-71.78994655,42.58623463,-71.78994655,42.58649056,-71.7899558]}