{"messages":["Wow Denver","Wow Denver","Wow Denver"],"messages_no":3,"bad_words":[],"bad_words_no":0,"weight":0,"location":[[36.10417066,-95.74330864],[36.10417066,-95.74330864],[36.10417066,-95.74330864]],"friends":[1,2,3,4]}