{"messages":["@masonrivers5 come with","@masonrivers5 come with","@masonrivers5 come with"],"messages_no":3,"bad_words":[],"bad_words_no":0,"weight":0,"location":[[45.35880691,-122.82682269],[45.35880691,-122.82682269],[45.35880691,-122.82682269]],"friends":[1,2,3,4]}