{"messages":["get on my damn nerves \ud83d\ude02\ud83d\ude02","light skin ass\ud83d\ude02 @TheRealDjGotti http:\/\/t.co\/PmeaVpbocn","\u201c@RealTattoos: Amazing cobra tattoo \ud83d\udc4c http:\/\/t.co\/nxeb3d8Nxm\u201dtrippy as fuck\ud83d\ude33","@_xTrippyChic it ain't even there \ud83d\ude02","wish that i could tell my family but i don't know how they would react and i ain't tryin to risk my relationship. \ud83d\ude45","glad that I have a boyfriend that knows how to deal with my little annoying ass.\ud83d\ude02","@Macie_Deandra97 my nosey family\ud83d\ude2d","get on my damn nerves \ud83d\ude02\ud83d\ude02","light skin ass\ud83d\ude02 @TheRealDjGotti http:\/\/t.co\/PmeaVpbocn","\u201c@RealTattoos: Amazing cobra tattoo \ud83d\udc4c http:\/\/t.co\/nxeb3d8Nxm\u201dtrippy as fuck\ud83d\ude33","@_xTrippyChic it ain't even there \ud83d\ude02","wish that i could tell my family but i don't know how they would react and i ain't tryin to risk my relationship. \ud83d\ude45","glad that I have a boyfriend that knows how to deal with my little annoying ass.\ud83d\ude02","@Macie_Deandra97 my nosey family\ud83d\ude2d","get on my damn nerves \ud83d\ude02\ud83d\ude02","light skin ass\ud83d\ude02 @TheRealDjGotti http:\/\/t.co\/PmeaVpbocn","\u201c@RealTattoos: Amazing cobra tattoo \ud83d\udc4c http:\/\/t.co\/nxeb3d8Nxm\u201dtrippy as fuck\ud83d\ude33","@_xTrippyChic it ain't even there \ud83d\ude02","wish that i could tell my family but i don't know how they would react and i ain't tryin to risk my relationship. \ud83d\ude45","glad that I have a boyfriend that knows how to deal with my little annoying ass.\ud83d\ude02","@Macie_Deandra97 my nosey family\ud83d\ude2d"],"messages_no":21,"bad_words":[],"bad_words_no":6,"weight":0,"location":[[35.06150017,-81.6725657],[35.06146258,-81.67258138],[35.06157096,-81.67254976],[35.06149623,-81.67251726],[35.06148492,-81.67253595],[35.04581321,-81.79647696],[35.06148328,-81.67257166],[35.06150017,-81.6725657],[35.06146258,-81.67258138],[35.06157096,-81.67254976],[35.06149623,-81.67251726],[35.06148492,-81.67253595],[35.04581321,-81.79647696],[35.06148328,-81.67257166],[35.06150017,-81.6725657],[35.06146258,-81.67258138],[35.06157096,-81.67254976],[35.06149623,-81.67251726],[35.06148492,-81.67253595],[35.04581321,-81.79647696],[35.06148328,-81.67257166]],"friends":[1,2,3,4]}