{"messages":["Live rn http:\/\/t.co\/6RUg2Do2aO","Live rn http:\/\/t.co\/6RUg2Do2aO","Live rn http:\/\/t.co\/6RUg2Do2aO"],"messages_no":3,"bad_words":[],"bad_words_no":0,"weight":0,"location":[[45.44201015,-122.7897214],[45.44201015,-122.7897214],[45.44201015,-122.7897214]],"friends":[1,2,3,4]}