{"messages":["@kaseycarrier when is it Kasey","@JBuck610 winter has come JJ","Put in Vega"],"messages_no":3,"bad_words":[],"bad_words_no":0,"weight":0,"location":[[35.22677731,-106.68671759],[35.26660247,-106.6428388],[35.26634505,-106.64246945]]}