{"messages":["Prayed about everything\ud83d\ude4f... Woke up this morning with a GREAT mindset.","\u201c@KINGLilKeis: Loyalty is everything...\u201d","Prayed about everything\ud83d\ude4f... Woke up this morning with a GREAT mindset.","\u201c@KINGLilKeis: Loyalty is everything...\u201d","@iamMissPretty do y'all ever have sunlight?","Prayed about everything\ud83d\ude4f... Woke up this morning with a GREAT mindset.","\u201c@KINGLilKeis: Loyalty is everything...\u201d","Prayed about everything\ud83d\ude4f... Woke up this morning with a GREAT mindset.","\u201c@KINGLilKeis: Loyalty is everything...\u201d","@iamMissPretty do y'all ever have sunlight?"],"messages_no":10,"bad_words":[],"bad_words_no":0,"weight":0,"location":[38.33837718,-87.35265805,38.33837611,-87.35265844,38.33837718,-87.35265805,38.33837611,-87.35265844,38.33928857,-87.35044772,38.33837718,-87.35265805,38.33837611,-87.35265844,38.33837718,-87.35265805,38.33837611,-87.35265844,38.33928857,-87.35044772]}