{"messages":["Had a great day, found my prom dress \ud83d\udc9c\u2764\ufe0f\ud83d\udc99","Had a great day, found my prom dress \ud83d\udc9c\u2764\ufe0f\ud83d\udc99","Had a great day, found my prom dress \ud83d\udc9c\u2764\ufe0f\ud83d\udc99"],"messages_no":3,"bad_words":[],"bad_words_no":0,"weight":0,"location":[[33.13247137,-84.34761263],[33.13247137,-84.34761263],[33.13247137,-84.34761263]],"friends":[1,2,3,4]}