{"messages":["Babyyy lum me lights out","Babyyy lum me lights out","Babyyy lum me lights out"],"messages_no":3,"bad_words":[],"bad_words_no":0,"weight":0,"location":[39.83401666,-75.03996232,39.83401666,-75.03996232,39.83401666,-75.03996232]}