{"messages":["@alisamarie16 I know seriously","@alisamarie16 I know seriously","@alisamarie16 I know seriously"],"messages_no":3,"bad_words":[],"bad_words_no":0,"weight":0,"location":[[37.1487937,-80.41950509],[37.1487937,-80.41950509],[37.1487937,-80.41950509]],"friends":[1,2,3,4]}