{"messages":["@jae_hay chase Crawford \ud83d\ude09","@jae_hay chase Crawford \ud83d\ude09","@jae_hay chase Crawford \ud83d\ude09"],"messages_no":3,"bad_words":[],"bad_words_no":0,"weight":0,"location":[[33.39155665,-111.71072011],[33.39155665,-111.71072011],[33.39155665,-111.71072011]],"friends":[1,2,3,4]}