{"messages":["Uh... So, is 60 Minutes on yet?","Uh... So, is 60 Minutes on yet?","Uh... So, is 60 Minutes on yet?"],"messages_no":3,"bad_words":[],"bad_words_no":0,"weight":0,"location":[[33.31117841,-111.98698478],[33.31117841,-111.98698478],[33.31117841,-111.98698478]],"friends":[1,2,3,4]}