{"messages":["After running selfie \ud83d\ude48 http:\/\/t.co\/sAng1TCFzZ","After running selfie \ud83d\ude48 http:\/\/t.co\/sAng1TCFzZ","I wanna be the one makin out with Brandon","After running selfie \ud83d\ude48 http:\/\/t.co\/sAng1TCFzZ","I wanna be the one makin out with Brandon"],"messages_no":5,"bad_words":[],"bad_words_no":0,"weight":0,"location":[[33.68305416,-86.86246564],[33.68305416,-86.86246564],[33.68925123,-86.87958241],[33.68305416,-86.86246564],[33.68925123,-86.87958241]],"friends":[1,2,3,4]}