{"messages":["God damn","I'm still in bed and I'm about to eat some Hot Cheetos. Good day so far.","God damn"],"messages_no":3,"bad_words":[],"bad_words_no":2,"weight":0,"location":[41.06745337,-81.47278139,41.06740741,-81.47282191,41.06745337,-81.47278139]}