{"messages":["What a fuckin week...","What a fuckin week...","What a fuckin week..."],"messages_no":3,"bad_words":[],"bad_words_no":3,"weight":0,"location":[[39.62789685,-77.76551873],[39.62789685,-77.76551873],[39.62789685,-77.76551873]],"friends":[1,2,3,4]}