{"messages":["I feel like a whole new person once I get my eyebrows done","Work work work","I feel like a whole new person once I get my eyebrows done","I feel like a whole new person once I get my eyebrows done","Work work work"],"messages_no":5,"bad_words":[],"bad_words_no":0,"weight":0,"location":[42.16533816,-71.04208885,42.18411589,-71.07484834,42.16533816,-71.04208885,42.16533816,-71.04208885,42.18411589,-71.07484834]}