{"messages":["Babysitting while my mom goes out.. Feels good. I'm happy she actually got to get out for once","Him and that arm belong in a crazy home fr lmao he strong af","Duke and those threes \ud83d\udd2b","Babysitting while my mom goes out.. Feels good. I'm happy she actually got to get out for once","Him and that arm belong in a crazy home fr lmao he strong af","Duke and those threes \ud83d\udd2b","@Shakir_FBC lmao #fuckit","\u201c@anitaxoxo12: Omg i just seen 6 tweets in a row saying Team Dollaz\u201d #NODEAL","Single ladies is my show but it truly makes me mad","Who tf invented flappy bird ? This game make me mad af","Babysitting while my mom goes out.. Feels good. I'm happy she actually got to get out for once","Him and that arm belong in a crazy home fr lmao he strong af","Duke and those threes \ud83d\udd2b","@Shakir_FBC lmao #fuckit","\u201c@anitaxoxo12: Omg i just seen 6 tweets in a row saying Team Dollaz\u201d #NODEAL","Single ladies is my show but it truly makes me mad"],"messages_no":16,"bad_words":[],"bad_words_no":2,"weight":0,"location":[[43.07143697,-76.14039083],[43.07129051,-76.14022605],[43.07117115,-76.14030392],[43.07143697,-76.14039083],[43.07129051,-76.14022605],[43.07117115,-76.14030392],[43.07139051,-76.14025388],[43.0713478,-76.14026694],[43.07148657,-76.14021475],[43.07148151,-76.14038028],[43.07143697,-76.14039083],[43.07129051,-76.14022605],[43.07117115,-76.14030392],[43.07139051,-76.14025388],[43.0713478,-76.14026694],[43.07148657,-76.14021475]],"friends":[1,2,3,4]}