{"messages":["I'm done w this game!","I'm done w this game!","I'm done w this game!"],"messages_no":3,"bad_words":[],"bad_words_no":0,"weight":0,"location":[[34.44058106,-82.3937821],[34.44058106,-82.3937821],[34.44058106,-82.3937821]],"friends":[1,2,3,4]}