{"messages":["@itsskristennnn thanks \ud83d\ude18\ud83d\ude05","@iNashGriers pudge","@itsskristennnn thanks \ud83d\ude18\ud83d\ude05","@iNashGriers pudge","\u201c@notesforgirlz: Dicaprio melting hearts since the 90's http:\/\/t.co\/33WNONHSCn\u201d ily","@itsskristennnn thanks \ud83d\ude18\ud83d\ude05","@iNashGriers pudge","\u201c@notesforgirlz: Dicaprio melting hearts since the 90's http:\/\/t.co\/33WNONHSCn\u201d ily"],"messages_no":8,"bad_words":[],"bad_words_no":0,"weight":0,"location":[[35.61113741,-77.37294924],[35.60471841,-77.39679655],[35.61113741,-77.37294924],[35.60471841,-77.39679655],[40.21333517,-74.0143928],[35.61113741,-77.37294924],[35.60471841,-77.39679655],[40.21333517,-74.0143928]],"friends":[1,2,3,4]}