{"messages":["Good game","Good game"],"messages_no":2,"bad_words":[],"bad_words_no":0,"weight":0,"location":[41.11622424,-80.64649853,41.11622424,-80.64649853]}