{"messages":["@MoocHMonTanA Imy too\ud83d\ude2d\u2764\ufe0f","@MoocHMonTanA Imy too\ud83d\ude2d\u2764\ufe0f","I don't get it.. but okie","@asapdelly grow up, you wish your dick was big. get out of off my mentions too.","@MoocHMonTanA Imy too\ud83d\ude2d\u2764\ufe0f","I don't get it.. but okie","@asapdelly grow up, you wish your dick was big. get out of off my mentions too."],"messages_no":7,"bad_words":[],"bad_words_no":2,"weight":0,"location":[[41.01856008,-73.81720355],[41.01856008,-73.81720355],[41.04109148,-73.77446765],[41.04103324,-73.77457668],[41.01856008,-73.81720355],[41.04109148,-73.77446765],[41.04103324,-73.77457668]],"friends":[1,2,3,4]}