{"messages":["DADDY WONT EVEN KNOW I LEFT","DADDY WONT EVEN KNOW I LEFT","@ohhhboyitsbree @Thuglyfe_Devon I'd deff not be able to play lol","DADDY WONT EVEN KNOW I LEFT"],"messages_no":4,"bad_words":[],"bad_words_no":0,"weight":0,"location":[[43.05641114,-83.86649323],[43.05641114,-83.86649323],[43.05697095,-83.86691451],[43.05641114,-83.86649323]],"friends":[1,2,3,4]}