{"messages":["I sense a comeback","I sense a comeback","I think it should just snow Mondays and Wednesdays for the rest of the semester","I sense a comeback"],"messages_no":4,"bad_words":[],"bad_words_no":0,"weight":0,"location":[[40.30792401,-75.62064283],[40.30792401,-75.62064283],[40.29093836,-75.61960113],[40.30792401,-75.62064283]],"friends":[1,2,3,4]}