{"messages":["; omw to see my brother tho (:","Ok cool","; omw to see my brother tho (:","Ok cool","Its sad when you gotta argue w\/ someone every night before you can go to sleep","; omw to see my brother tho (:","Ok cool","Its sad when you gotta argue w\/ someone every night before you can go to sleep"],"messages_no":8,"bad_words":[],"bad_words_no":0,"weight":0,"location":[[36.3592547,-89.4559424],[36.3592547,-89.4559424],[36.3592547,-89.4559424],[36.3592547,-89.4559424],[36.3831672,-89.4756526],[36.3592547,-89.4559424],[36.3592547,-89.4559424],[36.3831672,-89.4756526]],"friends":[1,2,3,4]}