{"messages":["@ItsDC_OMG they exposed bro..","@g_ho1 @chevrolet you know what I mean man!!!!","@ItsDC_OMG they exposed bro..","@g_ho1 @chevrolet you know what I mean man!!!!","No movie!!! Dang it. Well time to be awkward hahahaha","@ItsDC_OMG they exposed bro..","@g_ho1 @chevrolet you know what I mean man!!!!"],"messages_no":7,"bad_words":[],"bad_words_no":0,"weight":0,"location":[[42.95098292,-85.65337309],[42.87850401,-85.6235776],[42.95098292,-85.65337309],[42.87850401,-85.6235776],[42.9670578,-85.6661854],[42.95098292,-85.65337309],[42.87850401,-85.6235776]],"friends":[1,2,3,4]}