{"messages":["I may not eat for 3 days.","I may not eat for 3 days.","I may not eat for 3 days."],"messages_no":3,"bad_words":[],"bad_words_no":0,"weight":0,"location":[[38.72637816,-75.12503039],[38.72637816,-75.12503039],[38.72637816,-75.12503039]],"friends":[1,2,3,4]}