{"messages":["I need somebody to talk to.. \ud83d\ude1e","Don't nobody understand.","I think about us baby, all the time.","School tomorrow.......WHY?!"],"messages_no":4,"bad_words":[],"bad_words_no":0,"weight":0,"location":[[33.0392091,-86.0677099],[33.0392096,-86.0677095],[33.0392088,-86.0677107],[33.0392096,-86.0677095]]}