{"messages":["Carl Garett from Queens","There's a huge hole in my living room wall \ud83d\ude33\ud83d\ude12","Carl Garett from Queens","There's a huge hole in my living room wall \ud83d\ude33\ud83d\ude12","Carl Garett from Queens","There's a huge hole in my living room wall \ud83d\ude33\ud83d\ude12"],"messages_no":6,"bad_words":[],"bad_words_no":0,"weight":0,"location":[[40.19728369,-76.73946105],[40.19750878,-76.73946633],[40.19728369,-76.73946105],[40.19750878,-76.73946633],[40.19728369,-76.73946105],[40.19750878,-76.73946633]],"friends":[1,2,3,4]}