{"messages":["I text her from time to time","I text her from time to time","I text her from time to time"],"messages_no":3,"bad_words":[],"bad_words_no":0,"weight":0,"location":[[45.32228965,-118.0901209],[45.32228965,-118.0901209],[45.32228965,-118.0901209]],"friends":[1,2,3,4]}