{"messages":["\u201c@Yazminsanchez__: Lol your a thot\ud83d\ude02\ud83d\ude02\u201d @alexis_ortiz01 or naw","\u201c@Yazminsanchez__: Lol your a thot\ud83d\ude02\ud83d\ude02\u201d @alexis_ortiz01 or naw","\u201c@Yazminsanchez__: Lol your a thot\ud83d\ude02\ud83d\ude02\u201d @alexis_ortiz01 or naw"],"messages_no":3,"bad_words":[],"bad_words_no":0,"weight":0,"location":[[39.78752823,-75.02134206],[39.78752823,-75.02134206],[39.78752823,-75.02134206]],"friends":[1,2,3,4]}