{"messages":["god I feel like shit right now","touchdown Seahawks!!! pick six baby!!!","god I feel like shit right now","touchdown Seahawks!!! pick six baby!!!","god I feel like shit right now","touchdown Seahawks!!! pick six baby!!!"],"messages_no":6,"bad_words":[],"bad_words_no":3,"weight":0,"location":[[41.61180995,-81.48819016],[41.6312566,-81.41390438],[41.61180995,-81.48819016],[41.6312566,-81.41390438],[41.61180995,-81.48819016],[41.6312566,-81.41390438]],"friends":[1,2,3,4]}