{"messages":["Watching House party","Where's Giaa ?","Watching House party","Where's Giaa ?"],"messages_no":4,"bad_words":[],"bad_words_no":0,"weight":0,"location":[41.7472775,-87.5469844,41.7473008,-87.5469192,41.7472775,-87.5469844,41.7473008,-87.5469192]}