{"messages":["BRONCOS!!!!!!!! #SB48","BRONCOS!!!!!!!! #SB48","BRONCOS!!!!!!!! #SB48"],"messages_no":3,"bad_words":[],"bad_words_no":0,"weight":0,"location":[[35.12744609,-85.1064451],[35.12744609,-85.1064451],[35.12744609,-85.1064451]],"friends":[1,2,3,4]}