{"messages":["Curry.. my nigga \ud83d\ude0e","Curry.. my nigga \ud83d\ude0e","Curry.. my nigga \ud83d\ude0e"],"messages_no":3,"bad_words":[],"bad_words_no":3,"weight":0,"location":[[32.6630435,-87.6311647],[32.6630435,-87.6311647],[32.6630435,-87.6311647]],"friends":[1,2,3,4]}