{"messages":["When the toilet seat is frozen! \ud83d\ude16","When the toilet seat is frozen! \ud83d\ude16","When the toilet seat is frozen! \ud83d\ude16"],"messages_no":3,"bad_words":[],"bad_words_no":0,"weight":0,"location":[[34.04082024,-117.84714714],[34.04082024,-117.84714714],[34.04082024,-117.84714714]],"friends":[1,2,3,4]}