{"messages":["That makes since","That makes since","That makes since"],"messages_no":3,"bad_words":[],"bad_words_no":0,"weight":0,"location":[[34.1383358,-83.43127138],[34.1383358,-83.43127138],[34.1383358,-83.43127138]],"friends":[1,2,3,4]}