{"messages":["@Comfort you would find that tweet.","@Comfort you would find that tweet.","\u201c@xxYouTriedxx: I'm a 9\/10 on the psycho bitch scale \ud83d\ude02\ud83d\ude2d\ud83d\udc81\u201d same \ud83d\ude4a","@Comfort you would find that tweet."],"messages_no":4,"bad_words":[],"bad_words_no":1,"weight":0,"location":[[35.12172834,-118.38883515],[35.12172834,-118.38883515],[35.12176936,-118.38880759],[35.12172834,-118.38883515]],"friends":[1,2,3,4]}