{"messages":["#EsuranceSave30","#EsuranceSave30","#EsuranceSave30"],"messages_no":3,"bad_words":[],"bad_words_no":0,"weight":0,"location":[[38.41636177,-121.44244922],[38.41636177,-121.44244922],[38.41636177,-121.44244922]],"friends":[1,2,3,4]}