{"messages":["@TanairiForMayor \ud83d\ude48\ud83d\ude48\ud83d\ude48\ud83d\ude48 heyyyyy","@TanairiForMayor \ud83d\ude48\ud83d\ude48\ud83d\ude48\ud83d\ude48 heyyyyy","@TanairiForMayor \ud83d\ude48\ud83d\ude48\ud83d\ude48\ud83d\ude48 heyyyyy"],"messages_no":3,"bad_words":[],"bad_words_no":0,"weight":0,"location":[[42.31833216,-71.05772311],[42.31833216,-71.05772311],[42.31833216,-71.05772311]],"friends":[1,2,3,4]}