{"messages":["Esurance wheres my 15 mil!?","Esurance wheres my 15 mil!?","Esurance wheres my 15 mil!?"],"messages_no":3,"bad_words":[],"bad_words_no":0,"weight":0,"location":[[42.7934396,-83.3607473],[42.7934396,-83.3607473],[42.7934396,-83.3607473]],"friends":[1,2,3,4]}