{"messages":["I'm cry","I'm cry","I heard it's ADC the game","I'm cry"],"messages_no":4,"bad_words":[],"bad_words_no":0,"weight":0,"location":[[41.84602346,-87.77250925],[41.84602346,-87.77250925],[41.82240092,-87.76905209],[41.84602346,-87.77250925]],"friends":[1,2,3,4]}