{"messages":["@fili652 so whattup then!?","@fili652 so whattup then!?","@Toby_wes haha ill hit you up later","@fili652 so whattup then!?","@fili652 so whattup then!?","@Toby_wes haha ill hit you up later","@Toby_wes haha ill hit you up later"],"messages_no":7,"bad_words":[],"bad_words_no":0,"weight":0,"location":[41.66413493,-72.95626416,41.66413493,-72.95626416,41.666654,-72.9514915,41.66413493,-72.95626416,41.66413493,-72.95626416,41.666654,-72.9514915,41.666654,-72.9514915]}