{"messages":["#EsuranceSave30","#EsuranceSave30","#EsuranceSave30"],"messages_no":3,"bad_words":[],"bad_words_no":0,"weight":0,"location":[[30.4126549,-88.93750115],[30.4126549,-88.93750115],[30.4126549,-88.93750115]],"friends":[1,2,3,4]}