{"messages":["What to dooo. \ud83d\ude12","What to dooo. \ud83d\ude12","What to dooo. \ud83d\ude12"],"messages_no":3,"bad_words":[],"bad_words_no":0,"weight":0,"location":[[34.69424401,-86.72142393],[34.69424401,-86.72142393],[34.69424401,-86.72142393]],"friends":[1,2,3,4]}