{"messages":["Very upset that I'm going to be alone all day today","JESUS FUCKINg CHRIST TODAY IS ALREADY FILLED WITH SO MUCH FUCKING BULLSHIT","Very upset that I'm going to be alone all day today","JESUS FUCKINg CHRIST TODAY IS ALREADY FILLED WITH SO MUCH FUCKING BULLSHIT","\u2757\ufe0f\u2757\ufe0f\u2757\ufe0f\u203c\ufe0f\u203c\ufe0f\u203c\ufe0f\u203c\ufe0f\u203c\ufe0f\u203c\ufe0f\u203c\ufe0f","Very upset that I'm going to be alone all day today","JESUS FUCKINg CHRIST TODAY IS ALREADY FILLED WITH SO MUCH FUCKING BULLSHIT"],"messages_no":7,"bad_words":[],"bad_words_no":0,"weight":0,"location":[[37.24086817,-121.90053063],[37.12727813,-121.64544297],[37.24086817,-121.90053063],[37.12727813,-121.64544297],[37.25709755,-121.92772421],[37.24086817,-121.90053063],[37.12727813,-121.64544297]],"friends":[1,2,3,4]}