{"messages":["This baby lotion is treating my body right \ud83d\udc81\u270a\ud83d\udc4f","Lil mama so dope, I stuck around &amp; got addicted \u270a","This baby lotion is treating my body right \ud83d\udc81\u270a\ud83d\udc4f","This baby lotion is treating my body right \ud83d\udc81\u270a\ud83d\udc4f","Lil mama so dope, I stuck around &amp; got addicted \u270a"],"messages_no":5,"bad_words":[],"bad_words_no":0,"weight":0,"location":[35.74841226,-83.96713114,35.76838982,-83.98805137,35.74841226,-83.96713114,35.74841226,-83.96713114,35.76838982,-83.98805137]}