{"messages":["I would've followed you anywhere","I would've followed you anywhere","Buzzkill... \ud83d\ude14","I would've followed you anywhere"],"messages_no":4,"bad_words":[],"bad_words_no":0,"weight":0,"location":[[42.72211011,-83.03155032],[42.72211011,-83.03155032],[42.72196401,-83.03122242],[42.72211011,-83.03155032]],"friends":[1,2,3,4]}