{"messages":["We're obviously too cool.","We're obviously too cool.","We're obviously too cool.","We're obviously too cool."],"messages_no":4,"bad_words":[],"bad_words_no":0,"weight":0,"location":[44.30735193,-96.78592638,44.30735193,-96.78592638,44.30735193,-96.78592638,44.30735193,-96.78592638]}