{"messages":["\u201c@MustBeMia_: boutta give her that good D \ud83c\udf46 http:\/\/t.co\/Z45SPYHIFY\u201d\ud83d\udc80","\u201c@MustBeMia_: boutta give her that good D \ud83c\udf46 http:\/\/t.co\/Z45SPYHIFY\u201d\ud83d\udc80","\u201c@MManswell7: who's in sweatpants and a hoodie ...\ud83d\ude4b\ud83d\ude4b.\u201d\ud83d\ude4b","\u201c@BruhMan_6thFlo: S\/o To The Athletes Signing Tomorrow ! Wish I Was Man\u201d","\u201c@MustBeMia_: boutta give her that good D \ud83c\udf46 http:\/\/t.co\/Z45SPYHIFY\u201d\ud83d\udc80","\u201c@MManswell7: who's in sweatpants and a hoodie ...\ud83d\ude4b\ud83d\ude4b.\u201d\ud83d\ude4b"],"messages_no":6,"bad_words":[],"bad_words_no":0,"weight":0,"location":[[39.10013321,-76.87351333],[39.10013321,-76.87351333],[39.20875683,-76.84005142],[39.19963261,-76.83771112],[39.10013321,-76.87351333],[39.20875683,-76.84005142]],"friends":[1,2,3,4]}