{"messages":["@BullManUGA Is it worth watching?","@BullManUGA Is it worth watching?","@BullManUGA Is it worth watching?","@BullManUGA Is it worth watching?"],"messages_no":4,"bad_words":[],"bad_words_no":0,"weight":0,"location":[34.86645157,-82.40235365,34.86645157,-82.40235365,34.86645157,-82.40235365,34.86645157,-82.40235365]}