{"messages":["Lazy Sunday with him \u263a\ufe0f","Lazy Sunday with him \u263a\ufe0f","Lazy Sunday with him \u263a\ufe0f"],"messages_no":3,"bad_words":[],"bad_words_no":0,"weight":0,"location":[[41.99928843,-87.6816743],[41.99928843,-87.6816743],[41.99928843,-87.6816743]],"friends":[1,2,3,4]}