{"messages":["Mariah's gona kill me lmao","3 more days.","\u201c@DevinLiVigni: stealing this nigga \ud83d\ude0d\ud83d\ude0f https:\/\/t.co\/MZssptqhkt\u201d\ud83d\ude0d\ud83d\ude0d\ud83d\ude0d\ud83d\ude0d\ud83d\ude0d\ud83d\ude0d\ud83d\ude0d\ud83d\ude0d"],"messages_no":3,"bad_words":[],"bad_words_no":1,"weight":0,"location":[[38.80163922,-104.74924182],[38.8019006,-104.74949435],[38.80171982,-104.74934558]]}