{"messages":["Drugs on steroids","Drugs on steroids","Drugs on steroids"],"messages_no":3,"bad_words":[],"bad_words_no":0,"weight":0,"location":[36.20040255,-115.30976358,36.20040255,-115.30976358,36.20040255,-115.30976358]}