{"messages":["Ticket master sucks.","Ticket master sucks.","Ticket master sucks."],"messages_no":3,"bad_words":[],"bad_words_no":0,"weight":0,"location":[[28.89271188,-81.25440915],[28.89271188,-81.25440915],[28.89271188,-81.25440915]],"friends":[1,2,3,4]}