{"messages":["On march 1rst the game suppose to fight Zimmerman aha !!!! If this is true.!!. To God b the Glory","Really want some BBQ","On march 1rst the game suppose to fight Zimmerman aha !!!! If this is true.!!. To God b the Glory","Really want some BBQ","Exhausted \ud83d\ude13","On march 1rst the game suppose to fight Zimmerman aha !!!! If this is true.!!. To God b the Glory","Really want some BBQ"],"messages_no":7,"bad_words":[],"bad_words_no":0,"weight":0,"location":[[33.95710267,-118.32645016],[34.09739745,-118.30232549],[33.95710267,-118.32645016],[34.09739745,-118.30232549],[34.09784184,-118.30260629],[33.95710267,-118.32645016],[34.09739745,-118.30232549]],"friends":[1,2,3,4]}