{"messages":["Turnabout a dead move","Turnabout a dead move","I'm Jus ready to graduate and get a fresh start","Turnabout a dead move","I'm Jus ready to graduate and get a fresh start"],"messages_no":5,"bad_words":[],"bad_words_no":0,"weight":0,"location":[[41.58709212,-87.55901621],[41.58709212,-87.55901621],[41.54868389,-87.53855405],[41.58709212,-87.55901621],[41.54868389,-87.53855405]],"friends":[1,2,3,4]}