{"messages":["@LIV_the_4th girl u did not","@LIV_the_4th girl u did not","@LIV_the_4th girl u did not"],"messages_no":3,"bad_words":[],"bad_words_no":0,"weight":0,"location":[[40.1802654,-75.20637429],[40.1802654,-75.20637429],[40.1802654,-75.20637429]],"friends":[1,2,3,4]}