{"messages":["Futsal has my body all bruised up \ud83d\ude24","Futsal has my body all bruised up \ud83d\ude24","Yo Super Bowl ima let u finish but.... http:\/\/t.co\/UAoFFUS47L","Futsal has my body all bruised up \ud83d\ude24","Futsal has my body all bruised up \ud83d\ude24"],"messages_no":5,"bad_words":[],"bad_words_no":3,"weight":0,"location":[33.7293631,-118.00009542,33.7293631,-118.00009542,33.80353827,-118.02896995,33.7293631,-118.00009542,33.7293631,-118.00009542]}