{"messages":["Wtf be on tv?","\"@AyeYoShaunaaa: I just knew i was going somewhere\"","Wtf be on tv?","\"@AyeYoShaunaaa: I just knew i was going somewhere\"","Wtf be on tv?","\"@AyeYoShaunaaa: I just knew i was going somewhere\""],"messages_no":6,"bad_words":[],"bad_words_no":0,"weight":0,"location":[[39.6608345,-84.2348978],[39.6608345,-84.2348978],[39.6608345,-84.2348978],[39.6608345,-84.2348978],[39.6608345,-84.2348978],[39.6608345,-84.2348978]],"friends":[1,2,3,4]}