{"messages":["@kayyrock YES!!!!","@kayyrock YES!!!!","@kayyrock YES!!!!"],"messages_no":3,"bad_words":[],"bad_words_no":0,"weight":0,"location":[[33.80556123,-117.88233077],[33.80556123,-117.88233077],[33.80556123,-117.88233077]],"friends":[1,2,3,4]}