{"messages":["@sambebber I'm happy too!!!!!","@sambebber I'm happy too!!!!!","@sambebber no my car was just buried under mt Everest","@sambebber I'm happy too!!!!!","@sambebber I'm happy too!!!!!","@sambebber no my car was just buried under mt Everest"],"messages_no":6,"bad_words":[],"bad_words_no":0,"weight":0,"location":[37.71722219,-89.21659257,37.71722219,-89.21659257,41.46625199,-90.56085012,37.71722219,-89.21659257,37.71722219,-89.21659257,41.46625199,-90.56085012]}