{"messages":["\u201c@SimplyNeebeez: @EatMy_Tweet95 that's not enough lol\u201d I KNOWWWW","@Born_a_G_emily whose Joshua? Mine or yours","\u201c@SimplyNeebeez: @EatMy_Tweet95 that's not enough lol\u201d I KNOWWWW","@Born_a_G_emily whose Joshua? Mine or yours","@_iFound2Pac_ I saw it.","\u201c@SimplyNeebeez: @EatMy_Tweet95 that's not enough lol\u201d I KNOWWWW","@Born_a_G_emily whose Joshua? Mine or yours"],"messages_no":7,"bad_words":[],"bad_words_no":0,"weight":0,"location":[[38.8939039,-75.49265848],[38.80556031,-75.58391596],[38.8939039,-75.49265848],[38.80556031,-75.58391596],[38.89188822,-75.40970539],[38.8939039,-75.49265848],[38.80556031,-75.58391596]],"friends":[1,2,3,4]}