{"messages":["It's fun supporting my brother at his games \ud83d\ude0a\ud83d\ude01","I don't want to get ready \ud83d\ude29","It's fun supporting my brother at his games \ud83d\ude0a\ud83d\ude01","I don't want to get ready \ud83d\ude29","It's fun supporting my brother at his games \ud83d\ude0a\ud83d\ude01","I don't want to get ready \ud83d\ude29"],"messages_no":6,"bad_words":[],"bad_words_no":0,"weight":0,"location":[[33.9484274,-117.45959338],[33.94825792,-117.45937098],[33.9484274,-117.45959338],[33.94825792,-117.45937098],[33.9484274,-117.45959338],[33.94825792,-117.45937098]],"friends":[1,2,3,4]}