{"messages":["Dang didn't know it was like this","Dang didn't know it was like this","Don't worry I'll be there soon","Dang didn't know it was like this","Don't worry I'll be there soon"],"messages_no":5,"bad_words":[],"bad_words_no":0,"weight":0,"location":[[38.63697994,-76.99588765],[38.63697994,-76.99588765],[38.63349007,-76.94167989],[38.63697994,-76.99588765],[38.63349007,-76.94167989]],"friends":[1,2,3,4]}