{"messages":["mind your own business damn.","mind your own business damn.","when i say snow you say day \nsnow","mind your own business damn."],"messages_no":4,"bad_words":[],"bad_words_no":3,"weight":0,"location":[[41.43077503,-87.98411407],[41.43077503,-87.98411407],[41.43090896,-87.98481792],[41.43077503,-87.98411407]],"friends":[1,2,3,4]}