{"messages":["@ksjeps It sure made life easier","@ksjeps It sure made life easier","@ksjeps It sure made life easier","@ksjeps It sure made life easier"],"messages_no":4,"bad_words":[],"bad_words_no":0,"weight":0,"location":[29.89012641,-97.94513781,29.89012641,-97.94513781,29.89012641,-97.94513781,29.89012641,-97.94513781]}