{"messages":["@NoahIrving_6 thank you!","@NoahIrving_6 thank you!","@NoahIrving_6 thank you!"],"messages_no":3,"bad_words":[],"bad_words_no":0,"weight":0,"location":[[42.02965971,-70.94739631],[42.02965971,-70.94739631],[42.02965971,-70.94739631]],"friends":[1,2,3,4]}