{"messages":["@noahjohnson23 thanks nono\ud83d\ude04\ud83d\udc99","TOUCHDOWN\ud83d\ude01","@noahjohnson23 thanks nono\ud83d\ude04\ud83d\udc99"],"messages_no":3,"bad_words":[],"bad_words_no":0,"weight":0,"location":[36.295388,-79.6745315,36.2713726,-79.6490034,36.295388,-79.6745315]}