{"messages":["That's just the motion \ud83d\ude0f","That's just the motion \ud83d\ude0f","Need a black.","She's confident, you can tell by the way she walks in the room","Don't care, don't care \ud83d\udc81 http:\/\/t.co\/KdZKzCFXID","Okay... Imma sleep now","Sikeeee, I'm scared of heights \ud83d\ude2a","That's just the motion \ud83d\ude0f","Need a black.","She's confident, you can tell by the way she walks in the room","Don't care, don't care \ud83d\udc81 http:\/\/t.co\/KdZKzCFXID"],"messages_no":11,"bad_words":[],"bad_words_no":0,"weight":0,"location":[[47.49314804,-117.58315539],[47.49314804,-117.58315539],[47.66743352,-117.43562023],[47.49325041,-117.58308246],[47.49335694,-117.5833732],[47.49262703,-117.58122821],[47.4933404,-117.58329935],[47.49314804,-117.58315539],[47.66743352,-117.43562023],[47.49325041,-117.58308246],[47.49335694,-117.5833732]],"friends":[1,2,3,4]}