{"messages":["@the711kid probably?","@the711kid probably?","@the711kid probably?"],"messages_no":3,"bad_words":[],"bad_words_no":0,"weight":0,"location":[[38.60435365,-90.21026126],[38.60435365,-90.21026126],[38.60435365,-90.21026126]],"friends":[1,2,3,4]}