{"messages":["@_HuntaH I swear!","@_HuntaH I swear!","@_HuntaH I swear!"],"messages_no":3,"bad_words":[],"bad_words_no":0,"weight":0,"location":[[31.57631908,-91.45128236],[31.57631908,-91.45128236],[31.57631908,-91.45128236]],"friends":[1,2,3,4]}