{"messages":["please @ me next time .","please @ me next time .","please @ me next time ."],"messages_no":3,"bad_words":[],"bad_words_no":0,"weight":0,"location":[[31.76387782,-92.93536783],[31.76387782,-92.93536783],[31.76387782,-92.93536783]],"friends":[1,2,3,4]}