{"messages":["#tb babbbbbbe\ud83d\udc95\ud83d\ude0b http:\/\/t.co\/2C3fRrcDHO","#tb babbbbbbe\ud83d\udc95\ud83d\ude0b http:\/\/t.co\/2C3fRrcDHO","#tb babbbbbbe\ud83d\udc95\ud83d\ude0b http:\/\/t.co\/2C3fRrcDHO","#tb babbbbbbe\ud83d\udc95\ud83d\ude0b http:\/\/t.co\/2C3fRrcDHO"],"messages_no":4,"bad_words":[],"bad_words_no":0,"weight":0,"location":[43.20112884,-77.60845627,43.20112884,-77.60845627,43.20112884,-77.60845627,43.20112884,-77.60845627]}