{"messages":["29-0 Seahawks is killin em off viciously.","29-0 Seahawks is killin em off viciously.","29-0 Seahawks is killin em off viciously."],"messages_no":3,"bad_words":[],"bad_words_no":0,"weight":0,"location":[[34.12633917,-117.59391097],[34.12633917,-117.59391097],[34.12633917,-117.59391097]],"friends":[1,2,3,4]}