{"messages":["Well..","@rayray1588 it hurts. Let's not forget wrist, nose, ankle.....","Well..","@rayray1588 it hurts. Let's not forget wrist, nose, ankle....."],"messages_no":4,"bad_words":[],"bad_words_no":0,"weight":0,"location":[34.23776406,-87.94729907,34.26624766,-87.98869982,34.23776406,-87.94729907,34.26624766,-87.98869982]}