{"messages":["I can't wait for the Puppy Bowl Sunday\ud83d\udc36\ud83d\udc96","I can't wait for the Puppy Bowl Sunday\ud83d\udc36\ud83d\udc96","I can't wait for the Puppy Bowl Sunday\ud83d\udc36\ud83d\udc96"],"messages_no":3,"bad_words":[],"bad_words_no":0,"weight":0,"location":[[37.88055729,-83.26034484],[37.88055729,-83.26034484],[37.88055729,-83.26034484]],"friends":[1,2,3,4]}