{"messages":["THANK YOU BASED GOD MY PHONE IS WORKING","THANK YOU BASED GOD MY PHONE IS WORKING","JACK HURRY HOME","Tempe bound \ud83d\ude0e @jssybee121","THANK YOU BASED GOD MY PHONE IS WORKING","JACK HURRY HOME","THANK YOU BASED GOD MY PHONE IS WORKING","JACK HURRY HOME","Tempe bound \ud83d\ude0e @jssybee121"],"messages_no":9,"bad_words":[],"bad_words_no":0,"weight":0,"location":[33.30065628,-111.89861882,33.30065628,-111.89861882,33.26850526,-111.68986903,33.3209468,-111.89437407,33.30065628,-111.89861882,33.26850526,-111.68986903,33.30065628,-111.89861882,33.26850526,-111.68986903,33.3209468,-111.89437407]}