{"messages":["I reaaaally wanna go to julliard. #EsuranceSave30","I reaaaally wanna go to julliard. #EsuranceSave30","He changed his name. That bitch.","@moore_biscuits @KatieeCourtney that's what I was just gonna say","I reaaaally wanna go to julliard. #EsuranceSave30","He changed his name. That bitch."],"messages_no":6,"bad_words":[],"bad_words_no":2,"weight":0,"location":[[64.78197291,-147.33304901],[64.78197291,-147.33304901],[64.78215763,-147.33309595],[64.78196725,-147.33302325],[64.78197291,-147.33304901],[64.78215763,-147.33309595]],"friends":[1,2,3,4]}