{"messages":["Don't wait around. Go and get it.","Aint on the fence about it, I aint Mr. Feeney.","Don't wait around. Go and get it.","Aint on the fence about it, I aint Mr. Feeney.","RIP to them niggas who were dead wrong.","And you could get whatever baby, it's only you and me tonight.","Don't wait around. Go and get it.","Aint on the fence about it, I aint Mr. Feeney.","RIP to them niggas who were dead wrong."],"messages_no":9,"bad_words":[],"bad_words_no":2,"weight":0,"location":[[40.7291984,-73.7279866],[40.729218,-73.7280151],[40.7291984,-73.7279866],[40.729218,-73.7280151],[40.7292332,-73.7280024],[40.7292432,-73.7279848],[40.7291984,-73.7279866],[40.729218,-73.7280151],[40.7292332,-73.7280024]],"friends":[1,2,3,4]}