{"messages":["Fire in da hoe","Fire in da hoe","Couple of da year http:\/\/t.co\/7lLEP0nzQj","Fire in da hoe","Couple of da year http:\/\/t.co\/7lLEP0nzQj"],"messages_no":5,"bad_words":[],"bad_words_no":0,"weight":0,"location":[[41.08456674,-73.86246566],[41.08456674,-73.86246566],[41.08464961,-73.86235523],[41.08456674,-73.86246566],[41.08464961,-73.86235523]],"friends":[1,2,3,4]}