{"messages":["I used to not like you","I used to not like you","I used to not like you"],"messages_no":3,"bad_words":[],"bad_words_no":0,"weight":0,"location":[[41.7952795,-86.0478195],[41.7952795,-86.0478195],[41.7952795,-86.0478195]],"friends":[1,2,3,4]}