{"messages":["It's grams bday","It's grams bday"],"messages_no":2,"bad_words":[],"bad_words_no":0,"weight":0,"location":[43.42679456,-88.14824644,43.42679456,-88.14824644]}