{"messages":["On* lol","He just tried tripping \ud83d\ude02\ud83d\ude02","On* lol","He just tried tripping \ud83d\ude02\ud83d\ude02","Oooooo! I know! Lol here it is.","On* lol","He just tried tripping \ud83d\ude02\ud83d\ude02"],"messages_no":7,"bad_words":[],"bad_words_no":0,"weight":0,"location":[[28.41705773,-97.74526544],[28.41715114,-97.74581569],[28.41705773,-97.74526544],[28.41715114,-97.74581569],[28.41693905,-97.74529436],[28.41705773,-97.74526544],[28.41715114,-97.74581569]],"friends":[1,2,3,4]}