{"messages":["#TeamMyWeaveAintStale","#TeamMyWeaveAintStale","#TeamMyWeaveAintStale","#TeamMyWeaveAintStale"],"messages_no":4,"bad_words":[],"bad_words_no":0,"weight":0,"location":[33.50046898,-86.8067516,33.50046898,-86.8067516,33.50046898,-86.8067516,33.50046898,-86.8067516]}