{"messages":["#TeamMyWeaveAintStale","#TeamMyWeaveAintStale","\u201c@Delmitria: Lowkey that shit just hurt my feelings but whatever. \ud83d\ude12\u201d","#TeamMyWeaveAintStale","\u201c@Delmitria: Lowkey that shit just hurt my feelings but whatever. \ud83d\ude12\u201d"],"messages_no":5,"bad_words":[],"bad_words_no":2,"weight":0,"location":[[33.50046898,-86.8067516],[33.50046898,-86.8067516],[33.49961498,-86.803503],[33.50046898,-86.8067516],[33.49961498,-86.803503]],"friends":[1,2,3,4]}