{"messages":["I love RUM","I love RUM","I love RUM"],"messages_no":3,"bad_words":[],"bad_words_no":0,"weight":0,"location":[[39.98448397,-75.16151438],[39.98448397,-75.16151438],[39.98448397,-75.16151438]],"friends":[1,2,3,4]}