{"messages":["I want frosted flakes.","just mad cause I proved you wrong\ud83d\udc81","I want frosted flakes.","just mad cause I proved you wrong\ud83d\udc81","face timing Brielle\ud83d\ude0a http:\/\/t.co\/rudJTC3VYM","@jaybaltz45 You* look stupid. hahah but okay think what you want. Still not my fault your friend is an idiot &amp; you failed at backing her up","I want frosted flakes.","just mad cause I proved you wrong\ud83d\udc81","face timing Brielle\ud83d\ude0a http:\/\/t.co\/rudJTC3VYM"],"messages_no":9,"bad_words":[],"bad_words_no":0,"weight":0,"location":[[40.6741572,-75.39950161],[40.65068568,-75.39944014],[40.6741572,-75.39950161],[40.65068568,-75.39944014],[40.67429556,-75.39976003],[40.67415057,-75.3996601],[40.6741572,-75.39950161],[40.65068568,-75.39944014],[40.67429556,-75.39976003]],"friends":[1,2,3,4]}