{"messages":["I want frosted flakes.","just mad cause I proved you wrong\ud83d\udc81","I want frosted flakes."],"messages_no":3,"bad_words":[],"bad_words_no":0,"weight":0,"location":[40.6741572,-75.39950161,40.65068568,-75.39944014,40.6741572,-75.39950161]}