{"messages":["@The_FakeMcCoy fat cat?\ud83d\ude0d","@The_FakeMcCoy fat cat?\ud83d\ude0d","\"Who drives like that\" NO ONE","@The_FakeMcCoy fat cat?\ud83d\ude0d"],"messages_no":4,"bad_words":[],"bad_words_no":0,"weight":0,"location":[[34.74159622,-92.36717987],[34.74159622,-92.36717987],[34.80385355,-92.23651814],[34.74159622,-92.36717987]],"friends":[1,2,3,4]}