{"messages":["one word....SHRIMP\ud83d\ude0d\ud83d\ude4a\ud83d\ude0b\ud83d\ude2b","one word....SHRIMP\ud83d\ude0d\ud83d\ude4a\ud83d\ude0b\ud83d\ude2b","one word....SHRIMP\ud83d\ude0d\ud83d\ude4a\ud83d\ude0b\ud83d\ude2b"],"messages_no":3,"bad_words":[],"bad_words_no":0,"weight":0,"location":[[41.52420894,-87.66370747],[41.52420894,-87.66370747],[41.52420894,-87.66370747]],"friends":[1,2,3,4]}