{"messages":["\u201c@StAc1e98: \u201c@SexReIationship: I just want you ALL to myself. Fuck sharing. \ud83d\ude14\ud83d\ude0d\ud83d\udc8f\ud83d\ude18\ud83d\udc6b\u201d\u201d","\u201c@StAc1e98: \u201c@SexReIationship: I just want you ALL to myself. Fuck sharing. \ud83d\ude14\ud83d\ude0d\ud83d\udc8f\ud83d\ude18\ud83d\udc6b\u201d\u201d","\u201c@StAc1e98: \u201c@SexReIationship: I just want you ALL to myself. Fuck sharing. \ud83d\ude14\ud83d\ude0d\ud83d\udc8f\ud83d\ude18\ud83d\udc6b\u201d\u201d","\u201c@StAc1e98: \u201c@SexReIationship: I just want you ALL to myself. Fuck sharing. \ud83d\ude14\ud83d\ude0d\ud83d\udc8f\ud83d\ude18\ud83d\udc6b\u201d\u201d"],"messages_no":4,"bad_words":[],"bad_words_no":3,"weight":0,"location":[42.88764957,-87.90798276,42.88764957,-87.90798276,42.88764957,-87.90798276,42.88764957,-87.90798276]}