{"messages":["BIG PARTY 2215 LA CROSSE STREET!","BIG PARTY 2215 LA CROSSE STREET!"],"messages_no":2,"bad_words":[],"bad_words_no":0,"weight":0,"location":[43.81884119,-91.22246646,43.81884119,-91.22246646]}