{"messages":["Wtffffff there's nothing to do \ud83d\ude2a","Wtffffff there's nothing to do \ud83d\ude2a","I can't wait.... To sleep \ud83d\ude02","Wtffffff there's nothing to do \ud83d\ude2a","Wtffffff there's nothing to do \ud83d\ude2a"],"messages_no":5,"bad_words":[],"bad_words_no":0,"weight":0,"location":[41.06813368,-81.34517535,41.06813368,-81.34517535,41.08911408,-81.3402724,41.06813368,-81.34517535,41.06813368,-81.34517535]}