{"messages":["Wtffffff there's nothing to do \ud83d\ude2a","I can't wait.... To sleep \ud83d\ude02","Wtffffff there's nothing to do \ud83d\ude2a","I can't wait.... To sleep \ud83d\ude02","\u201c@Tom_Nader: Boys Basketball: Stow 71, Kent Roosevelt 38  |  Final\u201d wtf lol","Wtffffff there's nothing to do \ud83d\ude2a","I can't wait.... To sleep \ud83d\ude02"],"messages_no":7,"bad_words":[],"bad_words_no":0,"weight":0,"location":[[41.06813368,-81.34517535],[41.08911408,-81.3402724],[41.06813368,-81.34517535],[41.08911408,-81.3402724],[41.05228968,-81.25437487],[41.06813368,-81.34517535],[41.08911408,-81.3402724]],"friends":[1,2,3,4]}