{"messages":["@suppgurllll_ much confusion very wow such tweets","I wish I was a morning person","@suppgurllll_ much confusion very wow such tweets","I wish I was a morning person","@suppgurllll_ much confusion very wow such tweets","I wish I was a morning person"],"messages_no":6,"bad_words":[],"bad_words_no":0,"weight":0,"location":[[42.33343099,-83.31017626],[42.21476738,-83.60251202],[42.33343099,-83.31017626],[42.21476738,-83.60251202],[42.33343099,-83.31017626],[42.21476738,-83.60251202]],"friends":[1,2,3,4]}