{"messages":["you were on my tl lol","you were on my tl lol","you were on my tl lol"],"messages_no":3,"bad_words":[],"bad_words_no":0,"weight":0,"location":[[41.40153999,-81.78679078],[41.40153999,-81.78679078],[41.40153999,-81.78679078]],"friends":[1,2,3,4]}