{"messages":["Oh my god","Oh my god"],"messages_no":2,"bad_words":[],"bad_words_no":0,"weight":0,"location":[41.82379626,-71.4147495,41.82379626,-71.4147495]}