{"messages":["\u201c@sharmpaine: \u201c@Coldass_Ty: \u201c@_Monizzy: \u201c@KiirkoBangz: This is too deep! \ud83d\ude33\ud83d\udcaf\ud83d\ude33\ud83d\udcaf http:\/\/t.co\/SMlaz2F6Tg\u201d\u201d 100% True\u201d\u201d\u203c\ufe0f","\u201c@sharmpaine: \u201c@Coldass_Ty: \u201c@_Monizzy: \u201c@KiirkoBangz: This is too deep! \ud83d\ude33\ud83d\udcaf\ud83d\ude33\ud83d\udcaf http:\/\/t.co\/SMlaz2F6Tg\u201d\u201d 100% True\u201d\u201d\u203c\ufe0f","\u201c@Doit_againTWIN: \u201c@gLoverBoyy: She be rubbing off on me I swear \ud83d\ude02\ud83d\ude29\ud83d\ude0d\u270a\u201d\ud83d\ude4c\ud83d\ude4c\u270a\u201d\ud83d\udcaf","\u201c@sharmpaine: \u201c@Coldass_Ty: \u201c@_Monizzy: \u201c@KiirkoBangz: This is too deep! \ud83d\ude33\ud83d\udcaf\ud83d\ude33\ud83d\udcaf http:\/\/t.co\/SMlaz2F6Tg\u201d\u201d 100% True\u201d\u201d\u203c\ufe0f"],"messages_no":4,"bad_words":[],"bad_words_no":0,"weight":0,"location":[[39.3143926,-76.67928885],[39.3143926,-76.67928885],[39.30613792,-76.64182578],[39.3143926,-76.67928885]],"friends":[1,2,3,4]}