{"messages":["@_jacobwilliams_ right bro","@_jacobwilliams_ right bro","@_jacobwilliams_ right bro"],"messages_no":3,"bad_words":[],"bad_words_no":0,"weight":0,"location":[[41.15266617,-81.47393266],[41.15266617,-81.47393266],[41.15266617,-81.47393266]],"friends":[1,2,3,4]}