{"messages":["I actually can't feel my legs","I actually can't feel my legs","I actually can't feel my legs"],"messages_no":3,"bad_words":[],"bad_words_no":0,"weight":0,"location":[[30.45068695,-84.30849493],[30.45068695,-84.30849493],[30.45068695,-84.30849493]],"friends":[1,2,3,4]}