{"messages":["Rt if you can twerk","Rt if you can twerk","Rt if you can twerk"],"messages_no":3,"bad_words":[],"bad_words_no":0,"weight":0,"location":[[40.73619291,-74.18718815],[40.73619291,-74.18718815],[40.73619291,-74.18718815]],"friends":[1,2,3,4]}