{"messages":["I like to smokeee \ud83d\ude19\ud83d\udca8\ud83d\udca8\ud83c\udf41","I like to smokeee \ud83d\ude19\ud83d\udca8\ud83d\udca8\ud83c\udf41","I like to smokeee \ud83d\ude19\ud83d\udca8\ud83d\udca8\ud83c\udf41"],"messages_no":3,"bad_words":[],"bad_words_no":0,"weight":0,"location":[[40.17129961,-74.03083773],[40.17129961,-74.03083773],[40.17129961,-74.03083773]],"friends":[1,2,3,4]}