{"messages":["I want one.","I want one.","I want one."],"messages_no":3,"bad_words":[],"bad_words_no":0,"weight":0,"location":[[42.2692038,-71.8458734],[42.2692038,-71.8458734],[42.2692038,-71.8458734]],"friends":[1,2,3,4]}