{"messages":["What to do today","What to do today","What to do today"],"messages_no":3,"bad_words":[],"bad_words_no":0,"weight":0,"location":[[38.6099462,-78.797897],[38.6099462,-78.797897],[38.6099462,-78.797897]],"friends":[1,2,3,4]}