{"messages":["@_Jamie_88 Ure welcome!","@_Jamie_88 Ure welcome!","@_Jamie_88 Ure welcome!"],"messages_no":3,"bad_words":[],"bad_words_no":0,"weight":0,"location":[35.79011865,-78.82840147,35.79011865,-78.82840147,35.79011865,-78.82840147]}