{"messages":["@ChadseyHarrison I start work at 4\ud83d\ude02","@ChadseyHarrison I start work at 4\ud83d\ude02","@ChadseyHarrison I start work at 4\ud83d\ude02"],"messages_no":3,"bad_words":[],"bad_words_no":0,"weight":0,"location":[[45.25978091,-122.70396714],[45.25978091,-122.70396714],[45.25978091,-122.70396714]],"friends":[1,2,3,4]}