{"messages":["Can I have you?","On some grand theft auto shit \ud83d\ude02\ud83d\ude02\ud83d\ude02 http:\/\/t.co\/N6LW0BXsPL","\ud83d\ude12 \u201c@Jasmine_Lovvee: I love to lick the middle like an Oreo \ud83d\ude09\ud83d\udca6\ud83d\udc45\u201d"],"messages_no":3,"bad_words":[],"bad_words_no":1,"weight":0,"location":[[40.74809941,-74.23486792],[40.74798579,-74.23481016],[40.7480452,-74.23479709]]}