{"messages":["@Nisha_LadyBoss what else you kno huh lol","@Renaee_17 funny movie","You cute","If we talkin I'm not \"oomf\"","@Nisha_LadyBoss what else you kno huh lol","@Renaee_17 funny movie","You cute","If we talkin I'm not \"oomf\"","It's hella dry","Got some killers n the wic throwin 3's up","@Nisha_LadyBoss what else you kno huh lol","@Renaee_17 funny movie","You cute","If we talkin I'm not \"oomf\""],"messages_no":14,"bad_words":[],"bad_words_no":1,"weight":0,"location":[[29.73019605,-95.6253863],[29.73473843,-95.60766874],[29.73471397,-95.60758746],[29.73470542,-95.60744602],[29.73019605,-95.6253863],[29.73473843,-95.60766874],[29.73471397,-95.60758746],[29.73470542,-95.60744602],[29.73027708,-95.62524225],[29.73026101,-95.62517726],[29.73019605,-95.6253863],[29.73473843,-95.60766874],[29.73471397,-95.60758746],[29.73470542,-95.60744602]],"friends":[1,2,3,4]}