{"messages":["Mfs fake mad at me.","Mfs fake mad at me.","Mfs fake mad at me."],"messages_no":3,"bad_words":[],"bad_words_no":0,"weight":0,"location":[[41.74938791,-87.59598674],[41.74938791,-87.59598674],[41.74938791,-87.59598674]],"friends":[1,2,3,4]}