{"messages":["\u201c@kiaahhhx: have the house to myself &amp; I'm laying in bed\u201d me rn","\u201c@kiaahhhx: have the house to myself &amp; I'm laying in bed\u201d me rn","\u201c@ashiajaay: Can't wait to see my babies perform at states \ud83d\ude0d\ud83d\udc51\ud83d\udc81\ud83d\ude4c\ud83d\udc4c\u201d\ud83d\ude18\ud83d\ude18","\u201c@kiaahhhx: have the house to myself &amp; I'm laying in bed\u201d me rn","\u201c@ashiajaay: Can't wait to see my babies perform at states \ud83d\ude0d\ud83d\udc51\ud83d\udc81\ud83d\ude4c\ud83d\udc4c\u201d\ud83d\ude18\ud83d\ude18"],"messages_no":5,"bad_words":[],"bad_words_no":0,"weight":0,"location":[[42.09355165,-83.21862958],[42.09355165,-83.21862958],[42.09378582,-83.2185168],[42.09355165,-83.21862958],[42.09378582,-83.2185168]],"friends":[1,2,3,4]}