{"messages":["@BushidoNole true story!","@MajewskiTony @Flastar23 @hymnforrachel @SeminoleReverie awesome , thank you!!","@BushidoNole true story!","@MajewskiTony @Flastar23 @hymnforrachel @SeminoleReverie awesome , thank you!!","@LTG103 not this year my friend","@BushidoNole true story!","@MajewskiTony @Flastar23 @hymnforrachel @SeminoleReverie awesome , thank you!!"],"messages_no":7,"bad_words":[],"bad_words_no":0,"weight":0,"location":[[28.58512009,-81.52900751],[28.55009773,-81.53257007],[28.58512009,-81.52900751],[28.55009773,-81.53257007],[28.58500327,-81.52896707],[28.58512009,-81.52900751],[28.55009773,-81.53257007]],"friends":[1,2,3,4]}