{"messages":["me &amp; @Haaayybugg101 want Mexican. \ud83d\ude2b","me &amp; @Haaayybugg101 want Mexican. \ud83d\ude2b","me &amp; @Haaayybugg101 want Mexican. \ud83d\ude2b"],"messages_no":3,"bad_words":[],"bad_words_no":0,"weight":0,"location":[[36.06029056,-75.68968543],[36.06029056,-75.68968543],[36.06029056,-75.68968543]],"friends":[1,2,3,4]}