{"messages":["@MontoyaRyan2 thanks!!!","@MontoyaRyan2 thanks!!!","Yay for big shots in the butt \ud83d\ude12 I hate being sick","@MontoyaRyan2 thanks!!!","Yay for big shots in the butt \ud83d\ude12 I hate being sick"],"messages_no":5,"bad_words":[],"bad_words_no":0,"weight":0,"location":[[36.76900847,-108.19672563],[36.76900847,-108.19672563],[36.76877792,-108.1965652],[36.76900847,-108.19672563],[36.76877792,-108.1965652]],"friends":[1,2,3,4]}