{"messages":["Lil Durk - thotty things. \ue420\ue00f","Lil Durk - thotty things. \ue420\ue00f","Lil Durk - thotty things. \ue420\ue00f"],"messages_no":3,"bad_words":[],"bad_words_no":0,"weight":0,"location":[40.6875289,-74.3010005,40.6875289,-74.3010005,40.6875289,-74.3010005]}