{"messages":["I'm tired","Goodnight,,,","I'm tired","Goodnight,,,","Goodnight,,,"],"messages_no":5,"bad_words":[],"bad_words_no":0,"weight":0,"location":[38.487522,-76.539615,38.487524,-76.539618,38.487522,-76.539615,38.487524,-76.539618,38.487524,-76.539618]}