{"messages":["WOAH.","WOAH.","WOAH."],"messages_no":3,"bad_words":[],"bad_words_no":0,"weight":0,"location":[[33.50082131,-80.84984641],[33.50082131,-80.84984641],[33.50082131,-80.84984641]],"friends":[1,2,3,4]}