{"messages":["the Super Bowl is putting me to sleep","I love puppies","the Super Bowl is putting me to sleep","I love puppies","the Super Bowl is putting me to sleep","I love puppies"],"messages_no":6,"bad_words":[],"bad_words_no":0,"weight":0,"location":[[40.86017599,-84.47436401],[40.86012219,-84.47433265],[40.86017599,-84.47436401],[40.86012219,-84.47433265],[40.86017599,-84.47436401],[40.86012219,-84.47433265]],"friends":[1,2,3,4]}