{"messages":["@Natalia7Awesome lol I'll see","@Natalia7Awesome lol I'll see","@Natalia7Awesome lol I'll see"],"messages_no":3,"bad_words":[],"bad_words_no":0,"weight":0,"location":[[37.39231608,-121.13446441],[37.39231608,-121.13446441],[37.39231608,-121.13446441]],"friends":[1,2,3,4]}