{"messages":["@_LoveeKemee bring me some","@_LoveeKemee bring me some","@_LoveeKemee bring me some"],"messages_no":3,"bad_words":[],"bad_words_no":0,"weight":0,"location":[[32.31839579,-90.32692867],[32.31839579,-90.32692867],[32.31839579,-90.32692867]],"friends":[1,2,3,4]}