{"messages":["@BeMyValentine00 okay!","@BeMyValentine00 okay!","#EsuranceSave30","@BeMyValentine00 okay!","#EsuranceSave30"],"messages_no":5,"bad_words":[],"bad_words_no":0,"weight":0,"location":[[38.97360638,-77.15662943],[38.97360638,-77.15662943],[39.07556338,-76.99468526],[38.97360638,-77.15662943],[39.07556338,-76.99468526]],"friends":[1,2,3,4]}