{"messages":["Mad\ud83d\udc4fat\ud83d\udc4fyou\ud83d\udc4f @HeavenTotherow","I want to go hiking","Mad\ud83d\udc4fat\ud83d\udc4fyou\ud83d\udc4f @HeavenTotherow","I want to go hiking","Mad\ud83d\udc4fat\ud83d\udc4fyou\ud83d\udc4f @HeavenTotherow","I want to go hiking"],"messages_no":6,"bad_words":[],"bad_words_no":0,"weight":0,"location":[[34.90281648,-80.97952742],[35.29169317,-81.02517081],[34.90281648,-80.97952742],[35.29169317,-81.02517081],[34.90281648,-80.97952742],[35.29169317,-81.02517081]],"friends":[1,2,3,4]}