{"messages":["@CDore4 done won the Super Bowl","@CDore4 done won the Super Bowl","@tangle_dupiss59 look it up and stop being ignorant","@CDore4 done won the Super Bowl"],"messages_no":4,"bad_words":[],"bad_words_no":1,"weight":0,"location":[[32.41581182,-81.78155056],[32.41581182,-81.78155056],[32.42301986,-81.78004052],[32.41581182,-81.78155056]],"friends":[1,2,3,4]}