{"messages":["Bout to go get that lift in","Bout to go get that lift in","Bout to go get that lift in"],"messages_no":3,"bad_words":[],"bad_words_no":0,"weight":0,"location":[39.87183983,-74.16618576,39.87183983,-74.16618576,39.87183983,-74.16618576]}