{"messages":["Worst Super Bowl ever","Worst Super Bowl ever","Worst Super Bowl ever"],"messages_no":3,"bad_words":[],"bad_words_no":0,"weight":0,"location":[[29.89308891,-97.68052907],[29.89308891,-97.68052907],[29.89308891,-97.68052907]],"friends":[1,2,3,4]}