{"messages":["Atleast i made money off it","Atleast i made money off it","Atleast i made money off it"],"messages_no":3,"bad_words":[],"bad_words_no":0,"weight":0,"location":[[40.75654371,-84.06894515],[40.75654371,-84.06894515],[40.75654371,-84.06894515]],"friends":[1,2,3,4]}