{"messages":["@Matt7022 then show me","@Matt7022 then show me","@Matt7022 then show me"],"messages_no":3,"bad_words":[],"bad_words_no":0,"weight":0,"location":[40.9559521,-81.6738494,40.9559521,-81.6738494,40.9559521,-81.6738494]}