{"messages":["Last time I checked there isn't a third person in my life","Never leave me, Please?","\u201c@ohgirIquotes: THIS http:\/\/t.co\/Zi25sQS0gx\u201d yes lawdddd\ud83d\ude4c\ud83d\ude4f","Last time I checked there isn't a third person in my life","Never leave me, Please?","\u201c@ohgirIquotes: THIS http:\/\/t.co\/Zi25sQS0gx\u201d yes lawdddd\ud83d\ude4c\ud83d\ude4f","Last time I checked there isn't a third person in my life","Never leave me, Please?","\u201c@ohgirIquotes: THIS http:\/\/t.co\/Zi25sQS0gx\u201d yes lawdddd\ud83d\ude4c\ud83d\ude4f"],"messages_no":9,"bad_words":[],"bad_words_no":0,"weight":0,"location":[[35.55006957,-77.43485282],[35.55698711,-77.38199319],[35.55702087,-77.38209459],[35.55006957,-77.43485282],[35.55698711,-77.38199319],[35.55702087,-77.38209459],[35.55006957,-77.43485282],[35.55698711,-77.38199319],[35.55702087,-77.38209459]],"friends":[1,2,3,4]}