{"messages":["well done tmobile","well done tmobile","well done tmobile"],"messages_no":3,"bad_words":[],"bad_words_no":0,"weight":0,"location":[[41.06157988,-73.49932732],[41.06157988,-73.49932732],[41.06157988,-73.49932732]],"friends":[1,2,3,4]}