{"messages":["Guess we playing phone tag lol","Ready To Get This Degree n May #ClaimingIt","Still sleepy af","Heading home","Guess we playing phone tag lol","Guess we playing phone tag lol","Ready To Get This Degree n May #ClaimingIt","Ready To Get This Degree n May #ClaimingIt"],"messages_no":8,"bad_words":[],"bad_words_no":0,"weight":0,"location":[34.03603604,-90.7330592,34.03603604,-90.7330592,34.03603604,-90.7330592,33.94594595,-90.7455127,34.03603604,-90.7330592,34.03603604,-90.7330592,34.03603604,-90.7330592,34.03603604,-90.7330592]}