{"messages":["Typical http:\/\/t.co\/HjJ3GjL8nJ","Typical http:\/\/t.co\/HjJ3GjL8nJ","Typical http:\/\/t.co\/HjJ3GjL8nJ"],"messages_no":3,"bad_words":[],"bad_words_no":0,"weight":0,"location":[42.34625534,-71.08680794,42.34625534,-71.08680794,42.34625534,-71.08680794]}