{"messages":["15 days left\ud83c\udf89\ud83c\udf8a\ud83d\udca5\ud83d\ude01\ud83d\udc96","15 days left\ud83c\udf89\ud83c\udf8a\ud83d\udca5\ud83d\ude01\ud83d\udc96","15 days left\ud83c\udf89\ud83c\udf8a\ud83d\udca5\ud83d\ude01\ud83d\udc96"],"messages_no":3,"bad_words":[],"bad_words_no":0,"weight":0,"location":[[41.60956136,-86.27612578],[41.60956136,-86.27612578],[41.60956136,-86.27612578]],"friends":[1,2,3,4]}