{"messages":["What ever happened to Calle 13? \ud83d\ude33","I fucking looove black idc idc idc","What ever happened to Calle 13? \ud83d\ude33","I fucking looove black idc idc idc","\ud83d\ude01\ud83d\ude33- you're a man of your word \ud83d\udcaa lol but nah you're funny &amp; you and Nidia are precious \ud83d\ude0d","What ever happened to Calle 13? \ud83d\ude33","I fucking looove black idc idc idc"],"messages_no":7,"bad_words":[],"bad_words_no":3,"weight":0,"location":[[41.80648324,-71.41017191],[41.80647683,-71.41006596],[41.80648324,-71.41017191],[41.80647683,-71.41006596],[41.80646149,-71.41005917],[41.80648324,-71.41017191],[41.80647683,-71.41006596]],"friends":[1,2,3,4]}