{"messages":["@Chey_Jones21 How?! \u263a\ufe0f","@Chey_Jones21 How?! \u263a\ufe0f","@Chey_Jones21 How?! \u263a\ufe0f"],"messages_no":3,"bad_words":[],"bad_words_no":0,"weight":0,"location":[[38.6378856,-87.06373248],[38.6378856,-87.06373248],[38.6378856,-87.06373248]],"friends":[1,2,3,4]}