{"messages":["Pussy ass hoe niggas... I can't fuck with yall \ud83d\udc4b","Pussy ass hoe niggas... I can't fuck with yall \ud83d\udc4b","She pop x, I smokes o's tic tac toe","who needs sleep anyways \ud83d\ude24","Pussy ass hoe niggas... I can't fuck with yall \ud83d\udc4b","She pop x, I smokes o's tic tac toe"],"messages_no":6,"bad_words":[],"bad_words_no":6,"weight":0,"location":[[41.9722633,-88.1446935],[41.9722633,-88.1446935],[41.9722684,-88.1446931],[41.9722622,-88.1446923],[41.9722633,-88.1446935],[41.9722684,-88.1446931]],"friends":[1,2,3,4]}