{"messages":["Can I marry Bruno Mars or","\u201c@xoxoeeh: tbh american idol has gone to crap\u201d","Can I marry Bruno Mars or","\u201c@xoxoeeh: tbh american idol has gone to crap\u201d","Andrea tryna get a lunch date with Blake","Can I marry Bruno Mars or","\u201c@xoxoeeh: tbh american idol has gone to crap\u201d"],"messages_no":7,"bad_words":[],"bad_words_no":0,"weight":0,"location":[[39.66778672,-75.50957328],[39.6678611,-75.50961164],[39.66778672,-75.50957328],[39.6678611,-75.50961164],[39.57630254,-75.39647722],[39.66778672,-75.50957328],[39.6678611,-75.50961164]],"friends":[1,2,3,4]}