{"messages":["Once upon a dream is creepy... But soo good","The Motion","Once upon a dream is creepy... But soo good","The Motion","@Dana43K shhhhh let the single men do the talking","Once upon a dream is creepy... But soo good","The Motion"],"messages_no":7,"bad_words":[],"bad_words_no":0,"weight":0,"location":[[38.937122,-92.3387109],[38.9319664,-92.3260135],[38.937122,-92.3387109],[38.9319664,-92.3260135],[38.9384296,-92.3331413],[38.937122,-92.3387109],[38.9319664,-92.3260135]],"friends":[1,2,3,4]}