{"messages":["Wow. You are such a bad ass when it comes to social media.","Wow. You are such a bad ass when it comes to social media.","I'm ready for six flags w my buddy bry.","I got him a bad ass polo \ud83d\ude04","God I hate letting Tiffany take my car.","Wow. You are such a bad ass when it comes to social media.","I'm ready for six flags w my buddy bry.","I got him a bad ass polo \ud83d\ude04","God I hate letting Tiffany take my car."],"messages_no":9,"bad_words":[],"bad_words_no":0,"weight":0,"location":[[32.5874843,-93.5662475],[32.5874843,-93.5662475],[32.5874794,-93.56619202],[32.58750128,-93.56612932],[32.58734839,-93.56629939],[32.5874843,-93.5662475],[32.5874794,-93.56619202],[32.58750128,-93.56612932],[32.58734839,-93.56629939]],"friends":[1,2,3,4]}