{"messages":["@TooDeep_Dee whiskey on deck","@TooDeep_Dee whiskey on deck","@TooDeep_Dee whiskey on deck"],"messages_no":3,"bad_words":[],"bad_words_no":0,"weight":0,"location":[[21.48649677,-158.03344072],[21.48649677,-158.03344072],[21.48649677,-158.03344072]],"friends":[1,2,3,4]}