{"messages":["@T_Swagg2011 no that's too complicated","@T_Swagg2011 no that's too complicated","@T_Swagg2011 no that's too complicated"],"messages_no":3,"bad_words":[],"bad_words_no":0,"weight":0,"location":[[34.65557558,-118.25474381],[34.65557558,-118.25474381],[34.65557558,-118.25474381]],"friends":[1,2,3,4]}