{"messages":["@JWeave24  Dawg!","@JWeave24  Dawg!","@JWeave24  Dawg!"],"messages_no":3,"bad_words":[],"bad_words_no":0,"weight":0,"location":[[40.08465051,-82.28350263],[40.08465051,-82.28350263],[40.08465051,-82.28350263]],"friends":[1,2,3,4]}