{"messages":["@_mariaco I'm here boo :*","ahhhh this pain &lt;&lt;&lt;&lt;&lt;","@_mariaco I'm here boo :*","ahhhh this pain &lt;&lt;&lt;&lt;&lt;","@_mariaco I'm here boo :*","ahhhh this pain &lt;&lt;&lt;&lt;&lt;"],"messages_no":6,"bad_words":[],"bad_words_no":0,"weight":0,"location":[[34.2029951,-83.81588087],[34.23149742,-83.87366404],[34.2029951,-83.81588087],[34.23149742,-83.87366404],[34.2029951,-83.81588087],[34.23149742,-83.87366404]],"friends":[1,2,3,4]}