{"messages":["@JennLStewart no kidding!!!","@JennLStewart no kidding!!!","@JennLStewart no kidding!!!","@JennLStewart no kidding!!!"],"messages_no":4,"bad_words":[],"bad_words_no":0,"weight":0,"location":[41.07221595,-85.21749032,41.07221595,-85.21749032,41.07221595,-85.21749032,41.07221595,-85.21749032]}