{"messages":["If the women right then we alright","I'll be right by your side until 3005","If the women right then we alright","I'll be right by your side until 3005","Can I hit it in the morning","If the women right then we alright","I'll be right by your side until 3005","Can I hit it in the morning"],"messages_no":8,"bad_words":[],"bad_words_no":0,"weight":0,"location":[[32.94718882,-96.96716277],[32.94725797,-96.96731804],[32.94718882,-96.96716277],[32.94725797,-96.96731804],[32.94724787,-96.96734444],[32.94718882,-96.96716277],[32.94725797,-96.96731804],[32.94724787,-96.96734444]],"friends":[1,2,3,4]}