{"messages":["You\u2019re much happier when you don\u2019t give a fuck.","You\u2019re much happier when you don\u2019t give a fuck.","You\u2019re much happier when you don\u2019t give a fuck.","You\u2019re much happier when you don\u2019t give a fuck."],"messages_no":4,"bad_words":[],"bad_words_no":3,"weight":0,"location":[36.1306913,-111.2399403,36.1306913,-111.2399403,36.1306913,-111.2399403,36.1306913,-111.2399403]}