{"messages":["I want a personal trainer","I want a personal trainer","I see what you're trying to do you little hoe.","I want a personal trainer","I see what you're trying to do you little hoe."],"messages_no":5,"bad_words":[],"bad_words_no":0,"weight":0,"location":[[41.10755179,-82.17900832],[41.10755179,-82.17900832],[41.1817375,-82.21797885],[41.10755179,-82.17900832],[41.1817375,-82.21797885]],"friends":[1,2,3,4]}