{"messages":["Mmmmmmm Boxed Wine \ud83d\udce6\ud83c\udf77\ud83d\ude0d\ud83d\udc9a","Mmmmmmm Boxed Wine \ud83d\udce6\ud83c\udf77\ud83d\ude0d\ud83d\udc9a","Mmmmmmm Boxed Wine \ud83d\udce6\ud83c\udf77\ud83d\ude0d\ud83d\udc9a"],"messages_no":3,"bad_words":[],"bad_words_no":0,"weight":0,"location":[[37.43955252,-122.24837611],[37.43955252,-122.24837611],[37.43955252,-122.24837611]],"friends":[1,2,3,4]}