{"messages":["Yay I got my twitter back lol","@WanMortez they're like deep lol","Yay I got my twitter back lol","@WanMortez they're like deep lol","\u201c@BudPictures: Unfortunately the world we live in http:\/\/t.co\/Hlez2YkoLh\u201d organic food for me and my kids","Yay I got my twitter back lol","@WanMortez they're like deep lol"],"messages_no":7,"bad_words":[],"bad_words_no":0,"weight":0,"location":[[42.1017428,-83.23745109],[42.10179605,-83.23742855],[42.1017428,-83.23745109],[42.10179605,-83.23742855],[42.23427622,-83.20543969],[42.1017428,-83.23745109],[42.10179605,-83.23742855]],"friends":[1,2,3,4]}