{"messages":["Fight fight fight","Fight fight fight","U.S.A","Fight fight fight"],"messages_no":4,"bad_words":[],"bad_words_no":0,"weight":0,"location":[[43.21835595,-70.64760449],[43.21835595,-70.64760449],[43.2184168,-70.64758158],[43.21835595,-70.64760449]],"friends":[1,2,3,4]}