{"messages":["I hate the bus on Sundays \ud83d\ude12","I hate the bus on Sundays \ud83d\ude12","I want you","I hate the bus on Sundays \ud83d\ude12"],"messages_no":4,"bad_words":[],"bad_words_no":0,"weight":0,"location":[[39.34502225,-76.69232148],[39.34502225,-76.69232148],[39.33049063,-76.68972074],[39.34502225,-76.69232148]],"friends":[1,2,3,4]}