{"messages":["Regional Wrestling Day 2 \ud83d\udcaa#Leggo","Regional Wrestling Day 2 \ud83d\udcaa#Leggo","Regional Wrestling Day 2 \ud83d\udcaa#Leggo"],"messages_no":3,"bad_words":[],"bad_words_no":0,"weight":0,"location":[33.16858417,-96.84500252,33.16858417,-96.84500252,33.16858417,-96.84500252]}