{"messages":["Pumped for work tonight","Let's have pillow talk","Pumped for work tonight","Let's have pillow talk","Pumped for work tonight","Let's have pillow talk"],"messages_no":6,"bad_words":[],"bad_words_no":0,"weight":0,"location":[[40.15802843,-74.84890703],[40.21637984,-74.82649583],[40.15802843,-74.84890703],[40.21637984,-74.82649583],[40.15802843,-74.84890703],[40.21637984,-74.82649583]],"friends":[1,2,3,4]}