{"messages":["@WhiteMamba232 I like purple","@WhiteMamba232 I like purple","@WhiteMamba232 I like purple"],"messages_no":3,"bad_words":[],"bad_words_no":0,"weight":0,"location":[[32.53621027,-95.88994165],[32.53621027,-95.88994165],[32.53621027,-95.88994165]],"friends":[1,2,3,4]}