{"messages":["Got some new headphones today s\/o to Ste'Von \ud83d\udc4c\ud83d\ude02\ud83d\ude01","Got some new headphones today s\/o to Ste'Von \ud83d\udc4c\ud83d\ude02\ud83d\ude01","Got some new headphones today s\/o to Ste'Von \ud83d\udc4c\ud83d\ude02\ud83d\ude01","Got some new headphones today s\/o to Ste'Von \ud83d\udc4c\ud83d\ude02\ud83d\ude01"],"messages_no":4,"bad_words":[],"bad_words_no":0,"weight":0,"location":[42.32992874,-71.0929732,42.32992874,-71.0929732,42.32992874,-71.0929732,42.32992874,-71.0929732]}