{"messages":["Oh, Dios... Check the Irony http:\/\/t.co\/jXj0vwDByS","@KocoOOF oh, tell ME about it!","Oh, Dios... Check the Irony http:\/\/t.co\/jXj0vwDByS","@KocoOOF oh, tell ME about it!","Oh, Dios... Check the Irony http:\/\/t.co\/jXj0vwDByS","@KocoOOF oh, tell ME about it!"],"messages_no":6,"bad_words":[],"bad_words_no":0,"weight":0,"location":[[18.39997955,-66.05880131],[18.40003519,-66.05891618],[18.39997955,-66.05880131],[18.40003519,-66.05891618],[18.39997955,-66.05880131],[18.40003519,-66.05891618]],"friends":[1,2,3,4]}