{"messages":["HE DONT WANT U","HE DONT WANT U","HE DONT WANT U"],"messages_no":3,"bad_words":[],"bad_words_no":0,"weight":0,"location":[[33.8346467,-83.86955128],[33.8346467,-83.86955128],[33.8346467,-83.86955128]],"friends":[1,2,3,4]}