{"messages":["Oh wow.. Swag it out lol","Oh wow.. Swag it out lol","Oh wow.. Swag it out lol"],"messages_no":3,"bad_words":[],"bad_words_no":0,"weight":0,"location":[[34.4565765,-118.43078683],[34.4565765,-118.43078683],[34.4565765,-118.43078683]],"friends":[1,2,3,4]}