{"messages":["@chelseaschiffer i see i see","@chelseaschiffer i see i see","@chelseaschiffer i see i see"],"messages_no":3,"bad_words":[],"bad_words_no":0,"weight":0,"location":[41.60787153,-73.92065123,41.60787153,-73.92065123,41.60787153,-73.92065123]}