{"messages":["turn anger into something good","turn anger into something good","turn anger into something good"],"messages_no":3,"bad_words":[],"bad_words_no":0,"weight":0,"location":[42.38883859,-83.33097244,42.38883859,-83.33097244,42.38883859,-83.33097244]}