{"messages":["The future is so weird.","The future is so weird.","The future is so weird."],"messages_no":3,"bad_words":[],"bad_words_no":0,"weight":0,"location":[[34.13020391,-117.88678832],[34.13020391,-117.88678832],[34.13020391,-117.88678832]],"friends":[1,2,3,4]}