{"messages":["@martyJ15 yeah it's a 2014","@martyJ15 yeah it's a 2014","@martyJ15 yeah it's a 2014"],"messages_no":3,"bad_words":[],"bad_words_no":0,"weight":0,"location":[[38.4576497,-76.67977399],[38.4576497,-76.67977399],[38.4576497,-76.67977399]],"friends":[1,2,3,4]}