{"messages":["There's 1? 4 more to go","There's 1? 4 more to go","@B_Drizzey Right lol all you had to do was tweet #EsuranceSave30 ppl should chill","I get a lot done in college","There's 1? 4 more to go","@B_Drizzey Right lol all you had to do was tweet #EsuranceSave30 ppl should chill","I get a lot done in college"],"messages_no":7,"bad_words":[],"bad_words_no":0,"weight":0,"location":[[41.53535251,-80.70389879],[41.53535251,-80.70389879],[41.71838645,-81.25027465],[41.71486119,-81.25291131],[41.53535251,-80.70389879],[41.71838645,-81.25027465],[41.71486119,-81.25291131]],"friends":[1,2,3,4]}