{"messages":["KD is a tank","KD is a tank"],"messages_no":2,"bad_words":[],"bad_words_no":0,"weight":0,"location":[40.31309057,-74.3066217,40.31309057,-74.3066217]}