{"messages":["Since you wanna act like this.","I want a chevy equinox","They put me in a new online class and i had no idea they had put me in it","Since you wanna act like this.","Since you wanna act like this."],"messages_no":5,"bad_words":[],"bad_words_no":0,"weight":0,"location":[61.41683964,-149.40839667,61.41699787,-149.40825456,61.41683556,-149.4084277,61.41683964,-149.40839667,61.41683964,-149.40839667]}