{"messages":["Chicken? Never heard of him!","Problem solved lol. xD","I'm cold as fuck! \ud83d\ude30\ud83d\ude25\ud83d\ude2b","She is uggs!!!!"],"messages_no":4,"bad_words":[],"bad_words_no":1,"weight":0,"location":[[34.0617374,-118.2911058],[34.0617374,-118.2911058],[34.0617374,-118.2911058],[34.0617374,-118.2911058]]}