{"messages":["say something I'm giving up on you .","@BluntBeauty_ hey !!!","say something I'm giving up on you .","@BluntBeauty_ hey !!!","say something I'm giving up on you .","@BluntBeauty_ hey !!!","say something I'm giving up on you .","@BluntBeauty_ hey !!!"],"messages_no":8,"bad_words":[],"bad_words_no":0,"weight":0,"location":[41.76426022,-72.70087443,41.76408854,-72.70116756,41.76426022,-72.70087443,41.76408854,-72.70116756,41.76426022,-72.70087443,41.76408854,-72.70116756,41.76426022,-72.70087443,41.76408854,-72.70116756]}