{"messages":["\u201c@JewlzSantana: my favorite part of the day is watching the sun go down\u201d","I'm fucking over it\n*tony voice*","\u201c@JewlzSantana: my favorite part of the day is watching the sun go down\u201d","I'm fucking over it\n*tony voice*","\u201c@K_a_y__: These girls ain't loyal\u201d","\u201c@JewlzSantana: my favorite part of the day is watching the sun go down\u201d","I'm fucking over it\n*tony voice*","\u201c@K_a_y__: These girls ain't loyal\u201d"],"messages_no":8,"bad_words":[],"bad_words_no":3,"weight":0,"location":[[30.24188048,-97.75643876],[30.24183988,-97.75641624],[30.24188048,-97.75643876],[30.24183988,-97.75641624],[30.22814259,-97.7255692],[30.24188048,-97.75643876],[30.24183988,-97.75641624],[30.22814259,-97.7255692]],"friends":[1,2,3,4]}