{"messages":["say something I'm giving up on you .","@BluntBeauty_ hey !!!","say something I'm giving up on you .","@BluntBeauty_ hey !!!","@prettyshellyxx_ lmao real shit. I'm not letting no bitch mess my relationship up .","my cheers are so fierce","say something I'm giving up on you .","@BluntBeauty_ hey !!!","@prettyshellyxx_ lmao real shit. I'm not letting no bitch mess my relationship up .","my cheers are so fierce"],"messages_no":10,"bad_words":[],"bad_words_no":6,"weight":0,"location":[[41.76426022,-72.70087443],[41.76408854,-72.70116756],[41.76426022,-72.70087443],[41.76408854,-72.70116756],[41.73142451,-72.70398195],[41.73148817,-72.70414514],[41.76426022,-72.70087443],[41.76408854,-72.70116756],[41.73142451,-72.70398195],[41.73148817,-72.70414514]],"friends":[1,2,3,4]}