{"messages":["\u201c@damnndemetrii: if you can't apply makeup don't buy it\u201d!!","my brother is a tool smh","be mines&lt;3333333","OUT MY FACE","\u201c@damnndemetrii: if you can't apply makeup don't buy it\u201d!!","\u201c@damnndemetrii: if you can't apply makeup don't buy it\u201d!!","my brother is a tool smh","be mines&lt;3333333","be mines&lt;3333333"],"messages_no":9,"bad_words":[],"bad_words_no":3,"weight":0,"location":[39.05214764,-77.42599194,39.02827395,-77.42429896,39.09079325,-77.52646984,39.02859782,-77.42315328,39.05214764,-77.42599194,39.05214764,-77.42599194,39.02827395,-77.42429896,39.09079325,-77.52646984,39.09079325,-77.52646984]}