{"messages":["So excited for these pancakes \ud83d\ude0d","So excited for these pancakes \ud83d\ude0d","Miss you grandpa. \ud83d\udc7c\ud83d\ude22\ud83d\ude14\u2764\ufe0f","So excited for these pancakes \ud83d\ude0d"],"messages_no":4,"bad_words":[],"bad_words_no":0,"weight":0,"location":[[40.00456529,-81.57529028],[40.00456529,-81.57529028],[40.03342719,-81.58327871],[40.00456529,-81.57529028]],"friends":[1,2,3,4]}