{"messages":["Cant beat them? Join them","\"Dang flabbit i hate my life\"","Cant beat them? Join them","\"Dang flabbit i hate my life\"","Cant beat them? Join them","\"Dang flabbit i hate my life\""],"messages_no":6,"bad_words":[],"bad_words_no":0,"weight":0,"location":[[42.75262799,-84.62569795],[42.74021691,-84.63133374],[42.75262799,-84.62569795],[42.74021691,-84.63133374],[42.75262799,-84.62569795],[42.74021691,-84.63133374]],"friends":[1,2,3,4]}