{"messages":["Just cuz I dont want him to be a loser like me cx","Just cuz I dont want him to be a loser like me cx","\u201c@lesliemichells: Pisces are amazing people. Exhibit A: me\u201d\n\nAnd me\u270b\ud83d\udc4b\u270b","\u201c@awfulpics: Humans are pathetic http:\/\/t.co\/2m5Wsu6yq4\u201d OH MY GOD\ud83d\ude02\ud83d\ude02\ud83d\ude02\u2764\ufe0f","Just cuz I dont want him to be a loser like me cx","\u201c@lesliemichells: Pisces are amazing people. Exhibit A: me\u201d\n\nAnd me\u270b\ud83d\udc4b\u270b","\u201c@awfulpics: Humans are pathetic http:\/\/t.co\/2m5Wsu6yq4\u201d OH MY GOD\ud83d\ude02\ud83d\ude02\ud83d\ude02\u2764\ufe0f"],"messages_no":7,"bad_words":[],"bad_words_no":2,"weight":0,"location":[[34.1262916,-117.8900062],[34.1262916,-117.8900062],[34.08692208,-117.86433406],[34.08688466,-117.86453577],[34.1262916,-117.8900062],[34.08692208,-117.86433406],[34.08688466,-117.86453577]],"friends":[1,2,3,4]}