{"messages":["Got pulled over...","Got pulled over...","Got pulled over..."],"messages_no":3,"bad_words":[],"bad_words_no":0,"weight":0,"location":[[42.55430147,-88.10394108],[42.55430147,-88.10394108],[42.55430147,-88.10394108]],"friends":[1,2,3,4]}