{"messages":["#EsuranceSave30 woot woot!!","#EsuranceSave30 woot woot!!","#EsuranceSave30 woot woot!!"],"messages_no":3,"bad_words":[],"bad_words_no":0,"weight":0,"location":[[42.32469742,-71.05764499],[42.32469742,-71.05764499],[42.32469742,-71.05764499]],"friends":[1,2,3,4]}