{"messages":["#Day2 #regionals","#Day2 #regionals","#Day2 #regionals"],"messages_no":3,"bad_words":[],"bad_words_no":0,"weight":0,"location":[[29.5486106,-98.47202824],[29.5486106,-98.47202824],[29.5486106,-98.47202824]],"friends":[1,2,3,4]}