{"messages":["Gotta take a pissssss","Gotta take a pissssss","Gotta take a pissssss","Gotta take a pissssss"],"messages_no":4,"bad_words":[],"bad_words_no":3,"weight":0,"location":[44.84879956,-74.30091941,44.84879956,-74.30091941,44.84879956,-74.30091941,44.84879956,-74.30091941]}