{"messages":["my eye still hurt from deja kneeing me in my eye","my eye still hurt from deja kneeing me in my eye","Baby its you x Jojo","I hear sirens while we make love","Music and Flappy Bird","my eye still hurt from deja kneeing me in my eye","Baby its you x Jojo"],"messages_no":7,"bad_words":[],"bad_words_no":0,"weight":0,"location":[[39.6863456,-75.000834],[39.6863456,-75.000834],[39.6731063,-75.0224949],[39.6733657,-75.0223834],[39.6733952,-75.0223848],[39.6863456,-75.000834],[39.6731063,-75.0224949]],"friends":[1,2,3,4]}