{"messages":["@anecdotaI Thanks Grace\ud83d\ude0a","5 hours left","@anecdotaI Thanks Grace\ud83d\ude0a","5 hours left","@anecdotaI Thanks Grace\ud83d\ude0a","5 hours left"],"messages_no":6,"bad_words":[],"bad_words_no":0,"weight":0,"location":[[30.0847015,-95.6334339],[32.0523382,-96.4372624],[30.0847015,-95.6334339],[32.0523382,-96.4372624],[30.0847015,-95.6334339],[32.0523382,-96.4372624]],"friends":[1,2,3,4]}