{"messages":["#EsuranceSave30 AWL DAT money","#EsuranceSave30 AWL DAT money","@feliciapatelll gee thanks lol xD","#EsuranceSave30 AWL DAT money","@feliciapatelll gee thanks lol xD"],"messages_no":5,"bad_words":[],"bad_words_no":0,"weight":0,"location":[[43.38673785,-83.95500141],[43.38673785,-83.95500141],[43.38673545,-83.95500234],[43.38673785,-83.95500141],[43.38673545,-83.95500234]],"friends":[1,2,3,4]}