{"messages":["@blairborsuk LOLOLOLOL","@blairborsuk LOLOLOLOL","@blairborsuk LOLOLOLOL"],"messages_no":3,"bad_words":[],"bad_words_no":0,"weight":0,"location":[[35.78385299,-78.73225209],[35.78385299,-78.73225209],[35.78385299,-78.73225209]],"friends":[1,2,3,4]}