{"messages":["Here we go!! Keep it going \ud83d\ude04\ud83c\udfc8","Time to throw in the towel... What a disappointment...","Here we go!! Keep it going \ud83d\ude04\ud83c\udfc8","Time to throw in the towel... What a disappointment...","Here we go!! Keep it going \ud83d\ude04\ud83c\udfc8","Time to throw in the towel... What a disappointment..."],"messages_no":6,"bad_words":[],"bad_words_no":0,"weight":0,"location":[[37.18723656,-76.79049376],[37.1873423,-76.79044825],[37.18723656,-76.79049376],[37.1873423,-76.79044825],[37.18723656,-76.79049376],[37.1873423,-76.79044825]],"friends":[1,2,3,4]}