{"messages":["@VIXXVI_BRI Cus I gotta high score? Lmao Aii","@VIXXVI_BRI Cus I gotta high score? Lmao Aii","\u201c@_TheySayBoogz: Fuck It We Might Just Jump Her ' Then Take His Money\u201d \ud83d\ude02\ud83d\ude02\ud83d\ude02\ud83d\ude02\ud83d\ude02\ud83d\ude02 lmaoooooooo I'm w it","Goodmorning","@VIXXVI_BRI Cus I gotta high score? Lmao Aii","\u201c@_TheySayBoogz: Fuck It We Might Just Jump Her ' Then Take His Money\u201d \ud83d\ude02\ud83d\ude02\ud83d\ude02\ud83d\ude02\ud83d\ude02\ud83d\ude02 lmaoooooooo I'm w it"],"messages_no":6,"bad_words":[],"bad_words_no":2,"weight":0,"location":[[41.11496517,-74.03693313],[41.11496517,-74.03693313],[41.11516327,-74.03690622],[41.11510376,-74.03684428],[41.11496517,-74.03693313],[41.11516327,-74.03690622]],"friends":[1,2,3,4]}