{"messages":["Gotta leave at 630","Game starts at 730"],"messages_no":2,"bad_words":[],"bad_words_no":0,"weight":0,"location":[[37.4002516,-121.9539498],[37.40023,-121.9539493]]}