{"messages":["@MixedBritt especially that good stuff \u263a\ufe0f\ud83d\ude01","@MixedBritt especially that good stuff \u263a\ufe0f\ud83d\ude01","@MixedBritt especially that good stuff \u263a\ufe0f\ud83d\ude01","@MixedBritt especially that good stuff \u263a\ufe0f\ud83d\ude01"],"messages_no":4,"bad_words":[],"bad_words_no":0,"weight":0,"location":[40.28089782,-74.73259429,40.28089782,-74.73259429,40.28089782,-74.73259429,40.28089782,-74.73259429]}