{"messages":["Come see Tintypes tonight at 7!","Come see Tintypes tonight at 7!","Come see Tintypes tonight at 7!"],"messages_no":3,"bad_words":[],"bad_words_no":0,"weight":0,"location":[[34.19234062,-83.93743619],[34.19234062,-83.93743619],[34.19234062,-83.93743619]],"friends":[1,2,3,4]}