{"messages":["Excess in moderation","Excess in moderation","Excess in moderation"],"messages_no":3,"bad_words":[],"bad_words_no":0,"weight":0,"location":[[39.04829415,-77.36992656],[39.04829415,-77.36992656],[39.04829415,-77.36992656]],"friends":[1,2,3,4]}