{"messages":["@Bran_Flakes95 I'm learning about MATHMATICS","@Bran_Flakes95 I'm learning about MATHMATICS","@Bran_Flakes95 I'm learning about MATHMATICS","@Bran_Flakes95 I'm learning about MATHMATICS"],"messages_no":4,"bad_words":[],"bad_words_no":0,"weight":0,"location":[35.31239314,-83.18046474,35.31239314,-83.18046474,35.31239314,-83.18046474,35.31239314,-83.18046474]}