{"messages":["Smiles ain't always pretty","Smiles ain't always pretty","Should I delete my twitter or nah?","Smiles ain't always pretty","Should I delete my twitter or nah?"],"messages_no":5,"bad_words":[],"bad_words_no":0,"weight":0,"location":[[40.71470578,-73.98228218],[40.71470578,-73.98228218],[40.71472999,-73.98231677],[40.71470578,-73.98228218],[40.71472999,-73.98231677]],"friends":[1,2,3,4]}