{"messages":["Seahawks! \ud83d\ude4c","Seahawks! \ud83d\ude4c","Seahawks! \ud83d\ude4c"],"messages_no":3,"bad_words":[],"bad_words_no":0,"weight":0,"location":[[39.89092067,-75.31138585],[39.89092067,-75.31138585],[39.89092067,-75.31138585]],"friends":[1,2,3,4]}