{"messages":["Love Language.","Love Language.","Love Language."],"messages_no":3,"bad_words":[],"bad_words_no":0,"weight":0,"location":[[32.66579441,-116.95380162],[32.66579441,-116.95380162],[32.66579441,-116.95380162]],"friends":[1,2,3,4]}