{"messages":["Bronc-hoes!","Bronc-hoes!","Bronc-hoes!"],"messages_no":3,"bad_words":[],"bad_words_no":0,"weight":0,"location":[[47.6506578,-122.34936249],[47.6506578,-122.34936249],[47.6506578,-122.34936249]],"friends":[1,2,3,4]}