{"messages":["Feel like shit","Feel like shit","Feel like shit"],"messages_no":3,"bad_words":[],"bad_words_no":3,"weight":0,"location":[[42.7081392,-75.18594735],[42.7081392,-75.18594735],[42.7081392,-75.18594735]],"friends":[1,2,3,4]}