{"messages":["@Davis22Jerm lemme guess? Nobody else cares! \ud83d\ude12","@Davis22Jerm lemme guess? Nobody else cares! \ud83d\ude12","Rooms finally clean, now it's time for a shower!","@Davis22Jerm lemme guess? Nobody else cares! \ud83d\ude12","@Davis22Jerm lemme guess? Nobody else cares! \ud83d\ude12","Rooms finally clean, now it's time for a shower!"],"messages_no":6,"bad_words":[],"bad_words_no":0,"weight":0,"location":[34.89921219,-94.60307686,34.89921219,-94.60307686,35.04412282,-94.62133723,34.89921219,-94.60307686,34.89921219,-94.60307686,35.04412282,-94.62133723]}