{"messages":["Watching Katt Williams Kattpacalyspe \ud83d\ude02\ud83d\ude02\ud83d\ude02\ud83d\ude02","Watching Katt Williams Kattpacalyspe \ud83d\ude02\ud83d\ude02\ud83d\ude02\ud83d\ude02","Watching Katt Williams Kattpacalyspe \ud83d\ude02\ud83d\ude02\ud83d\ude02\ud83d\ude02"],"messages_no":3,"bad_words":[],"bad_words_no":0,"weight":0,"location":[30.20327068,-81.52556665,30.20327068,-81.52556665,30.20327068,-81.52556665]}