{"messages":["@Invalid819 what's goin on","@Invalid819 what's goin on"],"messages_no":2,"bad_words":[],"bad_words_no":0,"weight":0,"location":[39.91866299,-75.15162324,39.91866299,-75.15162324]}