{"messages":["@Invalid819 what's goin on","@Invalid819 what's goin on","There's a 40% chance of a rant in the forecast for tonight","I had a great rant set up for about 7pm tonight but I was forced to waste my rant on dumb shit","@Invalid819 what's goin on","There's a 40% chance of a rant in the forecast for tonight","I had a great rant set up for about 7pm tonight but I was forced to waste my rant on dumb shit"],"messages_no":7,"bad_words":[],"bad_words_no":2,"weight":0,"location":[[39.91866299,-75.15162324],[39.91866299,-75.15162324],[39.91871231,-75.15155149],[39.91866497,-75.15167413],[39.91866299,-75.15162324],[39.91871231,-75.15155149],[39.91866497,-75.15167413]],"friends":[1,2,3,4]}