{"messages":["nice coat mister","DAVID BECKHAM\ud83d\ude0d\u2764\ufe0f\ud83d\ude0d\u2764\ufe0f\ud83d\ude0d","nice coat mister","DAVID BECKHAM\ud83d\ude0d\u2764\ufe0f\ud83d\ude0d\u2764\ufe0f\ud83d\ude0d","nice coat mister","DAVID BECKHAM\ud83d\ude0d\u2764\ufe0f\ud83d\ude0d\u2764\ufe0f\ud83d\ude0d"],"messages_no":6,"bad_words":[],"bad_words_no":0,"weight":0,"location":[[35.13734131,-89.9212169],[35.13736712,-89.92104759],[35.13734131,-89.9212169],[35.13736712,-89.92104759],[35.13734131,-89.9212169],[35.13736712,-89.92104759]],"friends":[1,2,3,4]}