{"messages":["\u201c@smileitsjoy: Say a pray for me this morning. \ud83d\ude14\u201d Ur in my prayers \ud83d\ude4f","@smileitsjoy lol I'm sure u are","\u201c@smileitsjoy: Say a pray for me this morning. \ud83d\ude14\u201d Ur in my prayers \ud83d\ude4f","@smileitsjoy lol I'm sure u are","@_arijee @FreddyINGsmoke1:check out this new #INGmix #OGBubbaKush #PracticeRun #LT2 Coming Soon.....#DIMG https:\/\/t.co\/aMl4vf74Y2 \u2026","\u201c@smileitsjoy: Say a pray for me this morning. \ud83d\ude14\u201d Ur in my prayers \ud83d\ude4f","@smileitsjoy lol I'm sure u are"],"messages_no":7,"bad_words":[],"bad_words_no":0,"weight":0,"location":[[30.09537318,-96.06262045],[30.08465055,-95.98780441],[30.09537318,-96.06262045],[30.08465055,-95.98780441],[30.08122587,-95.99086528],[30.09537318,-96.06262045],[30.08465055,-95.98780441]],"friends":[1,2,3,4]}