{"messages":["I Have A High Ass Fever \ud83d\ude37","I Have A High Ass Fever \ud83d\ude37","I Have A High Ass Fever \ud83d\ude37"],"messages_no":3,"bad_words":[],"bad_words_no":0,"weight":0,"location":[[40.62893162,-73.89952339],[40.62893162,-73.89952339],[40.62893162,-73.89952339]],"friends":[1,2,3,4]}