{"messages":["And 3,000 if the quarter ends like this!","And 3,000 if the quarter ends like this!","And 3,000 if the quarter ends like this!"],"messages_no":3,"bad_words":[],"bad_words_no":0,"weight":0,"location":[[44.60005154,-123.25691099],[44.60005154,-123.25691099],[44.60005154,-123.25691099]],"friends":[1,2,3,4]}