{"messages":["Weird ass noises","Weird ass noises"],"messages_no":2,"bad_words":[],"bad_words_no":0,"weight":0,"location":[42.11160409,-80.01237656,42.11160409,-80.01237656]}