{"messages":["It'd be nice if you texted me.","@T_Wittman3 yesss.","It'd be nice if you texted me.","@T_Wittman3 yesss.","It'd be nice if you texted me.","@T_Wittman3 yesss."],"messages_no":6,"bad_words":[],"bad_words_no":0,"weight":0,"location":[[42.27695733,-84.95478814],[42.27698269,-84.95481428],[42.27695733,-84.95478814],[42.27698269,-84.95481428],[42.27695733,-84.95478814],[42.27698269,-84.95481428]],"friends":[1,2,3,4]}