{"messages":["Wow, wait what","Wow, wait what","Wow, wait what"],"messages_no":3,"bad_words":[],"bad_words_no":0,"weight":0,"location":[[42.33456799,-77.30889905],[42.33456799,-77.30889905],[42.33456799,-77.30889905]],"friends":[1,2,3,4]}