{"messages":["I hate being home alone","I hate being home alone","I love the things bout her but I don't love herrr","I hate being home alone","I love the things bout her but I don't love herrr"],"messages_no":5,"bad_words":[],"bad_words_no":0,"weight":0,"location":[[40.65205021,-84.14914702],[40.65205021,-84.14914702],[40.65429693,-84.13887188],[40.65205021,-84.14914702],[40.65429693,-84.13887188]],"friends":[1,2,3,4]}