{"messages":["Pow \ud83d\udc4a #goodmorning","Pow \ud83d\udc4a #goodmorning","Pow \ud83d\udc4a #goodmorning"],"messages_no":3,"bad_words":[],"bad_words_no":0,"weight":0,"location":[[32.7249674,-96.8183039],[32.7249674,-96.8183039],[32.7249674,-96.8183039]],"friends":[1,2,3,4]}