{"messages":["Beyond annoyed \ud83d\udc7f","Beyond annoyed \ud83d\udc7f","Beyond annoyed \ud83d\udc7f","Beyond annoyed \ud83d\udc7f"],"messages_no":4,"bad_words":[],"bad_words_no":0,"weight":0,"location":[42.25126611,-77.7903978,42.25126611,-77.7903978,42.25126611,-77.7903978,42.25126611,-77.7903978]}