{"messages":["who's Netflix can I use?","who's Netflix can I use?","who's Netflix can I use?"],"messages_no":3,"bad_words":[],"bad_words_no":0,"weight":0,"location":[[42.73241126,-84.61780817],[42.73241126,-84.61780817],[42.73241126,-84.61780817]],"friends":[1,2,3,4]}