{"messages":["Girl I got to see you tonight","Girl I got to see you tonight","Girl I got to see you tonight"],"messages_no":3,"bad_words":[],"bad_words_no":0,"weight":0,"location":[[39.42245723,-119.79810323],[39.42245723,-119.79810323],[39.42245723,-119.79810323]],"friends":[1,2,3,4]}