{"messages":["yog hurt","@nextvisionary if u need to give ppl links use my drive ayy","riding a flaming chariot of shit into owl city","I need new lightning cord bc mine won't connect to laptop","You can only blame your problems on the world for so long, before it all becomes the same old song.","She wants chicken http:\/\/t.co\/pofpKFfp0v","yog hurt","@nextvisionary if u need to give ppl links use my drive ayy","riding a flaming chariot of shit into owl city","I need new lightning cord bc mine won't connect to laptop","You can only blame your problems on the world for so long, before it all becomes the same old song.","She wants chicken http:\/\/t.co\/pofpKFfp0v","angel v demon fist fight can i get a hell yeah","there are bumps on my hand well","My eyes are so red from crying it looks like I'm high","I knew it was snooki by the voice tbh","\"You know what this is\"\n\"Oh no\"","yog hurt","@nextvisionary if u need to give ppl links use my drive ayy","riding a flaming chariot of shit into owl city","I need new lightning cord bc mine won't connect to laptop","You can only blame your problems on the world for so long, before it all becomes the same old song.","She wants chicken http:\/\/t.co\/pofpKFfp0v","angel v demon fist fight can i get a hell yeah","there are bumps on my hand well"],"messages_no":25,"bad_words":[],"bad_words_no":5,"weight":0,"location":[[41.57046375,-74.0651726],[41.57031377,-74.06505081],[41.57047752,-74.0655866],[41.57057235,-74.06524384],[41.57028632,-74.06504083],[41.57032702,-74.06507344],[41.57046375,-74.0651726],[41.57031377,-74.06505081],[41.57047752,-74.0655866],[41.57057235,-74.06524384],[41.57028632,-74.06504083],[41.57032702,-74.06507344],[41.57048849,-74.06515979],[41.57037823,-74.06514485],[41.57029244,-74.06511535],[41.56764917,-74.01450877],[41.56917488,-74.0143128],[41.57046375,-74.0651726],[41.57031377,-74.06505081],[41.57047752,-74.0655866],[41.57057235,-74.06524384],[41.57028632,-74.06504083],[41.57032702,-74.06507344],[41.57048849,-74.06515979],[41.57037823,-74.06514485]],"friends":[1,2,3,4]}