{"messages":["Beyond pissed off \ud83d\ude24\ud83d\ude24","Beyond pissed off \ud83d\ude24\ud83d\ude24"],"messages_no":2,"bad_words":[],"bad_words_no":2,"weight":0,"location":[35.87781018,-84.51186857,35.87781018,-84.51186857]}