{"messages":["I really wanna go try kewpee's.","I really wanna go try kewpee's.","I really wanna go try kewpee's."],"messages_no":3,"bad_words":[],"bad_words_no":0,"weight":0,"location":[41.16156737,-83.41192318,41.16156737,-83.41192318,41.16156737,-83.41192318]}