{"messages":["Do you ever feel like Kelli shepardsin","Pissed","Do you ever feel like Kelli shepardsin","Pissed","And I just called Paragi, Ms. Chapstick","Do you ever feel like Kelli shepardsin","Pissed"],"messages_no":7,"bad_words":[],"bad_words_no":0,"weight":0,"location":[[43.04548745,-74.84710826],[43.08675421,-75.12453893],[43.04548745,-74.84710826],[43.08675421,-75.12453893],[43.04506341,-74.86000075],[43.04548745,-74.84710826],[43.08675421,-75.12453893]],"friends":[1,2,3,4]}