{"messages":["happy birthday @lunaxsun! \ud83c\udf89","happy birthday @lunaxsun! \ud83c\udf89","happy birthday @lunaxsun! \ud83c\udf89"],"messages_no":3,"bad_words":[],"bad_words_no":0,"weight":0,"location":[[30.53133716,-97.66212782],[30.53133716,-97.66212782],[30.53133716,-97.66212782]],"friends":[1,2,3,4]}