{"messages":["This is going to be a long 7 hours.","This is going to be a long 7 hours.","This is going to be a long 7 hours.","This is going to be a long 7 hours."],"messages_no":4,"bad_words":[],"bad_words_no":0,"weight":0,"location":[37.99480971,-84.43860867,37.99480971,-84.43860867,37.99480971,-84.43860867,37.99480971,-84.43860867]}