{"messages":["Love Ma Mom N Baby Dal","Need To Clean Up","Love Ma Mom N Baby Dal","Need To Clean Up","I Feel Sick","Love Ma Mom N Baby Dal","Need To Clean Up"],"messages_no":7,"bad_words":[],"bad_words_no":0,"weight":0,"location":[[42.9342798,-85.63783128],[42.9342321,-85.63791635],[42.9342798,-85.63783128],[42.9342321,-85.63791635],[42.93427998,-85.63832814],[42.9342798,-85.63783128],[42.9342321,-85.63791635]],"friends":[1,2,3,4]}