{"messages":["It's mountain time!!","It's mountain time!!","It's mountain time!!"],"messages_no":3,"bad_words":[],"bad_words_no":0,"weight":0,"location":[[46.73400602,-120.72097645],[46.73400602,-120.72097645],[46.73400602,-120.72097645]],"friends":[1,2,3,4]}