{"messages":["I wanna be somewhere and 105","I wanna be somewhere and 105"],"messages_no":2,"bad_words":[],"bad_words_no":0,"weight":0,"location":[31.13074235,-87.07112118,31.13074235,-87.07112118]}