{"messages":["@katdal_7 thanks bro","@_SimplyyKayy thanks! and Ight bet lol","@katdal_7 thanks bro","@_SimplyyKayy thanks! and Ight bet lol","@katdal_7 thanks bro","@_SimplyyKayy thanks! and Ight bet lol"],"messages_no":6,"bad_words":[],"bad_words_no":0,"weight":0,"location":[[45.1503138,-93.35417706],[45.14867061,-93.35415216],[45.1503138,-93.35417706],[45.14867061,-93.35415216],[45.1503138,-93.35417706],[45.14867061,-93.35415216]],"friends":[1,2,3,4]}