{"messages":["Lol fur coat","Lol fur coat","Lol fur coat"],"messages_no":3,"bad_words":[],"bad_words_no":0,"weight":0,"location":[[42.17764142,-71.03834406],[42.17764142,-71.03834406],[42.17764142,-71.03834406]],"friends":[1,2,3,4]}