{"messages":["To the KAstle \ud83d\udc51","To the KAstle \ud83d\udc51","@DtotheLove &amp; I write songs at 2 in the morning. Only us. #MissYou","To the KAstle \ud83d\udc51"],"messages_no":4,"bad_words":[],"bad_words_no":0,"weight":0,"location":[[31.75251906,-93.09234574],[31.75251906,-93.09234574],[31.75062862,-93.10956885],[31.75251906,-93.09234574]],"friends":[1,2,3,4]}