{"messages":["@Cvogt38 a broom stick with a bat..","@Cvogt38 a broom stick with a bat..","@Cvogt38 a broom stick with a bat.."],"messages_no":3,"bad_words":[],"bad_words_no":0,"weight":0,"location":[[30.47010333,-88.85605268],[30.47010333,-88.85605268],[30.47010333,-88.85605268]],"friends":[1,2,3,4]}