{"messages":["Just for 4 points","Seattle has no chill button foreal","Just for 4 points"],"messages_no":3,"bad_words":[],"bad_words_no":0,"weight":0,"location":[27.9345762,-82.4069597,27.9346475,-82.4070071,27.9345762,-82.4069597]}