{"messages":["Beautiful.","Beautiful."],"messages_no":2,"bad_words":[],"bad_words_no":0,"weight":0,"location":[39.99576547,-83.0128342,39.99576547,-83.0128342]}