{"messages":["Peyton with a 2nd half comeback","Peyton with a 2nd half comeback","Peyton with a 2nd half comeback"],"messages_no":3,"bad_words":[],"bad_words_no":0,"weight":0,"location":[[30.32307534,-89.75941695],[30.32307534,-89.75941695],[30.32307534,-89.75941695]],"friends":[1,2,3,4]}