{"messages":["Drunk people will fucking eat anything","Drunk people will fucking eat anything","Oh I, I got this bowl for two. \ud83c\udfb6","Drunk people will fucking eat anything"],"messages_no":4,"bad_words":[],"bad_words_no":3,"weight":0,"location":[[29.64281024,-98.42509068],[29.64281024,-98.42509068],[29.64323077,-98.42506307],[29.64281024,-98.42509068]],"friends":[1,2,3,4]}