{"messages":["My Saturday night http:\/\/t.co\/HpBa6iCWE6","My Saturday night http:\/\/t.co\/HpBa6iCWE6","#EsuranceSave30","My Saturday night http:\/\/t.co\/HpBa6iCWE6","#EsuranceSave30"],"messages_no":5,"bad_words":[],"bad_words_no":0,"weight":0,"location":[[38.52950324,-90.0094756],[38.52950324,-90.0094756],[38.5295752,-90.00938912],[38.52950324,-90.0094756],[38.5295752,-90.00938912]],"friends":[1,2,3,4]}