{"messages":["THE TRADE","THE TRADE","I see whats going on here","THE TRADE"],"messages_no":4,"bad_words":[],"bad_words_no":0,"weight":0,"location":[[38.9009009,-77.12085821],[38.9009009,-77.12085821],[38.95495495,-76.97111603],[38.9009009,-77.12085821]],"friends":[1,2,3,4]}