{"messages":["Jammin to let it go #turntup","Jammin to let it go #turntup","Jammin to let it go #turntup"],"messages_no":3,"bad_words":[],"bad_words_no":0,"weight":0,"location":[[44.96275226,-93.24097817],[44.96275226,-93.24097817],[44.96275226,-93.24097817]],"friends":[1,2,3,4]}