{"messages":["my entire timeline is #EsuranceSave30","my entire timeline is #EsuranceSave30","@sigrant11 the giveaway itself said retweet to win.","I have class at 10 so I should probably get out if bed, right?","my entire timeline is #EsuranceSave30","@sigrant11 the giveaway itself said retweet to win."],"messages_no":6,"bad_words":[],"bad_words_no":0,"weight":0,"location":[[42.95500284,-85.89302863],[42.95500284,-85.89302863],[42.95450657,-85.90449976],[42.9544262,-85.90429701],[42.95500284,-85.89302863],[42.95450657,-85.90449976]],"friends":[1,2,3,4]}