{"messages":["Stone","Stone","Eating Yoshinoya (:","Stone"],"messages_no":4,"bad_words":[],"bad_words_no":0,"weight":0,"location":[[34.07501328,-118.28833969],[34.07501328,-118.28833969],[34.04766202,-118.27717838],[34.07501328,-118.28833969]],"friends":[1,2,3,4]}