{"messages":["Taco Bell I love you","Taco Bell I love you","Taco Bell I love you"],"messages_no":3,"bad_words":[],"bad_words_no":0,"weight":0,"location":[[43.05772541,-76.19486064],[43.05772541,-76.19486064],[43.05772541,-76.19486064]],"friends":[1,2,3,4]}