{"messages":["@dazedjpg I want to so bad though","@dazedjpg I want to so bad though","@dazedjpg I want to so bad though"],"messages_no":3,"bad_words":[],"bad_words_no":0,"weight":0,"location":[32.23410783,-95.22862122,32.23410783,-95.22862122,32.23410783,-95.22862122]}