{"messages":["@dazedjpg I want to so bad though","@dazedjpg I want to so bad though","now I'm bored","I CANT GO TO THE SCI FI EXPO wHAT THE FUCK","@momoLEw swear to god I'm gonna kill u","@NickRogerss YESSS","@ryanscottcombs @mallaree2 I hate u","@dazedjpg I want to so bad though","now I'm bored","I CANT GO TO THE SCI FI EXPO wHAT THE FUCK"],"messages_no":10,"bad_words":[],"bad_words_no":0,"weight":0,"location":[[32.23410783,-95.22862122],[32.23410783,-95.22862122],[32.2952867,-95.26949847],[32.23300035,-95.2147288],[32.2950436,-95.26936448],[32.23256708,-95.21449575],[32.2325204,-95.21452107],[32.23410783,-95.22862122],[32.2952867,-95.26949847],[32.23300035,-95.2147288]],"friends":[1,2,3,4]}