{"messages":["Puppy cuddles \ud83d\udc36","Puppy cuddles \ud83d\udc36","@MikeCorruption last I checked the 3ds was down to like $170ish ahh. I'm getting one somehow haha","Puppy cuddles \ud83d\udc36","@MikeCorruption last I checked the 3ds was down to like $170ish ahh. I'm getting one somehow haha"],"messages_no":5,"bad_words":[],"bad_words_no":0,"weight":0,"location":[[43.48950259,-85.67790415],[43.48950259,-85.67790415],[43.4894391,-85.6779127],[43.48950259,-85.67790415],[43.4894391,-85.6779127]],"friends":[1,2,3,4]}