{"messages":["\u201c@_enmg: Love putting my home theater on blast \ud83d\ude0d\ud83d\ude0d\ud83d\udd0a\ud83c\udfb6\ud83d\udc81\u201d","\u201c@_enmg: Love putting my home theater on blast \ud83d\ude0d\ud83d\ude0d\ud83d\udd0a\ud83c\udfb6\ud83d\udc81\u201d","\u201c@_enmg: Love putting my home theater on blast \ud83d\ude0d\ud83d\ude0d\ud83d\udd0a\ud83c\udfb6\ud83d\udc81\u201d"],"messages_no":3,"bad_words":[],"bad_words_no":0,"weight":0,"location":[[40.64676015,-74.19783891],[40.64676015,-74.19783891],[40.64676015,-74.19783891]],"friends":[1,2,3,4]}