{"messages":["I need my own IG I be all on sis shit","14% with no charger \ud83d\ude29\ud83d\ude29\ud83d\ude29\ud83d\ude21\ud83d\ude21\ud83d\ude21\ud83d\ude24\ud83d\ude24\ud83d\ude24"],"messages_no":2,"bad_words":[],"bad_words_no":1,"weight":0,"location":[[40.91790239,-74.16274851],[40.90198826,-74.14606802]]}