{"messages":["@alextomascak yeah no you're going","@matt_hecker @alextomascak tickets are sold out )))):","@jimbo250f are you going to zedds dead or excision?","@alextomascak yeah no you're going","@matt_hecker @alextomascak tickets are sold out )))):","@jimbo250f are you going to zedds dead or excision?","Do you ever just think how crazy it is that we're all just living to die?","@alextomascak yeah no you're going","@matt_hecker @alextomascak tickets are sold out )))):","@jimbo250f are you going to zedds dead or excision?"],"messages_no":10,"bad_words":[],"bad_words_no":0,"weight":0,"location":[[41.54508449,-72.64213036],[41.55706999,-72.64697797],[41.55353477,-72.64573368],[41.54508449,-72.64213036],[41.55706999,-72.64697797],[41.55353477,-72.64573368],[41.68905797,-72.7680533],[41.54508449,-72.64213036],[41.55706999,-72.64697797],[41.55353477,-72.64573368]],"friends":[1,2,3,4]}