{"messages":["@eptingisaiah because I want it to be \u270a\ud83d\ude0a","@eptingisaiah because I want it to be \u270a\ud83d\ude0a","I like the new twitter update!","@eptingisaiah because I want it to be \u270a\ud83d\ude0a"],"messages_no":4,"bad_words":[],"bad_words_no":0,"weight":0,"location":[[40.76430786,-96.67603439],[40.76430786,-96.67603439],[40.73773001,-96.66422482],[40.76430786,-96.67603439]],"friends":[1,2,3,4]}