{"messages":["Urban dictionary is my shit","Nothing's impossible","Urban dictionary is my shit","Nothing's impossible","Urban dictionary is my shit","Nothing's impossible"],"messages_no":6,"bad_words":[],"bad_words_no":3,"weight":0,"location":[[30.31655659,-81.8718126],[30.31682651,-81.87138911],[30.31655659,-81.8718126],[30.31682651,-81.87138911],[30.31655659,-81.8718126],[30.31682651,-81.87138911]],"friends":[1,2,3,4]}