{"messages":["#EsuranceSave30","#EsuranceSave30","#EsuranceSave30"],"messages_no":3,"bad_words":[],"bad_words_no":0,"weight":0,"location":[[40.85923876,-73.35967224],[40.85923876,-73.35967224],[40.85923876,-73.35967224]],"friends":[1,2,3,4]}