{"messages":["Bruno Killin it!!!","Bruno Killin it!!!","Bruno Killin it!!!"],"messages_no":3,"bad_words":[],"bad_words_no":0,"weight":0,"location":[[34.31684277,-89.96495741],[34.31684277,-89.96495741],[34.31684277,-89.96495741]],"friends":[1,2,3,4]}