{"messages":["Being. So antimated","That shit hurt my soul low key","Being. So antimated","That shit hurt my soul low key","Being. So antimated","That shit hurt my soul low key"],"messages_no":6,"bad_words":[],"bad_words_no":3,"weight":0,"location":[[42.47747433,-83.2482454],[42.46470626,-83.19875655],[42.47747433,-83.2482454],[42.46470626,-83.19875655],[42.47747433,-83.2482454],[42.46470626,-83.19875655]],"friends":[1,2,3,4]}