{"messages":["I'm so bored oh my gosh","@ScoutPls oh it won't be, he will probably be telling you his stupid jokes. Just ignore him :')","@SMGrise I am!","I'm so bored oh my gosh","@ScoutPls oh it won't be, he will probably be telling you his stupid jokes. Just ignore him :')","@SMGrise I am!","If you slurp on your skittles ones more time.....","I'm so bored oh my gosh","@ScoutPls oh it won't be, he will probably be telling you his stupid jokes. Just ignore him :')","@SMGrise I am!","If you slurp on your skittles ones more time....."],"messages_no":11,"bad_words":[],"bad_words_no":0,"weight":0,"location":[[40.16186336,-84.28093644],[40.16165326,-84.28087944],[40.16199392,-84.28076763],[40.16186336,-84.28093644],[40.16165326,-84.28087944],[40.16199392,-84.28076763],[40.1486614,-84.23892877],[40.16186336,-84.28093644],[40.16165326,-84.28087944],[40.16199392,-84.28076763],[40.1486614,-84.23892877]],"friends":[1,2,3,4]}