{"messages":["Love watching my girlfriend play\ud83d\ude48\ud83d\udc99","Love watching my girlfriend play\ud83d\ude48\ud83d\udc99","Love watching my girlfriend play\ud83d\ude48\ud83d\udc99"],"messages_no":3,"bad_words":[],"bad_words_no":0,"weight":0,"location":[[33.80977948,-117.90447313],[33.80977948,-117.90447313],[33.80977948,-117.90447313]],"friends":[1,2,3,4]}