{"messages":["ugh. Dont want to go to go.","ugh. Dont want to go to go.","@xojesilyn have faith in thy saviour. \ue420","ugh. Dont want to go to go.","@xojesilyn have faith in thy saviour. \ue420"],"messages_no":5,"bad_words":[],"bad_words_no":0,"weight":0,"location":[[47.104118,-122.4000659],[47.104118,-122.4000659],[47.1040748,-122.4000336],[47.104118,-122.4000659],[47.1040748,-122.4000336]],"friends":[1,2,3,4]}