{"messages":["Can't wait to see @JaceNybo tonight!!!\ud83d\ude18\ud83c\udf89","Can't wait to see @JaceNybo tonight!!!\ud83d\ude18\ud83c\udf89","Can't wait to see @JaceNybo tonight!!!\ud83d\ude18\ud83c\udf89","Can't wait to see @JaceNybo tonight!!!\ud83d\ude18\ud83c\udf89"],"messages_no":4,"bad_words":[],"bad_words_no":0,"weight":0,"location":[46.72781858,-100.75059869,46.72781858,-100.75059869,46.72781858,-100.75059869,46.72781858,-100.75059869]}