{"messages":["@ayeeitsk8 @Mdsnfrvr pick me up in our usual spot?","@ayeeitsk8 @Mdsnfrvr pick me up in our usual spot?","Frozen pisses me off when Hans pulls that shit.","@ayeeitsk8 @Mdsnfrvr pick me up in our usual spot?","@ayeeitsk8 @Mdsnfrvr pick me up in our usual spot?","Frozen pisses me off when Hans pulls that shit.","Frozen pisses me off when Hans pulls that shit."],"messages_no":7,"bad_words":[],"bad_words_no":6,"weight":0,"location":[36.88561891,-76.30877153,36.88561891,-76.30877153,36.88556524,-76.30870549,36.88561891,-76.30877153,36.88561891,-76.30877153,36.88556524,-76.30870549,36.88556524,-76.30870549]}