{"messages":["and a puppy","and a puppy","@erikagroning alright shots fired","and a puppy","@erikagroning alright shots fired"],"messages_no":5,"bad_words":[],"bad_words_no":0,"weight":0,"location":[[40.6556866,-74.3264622],[40.6556866,-74.3264622],[40.6555986,-74.3263866],[40.6556866,-74.3264622],[40.6555986,-74.3263866]],"friends":[1,2,3,4]}