{"messages":["No regrets tonight","No regrets tonight"],"messages_no":2,"bad_words":[],"bad_words_no":0,"weight":0,"location":[40.27724264,-111.72653859,40.27724264,-111.72653859]}