{"messages":["About to get my tan on \u270c\ufe0f\u2600\ufe0f","About to get my tan on \u270c\ufe0f\u2600\ufe0f"],"messages_no":2,"bad_words":[],"bad_words_no":0,"weight":0,"location":[38.26804919,-121.30811975,38.26804919,-121.30811975]}