{"messages":["Shiiiiiiit","Shiiiiiiit"],"messages_no":2,"bad_words":[],"bad_words_no":0,"weight":0,"location":[32.26708973,-110.76099911,32.26708973,-110.76099911]}