{"messages":["define juice","@UglyUnicorns_ you forgot the breakfast club","define juice","define juice","@UglyUnicorns_ you forgot the breakfast club"],"messages_no":5,"bad_words":[],"bad_words_no":0,"weight":0,"location":[35.7837981,-78.37219376,35.78364178,-78.37202411,35.7837981,-78.37219376,35.7837981,-78.37219376,35.78364178,-78.37202411]}