{"messages":["I'm thinking 34-28 Broncos !","I'm thinking 34-28 Broncos !","I'm thinking 34-28 Broncos !"],"messages_no":3,"bad_words":[],"bad_words_no":0,"weight":0,"location":[[40.48767355,-74.28744826],[40.48767355,-74.28744826],[40.48767355,-74.28744826]],"friends":[1,2,3,4]}