{"messages":["I feel like shiiiiiiiit","I feel like shiiiiiiiit","@ahhlliee same here!","I feel like shiiiiiiiit"],"messages_no":4,"bad_words":[],"bad_words_no":0,"weight":0,"location":[[38.08573976,-87.53112008],[38.08573976,-87.53112008],[38.08590336,-87.53116105],[38.08573976,-87.53112008]],"friends":[1,2,3,4]}