{"messages":["Seems like a holiday","Seems like a holiday","Seems like a holiday"],"messages_no":3,"bad_words":[],"bad_words_no":0,"weight":0,"location":[[40.54112522,-74.18842825],[40.54112522,-74.18842825],[40.54112522,-74.18842825]],"friends":[1,2,3,4]}