{"messages":["@skiheavenly hitting the fresh snow!   \ud83d\ude03\u2744\ufe0f\ud83c\udfc2","@skiheavenly hitting the fresh snow!   \ud83d\ude03\u2744\ufe0f\ud83c\udfc2","@skiheavenly hitting the fresh snow!   \ud83d\ude03\u2744\ufe0f\ud83c\udfc2","@skiheavenly hitting the fresh snow!   \ud83d\ude03\u2744\ufe0f\ud83c\udfc2"],"messages_no":4,"bad_words":[],"bad_words_no":0,"weight":0,"location":[39.13365437,-119.76987585,39.13365437,-119.76987585,39.13365437,-119.76987585,39.13365437,-119.76987585]}