{"messages":["@NalaGhee smh damn sneaker head lol","@NalaGhee smh damn sneaker head lol","@Nadia_lovesPINK you not transferring shut up , and what happened now ?","ready for these games this week \u2714","@NalaGhee smh damn sneaker head lol"],"messages_no":5,"bad_words":[],"bad_words_no":3,"weight":0,"location":[[41.31796363,-96.04128655],[41.31796363,-96.04128655],[41.31087586,-96.04577524],[41.31797725,-96.04126208],[41.31796363,-96.04128655]],"friends":[1,2,3,4]}