{"messages":["#EsuranceSave30","#EsuranceSave30","#EsuranceSave30"],"messages_no":3,"bad_words":[],"bad_words_no":0,"weight":0,"location":[[42.27402714,-85.62269214],[42.27402714,-85.62269214],[42.27402714,-85.62269214]],"friends":[1,2,3,4]}