{"messages":["Where's Sherman, I want to hear this one.","Where's Sherman, I want to hear this one.","@tankheals #h8u5ever","Where's Sherman, I want to hear this one."],"messages_no":4,"bad_words":[],"bad_words_no":0,"weight":0,"location":[[37.03581306,-76.29639195],[37.03581306,-76.29639195],[37.03578278,-76.29663999],[37.03581306,-76.29639195]],"friends":[1,2,3,4]}