{"messages":["Getting ready for my movie night with my tiffy\ud83d\ude04","I loveeeee my friends at the acting studio!!","Getting ready for my movie night with my tiffy\ud83d\ude04","I loveeeee my friends at the acting studio!!","Such a beautiful day to be alive\u2600","Getting ready for my movie night with my tiffy\ud83d\ude04","I loveeeee my friends at the acting studio!!"],"messages_no":7,"bad_words":[],"bad_words_no":0,"weight":0,"location":[[25.99064241,-80.35802301],[25.99100187,-80.35823552],[25.99064241,-80.35802301],[25.99100187,-80.35823552],[25.99092268,-80.35815876],[25.99064241,-80.35802301],[25.99100187,-80.35823552]],"friends":[1,2,3,4]}