{"messages":["Making today a productive day \ud83d\udc4d\ud83d\ude1d","Making today a productive day \ud83d\udc4d\ud83d\ude1d","Great way to start my morning. Getting pulled over \ud83d\ude01 #byebye200dollars","Making today a productive day \ud83d\udc4d\ud83d\ude1d"],"messages_no":4,"bad_words":[],"bad_words_no":0,"weight":0,"location":[[37.36277533,-76.54324877],[37.36277533,-76.54324877],[36.87967998,-76.30582859],[37.36277533,-76.54324877]],"friends":[1,2,3,4]}