{"messages":["I could get use to this.. \ud83d\ude0f\ud83d\ude02","I could get use to this.. \ud83d\ude0f\ud83d\ude02","I could get use to this.. \ud83d\ude0f\ud83d\ude02","I could get use to this.. \ud83d\ude0f\ud83d\ude02"],"messages_no":4,"bad_words":[],"bad_words_no":0,"weight":0,"location":[42.11749072,-76.27317425,42.11749072,-76.27317425,42.11749072,-76.27317425,42.11749072,-76.27317425]}