{"messages":["Uhhh.... Alright then.... \ud83d\udc4c","Uhhh.... Alright then.... \ud83d\udc4c","Uhhh.... Alright then.... \ud83d\udc4c"],"messages_no":3,"bad_words":[],"bad_words_no":0,"weight":0,"location":[[30.67826126,-88.19248834],[30.67826126,-88.19248834],[30.67826126,-88.19248834]],"friends":[1,2,3,4]}