{"messages":["Tired of the bs","Tired of the bs","Tired of the bs"],"messages_no":3,"bad_words":[],"bad_words_no":0,"weight":0,"location":[[41.9949138,-88.06296307],[41.9949138,-88.06296307],[41.9949138,-88.06296307]],"friends":[1,2,3,4]}