{"messages":["@_PrincessKels thanks kels","@_PrincessKels thanks kels","@_PrincessKels thanks kels"],"messages_no":3,"bad_words":[],"bad_words_no":0,"weight":0,"location":[28.52212053,-81.32137695,28.52212053,-81.32137695,28.52212053,-81.32137695]}