{"messages":["\u201c@CommonWhiteGirI: im such a sarcastic bitch it\u2019s beautiful\u201d\ud83d\ude08","\u201c@CommonWhiteGirI: im such a sarcastic bitch it\u2019s beautiful\u201d\ud83d\ude08","\u201c@CommonWhiteGirI: im such a sarcastic bitch it\u2019s beautiful\u201d\ud83d\ude08"],"messages_no":3,"bad_words":[],"bad_words_no":3,"weight":0,"location":[[42.63974047,-83.14828693],[42.63974047,-83.14828693],[42.63974047,-83.14828693]],"friends":[1,2,3,4]}