{"messages":["This summer won't be the same","@Dchuc93 @ZavSwimmer5 I'll be there what time should I slide on over?","This summer won't be the same","@Dchuc93 @ZavSwimmer5 I'll be there what time should I slide on over?","\u201c@JordieS12: I just want to 2 step, I don't want to go to sleep\u201d I've been practicing \ud83d\ude0f","@b_maxwell12 oh we got class","Just cause you said that @emmaaaperson_ I'm gonna dedicate my next Instagram video to you \ud83d\ude0a\u2764\ufe0f","This summer won't be the same","@Dchuc93 @ZavSwimmer5 I'll be there what time should I slide on over?","\u201c@JordieS12: I just want to 2 step, I don't want to go to sleep\u201d I've been practicing \ud83d\ude0f"],"messages_no":10,"bad_words":[],"bad_words_no":0,"weight":0,"location":[[35.45471529,-94.78525358],[35.45457979,-94.78525953],[35.45471529,-94.78525358],[35.45457979,-94.78525953],[35.45459752,-94.78526247],[35.44102859,-94.78929547],[35.45476372,-94.7856365],[35.45471529,-94.78525358],[35.45457979,-94.78525953],[35.45459752,-94.78526247]],"friends":[1,2,3,4]}