{"messages":["Ugh man","Ugh man","Ugh man"],"messages_no":3,"bad_words":[],"bad_words_no":0,"weight":0,"location":[[32.20798625,-110.97681486],[32.20798625,-110.97681486],[32.20798625,-110.97681486]],"friends":[1,2,3,4]}