{"messages":["@P4Life06 you moved?","Trying to take Sherman out","@P4Life06 you moved?","Trying to take Sherman out","Follow and retweet me for a chance to get your hands on $5! Lol","@P4Life06 you moved?","Trying to take Sherman out","Follow and retweet me for a chance to get your hands on $5! Lol"],"messages_no":8,"bad_words":[],"bad_words_no":0,"weight":0,"location":[[32.5777811,-96.8424626],[32.5777683,-96.8425175],[32.5777811,-96.8424626],[32.5777683,-96.8425175],[32.6689752,-96.7043719],[32.5777811,-96.8424626],[32.5777683,-96.8425175],[32.6689752,-96.7043719]],"friends":[1,2,3,4]}