{"messages":["Finally on break","Finally on break"],"messages_no":2,"bad_words":[],"bad_words_no":0,"weight":0,"location":[34.93668932,-78.92113147,34.93668932,-78.92113147]}