{"messages":["Shut up Aidan","I got pulled over for an improper turn like wtf is that","Shut up Aidan","I got pulled over for an improper turn like wtf is that","Shut up Aidan","I got pulled over for an improper turn like wtf is that"],"messages_no":6,"bad_words":[],"bad_words_no":0,"weight":0,"location":[[34.00767835,-96.37668505],[34.03283774,-96.39536291],[34.00767835,-96.37668505],[34.03283774,-96.39536291],[34.00767835,-96.37668505],[34.03283774,-96.39536291]],"friends":[1,2,3,4]}