{"messages":["#comeback \ud83d\ude02\ud83d\ude02","#comeback \ud83d\ude02\ud83d\ude02","#comeback \ud83d\ude02\ud83d\ude02"],"messages_no":3,"bad_words":[],"bad_words_no":0,"weight":0,"location":[[41.32168533,-80.25897778],[41.32168533,-80.25897778],[41.32168533,-80.25897778]],"friends":[1,2,3,4]}