{"messages":["Deadstock bred 11s, sz 10 and two sz 12's $240 a piece","Yeah you know I want a supa freak!","I want a fckn puppy","Deadstock bred 11s, sz 10 and two sz 12's $240 a piece","Yeah you know I want a supa freak!","I want a fckn puppy","Deadstock bred 11s, sz 10 and two sz 12's $240 a piece","Yeah you know I want a supa freak!","I want a fckn puppy"],"messages_no":9,"bad_words":[],"bad_words_no":0,"weight":0,"location":[[42.67745363,-82.9320801],[42.6016122,-83.03213999],[42.5909912,-83.07415042],[42.67745363,-82.9320801],[42.6016122,-83.03213999],[42.5909912,-83.07415042],[42.67745363,-82.9320801],[42.6016122,-83.03213999],[42.5909912,-83.07415042]],"friends":[1,2,3,4]}