{"messages":["Can they at least get a field goal. NAH","Injuring their own players \ud83d\ude11\ud83d\ude11","Can they at least get a field goal. NAH","Injuring their own players \ud83d\ude11\ud83d\ude11","Can they at least get a field goal. NAH","Injuring their own players \ud83d\ude11\ud83d\ude11"],"messages_no":6,"bad_words":[],"bad_words_no":0,"weight":0,"location":[[35.2293819,-80.68236681],[35.22937368,-80.68236555],[35.2293819,-80.68236681],[35.22937368,-80.68236555],[35.2293819,-80.68236681],[35.22937368,-80.68236555]],"friends":[1,2,3,4]}