{"messages":["@kylie_gk12 love you too \ud83d\ude0b","@hae_bae22 praisin u rn","@kylie_gk12 love you too \ud83d\ude0b","@hae_bae22 praisin u rn","@kylie_gk12 love you too \ud83d\ude0b","@hae_bae22 praisin u rn"],"messages_no":6,"bad_words":[],"bad_words_no":0,"weight":0,"location":[[33.63020159,-84.02526443],[33.63019717,-84.02518568],[33.63020159,-84.02526443],[33.63019717,-84.02518568],[33.63020159,-84.02526443],[33.63019717,-84.02518568]],"friends":[1,2,3,4]}