{"messages":["My eyeballs are hurting me so much \ud83d\udc40\ud83d\udc40\ud83d\udc40\ud83d\udc40\ud83d\udc40\ud83d\udc40\ud83d\udc40\ud83d\udc40","I absolutely cannot deal with this bitch fucking stoppppp","I guess I spoke too soon","My eyeballs are hurting me so much \ud83d\udc40\ud83d\udc40\ud83d\udc40\ud83d\udc40\ud83d\udc40\ud83d\udc40\ud83d\udc40\ud83d\udc40","I absolutely cannot deal with this bitch fucking stoppppp","I guess I spoke too soon","My eyeballs are hurting me so much \ud83d\udc40\ud83d\udc40\ud83d\udc40\ud83d\udc40\ud83d\udc40\ud83d\udc40\ud83d\udc40\ud83d\udc40","I absolutely cannot deal with this bitch fucking stoppppp","I guess I spoke too soon"],"messages_no":9,"bad_words":[],"bad_words_no":6,"weight":0,"location":[[41.48204387,-71.52569182],[41.96417907,-71.64912815],[41.48480066,-71.52388614],[41.48204387,-71.52569182],[41.96417907,-71.64912815],[41.48480066,-71.52388614],[41.48204387,-71.52569182],[41.96417907,-71.64912815],[41.48480066,-71.52388614]],"friends":[1,2,3,4]}