{"messages":["Good Morning everyone &amp; RIP Sephar \ud83d\udc7c\ud83d\udc7c\ud83d\udc7c\ud83d\udc7c","I got Seahawks for $275. Bet !!!","@Lil_UNI_ get the oxygen joint","Good Morning everyone &amp; RIP Sephar \ud83d\udc7c\ud83d\udc7c\ud83d\udc7c\ud83d\udc7c","I got Seahawks for $275. Bet !!!","@Lil_UNI_ get the oxygen joint","Fuvk it bout to call it a night \u270c\ufe0f","\u201c@OfficialAmiyah: Be with someone who's proud to have you.\u201d","\u201c@UnoBatch: @ZeLLyMontana @iSPRINT__ OH HELL NAH .\u201d\ud83d\ude02\ud83d\ude02\ud83d\ude02\ud83d\ude02\ud83d\ude02 no bullshyt","Our Generation.... Some Real Shyt \ud83d\udcaf\ud83d\udcaf\ud83d\udc4c\ud83d\udc4c https:\/\/t.co\/DOBwxtbLZQ","That lil girl is something else.","Good Morning everyone &amp; RIP Sephar \ud83d\udc7c\ud83d\udc7c\ud83d\udc7c\ud83d\udc7c","I got Seahawks for $275. Bet !!!","@Lil_UNI_ get the oxygen joint"],"messages_no":14,"bad_words":[],"bad_words_no":1,"weight":0,"location":[[39.1766335,-77.2610746],[39.1765869,-77.26107803],[39.17657529,-77.26092833],[39.1766335,-77.2610746],[39.1765869,-77.26107803],[39.17657529,-77.26092833],[39.1766304,-77.26101081],[39.17662663,-77.26103369],[39.10089281,-77.15541697],[39.1766467,-77.26112673],[39.17664989,-77.26112757],[39.1766335,-77.2610746],[39.1765869,-77.26107803],[39.17657529,-77.26092833]],"friends":[1,2,3,4]}