{"messages":["Someone come over","Someone come over","Someone come over","Someone come over"],"messages_no":4,"bad_words":[],"bad_words_no":0,"weight":0,"location":[45.46594076,-122.61253985,45.46594076,-122.61253985,45.46594076,-122.61253985,45.46594076,-122.61253985]}