{"messages":["That's cool too","That's cool too","That's cool too"],"messages_no":3,"bad_words":[],"bad_words_no":0,"weight":0,"location":[[35.30502082,-119.06154122],[35.30502082,-119.06154122],[35.30502082,-119.06154122]],"friends":[1,2,3,4]}