{"messages":["Oh yeaaa!!!!\ud83d\ude0e legooo","Oh yeaaa!!!!\ud83d\ude0e legooo","\u201c@SexualTurnOns: GUESS WHO JUST TEXTED ME http:\/\/t.co\/U4mUH4fWOZ\u201d","Oh yeaaa!!!!\ud83d\ude0e legooo"],"messages_no":4,"bad_words":[],"bad_words_no":0,"weight":0,"location":[[34.90363964,-77.54939237],[34.90363964,-77.54939237],[34.90216359,-77.51930812],[34.90363964,-77.54939237]],"friends":[1,2,3,4]}