{"messages":["Good morning @Devo_Swevo \ud83d\ude1a\ud83d\udc9c","Good morning @Devo_Swevo \ud83d\ude1a\ud83d\udc9c","Good morning @Devo_Swevo \ud83d\ude1a\ud83d\udc9c","Good morning @Devo_Swevo \ud83d\ude1a\ud83d\udc9c"],"messages_no":4,"bad_words":[],"bad_words_no":0,"weight":0,"location":[44.98771195,-93.30663209,44.98771195,-93.30663209,44.98771195,-93.30663209,44.98771195,-93.30663209]}