{"messages":["@__LondonnTheG lmao who is squad?","@x__Destoooo lmao gtfo lame","@__LondonnTheG lmao who is squad?","@x__Destoooo lmao gtfo lame","@__LondonnTheG lmao who is squad?","@x__Destoooo lmao gtfo lame"],"messages_no":6,"bad_words":[],"bad_words_no":0,"weight":0,"location":[[41.7673035,-87.6604144],[41.767323,-87.6604063],[41.7673035,-87.6604144],[41.767323,-87.6604063],[41.7673035,-87.6604144],[41.767323,-87.6604063]],"friends":[1,2,3,4]}