{"messages":["I listen to the coolest music","I listen to the coolest music","I listen to the coolest music"],"messages_no":3,"bad_words":[],"bad_words_no":0,"weight":0,"location":[[41.78883265,-73.87427005],[41.78883265,-73.87427005],[41.78883265,-73.87427005]],"friends":[1,2,3,4]}