{"messages":["I'm bout to be on E","I'm bout to be on E","I'm bout to be on E"],"messages_no":3,"bad_words":[],"bad_words_no":0,"weight":0,"location":[[34.79513605,-77.38731277],[34.79513605,-77.38731277],[34.79513605,-77.38731277]],"friends":[1,2,3,4]}