{"messages":["you got it bad \ud83d\udc8b","I WANT MY WINGS NOWWWWWWWW","you got it bad \ud83d\udc8b"],"messages_no":3,"bad_words":[],"bad_words_no":0,"weight":0,"location":[39.38655877,-76.45180704,39.38673534,-76.45182336,39.38655877,-76.45180704]}