{"messages":["Andrea sleeps like an angel.","Andrea sleeps like an angel.","Andrea sleeps like an angel."],"messages_no":3,"bad_words":[],"bad_words_no":0,"weight":0,"location":[[29.00044114,-97.16469861],[29.00044114,-97.16469861],[29.00044114,-97.16469861]],"friends":[1,2,3,4]}