{"messages":["@TheAmanndaShow come visit me today! \u263a\ufe0f\ud83d\udc95","@TheAmanndaShow come visit me today! \u263a\ufe0f\ud83d\udc95","@TheAmanndaShow come visit me today! \u263a\ufe0f\ud83d\udc95"],"messages_no":3,"bad_words":[],"bad_words_no":0,"weight":0,"location":[[33.89201111,-117.87756309],[33.89201111,-117.87756309],[33.89201111,-117.87756309]],"friends":[1,2,3,4]}