{"messages":["@TheTrillGod that's not even taper smh","@TheTrillGod that's not even taper smh","I'm not really worried about it \ud83d\ude15 I guess...","@TheTrillGod that's not even taper smh","I'm not really worried about it \ud83d\ude15 I guess..."],"messages_no":5,"bad_words":[],"bad_words_no":0,"weight":0,"location":[[35.62978486,-80.45793343],[35.62978486,-80.45793343],[35.62988112,-80.45801913],[35.62978486,-80.45793343],[35.62988112,-80.45801913]],"friends":[1,2,3,4]}