{"messages":["@Melisa22vb you're good.","@Melisa22vb you're good.","@Haasmeen_ and squat.","@Melisa22vb you're good."],"messages_no":4,"bad_words":[],"bad_words_no":0,"weight":0,"location":[[41.89679175,-87.84234113],[41.89679175,-87.84234113],[41.89673438,-87.84216318],[41.89679175,-87.84234113]],"friends":[1,2,3,4]}