{"messages":["@rihac812 this is a sentence fragment.","@rihac812 this is a sentence fragment.","@rihac812 this is a sentence fragment."],"messages_no":3,"bad_words":[],"bad_words_no":0,"weight":0,"location":[[40.74785038,-73.97820853],[40.74785038,-73.97820853],[40.74785038,-73.97820853]],"friends":[1,2,3,4]}