{"messages":["@hr1697 thanks bro","@hr1697 thanks bro","@hr1697 thanks bro"],"messages_no":3,"bad_words":[],"bad_words_no":0,"weight":0,"location":[29.70421648,-95.18311378,29.70421648,-95.18311378,29.70421648,-95.18311378]}