{"messages":["All I see is \ud83d\udc9a &amp; \ud83d\udc99 !!","All I see is \ud83d\udc9a &amp; \ud83d\udc99 !!","214 @Kelemete64 Let's Go!! #Dominate \n\n#2014isYOURS #SouldOut","All I see is \ud83d\udc9a &amp; \ud83d\udc99 !!","214 @Kelemete64 Let's Go!! #Dominate \n\n#2014isYOURS #SouldOut"],"messages_no":5,"bad_words":[],"bad_words_no":0,"weight":0,"location":[[47.2406377,-122.24212655],[47.2406377,-122.24212655],[47.36183818,-122.17193917],[47.2406377,-122.24212655],[47.36183818,-122.17193917]],"friends":[1,2,3,4]}