{"messages":["Feeling Sick af","My nose burning","When he left i took DK badd Ass in the livingroom","Feeling Sick af","My nose burning","When he left i took DK badd Ass in the livingroom","Oh Well","These hoesxwill get mustard messy about a Niqqa","Feeling Sick af","My nose burning","When he left i took DK badd Ass in the livingroom","Oh Well"],"messages_no":12,"bad_words":[],"bad_words_no":0,"weight":0,"location":[[30.613405,-83.1504796],[30.613405,-83.1504796],[30.613405,-83.1504796],[30.613405,-83.1504796],[30.613405,-83.1504796],[30.613405,-83.1504796],[30.613405,-83.1504796],[31.1310528,-84.1635457],[30.613405,-83.1504796],[30.613405,-83.1504796],[30.613405,-83.1504796],[30.613405,-83.1504796]],"friends":[1,2,3,4]}