{"messages":["Turning the fuck up in oakwood","I'm so confused http:\/\/t.co\/EWpQu28nMv","Turning the fuck up in oakwood","I'm so confused http:\/\/t.co\/EWpQu28nMv","Turning the fuck up in oakwood","I'm so confused http:\/\/t.co\/EWpQu28nMv"],"messages_no":6,"bad_words":[],"bad_words_no":3,"weight":0,"location":[[39.71509027,-84.16869152],[39.62945213,-84.15365893],[39.71509027,-84.16869152],[39.62945213,-84.15365893],[39.71509027,-84.16869152],[39.62945213,-84.15365893]],"friends":[1,2,3,4]}