{"messages":["Pissed off.","Pissed off.","Pissed off."],"messages_no":3,"bad_words":[],"bad_words_no":0,"weight":0,"location":[[36.44897894,-86.25043633],[36.44897894,-86.25043633],[36.44897894,-86.25043633]],"friends":[1,2,3,4]}