{"messages":["I need a red bull","I need a red bull","I need a red bull"],"messages_no":3,"bad_words":[],"bad_words_no":0,"weight":0,"location":[[33.91388264,-118.35705408],[33.91388264,-118.35705408],[33.91388264,-118.35705408]],"friends":[1,2,3,4]}