{"messages":["Or don't respond\ud83d\ude04","Or don't respond\ud83d\ude04","Or don't respond\ud83d\ude04"],"messages_no":3,"bad_words":[],"bad_words_no":0,"weight":0,"location":[[32.36109043,-111.11243321],[32.36109043,-111.11243321],[32.36109043,-111.11243321]],"friends":[1,2,3,4]}