{"messages":["ii want an ice cold sprite !","ii want an ice cold sprite !","ii want an ice cold sprite !"],"messages_no":3,"bad_words":[],"bad_words_no":0,"weight":0,"location":[[41.65887063,-83.42522023],[41.65887063,-83.42522023],[41.65887063,-83.42522023]],"friends":[1,2,3,4]}