{"messages":["Do what YOU want in life.","Do what YOU want in life.","Do what YOU want in life."],"messages_no":3,"bad_words":[],"bad_words_no":0,"weight":0,"location":[[30.28278707,-87.56797512],[30.28278707,-87.56797512],[30.28278707,-87.56797512]],"friends":[1,2,3,4]}