{"messages":["Now let me smack it","Now let me smack it","Now let me smack it"],"messages_no":3,"bad_words":[],"bad_words_no":0,"weight":0,"location":[[37.06234625,-79.24073839],[37.06234625,-79.24073839],[37.06234625,-79.24073839]],"friends":[1,2,3,4]}