{"messages":["Wtf is going on!!!","Wtf is going on!!!","Wtf is going on!!!"],"messages_no":3,"bad_words":[],"bad_words_no":0,"weight":0,"location":[[27.71040018,-97.35785178],[27.71040018,-97.35785178],[27.71040018,-97.35785178]],"friends":[1,2,3,4]}