{"messages":["Russel Wilson is \ue106\ue106\ue106 lol","Russel Wilson is \ue106\ue106\ue106 lol","Russel Wilson is \ue106\ue106\ue106 lol"],"messages_no":3,"bad_words":[],"bad_words_no":0,"weight":0,"location":[[35.2382901,-77.2355168],[35.2382901,-77.2355168],[35.2382901,-77.2355168]],"friends":[1,2,3,4]}