{"messages":["Them Pain Pills Ain't Doing Nothingggg But Making Me Sick !","Pain Meds Ain't Working \ud83d\udc8a","It's Whatever Thoooo !","Side Hurting &lt;","\"@iTweetFeelingz: No female will take you seriously if you flirt with every girl. \ud83d\ude45\ud83d\ude12\"","Them Pain Pills Ain't Doing Nothingggg But Making Me Sick !","Pain Meds Ain't Working \ud83d\udc8a"],"messages_no":7,"bad_words":[],"bad_words_no":0,"weight":0,"location":[34.1717447,-82.3913421,34.1847984,-82.3274706,34.1847984,-82.3274706,34.1717456,-82.3913412,34.1717456,-82.3913412,34.1717447,-82.3913421,34.1847984,-82.3274706]}