{"messages":["@ExplorerDal I'm done lol","@ExplorerDal I'm done lol","@ExplorerDal I'm done lol"],"messages_no":3,"bad_words":[],"bad_words_no":0,"weight":0,"location":[34.49677971,-84.91332798,34.49677971,-84.91332798,34.49677971,-84.91332798]}