{"messages":["\u201c@hayyynahhh: \u201c@MrPoncheezy: Sweetie\u201d soml\u201d SOML fr","\u201c@hayyynahhh: \u201c@MrPoncheezy: Sweetie\u201d soml\u201d SOML fr","\u201c@hayyynahhh: \u201c@MrPoncheezy: Sweetie\u201d soml\u201d SOML fr","\u201c@hayyynahhh: \u201c@MrPoncheezy: Sweetie\u201d soml\u201d SOML fr"],"messages_no":4,"bad_words":[],"bad_words_no":0,"weight":0,"location":[32.853872,-86.63303417,32.853872,-86.63303417,32.853872,-86.63303417,32.853872,-86.63303417]}