{"messages":["Wea my baby at?","Wea my baby at?","Wea my baby at?"],"messages_no":3,"bad_words":[],"bad_words_no":0,"weight":0,"location":[[27.7094974,-82.658782],[27.7094974,-82.658782],[27.7094974,-82.658782]],"friends":[1,2,3,4]}