{"messages":["@piensolibertad miss u \ud83d\ude1e","@piensolibertad miss u \ud83d\ude1e","@piensolibertad miss u \ud83d\ude1e"],"messages_no":3,"bad_words":[],"bad_words_no":0,"weight":0,"location":[[18.21038231,-67.13949579],[18.21038231,-67.13949579],[18.21038231,-67.13949579]],"friends":[1,2,3,4]}