{"messages":["There is only about 5 really cute girls in my school","You suck","There is only about 5 really cute girls in my school","You suck","There is only about 5 really cute girls in my school","You suck"],"messages_no":6,"bad_words":[],"bad_words_no":0,"weight":0,"location":[[25.87903552,-80.33789339],[25.87885179,-80.33788039],[25.87903552,-80.33789339],[25.87885179,-80.33788039],[25.87903552,-80.33789339],[25.87885179,-80.33788039]],"friends":[1,2,3,4]}