{"messages":["29-0. Is this the Super Bowl orrrrrr ?","29-0. Is this the Super Bowl orrrrrr ?","29-0. Is this the Super Bowl orrrrrr ?"],"messages_no":3,"bad_words":[],"bad_words_no":0,"weight":0,"location":[[43.59495054,-84.77671646],[43.59495054,-84.77671646],[43.59495054,-84.77671646]],"friends":[1,2,3,4]}