{"messages":["\u201c@CapoAllen: So My Mama Said She Ain't Getting Me A New Phone\ue058\ue40e\ue416\u201d Dannggg nomore LJ then \ud83d\ude12","\u201c@CapoAllen: So My Mama Said She Ain't Getting Me A New Phone\ue058\ue40e\ue416\u201d Dannggg nomore LJ then \ud83d\ude12","Be there when I need ya","@_babyRIHANNA just floor !","\u201c@Cedesss_: I Want Me A Pair Of Foams &amp; Roshe Runs \ud83d\ude0d\ud83d\ude2d\ud83d\udc4c ..\u201d Meeee toooooo","\u201c@CapoAllen: So My Mama Said She Ain't Getting Me A New Phone\ue058\ue40e\ue416\u201d Dannggg nomore LJ then \ud83d\ude12"],"messages_no":6,"bad_words":[],"bad_words_no":0,"weight":0,"location":[[32.51696089,-93.75110028],[32.51696089,-93.75110028],[34.61154041,-92.27651669],[34.66741087,-92.30600405],[34.66716555,-92.30587068],[32.51696089,-93.75110028]],"friends":[1,2,3,4]}