{"messages":["Pissed about school","Pissed about school","I hate the 'get to know you' activity","Pissed about school"],"messages_no":4,"bad_words":[],"bad_words_no":0,"weight":0,"location":[[45.52460755,-123.11904471],[45.52460755,-123.11904471],[45.5359416,-123.11928152],[45.52460755,-123.11904471]],"friends":[1,2,3,4]}