{"messages":["Pissed about school","Pissed about school"],"messages_no":2,"bad_words":[],"bad_words_no":0,"weight":0,"location":[45.52460755,-123.11904471,45.52460755,-123.11904471]}