{"messages":["@Kaytonnastorm21 really looks like his brother w\/ his hat on \ud83d\ude02","@Kaytonnastorm21 really looks like his brother w\/ his hat on \ud83d\ude02","Brownies and milk \ud83d\ude0d\ud83d\ude0d","Another night of being up past 11 \ud83d\ude2d","@Kaytonnastorm21 really looks like his brother w\/ his hat on \ud83d\ude02"],"messages_no":5,"bad_words":[],"bad_words_no":0,"weight":0,"location":[[45.00072502,-101.23704458],[45.00072502,-101.23704458],[45.0153914,-101.43890865],[45.01542191,-101.43894176],[45.00072502,-101.23704458]],"friends":[1,2,3,4]}