{"messages":["Nigga we livin","Headed home","Nigga we livin","Headed home","Nigga we livin","Headed home"],"messages_no":6,"bad_words":[],"bad_words_no":0,"weight":0,"location":[[31.780462,-106.4089524],[31.7810132,-106.4076797],[31.780462,-106.4089524],[31.7810132,-106.4076797],[31.780462,-106.4089524],[31.7810132,-106.4076797]],"friends":[1,2,3,4]}