{"messages":["I hope my stomach can handle it. \ud83d\ude02","I miss my mommy! \ud83d\ude14","I hope my stomach can handle it. \ud83d\ude02","I miss my mommy! \ud83d\ude14","I hope my stomach can handle it. \ud83d\ude02","I miss my mommy! \ud83d\ude14"],"messages_no":6,"bad_words":[],"bad_words_no":0,"weight":0,"location":[[43.08661935,-87.89287759],[43.07991596,-87.87825196],[43.08661935,-87.89287759],[43.07991596,-87.87825196],[43.08661935,-87.89287759],[43.07991596,-87.87825196]],"friends":[1,2,3,4]}