{"messages":["Still shaking..","Still shaking..","Still shaking.."],"messages_no":3,"bad_words":[],"bad_words_no":0,"weight":0,"location":[[38.85593195,-94.75788658],[38.85593195,-94.75788658],[38.85593195,-94.75788658]],"friends":[1,2,3,4]}