{"messages":["@Bee_Gorgeous me tooo \ud83d\ude29\ud83d\ude29","@Bee_Gorgeous me tooo \ud83d\ude29\ud83d\ude29","@Bee_Gorgeous me tooo \ud83d\ude29\ud83d\ude29"],"messages_no":3,"bad_words":[],"bad_words_no":0,"weight":0,"location":[35.78984242,-78.61718472,35.78984242,-78.61718472,35.78984242,-78.61718472]}