{"messages":["@taylorpook1 come!!","@taylorpook1 come!!","@taylorpook1 come!!"],"messages_no":3,"bad_words":[],"bad_words_no":0,"weight":0,"location":[[40.28268799,-74.00494971],[40.28268799,-74.00494971],[40.28268799,-74.00494971]],"friends":[1,2,3,4]}