{"messages":["Livid' the life \u263a\ufe0f\u263a\ufe0f\u263a\ufe0f","Livid' the life \u263a\ufe0f\u263a\ufe0f\u263a\ufe0f","Livid' the life \u263a\ufe0f\u263a\ufe0f\u263a\ufe0f"],"messages_no":3,"bad_words":[],"bad_words_no":0,"weight":0,"location":[[38.94225838,-92.33559015],[38.94225838,-92.33559015],[38.94225838,-92.33559015]],"friends":[1,2,3,4]}