{"messages":["Peer pressure is a bitch","Peer pressure is a bitch","Peer pressure is a bitch"],"messages_no":3,"bad_words":[],"bad_words_no":3,"weight":0,"location":[[29.72903203,-94.94142143],[29.72903203,-94.94142143],[29.72903203,-94.94142143]],"friends":[1,2,3,4]}