{"messages":["Longest week for a while","Longest week for a while","Longest week for a while","Longest week for a while"],"messages_no":4,"bad_words":[],"bad_words_no":0,"weight":0,"location":[41.22437761,-73.13861536,41.22437761,-73.13861536,41.22437761,-73.13861536,41.22437761,-73.13861536]}