{"messages":["Who wanna put money on the game today?","Who wanna put money on the game today?","Who wanna put money on the game today?","Who wanna put money on the game today?"],"messages_no":4,"bad_words":[],"bad_words_no":0,"weight":0,"location":[41.17110024,-81.41238104,41.17110024,-81.41238104,41.17110024,-81.41238104,41.17110024,-81.41238104]}