{"messages":["Turn up \ud83d\udc4d","Turn up \ud83d\udc4d","Turn up \ud83d\udc4d"],"messages_no":3,"bad_words":[],"bad_words_no":0,"weight":0,"location":[[33.58652887,-101.88242046],[33.58652887,-101.88242046],[33.58652887,-101.88242046]],"friends":[1,2,3,4]}