{"messages":["@tlaak_18 it hurts!!!","Anyone who has picture of me crowd surfing please send them to me","@tlaak_18 it hurts!!!","@tlaak_18 it hurts!!!","Anyone who has picture of me crowd surfing please send them to me","Anyone who has picture of me crowd surfing please send them to me"],"messages_no":6,"bad_words":[],"bad_words_no":0,"weight":0,"location":[45.52786712,-122.7921125,45.5470052,-122.86312843,45.52786712,-122.7921125,45.52786712,-122.7921125,45.5470052,-122.86312843,45.5470052,-122.86312843]}