{"messages":["Winter ball 2014\ud83d\udc83\ud83d\udc83 http:\/\/t.co\/vvFxzsgIcD","Winter ball 2014\ud83d\udc83\ud83d\udc83 http:\/\/t.co\/vvFxzsgIcD","Winter ball 2014\ud83d\udc83\ud83d\udc83 http:\/\/t.co\/vvFxzsgIcD"],"messages_no":3,"bad_words":[],"bad_words_no":0,"weight":0,"location":[[41.83831684,-71.42980238],[41.83831684,-71.42980238],[41.83831684,-71.42980238]],"friends":[1,2,3,4]}