{"messages":["dude bananas are fucking delicious.","dude bananas are fucking delicious.","dude bananas are fucking delicious.","dude bananas are fucking delicious."],"messages_no":4,"bad_words":[],"bad_words_no":3,"weight":0,"location":[42.16925379,-83.32290897,42.16925379,-83.32290897,42.16925379,-83.32290897,42.16925379,-83.32290897]}