{"messages":["@lyss_marieee thank you thank you haha","@lyss_marieee thank you thank you haha","@lyss_marieee thank you thank you haha","@lyss_marieee thank you thank you haha"],"messages_no":4,"bad_words":[],"bad_words_no":0,"weight":0,"location":[26.20718504,-97.68327507,26.20718504,-97.68327507,26.20718504,-97.68327507,26.20718504,-97.68327507]}