{"messages":["Good night with the papas crew.","Super Bowl Sunday is my favorite shit I swear","Good night with the papas crew.","Good night with the papas crew."],"messages_no":4,"bad_words":[],"bad_words_no":1,"weight":0,"location":[42.25364621,-83.22569716,42.25372329,-83.22579381,42.25364621,-83.22569716,42.25364621,-83.22569716]}