{"messages":["Good night with the papas crew.","Super Bowl Sunday is my favorite shit I swear","Good night with the papas crew.","Super Bowl Sunday is my favorite shit I swear","@Esuarance #EsuranceSave30","Good night with the papas crew.","Super Bowl Sunday is my favorite shit I swear"],"messages_no":7,"bad_words":[],"bad_words_no":3,"weight":0,"location":[[42.25364621,-83.22569716],[42.25372329,-83.22579381],[42.25364621,-83.22569716],[42.25372329,-83.22579381],[42.25060312,-83.17901859],[42.25364621,-83.22569716],[42.25372329,-83.22579381]],"friends":[1,2,3,4]}