{"messages":["This place is hell.","This place is hell.","This place is hell.","This place is hell."],"messages_no":4,"bad_words":[],"bad_words_no":3,"weight":0,"location":[29.6293067,-95.4358972,29.6293067,-95.4358972,29.6293067,-95.4358972,29.6293067,-95.4358972]}