{"messages":["I knew it was groundhogs day!","I knew it was groundhogs day!","I knew it was groundhogs day!"],"messages_no":3,"bad_words":[],"bad_words_no":0,"weight":0,"location":[[43.61058247,-116.18031815],[43.61058247,-116.18031815],[43.61058247,-116.18031815]],"friends":[1,2,3,4]}