{"messages":["Happy Folk Friday, everyone!","Happy Folk Friday, everyone!","@KaseyOB I'm on a bus to a field trip right now otherwise I would.","Happy Folk Friday, everyone!","Happy Folk Friday, everyone!"],"messages_no":5,"bad_words":[],"bad_words_no":0,"weight":0,"location":[44.87227402,-91.92934677,44.87227402,-91.92934677,44.87541013,-91.92902142,44.87227402,-91.92934677,44.87227402,-91.92934677]}