{"messages":["Sittin here in wightman for a half hour until this next class .. Wish the gym was opened.","@markcos69 hunnit","This Bruno character gonna sing treasure or what","@germx41 absolutely not","Man I love football but this is no fun.","Sittin here in wightman for a half hour until this next class .. Wish the gym was opened.","Sittin here in wightman for a half hour until this next class .. Wish the gym was opened.","@markcos69 hunnit"],"messages_no":8,"bad_words":[],"bad_words_no":0,"weight":0,"location":[40.94571227,-74.19875003,40.95056127,-74.1971807,40.95059005,-74.19715747,40.95059394,-74.19714582,40.9506298,-74.19710451,40.94571227,-74.19875003,40.94571227,-74.19875003,40.95056127,-74.1971807]}