{"messages":["So tired","So tired","So tired"],"messages_no":3,"bad_words":[],"bad_words_no":0,"weight":0,"location":[[40.11716685,-75.18287779],[40.11716685,-75.18287779],[40.11716685,-75.18287779]],"friends":[1,2,3,4]}