{"messages":["Bout fucking time!!!","Bout fucking time!!!","Bout fucking time!!!"],"messages_no":3,"bad_words":[],"bad_words_no":3,"weight":0,"location":[[31.97261156,-81.16730376],[31.97261156,-81.16730376],[31.97261156,-81.16730376]],"friends":[1,2,3,4]}