{"messages":["@JackyLegs_ but dude","@JackyLegs_ but dude","@KylorWeisse where are you?","@JackyLegs_ but dude","@KylorWeisse where are you?"],"messages_no":5,"bad_words":[],"bad_words_no":0,"weight":0,"location":[[30.12089945,-94.19447224],[30.12089945,-94.19447224],[29.8163078,-94.38379154],[30.12089945,-94.19447224],[29.8163078,-94.38379154]],"friends":[1,2,3,4]}