{"messages":["It's February..\ud83d\ude33","@BreannHummel make me pancakes.","It's February..\ud83d\ude33","@BreannHummel make me pancakes.","@njmeyer94 prolly during physics.","It's February..\ud83d\ude33","@BreannHummel make me pancakes.","@njmeyer94 prolly during physics."],"messages_no":8,"bad_words":[],"bad_words_no":0,"weight":0,"location":[[40.02702063,-88.58269777],[40.05156304,-88.25080267],[40.02702063,-88.58269777],[40.05156304,-88.25080267],[40.0517015,-88.25080141],[40.02702063,-88.58269777],[40.05156304,-88.25080267],[40.0517015,-88.25080141]],"friends":[1,2,3,4]}