{"messages":["THE DANCERS WERE SO GOOD SHOUTOUT\ud83d\ude18","THE DANCERS WERE SO GOOD SHOUTOUT\ud83d\ude18","THE DANCERS WERE SO GOOD SHOUTOUT\ud83d\ude18"],"messages_no":3,"bad_words":[],"bad_words_no":0,"weight":0,"location":[40.86316844,-74.62046027,40.86316844,-74.62046027,40.86316844,-74.62046027]}