{"messages":["Game day!","Tom Brady will always be my idol","Game day!","Tom Brady will always be my idol","Game day!","Tom Brady will always be my idol"],"messages_no":6,"bad_words":[],"bad_words_no":0,"weight":0,"location":[[33.975418,-81.0753582],[33.8767622,-81.0834662],[33.975418,-81.0753582],[33.8767622,-81.0834662],[33.975418,-81.0753582],[33.8767622,-81.0834662]],"friends":[1,2,3,4]}