{"messages":["\u201c@J____SMOOVE: \"@TheRealEliz: I love Xbox.\ud83d\udc4c\" 360? Or One?\u201d 360.","\u201c@J____SMOOVE: \"@TheRealEliz: I love Xbox.\ud83d\udc4c\" 360? Or One?\u201d 360.","\u201c@J____SMOOVE: \"@TheRealEliz: I love Xbox.\ud83d\udc4c\" 360? Or One?\u201d 360.","\u201c@J____SMOOVE: \"@TheRealEliz: I love Xbox.\ud83d\udc4c\" 360? Or One?\u201d 360.","\u201c@HileyRarris: You're like the town bicycle, everyone gets a ride\u201d \ud83d\ude02\ud83d\udc4f","\u201c@J____SMOOVE: \"@TheRealEliz: I love Xbox.\ud83d\udc4c\" 360? Or One?\u201d 360.","\u201c@J____SMOOVE: \"@TheRealEliz: I love Xbox.\ud83d\udc4c\" 360? Or One?\u201d 360."],"messages_no":7,"bad_words":[],"bad_words_no":0,"weight":0,"location":[[38.00682089,-85.72477983],[38.00682089,-85.72477983],[38.00682089,-85.72477983],[38.00682089,-85.72477983],[38.00684596,-85.72488816],[38.00682089,-85.72477983],[38.00682089,-85.72477983]],"friends":[1,2,3,4]}