{"messages":["Yeah.... I'm not getting a bow tie. It looks too plain.","Yeah.... I'm not getting a bow tie. It looks too plain.","@alexis_gilbert5 Call me! 260-215-3014","@_sandycarrillo Love you too sweet thang! \ud83d\udc95\ud83d\udc4c","Yeah.... I'm not getting a bow tie. It looks too plain."],"messages_no":5,"bad_words":[],"bad_words_no":0,"weight":0,"location":[[41.64247565,-85.93375439],[41.64247565,-85.93375439],[41.46762766,-85.58133591],[41.46770616,-85.58135678],[41.64247565,-85.93375439]],"friends":[1,2,3,4]}