{"messages":["Happy birthday @pocahOtasss_ !  \ud83d\ude0d","@_LisforLeah I can do it .","I gotta headache man .","Happy birthday @pocahOtasss_ !  \ud83d\ude0d","@_LisforLeah I can do it .","I gotta headache man .","#TakeNoLs","Happy birthday @pocahOtasss_ !  \ud83d\ude0d","@_LisforLeah I can do it .","I gotta headache man ."],"messages_no":10,"bad_words":[],"bad_words_no":0,"weight":0,"location":[[33.57266416,-85.09453517],[33.57341099,-85.09529723],[33.57280652,-85.09441516],[33.57266416,-85.09453517],[33.57341099,-85.09529723],[33.57280652,-85.09441516],[33.57275376,-85.09438816],[33.57266416,-85.09453517],[33.57341099,-85.09529723],[33.57280652,-85.09441516]],"friends":[1,2,3,4]}