{"messages":["This guy kinda sounds cute.","This guy kinda sounds cute.","This guy kinda sounds cute.","This guy kinda sounds cute."],"messages_no":4,"bad_words":[],"bad_words_no":0,"weight":0,"location":[37.3784823,-76.5797022,37.3784823,-76.5797022,37.3784823,-76.5797022,37.3784823,-76.5797022]}