{"messages":["Halftime show \ud83d\ude34\ud83d\ude34","@Msanborn528 fuck track","Halftime show \ud83d\ude34\ud83d\ude34","@Msanborn528 fuck track","Halftime show \ud83d\ude34\ud83d\ude34","@Msanborn528 fuck track"],"messages_no":6,"bad_words":[],"bad_words_no":3,"weight":0,"location":[[39.66628057,-74.98037988],[39.66648781,-74.98003407],[39.66628057,-74.98037988],[39.66648781,-74.98003407],[39.66628057,-74.98037988],[39.66648781,-74.98003407]],"friends":[1,2,3,4]}