{"messages":["Officially BLOCKED","Officially BLOCKED","Officially BLOCKED"],"messages_no":3,"bad_words":[],"bad_words_no":0,"weight":0,"location":[[46.06395656,-118.32535971],[46.06395656,-118.32535971],[46.06395656,-118.32535971]],"friends":[1,2,3,4]}