{"messages":["\u201c@Austin_Catoe: \u201c@BaIIplayer: This will be my kid one day http:\/\/t.co\/l5w8Mx3Muc\u201d\u201d\ud83d\ude4c\u2764\ufe0f\u26be\ufe0f","\u201c@Austin_Catoe: \u201c@BaIIplayer: This will be my kid one day http:\/\/t.co\/l5w8Mx3Muc\u201d\u201d\ud83d\ude4c\u2764\ufe0f\u26be\ufe0f","I lost her half way through last season \ud83d\ude14","\u201c@Austin_Catoe: \u201c@BaIIplayer: This will be my kid one day http:\/\/t.co\/l5w8Mx3Muc\u201d\u201d\ud83d\ude4c\u2764\ufe0f\u26be\ufe0f","\u201c@Austin_Catoe: \u201c@BaIIplayer: This will be my kid one day http:\/\/t.co\/l5w8Mx3Muc\u201d\u201d\ud83d\ude4c\u2764\ufe0f\u26be\ufe0f","I lost her half way through last season \ud83d\ude14","I lost her half way through last season \ud83d\ude14"],"messages_no":7,"bad_words":[],"bad_words_no":0,"weight":0,"location":[30.95199796,-95.36794155,30.95199796,-95.36794155,30.7531897,-94.58327092,30.95199796,-95.36794155,30.95199796,-95.36794155,30.7531897,-94.58327092,30.7531897,-94.58327092]}