{"messages":["@d_gonz91 with @bwandon123 !!","@d_gonz91 with @bwandon123 !!","@d_gonz91 with @bwandon123 !!"],"messages_no":3,"bad_words":[],"bad_words_no":0,"weight":0,"location":[[38.8728782,-77.4535561],[38.8728782,-77.4535561],[38.8728782,-77.4535561]],"friends":[1,2,3,4]}