{"messages":["Please Duke!!!!!!!!! Don't fuck me now!! \ud83d\ude08\ud83d\ude08\ud83d\ude08\ud83d\ude08\ud83d\ude08\ud83d\ude08\ud83d\ude08\ud83d\ude08\ud83d\ude08\ud83d\ude08\ud83d\ude08\ud83d\ude08\ud83d\ude08\ud83d\ude08\ud83d\ude08\ud83d\ude08\ud83d\ude08\ud83d\ude08\ud83d\ude08\ud83d\ude08"],"messages_no":1,"bad_words":[],"bad_words_no":1,"weight":0,"location":[[38.90378088,-77.05408901]]}