{"messages":["Putt ON!!\ud83d\ude02\ud83d\udcaf","Got my money","Putt ON!!\ud83d\ude02\ud83d\udcaf"],"messages_no":3,"bad_words":[],"bad_words_no":0,"weight":0,"location":[40.75499817,-80.31717726,40.75493447,-80.3170521,40.75499817,-80.31717726]}