{"messages":["Putt ON!!\ud83d\ude02\ud83d\udcaf","Got my money","Putt ON!!\ud83d\ude02\ud83d\udcaf","Got my money","\u201c@SexReIationship: That relationship where you can argue \ud83d\ude12\ud83d\udc4a, then bounce right back\ud83d\udc8f\ud83d\udd10\u2764\ufe0f &gt;&gt;&gt;&gt;&gt;\u201d","Putt ON!!\ud83d\ude02\ud83d\udcaf","Got my money"],"messages_no":7,"bad_words":[],"bad_words_no":0,"weight":0,"location":[[40.75499817,-80.31717726],[40.75493447,-80.3170521],[40.75499817,-80.31717726],[40.75493447,-80.3170521],[40.75511979,-80.31716125],[40.75499817,-80.31717726],[40.75493447,-80.3170521]],"friends":[1,2,3,4]}