{"messages":["\u201c@titlefli_ght: @yyobreanna it's true\u201d \ud83d\ude2d\ud83d\ude2d\ud83d\ude2d\ud83d\ude2d\ud83d\ude2d stop omg no ilysm \ud83d\ude48","\u201c@titlefli_ght: @yyobreanna it's true\u201d \ud83d\ude2d\ud83d\ude2d\ud83d\ude2d\ud83d\ude2d\ud83d\ude2d stop omg no ilysm \ud83d\ude48","MY NANA JUST ASKED ME HOW TO SPELL WOW","I like hitting on people and I'm usually not serious I just think it's fun","\u201c@titlefli_ght: @yyobreanna it's true\u201d \ud83d\ude2d\ud83d\ude2d\ud83d\ude2d\ud83d\ude2d\ud83d\ude2d stop omg no ilysm \ud83d\ude48","MY NANA JUST ASKED ME HOW TO SPELL WOW","I like hitting on people and I'm usually not serious I just think it's fun"],"messages_no":7,"bad_words":[],"bad_words_no":0,"weight":0,"location":[[48.21767743,-122.05149239],[48.21767743,-122.05149239],[48.28756117,-122.34579795],[48.28756737,-122.34577649],[48.21767743,-122.05149239],[48.28756117,-122.34579795],[48.28756737,-122.34577649]],"friends":[1,2,3,4]}