{"messages":["@BrandonGabriel5 read my mind!","@BrandonGabriel5 read my mind!","@BrandonGabriel5 read my mind!"],"messages_no":3,"bad_words":[],"bad_words_no":0,"weight":0,"location":[[41.60846989,-70.56338975],[41.60846989,-70.56338975],[41.60846989,-70.56338975]],"friends":[1,2,3,4]}