{"messages":["@HoesScreamTessa you ain't on shit...","@HoesScreamTessa you ain't on shit...","@AricCostic lol they was off that shit!","@HoesScreamTessa you ain't on shit...","@AricCostic lol they was off that shit!"],"messages_no":5,"bad_words":[],"bad_words_no":5,"weight":0,"location":[[40.74124763,-89.62301504],[40.74124763,-89.62301504],[40.72741008,-89.58540653],[40.74124763,-89.62301504],[40.72741008,-89.58540653]],"friends":[1,2,3,4]}