{"messages":["AND the splits woah","AND the splits woah","AND the splits woah"],"messages_no":3,"bad_words":[],"bad_words_no":0,"weight":0,"location":[[43.72014835,-88.83905193],[43.72014835,-88.83905193],[43.72014835,-88.83905193]],"friends":[1,2,3,4]}