{"messages":["officially just giving up","officially just giving up","officially just giving up"],"messages_no":3,"bad_words":[],"bad_words_no":0,"weight":0,"location":[[42.08576301,-79.26314979],[42.08576301,-79.26314979],[42.08576301,-79.26314979]],"friends":[1,2,3,4]}