{"messages":["Fucking up Tyler Thornton","Fucking up Tyler Thornton","Fucking up Tyler Thornton"],"messages_no":3,"bad_words":[],"bad_words_no":3,"weight":0,"location":[[39.09471025,-84.63952027],[39.09471025,-84.63952027],[39.09471025,-84.63952027]],"friends":[1,2,3,4]}