{"messages":["talk dirty to me","talk dirty to me","talk dirty to me"],"messages_no":3,"bad_words":[],"bad_words_no":0,"weight":0,"location":[[35.20449899,-97.41514894],[35.20449899,-97.41514894],[35.20449899,-97.41514894]],"friends":[1,2,3,4]}