{"messages":["Best news all day :3 ahh:D","I want to make crepes \ud83d\udca9","Best news all day :3 ahh:D","I want to make crepes \ud83d\udca9","Best news all day :3 ahh:D","I want to make crepes \ud83d\udca9"],"messages_no":6,"bad_words":[],"bad_words_no":0,"weight":0,"location":[[34.27458394,-118.76021237],[34.27462571,-118.76032546],[34.27458394,-118.76021237],[34.27462571,-118.76032546],[34.27458394,-118.76021237],[34.27462571,-118.76032546]],"friends":[1,2,3,4]}