{"messages":["Bruno Mars #Halftime #SuperBowlXLVIII \ud83d\ude0d\ud83d\ude18\u2764\ufe0f\u2764\ufe0f\u2764\ufe0f","Bruno Mars #Halftime #SuperBowlXLVIII \ud83d\ude0d\ud83d\ude18\u2764\ufe0f\u2764\ufe0f\u2764\ufe0f","Can I sleep? No? Okay.","Bruno Mars #Halftime #SuperBowlXLVIII \ud83d\ude0d\ud83d\ude18\u2764\ufe0f\u2764\ufe0f\u2764\ufe0f","Can I sleep? No? Okay."],"messages_no":5,"bad_words":[],"bad_words_no":0,"weight":0,"location":[[40.24189522,-78.84392485],[40.24189522,-78.84392485],[40.24200832,-78.84376405],[40.24189522,-78.84392485],[40.24200832,-78.84376405]],"friends":[1,2,3,4]}