{"messages":["@austindrew23 @Earl_Thomas @Jumpman23 the 6","@austindrew23 @Earl_Thomas @Jumpman23 the 6","@austindrew23 @Earl_Thomas @Jumpman23 the 6"],"messages_no":3,"bad_words":[],"bad_words_no":0,"weight":0,"location":[47.16299739,-122.31937853,47.16299739,-122.31937853,47.16299739,-122.31937853]}