{"messages":["Pay day is a good day\ud83d\ude01","Pay day is a good day\ud83d\ude01"],"messages_no":2,"bad_words":[],"bad_words_no":0,"weight":0,"location":[27.43690531,-82.42076924,27.43690531,-82.42076924]}