{"messages":["I'm back in this like I'm parallel parking","Ima start putting money in a shoebox for real","I'm back in this like I'm parallel parking","Ima start putting money in a shoebox for real","Nothing to do on a quiet ass night. Wish I had coals for my hookah","I'm back in this like I'm parallel parking","Ima start putting money in a shoebox for real"],"messages_no":7,"bad_words":[],"bad_words_no":0,"weight":0,"location":[[42.52175328,-82.94329669],[42.52063639,-82.95568806],[42.52175328,-82.94329669],[42.52063639,-82.95568806],[42.5216483,-82.94327186],[42.52175328,-82.94329669],[42.52063639,-82.95568806]],"friends":[1,2,3,4]}