{"messages":["@kaylacardinal21 watch it missy!","@kaylacardinal21 watch it missy!","@kaylacardinal21 watch it missy!"],"messages_no":3,"bad_words":[],"bad_words_no":0,"weight":0,"location":[[46.35527357,-94.16131679],[46.35527357,-94.16131679],[46.35527357,-94.16131679]],"friends":[1,2,3,4]}