{"messages":["I needa shower and get ready \ud83d\ude2d","I needa shower and get ready \ud83d\ude2d","I needa shower and get ready \ud83d\ude2d"],"messages_no":3,"bad_words":[],"bad_words_no":0,"weight":0,"location":[[34.14333548,-117.44124986],[34.14333548,-117.44124986],[34.14333548,-117.44124986]],"friends":[1,2,3,4]}