{"messages":["Yoooo that's bugging","Yoooo that's bugging","Yoooo that's bugging"],"messages_no":3,"bad_words":[],"bad_words_no":0,"weight":0,"location":[[42.26727682,-71.80743774],[42.26727682,-71.80743774],[42.26727682,-71.80743774]],"friends":[1,2,3,4]}