{"messages":["Hahahaha good start \ud83d\ude4c","Hahahaha good start \ud83d\ude4c","Hahahaha good start \ud83d\ude4c"],"messages_no":3,"bad_words":[],"bad_words_no":0,"weight":0,"location":[[29.36077609,-95.5849744],[29.36077609,-95.5849744],[29.36077609,-95.5849744]],"friends":[1,2,3,4]}