{"messages":["Finally finished the 2nd season of ahs \ud83d\ude02\ud83d\ude2d\ud83d\udc4f","February be good to me. \ud83c\udf3b","I have a higher score on my tablet then my phone on flappy bird. Ohp.","First year that I don't watch the Super Bowl.","Finally finished the 2nd season of ahs \ud83d\ude02\ud83d\ude2d\ud83d\udc4f","February be good to me. \ud83c\udf3b","I have a higher score on my tablet then my phone on flappy bird. Ohp.","First year that I don't watch the Super Bowl.","Finally finished the 2nd season of ahs \ud83d\ude02\ud83d\ude2d\ud83d\udc4f","February be good to me. \ud83c\udf3b","I have a higher score on my tablet then my phone on flappy bird. Ohp.","First year that I don't watch the Super Bowl."],"messages_no":12,"bad_words":[],"bad_words_no":0,"weight":0,"location":[[32.18940613,-111.00212245],[32.18936272,-111.00225021],[32.18941991,-111.00224411],[32.18933519,-111.00213831],[32.18940613,-111.00212245],[32.18936272,-111.00225021],[32.18941991,-111.00224411],[32.18933519,-111.00213831],[32.18940613,-111.00212245],[32.18936272,-111.00225021],[32.18941991,-111.00224411],[32.18933519,-111.00213831]],"friends":[1,2,3,4]}