{"messages":["Do it","Finally they get here!!!! Go ahead and bring me some tacos dad :$","Do it","Do it","Finally they get here!!!! Go ahead and bring me some tacos dad :$","Finally they get here!!!! Go ahead and bring me some tacos dad :$"],"messages_no":6,"bad_words":[],"bad_words_no":0,"weight":0,"location":[32.8486196,-96.6574536,32.8485888,-96.6575383,32.8486196,-96.6574536,32.8486196,-96.6574536,32.8485888,-96.6575383,32.8485888,-96.6575383]}