{"messages":["What the hell is this","What the hell is this","What the hell is this"],"messages_no":3,"bad_words":[],"bad_words_no":3,"weight":0,"location":[[29.73128528,-95.39450583],[29.73128528,-95.39450583],[29.73128528,-95.39450583]],"friends":[1,2,3,4]}