{"messages":["Walkinnnn dead","Walkinnnn dead","Walkinnnn dead"],"messages_no":3,"bad_words":[],"bad_words_no":0,"weight":0,"location":[[41.6958661,-73.8233747],[41.6958661,-73.8233747],[41.6958661,-73.8233747]],"friends":[1,2,3,4]}