{"messages":["Just gotta make lemonade!","Just gotta make lemonade!","Just gotta make lemonade!"],"messages_no":3,"bad_words":[],"bad_words_no":0,"weight":0,"location":[46.58423654,-120.52663771,46.58423654,-120.52663771,46.58423654,-120.52663771]}