{"messages":["I keep burping steak and cheese.","I keep burping steak and cheese.","I keep burping steak and cheese."],"messages_no":3,"bad_words":[],"bad_words_no":0,"weight":0,"location":[35.83985761,-78.67859146,35.83985761,-78.67859146,35.83985761,-78.67859146]}