{"messages":["Ok . Chill","Ok . Chill"],"messages_no":2,"bad_words":[],"bad_words_no":0,"weight":0,"location":[39.80504767,-75.06841932,39.80504767,-75.06841932]}