{"messages":["@_RealNigga_T @RighteousMindss keep my name out ur mouth mark","Boutta down some 40s in a bit wit ma youngin @mayertheboss","That jus reminded me.. Tomorrow's leg day -_______-","I'm a little ass kid when I have pets lmao","@_RealNigga_T @RighteousMindss keep my name out ur mouth mark","Boutta down some 40s in a bit wit ma youngin @mayertheboss","That jus reminded me.. Tomorrow's leg day -_______-","I'm a little ass kid when I have pets lmao","@_RealNigga_T @RighteousMindss keep my name out ur mouth mark","Boutta down some 40s in a bit wit ma youngin @mayertheboss","That jus reminded me.. Tomorrow's leg day -_______-","I'm a little ass kid when I have pets lmao"],"messages_no":12,"bad_words":[],"bad_words_no":0,"weight":0,"location":[[40.76666499,-74.03494452],[40.76665407,-74.03493938],[40.7666085,-74.03481396],[40.76668208,-74.03483489],[40.76666499,-74.03494452],[40.76665407,-74.03493938],[40.7666085,-74.03481396],[40.76668208,-74.03483489],[40.76666499,-74.03494452],[40.76665407,-74.03493938],[40.7666085,-74.03481396],[40.76668208,-74.03483489]],"friends":[1,2,3,4]}