{"messages":["Tat #3 coming tomorrow #wooooo","Tat #3 coming tomorrow #wooooo","Tat #3 coming tomorrow #wooooo"],"messages_no":3,"bad_words":[],"bad_words_no":0,"weight":0,"location":[30.3520528,-87.26619049,30.3520528,-87.26619049,30.3520528,-87.26619049]}