{"messages":["Jasper looks so cute sleeping \ud83d\ude33\ud83d\ude29","Jasper looks so cute sleeping \ud83d\ude33\ud83d\ude29","Jasper looks so cute sleeping \ud83d\ude33\ud83d\ude29"],"messages_no":3,"bad_words":[],"bad_words_no":0,"weight":0,"location":[[27.6436793,-97.36410811],[27.6436793,-97.36410811],[27.6436793,-97.36410811]],"friends":[1,2,3,4]}