{"messages":["My mom in the hospital \ud83d\ude22\ud83d\ude14 pray for her \ud83c\udfe5\ud83d\ude91","My mom in the hospital \ud83d\ude22\ud83d\ude14 pray for her \ud83c\udfe5\ud83d\ude91","about to Go clean Up I said that about 5 mins ago btfol \u263a\ufe0f","My mom in the hospital \ud83d\ude22\ud83d\ude14 pray for her \ud83c\udfe5\ud83d\ude91"],"messages_no":4,"bad_words":[],"bad_words_no":0,"weight":0,"location":[[28.62776448,-81.46997678],[28.62776448,-81.46997678],[28.62770144,-81.46994401],[28.62776448,-81.46997678]],"friends":[1,2,3,4]}