{"messages":["Denver knew kickoff was 6:30, not 7:30, right?","Denver knew kickoff was 6:30, not 7:30, right?","Denver knew kickoff was 6:30, not 7:30, right?"],"messages_no":3,"bad_words":[],"bad_words_no":0,"weight":0,"location":[[43.16357223,-77.550055],[43.16357223,-77.550055],[43.16357223,-77.550055]],"friends":[1,2,3,4]}