{"messages":["@ChrisWarzecha @Skyyybadd that's * ugh","@ChrisWarzecha @Skyyybadd that's * ugh","Why does my nickname have to be \"Ratchel\"","I've watched TFIOS trailer a thousand times and it still gets me every time \ud83d\ude25","Why do I only drink coffee at night?","TURN UP AT ALKEK LITERALLY http:\/\/t.co\/Y5qa7Yh39h","@ChrisWarzecha @Skyyybadd that's * ugh","Why does my nickname have to be \"Ratchel\"","I've watched TFIOS trailer a thousand times and it still gets me every time \ud83d\ude25"],"messages_no":9,"bad_words":[],"bad_words_no":0,"weight":0,"location":[[29.89932363,-97.91528053],[29.89932363,-97.91528053],[29.89938126,-97.91520257],[29.889608,-97.94057527],[29.1160544,-97.28052755],[29.88929208,-97.94271726],[29.89932363,-97.91528053],[29.89938126,-97.91520257],[29.889608,-97.94057527]],"friends":[1,2,3,4]}