{"messages":["Actually it's Blair.","Actually it's Blair.","Actually it's Blair."],"messages_no":3,"bad_words":[],"bad_words_no":0,"weight":0,"location":[[37.14060845,-80.42359876],[37.14060845,-80.42359876],[37.14060845,-80.42359876]],"friends":[1,2,3,4]}