{"messages":["I wanna go home pass me a L","I wanna go home pass me a L","2 errors in right field man you cant do that bruh","Just killed 4 cups of chocolate milk... #noshame","I wanna go home pass me a L"],"messages_no":5,"bad_words":[],"bad_words_no":0,"weight":0,"location":[[27.99852986,-80.63593163],[27.99852986,-80.63593163],[27.6262967,-80.4093329],[28.03499532,-80.69350905],[27.99852986,-80.63593163]],"friends":[1,2,3,4]}