{"messages":["Stranded at 211, send help","Stranded at 211, send help","Stranded at 211, send help"],"messages_no":3,"bad_words":[],"bad_words_no":0,"weight":0,"location":[[39.79104493,-74.92879607],[39.79104493,-74.92879607],[39.79104493,-74.92879607]],"friends":[1,2,3,4]}