{"messages":["#Donna?","#Donna?","Tbh you just kinda piss me off now","#Donna?"],"messages_no":4,"bad_words":[],"bad_words_no":1,"weight":0,"location":[[47.0903023,-122.3775338],[47.0903023,-122.3775338],[47.08834393,-122.40767375],[47.0903023,-122.3775338]],"friends":[1,2,3,4]}