{"messages":["@j_nizzzle I know..it's like 100 miles.","@TaylorW_82 IM NOT. IDK HOW TO DO IT.","@j_nizzzle I know..it's like 100 miles.","@TaylorW_82 IM NOT. IDK HOW TO DO IT.","@j_nizzzle I know..it's like 100 miles.","@TaylorW_82 IM NOT. IDK HOW TO DO IT."],"messages_no":6,"bad_words":[],"bad_words_no":0,"weight":0,"location":[[38.97060097,-97.01486561],[38.97044979,-97.01486656],[38.97060097,-97.01486561],[38.97044979,-97.01486656],[38.97060097,-97.01486561],[38.97044979,-97.01486656]],"friends":[1,2,3,4]}