{"messages":["Bout to find me a nice one \ud83d\ude0c","Bout to find me a nice one \ud83d\ude0c","Nigga got me fucked up.","Bout to find me a nice one \ud83d\ude0c"],"messages_no":4,"bad_words":[],"bad_words_no":1,"weight":0,"location":[[29.46409472,-98.67086701],[29.46409472,-98.67086701],[29.45089494,-98.66139396],[29.46409472,-98.67086701]],"friends":[1,2,3,4]}