{"messages":["All it takes is one pancake #backinthis","All it takes is one pancake #backinthis","All it takes is one pancake #backinthis","All it takes is one pancake #backinthis"],"messages_no":4,"bad_words":[],"bad_words_no":0,"weight":0,"location":[41.81000173,-72.25626347,41.81000173,-72.25626347,41.81000173,-72.25626347,41.81000173,-72.25626347]}