{"messages":["ding dong nigga follow me back","ding dong nigga follow me back","@TheDaltonBarker link the tweet","@phall_ @BILLlONAlRE and it's disgusting","ding dong nigga follow me back","@TheDaltonBarker link the tweet"],"messages_no":6,"bad_words":[],"bad_words_no":3,"weight":0,"location":[[32.44848155,-86.51340849],[32.44848155,-86.51340849],[32.44865808,-86.51340046],[32.44875095,-86.5135856],[32.44848155,-86.51340849],[32.44865808,-86.51340046]],"friends":[1,2,3,4]}