{"messages":["\ud83d\ude02\ud83d\ude02\ud83d\ude02 Ahhh the memories... #Goodtimes lmao","\ud83d\ude02\ud83d\ude02\ud83d\ude02 Ahhh the memories... #Goodtimes lmao","\ud83d\ude02\ud83d\ude02\ud83d\ude02 Ahhh the memories... #Goodtimes lmao"],"messages_no":3,"bad_words":[],"bad_words_no":0,"weight":0,"location":[[26.03895696,-80.14580456],[26.03895696,-80.14580456],[26.03895696,-80.14580456]],"friends":[1,2,3,4]}