{"messages":["@tuquieresCanela lol damn it's not that bad over there is it","@MrBrownsWorld who nigga","@tuquieresCanela lol damn it's not that bad over there is it","@MrBrownsWorld who nigga","Somebody needs to buy this 360 off me I'm tired of it sitting here","@tuquieresCanela lol damn it's not that bad over there is it","@MrBrownsWorld who nigga"],"messages_no":7,"bad_words":[],"bad_words_no":6,"weight":0,"location":[[28.96440867,-96.06373882],[28.73485544,-96.2234039],[28.96440867,-96.06373882],[28.73485544,-96.2234039],[28.96455187,-96.06399438],[28.96440867,-96.06373882],[28.73485544,-96.2234039]],"friends":[1,2,3,4]}