{"messages":["That Beckham commercial \ud83d\ude02\ud83d\ude2d\ud83d\ude0d","That Beckham commercial \ud83d\ude02\ud83d\ude2d\ud83d\ude0d","That Beckham commercial \ud83d\ude02\ud83d\ude2d\ud83d\ude0d"],"messages_no":3,"bad_words":[],"bad_words_no":0,"weight":0,"location":[[40.80097402,-73.96492378],[40.80097402,-73.96492378],[40.80097402,-73.96492378]],"friends":[1,2,3,4]}