{"messages":["Same shit, different day.","Same shit, different day.","Same shit, different day."],"messages_no":3,"bad_words":[],"bad_words_no":3,"weight":0,"location":[[47.39986507,-122.21198036],[47.39986507,-122.21198036],[47.39986507,-122.21198036]],"friends":[1,2,3,4]}