{"messages":["Fuck valentines day","Fuck valentines day","Ewwww who got her big ugly ass pregnant \ud83d\ude02\ud83d\ude02\ud83d\ude02\ud83d\ude02\ud83d\ude02\ud83d\ude02\ud83d\ude02","Fuck valentines day","Ewwww who got her big ugly ass pregnant \ud83d\ude02\ud83d\ude02\ud83d\ude02\ud83d\ude02\ud83d\ude02\ud83d\ude02\ud83d\ude02"],"messages_no":5,"bad_words":[],"bad_words_no":3,"weight":0,"location":[[39.64270889,-75.71732693],[39.64270889,-75.71732693],[39.64275093,-75.71721872],[39.64270889,-75.71732693],[39.64275093,-75.71721872]],"friends":[1,2,3,4]}