{"messages":["@JohnnyBuckets3 why what? Lol","@JohnnyBuckets3 why what? Lol","@JohnnyBuckets3 why what? Lol"],"messages_no":3,"bad_words":[],"bad_words_no":0,"weight":0,"location":[34.96594636,-94.57068542,34.96594636,-94.57068542,34.96594636,-94.57068542]}