{"messages":["Wetted that!","Lol smh"],"messages_no":2,"bad_words":[],"bad_words_no":0,"weight":0,"location":[[45.49873644,-122.87171309],[45.49595767,-122.89170083]]}