{"messages":["what a weird night","what a weird night","what a weird night"],"messages_no":3,"bad_words":[],"bad_words_no":0,"weight":0,"location":[[42.58239131,-83.00105879],[42.58239131,-83.00105879],[42.58239131,-83.00105879]],"friends":[1,2,3,4]}