{"messages":["Games over","Games over","Games over"],"messages_no":3,"bad_words":[],"bad_words_no":0,"weight":0,"location":[[40.61603959,-74.00753033],[40.61603959,-74.00753033],[40.61603959,-74.00753033]],"friends":[1,2,3,4]}