{"messages":["That was perfect &lt;3","That was perfect &lt;3","That was perfect &lt;3"],"messages_no":3,"bad_words":[],"bad_words_no":0,"weight":0,"location":[[46.8638909,-96.799431],[46.8638909,-96.799431],[46.8638909,-96.799431]],"friends":[1,2,3,4]}