{"messages":["What a start! #SB48","What a start! #SB48","What a start! #SB48"],"messages_no":3,"bad_words":[],"bad_words_no":0,"weight":0,"location":[[46.5625469,-87.4070983],[46.5625469,-87.4070983],[46.5625469,-87.4070983]],"friends":[1,2,3,4]}