{"messages":["So what","So what"],"messages_no":2,"bad_words":[],"bad_words_no":0,"weight":0,"location":[33.14428302,-86.74990883,33.14428302,-86.74990883]}