{"messages":["This is not Peytons fault. I feel so bad.","This is not Peytons fault. I feel so bad.","417? \nMore like 420","This is not Peytons fault. I feel so bad."],"messages_no":4,"bad_words":[],"bad_words_no":0,"weight":0,"location":[[37.1245677,-93.4785788],[37.1245677,-93.4785788],[37.1247338,-93.4785085],[37.1245677,-93.4785788]],"friends":[1,2,3,4]}