{"messages":["It's so boring man \ud83d\ude12","@N_Parnell We can do that \ud83d\udc4c\ud83d\udc98\ud83d\udc9e","Ready to go home \ud83d\ude4c"],"messages_no":3,"bad_words":[],"bad_words_no":0,"weight":0,"location":[[34.87221032,-79.15121852],[34.6837459,-79.19961669],[34.9225348,-79.25691806]]}