{"messages":["Netflix type of night","@that_one_LA_kid I'm serious omg I'm gonna slap u","Ugh my mo always ducking moves the little fucking latter Jesus lady y do u want to kill me","Netflix type of night","Netflix type of night","@that_one_LA_kid I'm serious omg I'm gonna slap u","Ugh my mo always ducking moves the little fucking latter Jesus lady y do u want to kill me"],"messages_no":7,"bad_words":[],"bad_words_no":2,"weight":0,"location":[34.21136874,-118.39845808,34.21130827,-118.39845548,34.2114384,-118.39846412,34.21136874,-118.39845808,34.21136874,-118.39845808,34.21130827,-118.39845548,34.2114384,-118.39846412]}