{"messages":["#EsuranceSave30","#EsuranceSave30","#EsuranceSave30"],"messages_no":3,"bad_words":[],"bad_words_no":0,"weight":0,"location":[[38.88825827,-104.73842002],[38.88825827,-104.73842002],[38.88825827,-104.73842002]],"friends":[1,2,3,4]}