{"messages":["I would mary mac miller","I would mary mac miller","I would mary mac miller"],"messages_no":3,"bad_words":[],"bad_words_no":0,"weight":0,"location":[39.23158564,-85.91682058,39.23158564,-85.91682058,39.23158564,-85.91682058]}