{"messages":["I need to be more like @frydaddy69","I need to be more like @frydaddy69","I need to be more like @frydaddy69"],"messages_no":3,"bad_words":[],"bad_words_no":0,"weight":0,"location":[[39.00941636,-77.59100196],[39.00941636,-77.59100196],[39.00941636,-77.59100196]],"friends":[1,2,3,4]}