{"messages":["I miss @Mamii_MWOW ugh \ud83d\ude29","I miss @Mamii_MWOW ugh \ud83d\ude29","I miss @Mamii_MWOW ugh \ud83d\ude29"],"messages_no":3,"bad_words":[],"bad_words_no":0,"weight":0,"location":[[29.79715268,-95.51491072],[29.79715268,-95.51491072],[29.79715268,-95.51491072]],"friends":[1,2,3,4]}