{"messages":["@KirbyDAA26 you're a true fan.","@KirbyDAA26 you're a true fan.","@KirbyDAA26 you're a true fan."],"messages_no":3,"bad_words":[],"bad_words_no":0,"weight":0,"location":[[38.92321978,-76.52222154],[38.92321978,-76.52222154],[38.92321978,-76.52222154]],"friends":[1,2,3,4]}