{"messages":["I gotta headache","Finna take a hot ass shower I'm cold ass fuck and all stuffed up","I gotta headache","Finna take a hot ass shower I'm cold ass fuck and all stuffed up","@Tay_Ayanna lhhhhhhh , we are lbs , I was just working out like a hour ago to !","Since we tweeting ass that we ain't got in pictures and shit \ud83d\ude02 http:\/\/t.co\/Zwf32kp006","I gotta headache","Finna take a hot ass shower I'm cold ass fuck and all stuffed up"],"messages_no":8,"bad_words":[],"bad_words_no":4,"weight":0,"location":[[38.70217068,-90.32884184],[38.70228138,-90.32871135],[38.70217068,-90.32884184],[38.70228138,-90.32871135],[38.70209252,-90.32886623],[38.70196967,-90.32860102],[38.70217068,-90.32884184],[38.70228138,-90.32871135]],"friends":[1,2,3,4]}