{"messages":["Sons of anarchy \ud83d\udc4d\ud83d\ude01","Sons of anarchy \ud83d\udc4d\ud83d\ude01","Sons of anarchy \ud83d\udc4d\ud83d\ude01"],"messages_no":3,"bad_words":[],"bad_words_no":0,"weight":0,"location":[[39.1077216,-84.93737063],[39.1077216,-84.93737063],[39.1077216,-84.93737063]],"friends":[1,2,3,4]}