{"messages":["Laughing so hard rn","Laughing so hard rn","44: you're another one of my good friends and we need to chill soon","00: you're an awesome chick hit me up yo","Laughing so hard rn","44: you're another one of my good friends and we need to chill soon","00: you're an awesome chick hit me up yo"],"messages_no":7,"bad_words":[],"bad_words_no":0,"weight":0,"location":[[40.87455877,-75.21679681],[40.87455877,-75.21679681],[40.87443149,-75.2168848],[40.87443099,-75.21688474],[40.87455877,-75.21679681],[40.87443149,-75.2168848],[40.87443099,-75.21688474]],"friends":[1,2,3,4]}