{"messages":["I hate Sydnee","I hate Sydnee","You filthy cunt","I hate Sydnee"],"messages_no":4,"bad_words":[],"bad_words_no":2,"weight":0,"location":[[42.41145351,-71.04833806],[42.41145351,-71.04833806],[42.40567889,-71.04659496],[42.41145351,-71.04833806]],"friends":[1,2,3,4]}