{"messages":["If there is any promos going on at work imma scream","Smh, i hate dudes, i hate ppl period.","If there is any promos going on at work imma scream","Smh, i hate dudes, i hate ppl period.","im not finna ask him to buy me nothing for my apartment \ue412\ue40a","If there is any promos going on at work imma scream","Smh, i hate dudes, i hate ppl period.","im not finna ask him to buy me nothing for my apartment \ue412\ue40a"],"messages_no":8,"bad_words":[],"bad_words_no":0,"weight":0,"location":[[39.89346424,-82.92541664],[39.89342708,-82.9254179],[39.89346424,-82.92541664],[39.89342708,-82.9254179],[39.89344151,-82.92541056],[39.89346424,-82.92541664],[39.89342708,-82.9254179],[39.89344151,-82.92541056]],"friends":[1,2,3,4]}