{"messages":["I can't wait..\ud83d\ude18","I can't wait..\ud83d\ude18","I can't wait..\ud83d\ude18"],"messages_no":3,"bad_words":[],"bad_words_no":0,"weight":0,"location":[[42.36677138,-83.19158594],[42.36677138,-83.19158594],[42.36677138,-83.19158594]],"friends":[1,2,3,4]}