{"messages":["If there is any promos going on at work imma scream","If there is any promos going on at work imma scream","Smh, i hate dudes, i hate ppl period.","If there is any promos going on at work imma scream","If there is any promos going on at work imma scream","Smh, i hate dudes, i hate ppl period."],"messages_no":6,"bad_words":[],"bad_words_no":0,"weight":0,"location":[39.89346424,-82.92541664,39.89346424,-82.92541664,39.89342708,-82.9254179,39.89346424,-82.92541664,39.89346424,-82.92541664,39.89342708,-82.9254179]}