{"messages":["Lmao R.I.P. kenneth faried","@youngsiebold2 me where at.","Lmao R.I.P. kenneth faried","Lmao R.I.P. kenneth faried","@youngsiebold2 me where at."],"messages_no":5,"bad_words":[],"bad_words_no":0,"weight":0,"location":[45.2262258,-93.3000639,45.2216467,-93.3045628,45.2262258,-93.3000639,45.2262258,-93.3000639,45.2216467,-93.3045628]}