{"messages":["snapchatting \ue414\ue106\ue418\ue417 HMU fuymia","my stomach \ue40d\ue409\ue402\ue407\ue401"],"messages_no":2,"bad_words":[],"bad_words_no":0,"weight":0,"location":[33.1065132,-91.267855,33.1065116,-91.2678566]}