{"messages":["Hold up, Hold my phone","There ya go baby!! #Duke #OT","Hold up, Hold my phone","There ya go baby!! #Duke #OT","Hold up, Hold my phone","There ya go baby!! #Duke #OT"],"messages_no":6,"bad_words":[],"bad_words_no":0,"weight":0,"location":[[35.16588927,-90.19578072],[35.20043467,-90.20016218],[35.16588927,-90.19578072],[35.20043467,-90.20016218],[35.16588927,-90.19578072],[35.20043467,-90.20016218]],"friends":[1,2,3,4]}