{"messages":["Go Seahawks \ud83d\udc4f\ud83d\udc4f\ud83d\udc4f","Go Seahawks \ud83d\udc4f\ud83d\udc4f\ud83d\udc4f","Go Seahawks \ud83d\udc4f\ud83d\udc4f\ud83d\udc4f"],"messages_no":3,"bad_words":[],"bad_words_no":0,"weight":0,"location":[[40.60791193,-74.16031555],[40.60791193,-74.16031555],[40.60791193,-74.16031555]],"friends":[1,2,3,4]}