{"messages":["49er fans popping off lol","49er fans popping off lol","49er fans popping off lol"],"messages_no":3,"bad_words":[],"bad_words_no":0,"weight":0,"location":[[47.07287244,-122.3328091],[47.07287244,-122.3328091],[47.07287244,-122.3328091]],"friends":[1,2,3,4]}