{"messages":["I couldn't go 2 sleep if ii tryed!!","In a lose lose situation!!","I couldn't go 2 sleep if ii tryed!!","In a lose lose situation!!","I couldn't go 2 sleep if ii tryed!!","In a lose lose situation!!"],"messages_no":6,"bad_words":[],"bad_words_no":0,"weight":0,"location":[[34.54520058,-78.50881987],[34.54508198,-78.50894627],[34.54520058,-78.50881987],[34.54508198,-78.50894627],[34.54520058,-78.50881987],[34.54508198,-78.50894627]],"friends":[1,2,3,4]}