{"messages":["Liking someone is stupid","Liking someone is stupid","Liking someone is stupid"],"messages_no":3,"bad_words":[],"bad_words_no":0,"weight":0,"location":[[39.52161528,-74.65197422],[39.52161528,-74.65197422],[39.52161528,-74.65197422]],"friends":[1,2,3,4]}