{"messages":["Cooney's release \ud83d\ude48","Get Dick Vitale off of my TV \ud83d\ude49\ud83d\ude12","Lol @ nina boo lovin'"],"messages_no":3,"bad_words":[],"bad_words_no":0,"weight":0,"location":[[34.71403716,-77.18633254],[34.71416894,-77.18580108],[34.7142427,-77.18588892]]}