{"messages":["\"Thought they were just chubby\" \ud83d\ude02\ud83d\ude02\ud83d\ude02\ud83d\ude02","@_gc13 aye stop being sad. You're still living, right? ENJOY LIFE DUDE","\"Thought they were just chubby\" \ud83d\ude02\ud83d\ude02\ud83d\ude02\ud83d\ude02","@_gc13 aye stop being sad. You're still living, right? ENJOY LIFE DUDE","\"Thought they were just chubby\" \ud83d\ude02\ud83d\ude02\ud83d\ude02\ud83d\ude02","@_gc13 aye stop being sad. You're still living, right? ENJOY LIFE DUDE"],"messages_no":6,"bad_words":[],"bad_words_no":0,"weight":0,"location":[[27.78081906,-98.12750361],[27.74589536,-98.06388631],[27.78081906,-98.12750361],[27.74589536,-98.06388631],[27.78081906,-98.12750361],[27.74589536,-98.06388631]],"friends":[1,2,3,4]}