{"messages":["Handwritten letters from Auburn and Tennessee","@vanny_mae that's not going down lol","Handwritten letters from Auburn and Tennessee","@vanny_mae that's not going down lol","I'm good.","Handwritten letters from Auburn and Tennessee","@vanny_mae that's not going down lol"],"messages_no":7,"bad_words":[],"bad_words_no":0,"weight":0,"location":[[35.28964095,-81.55200612],[35.28971437,-81.55171494],[35.28964095,-81.55200612],[35.28971437,-81.55171494],[35.2896176,-81.55174208],[35.28964095,-81.55200612],[35.28971437,-81.55171494]],"friends":[1,2,3,4]}