{"messages":["I can't wait for the high school reunion","I can't wait for the high school reunion","This fan squeaking is annoying","Goal for today: run 2 miles","I can't wait for the high school reunion","This fan squeaking is annoying","Goal for today: run 2 miles"],"messages_no":7,"bad_words":[],"bad_words_no":0,"weight":0,"location":[[26.1228394,-80.1376961],[26.1228394,-80.1376961],[26.4748935,-80.1231473],[26.1229607,-80.137641],[26.1228394,-80.1376961],[26.4748935,-80.1231473],[26.1229607,-80.137641]],"friends":[1,2,3,4]}