{"messages":["@MelyyMells I need beauty sleep http:\/\/t.co\/g8M6qNhdpq","@MelyyMells I need beauty sleep http:\/\/t.co\/g8M6qNhdpq","Wanna meet her so bad","@helenaxmartinez didn't ask you ugly","@MelyyMells I need beauty sleep http:\/\/t.co\/g8M6qNhdpq","Wanna meet her so bad"],"messages_no":6,"bad_words":[],"bad_words_no":0,"weight":0,"location":[[38.63629638,-77.26461249],[38.63629638,-77.26461249],[38.63621067,-77.26471552],[38.63617748,-77.26488219],[38.63629638,-77.26461249],[38.63621067,-77.26471552]],"friends":[1,2,3,4]}