{"messages":["@crystho_21 oh I got sick !","@crystho_21 oh I got sick !"],"messages_no":2,"bad_words":[],"bad_words_no":0,"weight":0,"location":[33.48881979,-117.14508181,33.48881979,-117.14508181]}