{"messages":["@KaitlinAshlee it's so nice!","@KaitlinAshlee it's okay lol I want Taco Bell now..","@KaitlinAshlee it's so nice!","@KaitlinAshlee it's okay lol I want Taco Bell now..","@KaitlinAshlee it's okay lol I want Taco Bell now.."],"messages_no":5,"bad_words":[],"bad_words_no":0,"weight":0,"location":[38.45005946,-77.37014495,38.45017882,-77.37012718,38.45005946,-77.37014495,38.45017882,-77.37012718,38.45017882,-77.37012718]}