{"messages":["I'm too tired","I'm too tired"],"messages_no":2,"bad_words":[],"bad_words_no":0,"weight":0,"location":[42.99524918,-74.98894225,42.99524918,-74.98894225]}