{"messages":["I might need a second job...","Made my day \ud83d\ude02","I might need a second job..."],"messages_no":3,"bad_words":[],"bad_words_no":0,"weight":0,"location":[28.27741552,-81.41784956,28.18921875,-81.42534943,28.27741552,-81.41784956]}