{"messages":["Sleeping in the nude is nice and all until you're too cold to get out of bed\ud83d\ude11","That commercial doeeee","Sleeping in the nude is nice and all until you're too cold to get out of bed\ud83d\ude11","That commercial doeeee","Sleeping in the nude is nice and all until you're too cold to get out of bed\ud83d\ude11","That commercial doeeee"],"messages_no":6,"bad_words":[],"bad_words_no":0,"weight":0,"location":[[31.54490461,-100.49131465],[31.54491405,-100.49130562],[31.54490461,-100.49131465],[31.54491405,-100.49130562],[31.54490461,-100.49131465],[31.54491405,-100.49130562]],"friends":[1,2,3,4]}