{"messages":["@Braden_Bush2312 your fav too?","@Braden_Bush2312 your fav too?","@Braden_Bush2312 your fav too?"],"messages_no":3,"bad_words":[],"bad_words_no":0,"weight":0,"location":[[34.16234959,-97.15118102],[34.16234959,-97.15118102],[34.16234959,-97.15118102]],"friends":[1,2,3,4]}