{"messages":["Our team is great \ud83d\ude0a","Our team is great \ud83d\ude0a","Our team is great \ud83d\ude0a"],"messages_no":3,"bad_words":[],"bad_words_no":0,"weight":0,"location":[[46.05426539,-118.89177265],[46.05426539,-118.89177265],[46.05426539,-118.89177265]],"friends":[1,2,3,4]}