{"messages":["@dkrivo_guy1016 lol i do. Hes a goon","@dkrivo_guy1016 lol i do. Hes a goon","@dkrivo_guy1016 lol i do. Hes a goon"],"messages_no":3,"bad_words":[],"bad_words_no":0,"weight":0,"location":[[42.8401477,-87.9327657],[42.8401477,-87.9327657],[42.8401477,-87.9327657]],"friends":[1,2,3,4]}