{"messages":["@F_theLittle luv ya too","\u201c@LincDivision: Thank you, autograph hounds, for ruining this experience too.\u201dsorry to hear that! Pp are ass***s","@F_theLittle luv ya too","\u201c@LincDivision: Thank you, autograph hounds, for ruining this experience too.\u201dsorry to hear that! Pp are ass***s","@cslamacchia cute picture","@Sandraxf @toksisch lol good one","@safeword_apples me too \ud83d\ude28","@toksisch after I finish if I want to do that part I can","@F_theLittle luv ya too","\u201c@LincDivision: Thank you, autograph hounds, for ruining this experience too.\u201dsorry to hear that! Pp are ass***s","@cslamacchia cute picture","@Sandraxf @toksisch lol good one"],"messages_no":12,"bad_words":[],"bad_words_no":0,"weight":0,"location":[[41.42039793,-73.57834439],[41.23015731,-73.70374311],[41.42039793,-73.57834439],[41.23015731,-73.70374311],[41.22997475,-73.70400019],[41.22999413,-73.70391416],[41.23000532,-73.70372255],[41.42041129,-73.57832952],[41.42039793,-73.57834439],[41.23015731,-73.70374311],[41.22997475,-73.70400019],[41.22999413,-73.70391416]],"friends":[1,2,3,4]}