{"messages":["Love life because @Jweezy636 is bald.","Love life because @Jweezy636 is bald.","Love life because @Jweezy636 is bald."],"messages_no":3,"bad_words":[],"bad_words_no":0,"weight":0,"location":[[46.86913302,-96.75906974],[46.86913302,-96.75906974],[46.86913302,-96.75906974]],"friends":[1,2,3,4]}