{"messages":["Home...","Home...","@Michael46078198 \u270b hiiiii","Home...","@Michael46078198 \u270b hiiiii"],"messages_no":5,"bad_words":[],"bad_words_no":0,"weight":0,"location":[[41.8486228,-90.1976922],[41.8486228,-90.1976922],[41.8587171,-90.2070451],[41.8486228,-90.1976922],[41.8587171,-90.2070451]],"friends":[1,2,3,4]}