{"messages":["I just had to take my mom to the hospital","This song sucks more dick than Bruno himself","I just had to take my mom to the hospital","I just had to take my mom to the hospital"],"messages_no":4,"bad_words":[],"bad_words_no":1,"weight":0,"location":[37.69810824,-121.08625389,37.69817127,-121.08621826,37.69810824,-121.08625389,37.69810824,-121.08625389]}