{"messages":["@hollcarpenter well hello\ud83d\ude0f lol","@hollcarpenter well hello\ud83d\ude0f lol","It worked that time\ud83d\ude0f","@RachelBridges_ at least you admit it \ud83d\ude02","@hollcarpenter not hating, I'd just rather not be told word for word what's happening on a tv show haha","@hollcarpenter well hello\ud83d\ude0f lol","It worked that time\ud83d\ude0f"],"messages_no":7,"bad_words":[],"bad_words_no":3,"weight":0,"location":[[32.52958704,-83.63367536],[32.52958704,-83.63367536],[32.62439406,-83.86735565],[32.62431832,-83.86746319],[32.62441245,-83.86735984],[32.52958704,-83.63367536],[32.62439406,-83.86735565]],"friends":[1,2,3,4]}