{"messages":["@ebernstein801 haha very funny","@ebernstein801 haha very funny"],"messages_no":2,"bad_words":[],"bad_words_no":0,"weight":0,"location":[40.77121571,-73.95134758,40.77121571,-73.95134758]}