{"messages":["Pre game","Pre game"],"messages_no":2,"bad_words":[],"bad_words_no":0,"weight":0,"location":[31.54350127,-97.10699208,31.54350127,-97.10699208]}