{"messages":["Tonight is not my night","Tonight is not my night","Tonight is not my night"],"messages_no":3,"bad_words":[],"bad_words_no":0,"weight":0,"location":[45.37716014,-122.774179,45.37716014,-122.774179,45.37716014,-122.774179]}