{"messages":["I WANT TO DO SOMETHING","I'm going crazy in my house rn","I WANT TO DO SOMETHING","I'm going crazy in my house rn","I WANT TO DO SOMETHING","I'm going crazy in my house rn"],"messages_no":6,"bad_words":[],"bad_words_no":0,"weight":0,"location":[[40.15080063,-76.06080785],[40.10654732,-76.08432421],[40.15080063,-76.06080785],[40.10654732,-76.08432421],[40.15080063,-76.06080785],[40.10654732,-76.08432421]],"friends":[1,2,3,4]}