{"messages":["I Ain't Even Gone Lie I'm Hard Af To Put Up Wit","I lost my nigga _____ it kinda hurted me I heard he rolling with the hoes who wanna murder me","I Ain't Even Gone Lie I'm Hard Af To Put Up Wit","I lost my nigga _____ it kinda hurted me I heard he rolling with the hoes who wanna murder me","Faithful females are hard to come by, So if you find one, you gotta Spoil the shit out of her.\ud83d\udc84\ud83d\udc60\ud83d\udc57\ud83d\udc5a\ud83d\udc5c\ud83d\udc5d\ud83d\udc5b\ud83d\udc8d\ud83d\udc8e","\u201c@__selffMade: I b off the shits, can't shit upset me \ud83d\ude02\u201d","fuck a sub tweet nigga keep it off Twitter","@iBedOoNeY_Btch follow back","Lol I got some issues Nd I won't admit to em","I Ain't Even Gone Lie I'm Hard Af To Put Up Wit","I lost my nigga _____ it kinda hurted me I heard he rolling with the hoes who wanna murder me","Faithful females are hard to come by, So if you find one, you gotta Spoil the shit out of her.\ud83d\udc84\ud83d\udc60\ud83d\udc57\ud83d\udc5a\ud83d\udc5c\ud83d\udc5d\ud83d\udc5b\ud83d\udc8d\ud83d\udc8e","I Ain't Even Gone Lie I'm Hard Af To Put Up Wit","I lost my nigga _____ it kinda hurted me I heard he rolling with the hoes who wanna murder me","Faithful females are hard to come by, So if you find one, you gotta Spoil the shit out of her.\ud83d\udc84\ud83d\udc60\ud83d\udc57\ud83d\udc5a\ud83d\udc5c\ud83d\udc5d\ud83d\udc5b\ud83d\udc8d\ud83d\udc8e","\u201c@__selffMade: I b off the shits, can't shit upset me \ud83d\ude02\u201d","fuck a sub tweet nigga keep it off Twitter","@iBedOoNeY_Btch follow back","@iBedOoNeY_Btch follow back"],"messages_no":19,"bad_words":[],"bad_words_no":14,"weight":0,"location":[30.43406668,-91.08899555,30.43364759,-91.08878696,30.43406668,-91.08899555,30.43364759,-91.08878696,30.43376047,-91.08890767,30.4675883,-91.16857736,30.4675883,-91.16857736,30.46765426,-91.16848139,30.46759525,-91.16863319,30.43406668,-91.08899555,30.43364759,-91.08878696,30.43376047,-91.08890767,30.43406668,-91.08899555,30.43364759,-91.08878696,30.43376047,-91.08890767,30.4675883,-91.16857736,30.4675883,-91.16857736,30.46765426,-91.16848139,30.46765426,-91.16848139]}