{"messages":["@ChalieHorton I know \ud83d\ude12\ud83d\ude1e","why don't I have netflix idk","@ChalieHorton I know \ud83d\ude12\ud83d\ude1e","why don't I have netflix idk","split screen sadness","@ChalieHorton I know \ud83d\ude12\ud83d\ude1e","why don't I have netflix idk","split screen sadness"],"messages_no":8,"bad_words":[],"bad_words_no":0,"weight":0,"location":[[35.79745604,-86.39767008],[35.79753424,-86.39804862],[35.79745604,-86.39767008],[35.79753424,-86.39804862],[35.79769105,-86.39801805],[35.79745604,-86.39767008],[35.79753424,-86.39804862],[35.79769105,-86.39801805]],"friends":[1,2,3,4]}