{"messages":["Is there a mercy rule or what?...","Is there a mercy rule or what?...","@mdawghope when did you go skydiving?!","Is there a mercy rule or what?...","@mdawghope when did you go skydiving?!"],"messages_no":5,"bad_words":[],"bad_words_no":0,"weight":0,"location":[[46.04795305,-118.31730405],[46.04795305,-118.31730405],[46.04243823,-118.29772156],[46.04795305,-118.31730405],[46.04243823,-118.29772156]],"friends":[1,2,3,4]}