{"messages":["5-0 wtf I didn't know the Rockies and Mariners are playing \ud83d\ude02\ud83d\ude02\ud83d\ude02\ud83d\ude02","5-0 wtf I didn't know the Rockies and Mariners are playing \ud83d\ude02\ud83d\ude02\ud83d\ude02\ud83d\ude02","5-0 wtf I didn't know the Rockies and Mariners are playing \ud83d\ude02\ud83d\ude02\ud83d\ude02\ud83d\ude02"],"messages_no":3,"bad_words":[],"bad_words_no":0,"weight":0,"location":[[37.25071925,-121.85654526],[37.25071925,-121.85654526],[37.25071925,-121.85654526]],"friends":[1,2,3,4]}