{"messages":["@Ryan_Boyd22 how about that huh?","@Ryan_Boyd22 how about that huh?","@Ryan_Boyd22 how about that huh?"],"messages_no":3,"bad_words":[],"bad_words_no":0,"weight":0,"location":[[39.33224353,-82.10446414],[39.33224353,-82.10446414],[39.33224353,-82.10446414]],"friends":[1,2,3,4]}