{"messages":["Someone take me to jack Johnson","Someone take me to jack Johnson","Someone take me to jack Johnson","Someone take me to jack Johnson"],"messages_no":4,"bad_words":[],"bad_words_no":0,"weight":0,"location":[39.13579559,-77.19371033,39.13579559,-77.19371033,39.13579559,-77.19371033,39.13579559,-77.19371033]}