{"messages":["Earn respect not attention it lasts longer","Earn respect not attention it lasts longer","There's so many UK fans in the lobby for the basketball game \ud83d\ude02\ud83d\ude02\ud83d\ude37\ud83d\ude37\ud83d\ude37","Earn respect not attention it lasts longer","Earn respect not attention it lasts longer","There's so many UK fans in the lobby for the basketball game \ud83d\ude02\ud83d\ude02\ud83d\ude37\ud83d\ude37\ud83d\ude37","There's so many UK fans in the lobby for the basketball game \ud83d\ude02\ud83d\ude02\ud83d\ude37\ud83d\ude37\ud83d\ude37"],"messages_no":7,"bad_words":[],"bad_words_no":0,"weight":0,"location":[36.12841775,-86.66938154,36.12841775,-86.66938154,38.93415058,-92.32516525,36.12841775,-86.66938154,36.12841775,-86.66938154,38.93415058,-92.32516525,38.93415058,-92.32516525]}