{"messages":["Round 2 tonight! #pumped","Round 2 tonight! #pumped","Round 2 tonight! #pumped"],"messages_no":3,"bad_words":[],"bad_words_no":0,"weight":0,"location":[38.5864312,-121.4130503,38.5864312,-121.4130503,38.5864312,-121.4130503]}