{"messages":["Bruno Mars is that nigga.","Bruno Mars is that nigga.","Bruno Mars is that nigga."],"messages_no":3,"bad_words":[],"bad_words_no":3,"weight":0,"location":[[43.10932259,-79.03520482],[43.10932259,-79.03520482],[43.10932259,-79.03520482]],"friends":[1,2,3,4]}