{"messages":["@savingcas ...why","@savingcas ...why","@savingcas ...why"],"messages_no":3,"bad_words":[],"bad_words_no":0,"weight":0,"location":[[38.56086273,-90.55691259],[38.56086273,-90.55691259],[38.56086273,-90.55691259]],"friends":[1,2,3,4]}