{"messages":["Can't wait to be cuddled with Jake \ud83d\udc96","One day you'll really piss me off and that'll be that","I wanna go to build a bear \ud83d\udc3b","This commercial \ud83d\ude02\ud83d\ude02"],"messages_no":4,"bad_words":[],"bad_words_no":1,"weight":0,"location":[[42.4216369,-71.6013078],[42.07779694,-71.84682288],[42.07775319,-71.84669831],[42.07761778,-71.84691994]]}