{"messages":["people are such bandwagons it's annoying as fuck.","I just wanna feel important tbh","\u201c@IamRonnieBanks: Stay strong. Even when it feels like everything is falling apart..\u201d","people are such bandwagons it's annoying as fuck.","I just wanna feel important tbh","\u201c@IamRonnieBanks: Stay strong. Even when it feels like everything is falling apart..\u201d","today sucks already\ud83d\ude14","\u201c@DESTINCONRAD: youre a thottie\u201d","people are such bandwagons it's annoying as fuck.","I just wanna feel important tbh","\u201c@IamRonnieBanks: Stay strong. Even when it feels like everything is falling apart..\u201d"],"messages_no":11,"bad_words":[],"bad_words_no":3,"weight":0,"location":[[42.76692559,-87.79039194],[42.76715792,-87.79033018],[42.7669268,-87.7903761],[42.76692559,-87.79039194],[42.76715792,-87.79033018],[42.7669268,-87.7903761],[42.76688946,-87.790403],[42.74724836,-87.80900907],[42.76692559,-87.79039194],[42.76715792,-87.79033018],[42.7669268,-87.7903761]],"friends":[1,2,3,4]}