{"messages":["318-your nice af\ud83d\udc4c and i miss 4th hour","Young niggas gettin money","318-your nice af\ud83d\udc4c and i miss 4th hour","Young niggas gettin money","Young niggas gettin money"],"messages_no":5,"bad_words":[],"bad_words_no":3,"weight":0,"location":[42.65648902,-82.90209954,42.65653671,-82.90181945,42.65648902,-82.90209954,42.65653671,-82.90181945,42.65653671,-82.90181945]}