{"messages":["RFT\u201c@Lola_BearBoo: If you can't handle the truth, then I can't fvck with you\u201d","@tianaarodriguez your welcome!! \ud83c\udf88\ud83c\udf89\ud83c\udf8a\ud83c\udf81. Hope it's a good one!","@MackiScroggs doesn't talk to me anymore \u270b\ud83d\ude29","RFT\u201c@Lola_BearBoo: If you can't handle the truth, then I can't fvck with you\u201d","@tianaarodriguez your welcome!! \ud83c\udf88\ud83c\udf89\ud83c\udf8a\ud83c\udf81. Hope it's a good one!","@MackiScroggs doesn't talk to me anymore \u270b\ud83d\ude29","RFT\u201c@Lola_BearBoo: If you can't handle the truth, then I can't fvck with you\u201d","@tianaarodriguez your welcome!! \ud83c\udf88\ud83c\udf89\ud83c\udf8a\ud83c\udf81. Hope it's a good one!","@MackiScroggs doesn't talk to me anymore \u270b\ud83d\ude29"],"messages_no":9,"bad_words":[],"bad_words_no":0,"weight":0,"location":[[28.64312995,-81.17775962],[28.64307257,-81.17793283],[28.64316121,-81.1779957],[28.64312995,-81.17775962],[28.64307257,-81.17793283],[28.64316121,-81.1779957],[28.64312995,-81.17775962],[28.64307257,-81.17793283],[28.64316121,-81.1779957]],"friends":[1,2,3,4]}