{"messages":["FEB 7th Project\ud83d\udc4c http:\/\/t.co\/c6uoCEClQs","CLUB ICE ITS GOING DOWN HOSTED BY ME AND @_DJQP_ #GrowNsexy\u2757\ufe0f\u2757\ufe0f\u2757\ufe0f","Hate When Girls You Used To Talk To Try To Make You Mad By Saying I Talk To Somebody So Leave Me Alone \ud83d\ude02","FEB 7th Project\ud83d\udc4c http:\/\/t.co\/c6uoCEClQs","CLUB ICE ITS GOING DOWN HOSTED BY ME AND @_DJQP_ #GrowNsexy\u2757\ufe0f\u2757\ufe0f\u2757\ufe0f","Hate When Girls You Used To Talk To Try To Make You Mad By Saying I Talk To Somebody So Leave Me Alone \ud83d\ude02","Ladies Quote This With A Pretty Selfie \ud83d\ude48\ud83d\udc4c\ud83d\udcf7","FEB 7th Project\ud83d\udc4c http:\/\/t.co\/c6uoCEClQs","CLUB ICE ITS GOING DOWN HOSTED BY ME AND @_DJQP_ #GrowNsexy\u2757\ufe0f\u2757\ufe0f\u2757\ufe0f","Hate When Girls You Used To Talk To Try To Make You Mad By Saying I Talk To Somebody So Leave Me Alone \ud83d\ude02"],"messages_no":10,"bad_words":[],"bad_words_no":0,"weight":0,"location":[[33.64919731,-95.53415789],[33.64915469,-95.53418966],[33.64898411,-95.53416599],[33.64919731,-95.53415789],[33.64915469,-95.53418966],[33.64898411,-95.53416599],[33.64917719,-95.53416339],[33.64919731,-95.53415789],[33.64915469,-95.53418966],[33.64898411,-95.53416599]],"friends":[1,2,3,4]}