{"messages":["Game over","Game over","Game over"],"messages_no":3,"bad_words":[],"bad_words_no":0,"weight":0,"location":[[45.57242811,-122.73077104],[45.57242811,-122.73077104],[45.57242811,-122.73077104]],"friends":[1,2,3,4]}