{"messages":["@Bl4ck_Macgyver 49ers and Broncos game. Denver lost 55-10","@Bl4ck_Macgyver 49ers and Broncos game. Denver lost 55-10","@Bl4ck_Macgyver 49ers and Broncos game. Denver lost 55-10"],"messages_no":3,"bad_words":[],"bad_words_no":0,"weight":0,"location":[[40.23186535,-83.39021434],[40.23186535,-83.39021434],[40.23186535,-83.39021434]],"friends":[1,2,3,4]}