{"messages":["@lionlove717 you are \ud83d\udc6f","@lionlove717 you are \ud83d\udc6f"],"messages_no":2,"bad_words":[],"bad_words_no":0,"weight":0,"location":[43.59462671,-84.77642225,43.59462671,-84.77642225]}