{"messages":["Last of it \ud83d\udc81 http:\/\/t.co\/55NH6vO0x3","Last of it \ud83d\udc81 http:\/\/t.co\/55NH6vO0x3","Good work out","Last of it \ud83d\udc81 http:\/\/t.co\/55NH6vO0x3"],"messages_no":4,"bad_words":[],"bad_words_no":0,"weight":0,"location":[[29.4277244,-98.70013914],[29.4277244,-98.70013914],[29.43653517,-98.68579179],[29.4277244,-98.70013914]],"friends":[1,2,3,4]}