{"messages":["I'm up !","I'm up !","I'm up !"],"messages_no":3,"bad_words":[],"bad_words_no":0,"weight":0,"location":[31.8160754,-85.9578789,31.8160754,-85.9578789,31.8160754,-85.9578789]}