{"messages":["This station is so weird wth","Talk dirty to me","This station is so weird wth","Talk dirty to me","Close enough for you to taste but you just can't touch","This station is so weird wth","Talk dirty to me","Close enough for you to taste but you just can't touch"],"messages_no":8,"bad_words":[],"bad_words_no":0,"weight":0,"location":[[40.7732052,-74.02729631],[40.77322216,-74.02715257],[40.7732052,-74.02729631],[40.77322216,-74.02715257],[40.77324507,-74.02731238],[40.7732052,-74.02729631],[40.77322216,-74.02715257],[40.77324507,-74.02731238]],"friends":[1,2,3,4]}