{"messages":["Seattle coming out strong! Broncos look lost lol","Seattle coming out strong! Broncos look lost lol","Now i got my sack right nigga.","Seattle coming out strong! Broncos look lost lol","Now i got my sack right nigga."],"messages_no":5,"bad_words":[],"bad_words_no":2,"weight":0,"location":[[29.48781997,-98.70625592],[29.48781997,-98.70625592],[29.43094159,-98.74372127],[29.48781997,-98.70625592],[29.43094159,-98.74372127]],"friends":[1,2,3,4]}