{"messages":["I live in a Dark Paradise \ud83d\udc80\ud83c\udf08\u2600","I live in a Dark Paradise \ud83d\udc80\ud83c\udf08\u2600","I live in a Dark Paradise \ud83d\udc80\ud83c\udf08\u2600"],"messages_no":3,"bad_words":[],"bad_words_no":0,"weight":0,"location":[[18.3111607,-65.6557459],[18.3111607,-65.6557459],[18.3111607,-65.6557459]],"friends":[1,2,3,4]}