{"messages":["This is tearing me apart.","This is tearing me apart.","Fuck you Adrian i seen that shit hoe .","Omfg , just seen Uriel ! :O","This is tearing me apart."],"messages_no":5,"bad_words":[],"bad_words_no":2,"weight":0,"location":[[29.7351644,-95.2944087],[29.7351644,-95.2944087],[29.7351585,-95.2944277],[29.7350999,-95.294334],[29.7351644,-95.2944087]],"friends":[1,2,3,4]}