{"messages":["\u201c@kingg_Diaz: @Mshaheed2006 lol i mean you can try \ud83d\ude02\u201dok yaaay","\u201c@kingg_Diaz: @Mshaheed2006 lol i mean you can try \ud83d\ude02\u201dok yaaay","\u201c@kingg_Diaz: @Mshaheed2006 lol i mean you can try \ud83d\ude02\u201dok yaaay"],"messages_no":3,"bad_words":[],"bad_words_no":0,"weight":0,"location":[[42.65147943,-71.30702559],[42.65147943,-71.30702559],[42.65147943,-71.30702559]],"friends":[1,2,3,4]}