{"messages":["It's my baby's bday \ud83d\udc97","It's my baby's bday \ud83d\udc97","It's my baby's bday \ud83d\udc97"],"messages_no":3,"bad_words":[],"bad_words_no":0,"weight":0,"location":[[36.75630465,-76.05338394],[36.75630465,-76.05338394],[36.75630465,-76.05338394]],"friends":[1,2,3,4]}