{"messages":["Sugar were goin down swinging","Sugar were goin down swinging","Death is a weird process","Sugar were goin down swinging","Death is a weird process"],"messages_no":5,"bad_words":[],"bad_words_no":0,"weight":0,"location":[[40.68283867,-112.02502779],[40.68283867,-112.02502779],[40.66874607,-112.01705559],[40.68283867,-112.02502779],[40.66874607,-112.01705559]],"friends":[1,2,3,4]}