{"messages":["Dont hold back","Its beautiful out .","You got it bad","Dont hold back","Its beautiful out .","Its beautiful out ."],"messages_no":6,"bad_words":[],"bad_words_no":0,"weight":0,"location":[40.9392127,-74.1450632,40.9137012,-74.0737826,40.9383249,-74.1427557,40.9392127,-74.1450632,40.9137012,-74.0737826,40.9137012,-74.0737826]}