{"messages":["I love lemon water #\ud83c\udf4b\ud83d\udca6","I love lemon water #\ud83c\udf4b\ud83d\udca6","\u201c@SexTaIk: Don't tell me what to do unless you're naked.\u201d\ud83d\ude48","I love lemon water #\ud83c\udf4b\ud83d\udca6"],"messages_no":4,"bad_words":[],"bad_words_no":0,"weight":0,"location":[[35.10022225,-92.43679202],[35.10022225,-92.43679202],[34.43780649,-94.40841227],[35.10022225,-92.43679202]],"friends":[1,2,3,4]}