{"messages":["#getnaked","Orange juice &gt;&gt;&gt;","Who wants to get drunk?"],"messages_no":3,"bad_words":[],"bad_words_no":0,"weight":0,"location":[[44.67607067,-93.17283852],[44.67600942,-93.17249995],[44.67601883,-93.17268764]]}