{"messages":["Let's go Seahawks","Honestly that would be sweet if the Seahawks won by a shutout","Touchdown.      Game the fuck over","Let's go Seahawks","Honestly that would be sweet if the Seahawks won by a shutout","Touchdown.      Game the fuck over","Let's go Seahawks","Honestly that would be sweet if the Seahawks won by a shutout","Touchdown.      Game the fuck over"],"messages_no":9,"bad_words":[],"bad_words_no":3,"weight":0,"location":[[41.64167205,-81.37566123],[41.6415856,-81.37554668],[41.64153116,-81.3755367],[41.64167205,-81.37566123],[41.6415856,-81.37554668],[41.64153116,-81.3755367],[41.64167205,-81.37566123],[41.6415856,-81.37554668],[41.64153116,-81.3755367]],"friends":[1,2,3,4]}