{"messages":["Who you throwing it to Peyton","Who you throwing it to Peyton","It's never too late to have a beer","Who you throwing it to Peyton"],"messages_no":4,"bad_words":[],"bad_words_no":0,"weight":0,"location":[[42.43196479,-83.41629669],[42.43196479,-83.41629669],[42.43193981,-83.41633986],[42.43196479,-83.41629669]],"friends":[1,2,3,4]}