{"messages":["DWade!","DWade!","DWade!"],"messages_no":3,"bad_words":[],"bad_words_no":0,"weight":0,"location":[[42.19105137,-71.13380045],[42.19105137,-71.13380045],[42.19105137,-71.13380045]],"friends":[1,2,3,4]}