{"messages":["Love Hurts","Love Hurts"],"messages_no":2,"bad_words":[],"bad_words_no":0,"weight":0,"location":[32.7040195,-117.0765108,32.7040195,-117.0765108]}