{"messages":["#oomf is too cute \ud83d\ude0b\ud83d\ude1a\ud83d\ude0d","#oomf is too cute \ud83d\ude0b\ud83d\ude1a\ud83d\ude0d","#oomf is too cute \ud83d\ude0b\ud83d\ude1a\ud83d\ude0d","#oomf is too cute \ud83d\ude0b\ud83d\ude1a\ud83d\ude0d"],"messages_no":4,"bad_words":[],"bad_words_no":0,"weight":0,"location":[41.0265737,-80.6806897,41.0265737,-80.6806897,41.0265737,-80.6806897,41.0265737,-80.6806897]}