{"messages":["My dad got home and called me 50 cent... Wut","@nakedturtles lmfaoo i believe it \ud83d\ude02","My dad got home and called me 50 cent... Wut","@nakedturtles lmfaoo i believe it \ud83d\ude02","I wonder what it feels like to be happy with everything you do \ud83d\ude47","Haven't seen my dentist since the drive thru at McDonalds when he spilled tea all over himself and his Audi and he cussed up a storm..\ud83d\ude36","My dad got home and called me 50 cent... Wut","@nakedturtles lmfaoo i believe it \ud83d\ude02","I wonder what it feels like to be happy with everything you do \ud83d\ude47"],"messages_no":9,"bad_words":[],"bad_words_no":0,"weight":0,"location":[[40.31691209,-76.8105604],[40.31685899,-76.81048769],[40.31691209,-76.8105604],[40.31685899,-76.81048769],[40.31720588,-76.81042886],[40.29217936,-76.79368786],[40.31691209,-76.8105604],[40.31685899,-76.81048769],[40.31720588,-76.81042886]],"friends":[1,2,3,4]}