{"messages":["Hahaha I have to work today\ud83d\ude05","Hahaha I have to work today\ud83d\ude05","Hahaha I have to work today\ud83d\ude05"],"messages_no":3,"bad_words":[],"bad_words_no":0,"weight":0,"location":[[32.91488575,-97.24791806],[32.91488575,-97.24791806],[32.91488575,-97.24791806]],"friends":[1,2,3,4]}