{"messages":["This got my stomach on 10","This got my stomach on 10","Only know you love her when you let her go","This got my stomach on 10","Only know you love her when you let her go"],"messages_no":5,"bad_words":[],"bad_words_no":0,"weight":0,"location":[[42.38383908,-87.85756404],[42.38383908,-87.85756404],[42.38380653,-87.85762443],[42.38383908,-87.85756404],[42.38380653,-87.85762443]],"friends":[1,2,3,4]}