{"messages":["Like frfr I wanna eat out or summ","Don't @ me talking nonsense I'll unfollow yo ass","Like frfr I wanna eat out or summ","Don't @ me talking nonsense I'll unfollow yo ass","Like frfr I wanna eat out or summ","Don't @ me talking nonsense I'll unfollow yo ass"],"messages_no":6,"bad_words":[],"bad_words_no":0,"weight":0,"location":[[34.71507909,-81.21512439],[34.71516602,-81.21473511],[34.71507909,-81.21512439],[34.71516602,-81.21473511],[34.71507909,-81.21512439],[34.71516602,-81.21473511]],"friends":[1,2,3,4]}