{"messages":["OOOOOOOO SAFETYYY GO HAWKS","OOOOOOOO SAFETYYY GO HAWKS","OOOOOOOO SAFETYYY GO HAWKS"],"messages_no":3,"bad_words":[],"bad_words_no":0,"weight":0,"location":[[38.93422243,-77.07704933],[38.93422243,-77.07704933],[38.93422243,-77.07704933]],"friends":[1,2,3,4]}