{"messages":["f is for friends who never hangout with you.","f is for friends who never hangout with you.","wow no regional 11 up there. \ud83d\ude12\ud83d\ude12\ud83d\ude12 http:\/\/t.co\/50xfmpCZmp","\u201c@tbhyoureratchet: the \"i\" in princess? \n\nyeah, that's me\u201d@jalcbart","@adenjaydexox luv u \ud83d\ude18","f is for friends who never hangout with you.","wow no regional 11 up there. \ud83d\ude12\ud83d\ude12\ud83d\ude12 http:\/\/t.co\/50xfmpCZmp"],"messages_no":7,"bad_words":[],"bad_words_no":0,"weight":0,"location":[[41.8002277,-72.1449441],[41.8002277,-72.1449441],[41.80023721,-72.14486911],[41.80013511,-72.14480371],[41.80002603,-72.14488302],[41.8002277,-72.1449441],[41.80023721,-72.14486911]],"friends":[1,2,3,4]}