{"messages":["I mean... I've came a long way.","I mean... I've came a long way.","Scrub a dub dub \ud83c\udfca http:\/\/t.co\/nrvtzgtxtU","I mean... I've came a long way."],"messages_no":4,"bad_words":[],"bad_words_no":0,"weight":0,"location":[[39.61210655,-104.81118187],[39.61210655,-104.81118187],[39.60654915,-104.79936786],[39.61210655,-104.81118187]],"friends":[1,2,3,4]}