{"messages":["@HitStickGG3 preciate it","@HitStickGG3 preciate it","@HitStickGG3 preciate it"],"messages_no":3,"bad_words":[],"bad_words_no":0,"weight":0,"location":[32.81965067,-96.87420493,32.81965067,-96.87420493,32.81965067,-96.87420493]}