{"messages":["I look at you with so much hope","Lmao hype","I look at you with so much hope","Lmao hype","I can walk for dayyysss","It's not me and you. It's not me, it's you.","You get loud, I can get louder","I look at you with so much hope","Lmao hype","I can walk for dayyysss"],"messages_no":10,"bad_words":[],"bad_words_no":0,"weight":0,"location":[[28.0069851,-82.4678278],[28.030006,-82.4006084],[28.0069851,-82.4678278],[28.030006,-82.4006084],[28.0085339,-82.4729086],[28.0045893,-82.4698533],[28.0004955,-82.4831543],[28.0069851,-82.4678278],[28.030006,-82.4006084],[28.0085339,-82.4729086]],"friends":[1,2,3,4]}