{"messages":["Just run out the clock","Just run out the clock","Just run out the clock"],"messages_no":3,"bad_words":[],"bad_words_no":0,"weight":0,"location":[[32.8193266,-96.9681315],[32.8193266,-96.9681315],[32.8193266,-96.9681315]],"friends":[1,2,3,4]}