{"messages":["I MISS SUMMER SO MUCH.","I MISS SUMMER SO MUCH.","I unfollow at least one person a day and I don't even mean to.","@ElishaGammalo should of.","Game time.","I MISS SUMMER SO MUCH."],"messages_no":6,"bad_words":[],"bad_words_no":0,"weight":0,"location":[[41.41180371,-81.98770411],[41.41180371,-81.98770411],[41.41177486,-81.98769235],[41.41183445,-81.98770699],[41.3831522,-82.05817317],[41.41180371,-81.98770411]],"friends":[1,2,3,4]}