{"messages":["@x_MariG the phone going to voicemail why she ain't out here yet","Baby you a gold bottle \ud83d\ude4c\ud83d\ude0d\ud83d\ude18","@x_MariG the phone going to voicemail why she ain't out here yet","Baby you a gold bottle \ud83d\ude4c\ud83d\ude0d\ud83d\ude18","@x_MariG the phone going to voicemail why she ain't out here yet","Baby you a gold bottle \ud83d\ude4c\ud83d\ude0d\ud83d\ude18"],"messages_no":6,"bad_words":[],"bad_words_no":0,"weight":0,"location":[[41.78350288,-87.63707744],[41.78336942,-87.63704599],[41.78350288,-87.63707744],[41.78336942,-87.63704599],[41.78350288,-87.63707744],[41.78336942,-87.63704599]],"friends":[1,2,3,4]}