{"messages":["Igot to changee dhatt \ud83d\udc4c","Galaxy battery die to fast","Igot to changee dhatt \ud83d\udc4c","Galaxy battery die to fast","Igot to changee dhatt \ud83d\udc4c","Galaxy battery die to fast"],"messages_no":6,"bad_words":[],"bad_words_no":0,"weight":0,"location":[[33.794027,-79.0023852],[33.794027,-79.0023852],[33.794027,-79.0023852],[33.794027,-79.0023852],[33.794027,-79.0023852],[33.794027,-79.0023852]],"friends":[1,2,3,4]}