{"messages":["Ugh.. I'm bored..","Ugh.. I'm bored..","Ugh.. I'm bored.."],"messages_no":3,"bad_words":[],"bad_words_no":0,"weight":0,"location":[[34.4615559,-79.1973077],[34.4615559,-79.1973077],[34.4615559,-79.1973077]],"friends":[1,2,3,4]}