{"messages":["BRT THING EVER","BRT THING EVER","BRT THING EVER"],"messages_no":3,"bad_words":[],"bad_words_no":0,"weight":0,"location":[[32.69351605,-96.78315044],[32.69351605,-96.78315044],[32.69351605,-96.78315044]],"friends":[1,2,3,4]}