{"messages":["Shut it lol","Shut it lol","Seafence.","Shut it lol","Shut it lol"],"messages_no":5,"bad_words":[],"bad_words_no":0,"weight":0,"location":[29.6797538,-95.1908194,29.6797538,-95.1908194,29.6787103,-95.2046659,29.6797538,-95.1908194,29.6797538,-95.1908194]}