{"messages":["@neweltorrrrito how do?","These niggas swear they got that grade A lmao \ud83d\ude06\ud83d\ude06\ud83d\ude0f\ud83d\ude11","@neweltorrrrito how do?","@neweltorrrrito how do?","These niggas swear they got that grade A lmao \ud83d\ude06\ud83d\ude06\ud83d\ude0f\ud83d\ude11","These niggas swear they got that grade A lmao \ud83d\ude06\ud83d\ude06\ud83d\ude0f\ud83d\ude11"],"messages_no":6,"bad_words":[],"bad_words_no":3,"weight":0,"location":[38.03008785,-121.28246242,38.03013721,-121.28243275,38.03008785,-121.28246242,38.03008785,-121.28246242,38.03013721,-121.28243275,38.03013721,-121.28243275]}