{"messages":["People who have a staring problem. \ud83d\ude21\ud83d\ude21\ud83d\ude21","People who have a staring problem. \ud83d\ude21\ud83d\ude21\ud83d\ude21","People who have a staring problem. \ud83d\ude21\ud83d\ude21\ud83d\ude21"],"messages_no":3,"bad_words":[],"bad_words_no":0,"weight":0,"location":[[35.35101538,-94.34568965],[35.35101538,-94.34568965],[35.35101538,-94.34568965]],"friends":[1,2,3,4]}