{"messages":["Scoreboard","Scoreboard","Scoreboard"],"messages_no":3,"bad_words":[],"bad_words_no":0,"weight":0,"location":[[41.19636101,-83.34806371],[41.19636101,-83.34806371],[41.19636101,-83.34806371]],"friends":[1,2,3,4]}