{"messages":["While I'm tweeting","While I'm tweeting","While I'm tweeting"],"messages_no":3,"bad_words":[],"bad_words_no":0,"weight":0,"location":[[33.6919126,-93.5929795],[33.6919126,-93.5929795],[33.6919126,-93.5929795]],"friends":[1,2,3,4]}