{"messages":["no better mood music than the weeknd\u2764\ufe0f","no better mood music than the weeknd\u2764\ufe0f","it's selfie sunday so http:\/\/t.co\/XFSwhqMIkt","no better mood music than the weeknd\u2764\ufe0f","no better mood music than the weeknd\u2764\ufe0f"],"messages_no":5,"bad_words":[],"bad_words_no":0,"weight":0,"location":[41.18232518,-112.06129714,41.18232518,-112.06129714,41.18231127,-112.06091093,41.18232518,-112.06129714,41.18232518,-112.06129714]}