{"messages":["How the fuck \ud83d\ude33","How the fuck \ud83d\ude33","How the fuck \ud83d\ude33"],"messages_no":3,"bad_words":[],"bad_words_no":3,"weight":0,"location":[[29.00867806,-82.18708208],[29.00867806,-82.18708208],[29.00867806,-82.18708208]],"friends":[1,2,3,4]}