{"messages":["Royale with cheese, please.","Royale with cheese, please.","Royale with cheese, please."],"messages_no":3,"bad_words":[],"bad_words_no":0,"weight":0,"location":[[35.35133302,-79.10306784],[35.35133302,-79.10306784],[35.35133302,-79.10306784]],"friends":[1,2,3,4]}