{"messages":["LOLOL ! Dead af \ud83d\ude2d\ud83d\ude2d he looked so dumb &amp; nerdy \ud83d\ude02 but that's yo baeee \ud83d\ude0d\ud83d\ude0c","I'm yours if you're still around \ud83d\udc9e","LOLOL ! Dead af \ud83d\ude2d\ud83d\ude2d he looked so dumb &amp; nerdy \ud83d\ude02 but that's yo baeee \ud83d\ude0d\ud83d\ude0c","I'm yours if you're still around \ud83d\udc9e","LOLOL ! Dead af \ud83d\ude2d\ud83d\ude2d he looked so dumb &amp; nerdy \ud83d\ude02 but that's yo baeee \ud83d\ude0d\ud83d\ude0c","I'm yours if you're still around \ud83d\udc9e"],"messages_no":6,"bad_words":[],"bad_words_no":0,"weight":0,"location":[[34.68118217,-118.17255707],[34.68109701,-118.17247049],[34.68118217,-118.17255707],[34.68109701,-118.17247049],[34.68118217,-118.17255707],[34.68109701,-118.17247049]],"friends":[1,2,3,4]}