{"messages":["Damn Cam Chancellor","Damn Cam Chancellor","Damn Cam Chancellor"],"messages_no":3,"bad_words":[],"bad_words_no":0,"weight":0,"location":[[41.9587029,-71.28881328],[41.9587029,-71.28881328],[41.9587029,-71.28881328]],"friends":[1,2,3,4]}