{"messages":["@Myyy_Lifeee garlic butter","Noodles hit the spot.","@Myyy_Lifeee garlic butter"],"messages_no":3,"bad_words":[],"bad_words_no":0,"weight":0,"location":[44.96369612,-93.16600119,44.95501583,-93.15640396,44.96369612,-93.16600119]}