{"messages":["This oj hit the spot \ud83c\udf4b","This oj hit the spot \ud83c\udf4b","This oj hit the spot \ud83c\udf4b"],"messages_no":3,"bad_words":[],"bad_words_no":0,"weight":0,"location":[[29.46728017,-98.68619469],[29.46728017,-98.68619469],[29.46728017,-98.68619469]],"friends":[1,2,3,4]}