{"messages":["No compromise #SB48","No compromise #SB48","No compromise #SB48"],"messages_no":3,"bad_words":[],"bad_words_no":0,"weight":0,"location":[[43.1440866,-95.1559651],[43.1440866,-95.1559651],[43.1440866,-95.1559651]],"friends":[1,2,3,4]}