{"messages":["#EsuranceSave30","#EsuranceSave30","#EsuranceSave30"],"messages_no":3,"bad_words":[],"bad_words_no":0,"weight":0,"location":[[40.8406269,-74.09419024],[40.8406269,-74.09419024],[40.8406269,-74.09419024]],"friends":[1,2,3,4]}