{"messages":["Losing my voice","Losing my voice"],"messages_no":2,"bad_words":[],"bad_words_no":0,"weight":0,"location":[39.07270201,-76.56225345,39.07270201,-76.56225345]}