{"messages":["Lady Reign looked amazing \ud83d\ude3b","Lady Reign looked amazing \ud83d\ude3b","Lady Reign looked amazing \ud83d\ude3b"],"messages_no":3,"bad_words":[],"bad_words_no":0,"weight":0,"location":[[39.36610379,-74.48041623],[39.36610379,-74.48041623],[39.36610379,-74.48041623]],"friends":[1,2,3,4]}