{"messages":["@fefemichelle \nnothing at all.\ud83d\ude2a","@fefemichelle \nnothing at all.\ud83d\ude2a","ha. Goodnight\ud83d\udc93","@fefemichelle \nnothing at all.\ud83d\ude2a"],"messages_no":4,"bad_words":[],"bad_words_no":3,"weight":0,"location":[[43.16202773,-87.99018465],[43.16202773,-87.99018465],[42.73171152,-87.83632754],[43.16202773,-87.99018465]],"friends":[1,2,3,4]}