{"messages":["Okay that was amazing \ud83d\udc4d","Okay that was amazing \ud83d\udc4d","Okay that was amazing \ud83d\udc4d"],"messages_no":3,"bad_words":[],"bad_words_no":0,"weight":0,"location":[[35.35984781,-78.4168745],[35.35984781,-78.4168745],[35.35984781,-78.4168745]],"friends":[1,2,3,4]}