{"messages":["hate school","hate school"],"messages_no":2,"bad_words":[],"bad_words_no":0,"weight":0,"location":[32.60324345,-97.11740046,32.60324345,-97.11740046]}