{"messages":["Why not me??? #EsuranceSave30","Why not me??? #EsuranceSave30","Why not me??? #EsuranceSave30"],"messages_no":3,"bad_words":[],"bad_words_no":0,"weight":0,"location":[[37.2263684,-80.41774498],[37.2263684,-80.41774498],[37.2263684,-80.41774498]],"friends":[1,2,3,4]}