{"messages":["What is sleep?","What is sleep?","What is sleep?"],"messages_no":3,"bad_words":[],"bad_words_no":0,"weight":0,"location":[[37.7581566,-81.84727596],[37.7581566,-81.84727596],[37.7581566,-81.84727596]],"friends":[1,2,3,4]}