{"messages":["what the fuck","alreadyyyyy \ud83d\ude0f\ud83d\udc4f","what the fuck","alreadyyyyy \ud83d\ude0f\ud83d\udc4f","we're like fire and gasoline.. im no good for you, you're no good for me. we only bring each other tears and sorrow \ud83d\ude12","what the fuck","alreadyyyyy \ud83d\ude0f\ud83d\udc4f","we're like fire and gasoline.. im no good for you, you're no good for me. we only bring each other tears and sorrow \ud83d\ude12"],"messages_no":8,"bad_words":[],"bad_words_no":3,"weight":0,"location":[[32.54107982,-95.3790575],[32.54155575,-95.38012974],[32.54107982,-95.3790575],[32.54155575,-95.38012974],[32.501526,-95.42505279],[32.54107982,-95.3790575],[32.54155575,-95.38012974],[32.501526,-95.42505279]],"friends":[1,2,3,4]}