{"messages":["That text from @alexcherie14222 &gt;&gt;&gt; \ud83d\ude0a\u263a\ufe0f\ud83d\ude0d\ud83d\ude18","That text from @alexcherie14222 &gt;&gt;&gt; \ud83d\ude0a\u263a\ufe0f\ud83d\ude0d\ud83d\ude18","That text from @alexcherie14222 &gt;&gt;&gt; \ud83d\ude0a\u263a\ufe0f\ud83d\ude0d\ud83d\ude18"],"messages_no":3,"bad_words":[],"bad_words_no":0,"weight":0,"location":[37.18598032,-99.7654046,37.18598032,-99.7654046,37.18598032,-99.7654046]}