{"messages":["Goodnight \u270c\ud83d\udc4b\ud83d\udca4","\"@xo_GetAddicted: Oomf &gt;\" Awwww Thanks.","Goodnight \u270c\ud83d\udc4b\ud83d\udca4","\"@xo_GetAddicted: Oomf &gt;\" Awwww Thanks.","Really Need My Hair Did!","Goodnight \u270c\ud83d\udc4b\ud83d\udca4","\"@xo_GetAddicted: Oomf &gt;\" Awwww Thanks.","Really Need My Hair Did!"],"messages_no":8,"bad_words":[],"bad_words_no":0,"weight":0,"location":[[31.5662421,-84.121985],[31.5681065,-84.2035494],[31.5662421,-84.121985],[31.5681065,-84.2035494],[31.5585215,-84.171119],[31.5662421,-84.121985],[31.5681065,-84.2035494],[31.5585215,-84.171119]],"friends":[1,2,3,4]}