{"messages":["Nice catch boy lets go","I Lost $100 Oh well"],"messages_no":2,"bad_words":[],"bad_words_no":0,"weight":0,"location":[[29.93774137,-95.22121548],[29.93769628,-95.22117248]]}