{"messages":["Made some new homies tonight \ud83d\udc4c","Made some new homies tonight \ud83d\udc4c","Made some new homies tonight \ud83d\udc4c"],"messages_no":3,"bad_words":[],"bad_words_no":0,"weight":0,"location":[34.17583803,-118.08279241,34.17583803,-118.08279241,34.17583803,-118.08279241]}