{"messages":["GO SEAHAWKS!!","Denver fans you sad or nahh?","GO SEAHAWKS!!","Denver fans you sad or nahh?","GO SEAHAWKS!!","Denver fans you sad or nahh?"],"messages_no":6,"bad_words":[],"bad_words_no":0,"weight":0,"location":[[34.21994242,-118.45540549],[34.21985177,-118.45546039],[34.21994242,-118.45540549],[34.21985177,-118.45546039],[34.21994242,-118.45540549],[34.21985177,-118.45546039]],"friends":[1,2,3,4]}