{"messages":["J who?","Britney ugly ass didn't even text a nigga back damn \ud83d\ude24\ud83d\ude24\ud83d\ude24","J who?","Britney ugly ass didn't even text a nigga back damn \ud83d\ude24\ud83d\ude24\ud83d\ude24","J who?","Britney ugly ass didn't even text a nigga back damn \ud83d\ude24\ud83d\ude24\ud83d\ude24"],"messages_no":6,"bad_words":[],"bad_words_no":6,"weight":0,"location":[[33.10688955,-83.24687437],[33.106965,-83.24682029],[33.10688955,-83.24687437],[33.106965,-83.24682029],[33.10688955,-83.24687437],[33.106965,-83.24682029]],"friends":[1,2,3,4]}