{"messages":["@DianeNicole_17 yes \u263a\ufe0f McDonald's was so good \ud83d\ude0d","\u201c@caitie_alexis_: The radio sings our song\u201d","@DianeNicole_17 yes \u263a\ufe0f McDonald's was so good \ud83d\ude0d"],"messages_no":3,"bad_words":[],"bad_words_no":0,"weight":0,"location":[35.79110311,-84.2672651,35.78913145,-84.28740844,35.79110311,-84.2672651]}