{"messages":["\u201c@asiasimmone: No one will ever know who I'm talking to.\u201dlol I know \ud83d\udc40\ud83d\udc40\ud83d\udc40","\u201c@asiasimmone: No one will ever know who I'm talking to.\u201dlol I know \ud83d\udc40\ud83d\udc40\ud83d\udc40","Niggas claim they fucks with you but really don't","\u201c@asiasimmone: No one will ever know who I'm talking to.\u201dlol I know \ud83d\udc40\ud83d\udc40\ud83d\udc40","Niggas claim they fucks with you but really don't"],"messages_no":5,"bad_words":[],"bad_words_no":2,"weight":0,"location":[[36.90766396,-76.14844987],[36.90766396,-76.14844987],[36.90756686,-76.14842604],[36.90766396,-76.14844987],[36.90756686,-76.14842604]],"friends":[1,2,3,4]}