{"messages":["This whole worlds gone crazy","This whole worlds gone crazy","This whole worlds gone crazy","This whole worlds gone crazy"],"messages_no":4,"bad_words":[],"bad_words_no":0,"weight":0,"location":[36.76811726,-119.80497467,36.76811726,-119.80497467,36.76811726,-119.80497467,36.76811726,-119.80497467]}