{"messages":["I love the Seahawks!!! @tboland16","I love the Seahawks!!! @tboland16","I love the Seahawks!!! @tboland16"],"messages_no":3,"bad_words":[],"bad_words_no":0,"weight":0,"location":[[41.50194984,-90.49111934],[41.50194984,-90.49111934],[41.50194984,-90.49111934]],"friends":[1,2,3,4]}