{"messages":["#EsuranceSave30","#EsuranceSave30","#EsuranceSave30"],"messages_no":3,"bad_words":[],"bad_words_no":0,"weight":0,"location":[[44.93671132,-93.10385374],[44.93671132,-93.10385374],[44.93671132,-93.10385374]],"friends":[1,2,3,4]}