{"messages":["I might... Idk yet","I might... Idk yet","I might... Idk yet"],"messages_no":3,"bad_words":[],"bad_words_no":0,"weight":0,"location":[35.3106002,-81.1491789,35.3106002,-81.1491789,35.3106002,-81.1491789]}