{"messages":["That's just how it goes nigga","That's just how it goes nigga","That's just how it goes nigga"],"messages_no":3,"bad_words":[],"bad_words_no":3,"weight":0,"location":[[33.91855316,-118.37004557],[33.91855316,-118.37004557],[33.91855316,-118.37004557]],"friends":[1,2,3,4]}