{"messages":["Got my w2's.","Got my w2's."],"messages_no":2,"bad_words":[],"bad_words_no":0,"weight":0,"location":[37.1086705,-79.291467,37.1086705,-79.291467]}