{"messages":["@Rothitup I did! I'm just tired and ready to head home!","lost my medicine. I'm screwed. \ud83d\ude10","@Rothitup I did! I'm just tired and ready to head home!","@Rothitup I did! I'm just tired and ready to head home!","lost my medicine. I'm screwed. \ud83d\ude10","lost my medicine. I'm screwed. \ud83d\ude10"],"messages_no":6,"bad_words":[],"bad_words_no":3,"weight":0,"location":[38.92853801,-99.55919947,38.88178426,-99.32415708,38.92853801,-99.55919947,38.92853801,-99.55919947,38.88178426,-99.32415708,38.88178426,-99.32415708]}