{"messages":["Durant is on his top ball game \ud83c\udfc0","Durant is on his top ball game \ud83c\udfc0","Durant is on his top ball game \ud83c\udfc0"],"messages_no":3,"bad_words":[],"bad_words_no":0,"weight":0,"location":[41.62426093,-83.62258848,41.62426093,-83.62258848,41.62426093,-83.62258848]}