{"messages":["@TripleA_05 story of my life","@TripleA_05 story of my life","@TripleA_05 story of my life"],"messages_no":3,"bad_words":[],"bad_words_no":0,"weight":0,"location":[[41.30680298,-83.75232661],[41.30680298,-83.75232661],[41.30680298,-83.75232661]],"friends":[1,2,3,4]}