{"messages":["@Yoo_Vanna_902 baby u ok now?","@Yoo_Vanna_902 I don't","@Yoo_Vanna_902 baby u ok now?"],"messages_no":3,"bad_words":[],"bad_words_no":0,"weight":0,"location":[33.93505784,-118.34260745,33.93505807,-118.34271031,33.93505784,-118.34260745]}