{"messages":["Where the Super Bowl Party?","These walls thin af in this apt","Where the Super Bowl Party?","Where the Super Bowl Party?","These walls thin af in this apt"],"messages_no":5,"bad_words":[],"bad_words_no":0,"weight":0,"location":[34.04255121,-81.07882476,34.04255621,-81.07876305,34.04255121,-81.07882476,34.04255121,-81.07882476,34.04255621,-81.07876305]}