{"messages":["Happy birthday! @savannahl00 ily and miss you \u2764\ufe0f\ud83d\ude0b","@Huntercxx why is my brother at your house","Happy birthday! @savannahl00 ily and miss you \u2764\ufe0f\ud83d\ude0b","@Huntercxx why is my brother at your house","\ud83d\udc3b\ud83d\udc3b you seem nice and I think I've seen you around arbor a couple times \ud83d\ude0b","Happy birthday! @savannahl00 ily and miss you \u2764\ufe0f\ud83d\ude0b","@Huntercxx why is my brother at your house"],"messages_no":7,"bad_words":[],"bad_words_no":0,"weight":0,"location":[[36.27394357,-115.25944471],[36.27387478,-115.25945739],[36.27394357,-115.25944471],[36.27387478,-115.25945739],[36.27389364,-115.25942177],[36.27394357,-115.25944471],[36.27387478,-115.25945739]],"friends":[1,2,3,4]}