{"messages":["Every time I realize I'm not going to j cole a piece of me dies","I need a nap \ud83d\ude34","Every time I realize I'm not going to j cole a piece of me dies","I need a nap \ud83d\ude34"],"messages_no":4,"bad_words":[],"bad_words_no":0,"weight":0,"location":[41.58988235,-72.7080587,41.58996932,-72.70802445,41.58988235,-72.7080587,41.58996932,-72.70802445]}