{"messages":["@Chris_Cesari haha love ya creepy \ud83d\ude48\ud83d\ude4a\ud83d\ude49\ud83d\ude0a\ud83d\ude18","@Otiviaa \ud83d\ude02\ud83d\ude02\ud83d\ude02 it was me \ud83d\ude4b","@Chris_Cesari haha love ya creepy \ud83d\ude48\ud83d\ude4a\ud83d\ude49\ud83d\ude0a\ud83d\ude18","@Otiviaa \ud83d\ude02\ud83d\ude02\ud83d\ude02 it was me \ud83d\ude4b","I'm kinda digging the fact that our PV friends call us the maroon 5 \ud83d\ude02\ud83d\udc4c\ud83d\udc4f #BangorPride","@Chris_Cesari haha love ya creepy \ud83d\ude48\ud83d\ude4a\ud83d\ude49\ud83d\ude0a\ud83d\ude18","@Otiviaa \ud83d\ude02\ud83d\ude02\ud83d\ude02 it was me \ud83d\ude4b","I'm kinda digging the fact that our PV friends call us the maroon 5 \ud83d\ude02\ud83d\udc4c\ud83d\udc4f #BangorPride"],"messages_no":8,"bad_words":[],"bad_words_no":0,"weight":0,"location":[[40.92200789,-75.09942024],[40.83163869,-75.21749116],[40.92200789,-75.09942024],[40.83163869,-75.21749116],[40.9221059,-75.09919869],[40.92200789,-75.09942024],[40.83163869,-75.21749116],[40.9221059,-75.09919869]],"friends":[1,2,3,4]}