{"messages":["@uhohitsashlee oh I see \ud83d\ude02","@uhohitsashlee oh I see \ud83d\ude02","@uhohitsashlee oh I see \ud83d\ude02"],"messages_no":3,"bad_words":[],"bad_words_no":0,"weight":0,"location":[34.9284499,-87.00792409,34.9284499,-87.00792409,34.9284499,-87.00792409]}