{"messages":["everyone needs to see Freedom Writers","everyone needs to see Freedom Writers","everyone needs to see Freedom Writers","everyone needs to see Freedom Writers"],"messages_no":4,"bad_words":[],"bad_words_no":0,"weight":0,"location":[27.98260903,-82.34706131,27.98260903,-82.34706131,27.98260903,-82.34706131,27.98260903,-82.34706131]}