{"messages":["I want more freedom","I want more freedom"],"messages_no":2,"bad_words":[],"bad_words_no":0,"weight":0,"location":[44.89141925,-123.06138021,44.89141925,-123.06138021]}