{"messages":["Ahhhhhh","Ahhhhhh","Ahhhhhh"],"messages_no":3,"bad_words":[],"bad_words_no":0,"weight":0,"location":[[33.97589405,-101.33436284],[33.97589405,-101.33436284],[33.97589405,-101.33436284]],"friends":[1,2,3,4]}