{"messages":["Ahhhhhh","Ahhhhhh"],"messages_no":2,"bad_words":[],"bad_words_no":0,"weight":0,"location":[33.97589405,-101.33436284,33.97589405,-101.33436284]}