{"messages":["Pop that ass tho","You sound so dumb tho","@Imanolpena_ lol thanks \ud83d\udc81","Pop that ass tho","Pop that ass tho","You sound so dumb tho"],"messages_no":6,"bad_words":[],"bad_words_no":0,"weight":0,"location":[43.03014506,-83.08734988,43.03006207,-83.08745803,42.54750744,-83.43747935,43.03014506,-83.08734988,43.03014506,-83.08734988,43.03006207,-83.08745803]}