{"messages":["bx you GMFU \ud83d\ude33\ud83d\ude16\ud83d\ude37 @shortyfunsizee_ @_layybella","@DiamondNoflaws_ yesssss! \ud83d\ude29","bx you GMFU \ud83d\ude33\ud83d\ude16\ud83d\ude37 @shortyfunsizee_ @_layybella","@DiamondNoflaws_ yesssss! \ud83d\ude29","\u201c@uhBOSS_bx: Jaliyah bouta be happen my and my bby going to prom watch\ud83d\ude02\ud83d\ude48\u201d \ud83d\ude0d\ud83d\ude0d\ud83d\ude0d","@elizabethbishh goodnight bae \ud83d\ude02\ud83d\ude02","bx you GMFU \ud83d\ude33\ud83d\ude16\ud83d\ude37 @shortyfunsizee_ @_layybella","@DiamondNoflaws_ yesssss! \ud83d\ude29"],"messages_no":8,"bad_words":[],"bad_words_no":0,"weight":0,"location":[[30.41138307,-91.03808329],[30.41127142,-91.03800407],[30.41138307,-91.03808329],[30.41127142,-91.03800407],[30.41130491,-91.03800617],[30.41129497,-91.0380604],[30.41138307,-91.03808329],[30.41127142,-91.03800407]],"friends":[1,2,3,4]}