{"messages":["OMG we need something to do","OMG we need something to do","OMG we need something to do"],"messages_no":3,"bad_words":[],"bad_words_no":0,"weight":0,"location":[[41.06153201,-80.03175439],[41.06153201,-80.03175439],[41.06153201,-80.03175439]],"friends":[1,2,3,4]}