{"messages":["Shxt got old fast.","Shxt got old fast.","Shxt got old fast."],"messages_no":3,"bad_words":[],"bad_words_no":0,"weight":0,"location":[[35.09373391,-92.45461243],[35.09373391,-92.45461243],[35.09373391,-92.45461243]],"friends":[1,2,3,4]}