{"messages":["@Sidney_Bristol you got it","@Sidney_Bristol you got it","@Sidney_Bristol you got it"],"messages_no":3,"bad_words":[],"bad_words_no":0,"weight":0,"location":[[32.88607599,-97.14770593],[32.88607599,-97.14770593],[32.88607599,-97.14770593]],"friends":[1,2,3,4]}