{"messages":["Ugh!! Miss u.!","Ugh!! Miss u.!","Ugh!! Miss u.!"],"messages_no":3,"bad_words":[],"bad_words_no":0,"weight":0,"location":[40.69427082,-73.80939798,40.69427082,-73.80939798,40.69427082,-73.80939798]}