{"messages":["All she needed was some \ud83d\udc73","@DennistheBased I am the the ALMIGHTY PUSH","All she needed was some \ud83d\udc73","All she needed was some \ud83d\udc73","@DennistheBased I am the the ALMIGHTY PUSH","@DennistheBased I am the the ALMIGHTY PUSH"],"messages_no":6,"bad_words":[],"bad_words_no":0,"weight":0,"location":[41.84440816,-71.42382566,41.84434685,-71.42376501,41.84440816,-71.42382566,41.84440816,-71.42382566,41.84434685,-71.42376501,41.84434685,-71.42376501]}