{"messages":["I missssed meba\ud83d\ude29\ud83d\ude29\ud83d\ude02\ud83d\ude02\ud83d\ude02\u2764\ufe0f omg her Loud ass","I missssed meba\ud83d\ude29\ud83d\ude29\ud83d\ude02\ud83d\ude02\ud83d\ude02\u2764\ufe0f omg her Loud ass","I missssed meba\ud83d\ude29\ud83d\ude29\ud83d\ude02\ud83d\ude02\ud83d\ude02\u2764\ufe0f omg her Loud ass"],"messages_no":3,"bad_words":[],"bad_words_no":0,"weight":0,"location":[[41.29760717,-72.93361777],[41.29760717,-72.93361777],[41.29760717,-72.93361777]],"friends":[1,2,3,4]}