{"messages":["@Bmason50 will it be frozen?","@ConnorJLaughlin  yeah sure do ! why?","@Bmason50 will it be frozen?","@Bmason50 will it be frozen?","@ConnorJLaughlin  yeah sure do ! why?"],"messages_no":5,"bad_words":[],"bad_words_no":0,"weight":0,"location":[40.0583928,-83.0429259,40.0583928,-83.0429259,40.0583928,-83.0429259,40.0583928,-83.0429259,40.0583928,-83.0429259]}