{"messages":["DUI check point","DUI check point","DUI check point"],"messages_no":3,"bad_words":[],"bad_words_no":0,"weight":0,"location":[[33.2338608,-111.69454169],[33.2338608,-111.69454169],[33.2338608,-111.69454169]],"friends":[1,2,3,4]}