{"messages":["Shawty not cute at all","Shawty not cute at all","Yes, special priveledges \ud83d\ude01","Shawty not cute at all"],"messages_no":4,"bad_words":[],"bad_words_no":0,"weight":0,"location":[[38.8210723,-76.9781041],[38.8210723,-76.9781041],[38.8220266,-76.9980291],[38.8210723,-76.9781041]],"friends":[1,2,3,4]}