{"messages":["a kinder bar sounds amazing right now \ud83d\ude29\ud83d\ude29","a kinder bar sounds amazing right now \ud83d\ude29\ud83d\ude29","a kinder bar sounds amazing right now \ud83d\ude29\ud83d\ude29"],"messages_no":3,"bad_words":[],"bad_words_no":0,"weight":0,"location":[[41.75514776,-72.50676599],[41.75514776,-72.50676599],[41.75514776,-72.50676599]],"friends":[1,2,3,4]}