{"messages":["How you go from \"money over bitches\" to a hoe all up in your business","@TIMAtheRACER stop tweetin me wtf you have my number","Shoutout to my job again fml http:\/\/t.co\/deoYC78zjc","@TheSpvceGod yo you busy Wednesday","Curved or nah? http:\/\/t.co\/XHoFcBMPiQ","@CarmenDelRey_ I love you too","How you go from \"money over bitches\" to a hoe all up in your business","@TIMAtheRACER stop tweetin me wtf you have my number","How you go from \"money over bitches\" to a hoe all up in your business","@TIMAtheRACER stop tweetin me wtf you have my number","Shoutout to my job again fml http:\/\/t.co\/deoYC78zjc","Shoutout to my job again fml http:\/\/t.co\/deoYC78zjc","@TheSpvceGod yo you busy Wednesday","@TheSpvceGod yo you busy Wednesday","Curved or nah? http:\/\/t.co\/XHoFcBMPiQ","@CarmenDelRey_ I love you too"],"messages_no":16,"bad_words":[],"bad_words_no":3,"weight":0,"location":[39.13903723,-77.21196083,39.16830994,-77.25734482,39.16819343,-77.25740349,39.17858746,-77.23893218,39.08482236,-77.14627922,39.1684138,-77.25745673,39.13903723,-77.21196083,39.16830994,-77.25734482,39.13903723,-77.21196083,39.16830994,-77.25734482,39.16819343,-77.25740349,39.16819343,-77.25740349,39.17858746,-77.23893218,39.17858746,-77.23893218,39.08482236,-77.14627922,39.1684138,-77.25745673]}