{"messages":["What you want??","What you want??","What you want??"],"messages_no":3,"bad_words":[],"bad_words_no":0,"weight":0,"location":[[31.7534366,-93.1054098],[31.7534366,-93.1054098],[31.7534366,-93.1054098]],"friends":[1,2,3,4]}