{"messages":["@AlexanderPi_ much better","@AlexanderPi_ much better","*wishes for summer vacation already* http:\/\/t.co\/Ho665aatQT","@AlexanderPi_ much better","*wishes for summer vacation already* http:\/\/t.co\/Ho665aatQT"],"messages_no":5,"bad_words":[],"bad_words_no":0,"weight":0,"location":[[33.89025019,-117.52485489],[33.89025019,-117.52485489],[33.83166114,-117.95630149],[33.89025019,-117.52485489],[33.83166114,-117.95630149]],"friends":[1,2,3,4]}