{"messages":["@zeanbean23 anything for you \u2764\ufe0f","@zeanbean23 anything for you \u2764\ufe0f","@zeanbean23 anything for you \u2764\ufe0f"],"messages_no":3,"bad_words":[],"bad_words_no":0,"weight":0,"location":[[42.23124134,-88.37516665],[42.23124134,-88.37516665],[42.23124134,-88.37516665]],"friends":[1,2,3,4]}