{"messages":["Okay I get yelled at for doing something wrong when I never even done it. Cool.","Super Bowl Sunday Heyyyyyy","Okay I get yelled at for doing something wrong when I never even done it. Cool.","Super Bowl Sunday Heyyyyyy","Eww you're rude lol","Okay I get yelled at for doing something wrong when I never even done it. Cool.","Super Bowl Sunday Heyyyyyy","Eww you're rude lol"],"messages_no":8,"bad_words":[],"bad_words_no":0,"weight":0,"location":[[37.67714426,-121.79151284],[37.69077037,-121.77755019],[37.67714426,-121.79151284],[37.69077037,-121.77755019],[37.6909063,-121.77731322],[37.67714426,-121.79151284],[37.69077037,-121.77755019],[37.6909063,-121.77731322]],"friends":[1,2,3,4]}