{"messages":["Oooooo I'd be pissed","Oooooo I'd be pissed","Oooooo I'd be pissed"],"messages_no":3,"bad_words":[],"bad_words_no":3,"weight":0,"location":[[36.02452455,-114.98345336],[36.02452455,-114.98345336],[36.02452455,-114.98345336]],"friends":[1,2,3,4]}