{"messages":["I want to play GTA","I want to play GTA","@sarahsupplee24 I wanted to YAGA you so bad today","@Missmelissaa7 sucks at texting","I want to play GTA"],"messages_no":5,"bad_words":[],"bad_words_no":0,"weight":0,"location":[[32.80448221,-117.02005299],[32.80448221,-117.02005299],[32.80444871,-117.01994614],[32.80450691,-117.02006924],[32.80448221,-117.02005299]],"friends":[1,2,3,4]}