{"messages":["4of the Act had me fall over \u270c\ufe0f\ud83d\ude34","4of the Act had me fall over \u270c\ufe0f\ud83d\ude34","4of the Act had me fall over \u270c\ufe0f\ud83d\ude34"],"messages_no":3,"bad_words":[],"bad_words_no":0,"weight":0,"location":[[40.55643428,-75.5647079],[40.55643428,-75.5647079],[40.55643428,-75.5647079]],"friends":[1,2,3,4]}