{"messages":["I'm a beast when it comes to cooking! \ud83d\ude09\ud83d\ude18\ud83d\udc4c","I'm a beast when it comes to cooking! \ud83d\ude09\ud83d\ude18\ud83d\udc4c","I'm a beast when it comes to cooking! \ud83d\ude09\ud83d\ude18\ud83d\udc4c"],"messages_no":3,"bad_words":[],"bad_words_no":0,"weight":0,"location":[[39.27055498,-119.57476835],[39.27055498,-119.57476835],[39.27055498,-119.57476835]],"friends":[1,2,3,4]}