{"messages":["@MJS_2378 he's one of my friends","Can you please stop with those interceptions","@MJS_2378 he's one of my friends"],"messages_no":3,"bad_words":[],"bad_words_no":0,"weight":0,"location":[42.90318771,-83.59212555,42.9598351,-83.66368137,42.90318771,-83.59212555]}