{"messages":["@MJS_2378 he's one of my friends","Can you please stop with those interceptions","@MJS_2378 he's one of my friends","Can you please stop with those interceptions","I'm not complaining though\ud83d\ude0f","@MJS_2378 he's one of my friends","Can you please stop with those interceptions"],"messages_no":7,"bad_words":[],"bad_words_no":0,"weight":0,"location":[[42.90318771,-83.59212555],[42.9598351,-83.66368137],[42.90318771,-83.59212555],[42.9598351,-83.66368137],[42.97698611,-83.62436777],[42.90318771,-83.59212555],[42.9598351,-83.66368137]],"friends":[1,2,3,4]}