{"messages":["I've done nothing all day","I've done nothing all day","I've done nothing all day"],"messages_no":3,"bad_words":[],"bad_words_no":0,"weight":0,"location":[[27.14469517,-80.19227682],[27.14469517,-80.19227682],[27.14469517,-80.19227682]],"friends":[1,2,3,4]}