{"messages":["\u201c@iytz_11: Damn westview hella salty af\ud83d\ude02\ud83d\ude02\u201d WHAT ARE YOU SAYING","\u201c@iytz_11: Damn westview hella salty af\ud83d\ude02\ud83d\ude02\u201d WHAT ARE YOU SAYING","\u201c@iytz_11: Damn westview hella salty af\ud83d\ude02\ud83d\ude02\u201d WHAT ARE YOU SAYING"],"messages_no":3,"bad_words":[],"bad_words_no":3,"weight":0,"location":[[32.93765235,-117.16803588],[32.93765235,-117.16803588],[32.93765235,-117.16803588]],"friends":[1,2,3,4]}