{"messages":["i just want to relax..smh","i just want to relax..smh","i just want to relax..smh"],"messages_no":3,"bad_words":[],"bad_words_no":0,"weight":0,"location":[[39.86433182,-74.86986321],[39.86433182,-74.86986321],[39.86433182,-74.86986321]],"friends":[1,2,3,4]}