{"messages":["I love me some Eric decker 8\u20e37\u20e3 \ud83d\ude0d\ud83d\ude0f\ud83d\udca6","I love me some Eric decker 8\u20e37\u20e3 \ud83d\ude0d\ud83d\ude0f\ud83d\udca6","I love me some Eric decker 8\u20e37\u20e3 \ud83d\ude0d\ud83d\ude0f\ud83d\udca6"],"messages_no":3,"bad_words":[],"bad_words_no":0,"weight":0,"location":[[33.96701628,-117.60692001],[33.96701628,-117.60692001],[33.96701628,-117.60692001]],"friends":[1,2,3,4]}