{"messages":["I love cities","I love cities","I love cities"],"messages_no":3,"bad_words":[],"bad_words_no":0,"weight":0,"location":[[35.27282274,-80.84457583],[35.27282274,-80.84457583],[35.27282274,-80.84457583]],"friends":[1,2,3,4]}