{"messages":["I feel like puking \ud83d\ude16\ud83d\udc4e","I feel like puking \ud83d\ude16\ud83d\udc4e","I feel like puking \ud83d\ude16\ud83d\udc4e","I feel like puking \ud83d\ude16\ud83d\udc4e"],"messages_no":4,"bad_words":[],"bad_words_no":0,"weight":0,"location":[29.40202591,-98.5700137,29.40202591,-98.5700137,29.40202591,-98.5700137,29.40202591,-98.5700137]}