{"messages":["@geneferrr_ I'm in need of new friends too hahahah","@geneferrr_ I'm in need of new friends too hahahah","@Sally_halll you know it \ud83d\ude09\ud83d\ude02","@geneferrr_ I'm in need of new friends too hahahah","@Sally_halll you know it \ud83d\ude09\ud83d\ude02"],"messages_no":5,"bad_words":[],"bad_words_no":0,"weight":0,"location":[[34.80570502,-82.65898746],[34.80570502,-82.65898746],[34.76592667,-82.70999623],[34.80570502,-82.65898746],[34.76592667,-82.70999623]],"friends":[1,2,3,4]}