{"messages":["@its_kaylea someone said it was...","@its_kaylea someone said it was...","@its_kaylea someone said it was...","@its_kaylea someone said it was..."],"messages_no":4,"bad_words":[],"bad_words_no":0,"weight":0,"location":[37.77977075,-97.30112273,37.77977075,-97.30112273,37.77977075,-97.30112273,37.77977075,-97.30112273]}