{"messages":["I just want @annaschmeling1 to be here with me already \ud83d\ude2d","Kearse! \ud83d\ude4c","I just want @annaschmeling1 to be here with me already \ud83d\ude2d","Kearse! \ud83d\ude4c","I just want @annaschmeling1 to be here with me already \ud83d\ude2d","Kearse! \ud83d\ude4c"],"messages_no":6,"bad_words":[],"bad_words_no":3,"weight":0,"location":[[47.70447399,-122.32394859],[47.61639257,-122.34776827],[47.70447399,-122.32394859],[47.61639257,-122.34776827],[47.70447399,-122.32394859],[47.61639257,-122.34776827]],"friends":[1,2,3,4]}