{"messages":["Finna call my Day 1","Finna call my Day 1","Finna call my Day 1"],"messages_no":3,"bad_words":[],"bad_words_no":0,"weight":0,"location":[[42.3569109,-83.0544944],[42.3569109,-83.0544944],[42.3569109,-83.0544944]],"friends":[1,2,3,4]}