{"messages":["After school naps are the best","@peichiao1997 I know I was kidding","This is royalty","After school naps are the best","After school naps are the best","@peichiao1997 I know I was kidding","@peichiao1997 I know I was kidding"],"messages_no":7,"bad_words":[],"bad_words_no":0,"weight":0,"location":[29.88111605,-97.96517873,29.8506985,-98.40196442,29.82668652,-98.41571468,29.88111605,-97.96517873,29.88111605,-97.96517873,29.8506985,-98.40196442,29.8506985,-98.40196442]}