{"messages":["\u201c@ArmorOGod: Truth - http:\/\/t.co\/Hwe54wzojM\u201d","\u201c@ArmorOGod: Truth - http:\/\/t.co\/Hwe54wzojM\u201d","\u201c@ArmorOGod: Truth - http:\/\/t.co\/Hwe54wzojM\u201d","\u201c@ArmorOGod: Truth - http:\/\/t.co\/Hwe54wzojM\u201d"],"messages_no":4,"bad_words":[],"bad_words_no":0,"weight":0,"location":[43.59433407,-116.38501884,43.59433407,-116.38501884,43.59433407,-116.38501884,43.59433407,-116.38501884]}