{"messages":["\u201c@_MakinH15tory: That was the fastest score on the board in Super Bowl history dang\u201d","I love this song \ud83d\ude22\ud83d\ude0d","\u201c@_MakinH15tory: That was the fastest score on the board in Super Bowl history dang\u201d","I love this song \ud83d\ude22\ud83d\ude0d","\u201c@_MakinH15tory: That was the fastest score on the board in Super Bowl history dang\u201d","I love this song \ud83d\ude22\ud83d\ude0d"],"messages_no":6,"bad_words":[],"bad_words_no":0,"weight":0,"location":[[39.21103845,-122.00442835],[39.2110066,-122.00443988],[39.21103845,-122.00442835],[39.2110066,-122.00443988],[39.21103845,-122.00442835],[39.2110066,-122.00443988]],"friends":[1,2,3,4]}