{"messages":["Goodnight bby, I love you so much\ud83d\udc95 @justinbieber","Goodnight bby, I love you so much\ud83d\udc95 @justinbieber","@5secsofburger THANK YOU SO MUCH \u2764\ufe0f","Goodnight bby, I love you so much\ud83d\udc95 @justinbieber","@5secsofburger THANK YOU SO MUCH \u2764\ufe0f"],"messages_no":5,"bad_words":[],"bad_words_no":0,"weight":0,"location":[[40.86721662,-73.06843029],[40.86721662,-73.06843029],[40.86728638,-73.06853129],[40.86721662,-73.06843029],[40.86728638,-73.06853129]],"friends":[1,2,3,4]}