{"messages":["let the riots begin","let the riots begin","let the riots begin"],"messages_no":3,"bad_words":[],"bad_words_no":0,"weight":0,"location":[[39.97265341,-104.99300716],[39.97265341,-104.99300716],[39.97265341,-104.99300716]],"friends":[1,2,3,4]}