{"messages":["I'm captain of the drinking team @capri1129","I'm captain of the drinking team @capri1129","I'm captain of the drinking team @capri1129"],"messages_no":3,"bad_words":[],"bad_words_no":0,"weight":0,"location":[[39.42309173,-85.01293955],[39.42309173,-85.01293955],[39.42309173,-85.01293955]],"friends":[1,2,3,4]}