{"messages":["#EsuranceSave30","#EsuranceSave30","#EsuranceSave30"],"messages_no":3,"bad_words":[],"bad_words_no":0,"weight":0,"location":[[39.42582874,-84.18926055],[39.42582874,-84.18926055],[39.42582874,-84.18926055]],"friends":[1,2,3,4]}