{"messages":["Mexican food and the baby\ud83d\ude0d\ud83d\ude18\ud83d\udc8f\u2764\ufe0f\ud83d\udc97\ud83d\udc98\ud83d\udc9e\ud83d\udc96\ud83d\udc95\ud83d\udc93 @ Taco Jalisco http:\/\/t.co\/LPcxt674hQ","Mexican food and the baby\ud83d\ude0d\ud83d\ude18\ud83d\udc8f\u2764\ufe0f\ud83d\udc97\ud83d\udc98\ud83d\udc9e\ud83d\udc96\ud83d\udc95\ud83d\udc93 @ Taco Jalisco http:\/\/t.co\/LPcxt674hQ","Mexican food and the baby\ud83d\ude0d\ud83d\ude18\ud83d\udc8f\u2764\ufe0f\ud83d\udc97\ud83d\udc98\ud83d\udc9e\ud83d\udc96\ud83d\udc95\ud83d\udc93 @ Taco Jalisco http:\/\/t.co\/LPcxt674hQ"],"messages_no":3,"bad_words":[],"bad_words_no":0,"weight":0,"location":[[34.05523126,-117.75530455],[34.05523126,-117.75530455],[34.05523126,-117.75530455]],"friends":[1,2,3,4]}