{"messages":["@RyLaGo thank you!","it's overrrrrr","@RyLaGo thank you!","it's overrrrrr","whoever just dmed me I cant see them for some reason\ud83d\ude01\ud83d\ude49","@RyLaGo thank you!","it's overrrrrr"],"messages_no":7,"bad_words":[],"bad_words_no":0,"weight":0,"location":[[42.7522359,-73.7015729],[42.7522871,-73.7015656],[42.7522359,-73.7015729],[42.7522871,-73.7015656],[42.7522625,-73.7014664],[42.7522359,-73.7015729],[42.7522871,-73.7015656]],"friends":[1,2,3,4]}