{"messages":["David Beckham OMFG \ud83d\ude2d\ud83d\ude0d\ud83d\ude0d\ud83d\ude0d\ud83d\ude18","David Beckham OMFG \ud83d\ude2d\ud83d\ude0d\ud83d\ude0d\ud83d\ude0d\ud83d\ude18","David Beckham OMFG \ud83d\ude2d\ud83d\ude0d\ud83d\ude0d\ud83d\ude0d\ud83d\ude18"],"messages_no":3,"bad_words":[],"bad_words_no":0,"weight":0,"location":[[40.64877205,-80.29141816],[40.64877205,-80.29141816],[40.64877205,-80.29141816]],"friends":[1,2,3,4]}