{"messages":["My twitter is blowing up cause of that tweet damn\ud83d\ude02","@ashleycarrier1 who knows","My twitter is blowing up cause of that tweet damn\ud83d\ude02","@ashleycarrier1 who knows","So much to do so little time","My twitter is blowing up cause of that tweet damn\ud83d\ude02","@ashleycarrier1 who knows","So much to do so little time"],"messages_no":8,"bad_words":[],"bad_words_no":3,"weight":0,"location":[[42.24736365,-71.89290918],[42.24747654,-71.8928573],[42.24736365,-71.89290918],[42.24747654,-71.8928573],[42.24746108,-71.89294422],[42.24736365,-71.89290918],[42.24747654,-71.8928573],[42.24746108,-71.89294422]],"friends":[1,2,3,4]}