{"messages":["Accepted to FGCU\ud83d\udc9a\ud83d\udc99","Accepted to FGCU\ud83d\udc9a\ud83d\udc99","Accepted to FGCU\ud83d\udc9a\ud83d\udc99"],"messages_no":3,"bad_words":[],"bad_words_no":0,"weight":0,"location":[[28.18042718,-82.64245299],[28.18042718,-82.64245299],[28.18042718,-82.64245299]],"friends":[1,2,3,4]}