{"messages":["well , \u270c\ufe0f","well , \u270c\ufe0f","well , \u270c\ufe0f"],"messages_no":3,"bad_words":[],"bad_words_no":0,"weight":0,"location":[33.12379671,-91.97502803,33.12379671,-91.97502803,33.12379671,-91.97502803]}