{"messages":["@_Ace_Boogey : Not Funny !",". That Nap &gt;&gt;&gt;","@_Ace_Boogey : Not Funny !",". That Nap &gt;&gt;&gt;","@_Ace_Boogey : Not Funny !",". That Nap &gt;&gt;&gt;"],"messages_no":6,"bad_words":[],"bad_words_no":3,"weight":0,"location":[[32.2253192,-87.4000425],[32.2253165,-87.4000426],[32.2253192,-87.4000425],[32.2253165,-87.4000426],[32.2253192,-87.4000425],[32.2253165,-87.4000426]],"friends":[1,2,3,4]}