{"messages":["@_Ace_Boogey : Not Funny !",". That Nap &gt;&gt;&gt;","@_Ace_Boogey : Not Funny !",". That Nap &gt;&gt;&gt;",". That Nap &gt;&gt;&gt;"],"messages_no":5,"bad_words":[],"bad_words_no":2,"weight":0,"location":[32.2253192,-87.4000425,32.2253165,-87.4000426,32.2253192,-87.4000425,32.2253165,-87.4000426,32.2253165,-87.4000426]}