{"messages":["\u201c@Ariyana_Redrick: He Soo Ughh Dawg\ud83d\ude24\u201dwho cares \ud83d\ude02\ud83d\ude02","Direct Message Me Emojis","\u201c@Ariyana_Redrick: He Soo Ughh Dawg\ud83d\ude24\u201dwho cares \ud83d\ude02\ud83d\ude02","Direct Message Me Emojis","\u201c@__Tazah: @WT_MURL_ \ud83d\ude0d\u201dlol she said Hey T\ud83d\udc4b","\u201c@Ariyana_Redrick: He Soo Ughh Dawg\ud83d\ude24\u201dwho cares \ud83d\ude02\ud83d\ude02","Direct Message Me Emojis"],"messages_no":7,"bad_words":[],"bad_words_no":0,"weight":0,"location":[[42.38808867,-83.02361358],[42.38806893,-83.02373629],[42.38808867,-83.02361358],[42.38806893,-83.02373629],[42.38830857,-83.02360796],[42.38808867,-83.02361358],[42.38806893,-83.02373629]],"friends":[1,2,3,4]}