{"messages":["@AlexaMalczewski nobody to go w","@AlexaMalczewski nobody to go w","should probs go dress shopping.","salt n vinegar chips\ud83d\ude0b sorry babe.","@AlexaMalczewski nobody to go w","should probs go dress shopping."],"messages_no":6,"bad_words":[],"bad_words_no":0,"weight":0,"location":[[42.86494573,-78.71981829],[42.86494573,-78.71981829],[42.86497003,-78.72004992],[42.86504338,-78.71987904],[42.86494573,-78.71981829],[42.86497003,-78.72004992]],"friends":[1,2,3,4]}