{"messages":["@AniyaTheGreat_ you a clown","Shoulda just stayed my ass \ud83d\ude34\ud83d\ude34\ud83d\ude34","@AniyaTheGreat_ you a clown","@AniyaTheGreat_ you a clown","Shoulda just stayed my ass \ud83d\ude34\ud83d\ude34\ud83d\ude34"],"messages_no":5,"bad_words":[],"bad_words_no":0,"weight":0,"location":[36.16851962,-86.81467252,36.16602311,-86.80352711,36.16851962,-86.81467252,36.16851962,-86.81467252,36.16602311,-86.80352711]}