{"messages":["The flash light was on laurel and Isa like 100000000 times \ud83d\ude02","The flash light was on laurel and Isa like 100000000 times \ud83d\ude02","The flash light was on laurel and Isa like 100000000 times \ud83d\ude02"],"messages_no":3,"bad_words":[],"bad_words_no":0,"weight":0,"location":[[35.1536798,-106.69076395],[35.1536798,-106.69076395],[35.1536798,-106.69076395]],"friends":[1,2,3,4]}