{"messages":["Steady talking.","Steady talking."],"messages_no":2,"bad_words":[],"bad_words_no":0,"weight":0,"location":[35.10454791,-106.73979294,35.10454791,-106.73979294]}