{"messages":["Jacquay is obviously mad. \ud83d\ude0c","Jacquay is obviously mad. \ud83d\ude0c","Jacquay is obviously mad. \ud83d\ude0c"],"messages_no":3,"bad_words":[],"bad_words_no":0,"weight":0,"location":[26.25556667,-80.09271416,26.25556667,-80.09271416,26.25556667,-80.09271416]}