{"messages":["Watching tv with my parents awks","Watching tv with my parents awks","Watching tv with my parents awks"],"messages_no":3,"bad_words":[],"bad_words_no":0,"weight":0,"location":[[46.07360458,-118.34910552],[46.07360458,-118.34910552],[46.07360458,-118.34910552]],"friends":[1,2,3,4]}