{"messages":["Time to step into reality.","Time to step into reality.","Time to step into reality."],"messages_no":3,"bad_words":[],"bad_words_no":0,"weight":0,"location":[[42.68409145,-72.04908312],[42.68409145,-72.04908312],[42.68409145,-72.04908312]],"friends":[1,2,3,4]}