{"messages":["Are you kidding me.","Are you kidding me.","Are you kidding me."],"messages_no":3,"bad_words":[],"bad_words_no":0,"weight":0,"location":[[34.0066102,-117.37552348],[34.0066102,-117.37552348],[34.0066102,-117.37552348]],"friends":[1,2,3,4]}