{"messages":["Im Slowly Breaking Down\ud83d\ude14\ud83d\ude14\ud83d\ude4a\ud83d\ude12\ud83d\ude34","Im Slowly Breaking Down\ud83d\ude14\ud83d\ude14\ud83d\ude4a\ud83d\ude12\ud83d\ude34","Im Slowly Breaking Down\ud83d\ude14\ud83d\ude14\ud83d\ude4a\ud83d\ude12\ud83d\ude34"],"messages_no":3,"bad_words":[],"bad_words_no":0,"weight":0,"location":[[38.81721895,-76.99550652],[38.81721895,-76.99550652],[38.81721895,-76.99550652]],"friends":[1,2,3,4]}