{"messages":["I just want to have long sex right nah dawg","On 6 mile","I but my fucking jaw","I'm losted","I need a job","I just want to have long sex right nah dawg","On 6 mile","I but my fucking jaw","I'm losted","I need a job","I just want to have long sex right nah dawg","On 6 mile","I but my fucking jaw","I'm losted","I need a job"],"messages_no":15,"bad_words":[],"bad_words_no":3,"weight":0,"location":[[42.34999623,-83.31261188],[42.41477703,-83.22536123],[42.41147786,-83.24164685],[42.38399658,-83.2885274],[42.3647939,-83.08787959],[42.34999623,-83.31261188],[42.41477703,-83.22536123],[42.41147786,-83.24164685],[42.38399658,-83.2885274],[42.3647939,-83.08787959],[42.34999623,-83.31261188],[42.41477703,-83.22536123],[42.41147786,-83.24164685],[42.38399658,-83.2885274],[42.3647939,-83.08787959]],"friends":[1,2,3,4]}