{"messages":["I'm sad \ud83d\ude22","I'm sad \ud83d\ude22","I'm sad \ud83d\ude22"],"messages_no":3,"bad_words":[],"bad_words_no":0,"weight":0,"location":[[41.82462843,-87.76182195],[41.82462843,-87.76182195],[41.82462843,-87.76182195]],"friends":[1,2,3,4]}