{"messages":["Watch out boys http:\/\/t.co\/3iYc5TAdTo","Y am I going to see devils due right now? \ud83d\ude33","Watch out boys http:\/\/t.co\/3iYc5TAdTo","Y am I going to see devils due right now? \ud83d\ude33","An hour and 45 minutes till I'm back in pd \ud83d\ude0e","Watch out boys http:\/\/t.co\/3iYc5TAdTo","Y am I going to see devils due right now? \ud83d\ude33","An hour and 45 minutes till I'm back in pd \ud83d\ude0e"],"messages_no":8,"bad_words":[],"bad_words_no":0,"weight":0,"location":[[33.28188538,-111.68086736],[33.28280311,-111.7096701],[33.28188538,-111.68086736],[33.28280311,-111.7096701],[33.64727965,-114.34132777],[33.28188538,-111.68086736],[33.28280311,-111.7096701],[33.64727965,-114.34132777]],"friends":[1,2,3,4]}