{"messages":["@AjAmmirati @Jacccy_wacccy I think I'm relaxed thanks","Wow im m\u00e1d i won't be at senior night","@AjAmmirati @Jacccy_wacccy I think I'm relaxed thanks","Wow im m\u00e1d i won't be at senior night","I never have school anymore","@julianafuchss yeah I've never died my hair.","@AjAmmirati @Jacccy_wacccy I think I'm relaxed thanks","Wow im m\u00e1d i won't be at senior night","I never have school anymore"],"messages_no":9,"bad_words":[],"bad_words_no":0,"weight":0,"location":[[40.6523462,-73.84435852],[40.65232612,-73.8443404],[40.6523462,-73.84435852],[40.65232612,-73.8443404],[40.65232852,-73.84432315],[40.65231076,-73.84416173],[40.6523462,-73.84435852],[40.65232612,-73.8443404],[40.65232852,-73.84432315]],"friends":[1,2,3,4]}