{"messages":["Martin without Gina","Martin without Gina","I don't even have a crush anymore","Martin without Gina","I don't even have a crush anymore"],"messages_no":5,"bad_words":[],"bad_words_no":0,"weight":0,"location":[[32.4744519,-92.3898565],[32.4744519,-92.3898565],[32.4742929,-92.3897148],[32.4744519,-92.3898565],[32.4742929,-92.3897148]],"friends":[1,2,3,4]}