{"messages":["Well spent weekend with my girlfriend \ud83d\ude18 \u2764\ufe0f@k_kenya3","Well spent weekend with my girlfriend \ud83d\ude18 \u2764\ufe0f@k_kenya3","Well spent weekend with my girlfriend \ud83d\ude18 \u2764\ufe0f@k_kenya3"],"messages_no":3,"bad_words":[],"bad_words_no":0,"weight":0,"location":[[38.09176683,-102.63363579],[38.09176683,-102.63363579],[38.09176683,-102.63363579]],"friends":[1,2,3,4]}