{"messages":["I think that's rude!","I think that's rude!"],"messages_no":2,"bad_words":[],"bad_words_no":0,"weight":0,"location":[33.88578515,-117.20844803,33.88578515,-117.20844803]}