{"messages":["Fuckin Burt","Fuckin Burt"],"messages_no":2,"bad_words":[],"bad_words_no":2,"weight":0,"location":[45.99224798,-112.51868331,45.99224798,-112.51868331]}