{"messages":["Fuckin Burt","Fuckin Burt","Fuckin Burt"],"messages_no":3,"bad_words":[],"bad_words_no":3,"weight":0,"location":[[45.99224798,-112.51868331],[45.99224798,-112.51868331],[45.99224798,-112.51868331]],"friends":[1,2,3,4]}