{"messages":["@beccadanielle20 you can go into the settings and change the text size","Seattle whooping it","@beccadanielle20 you can go into the settings and change the text size","Seattle whooping it","@beccadanielle20 you can go into the settings and change the text size","Seattle whooping it"],"messages_no":6,"bad_words":[],"bad_words_no":0,"weight":0,"location":[[39.77044398,-84.0488811],[39.83481713,-83.88496969],[39.77044398,-84.0488811],[39.83481713,-83.88496969],[39.77044398,-84.0488811],[39.83481713,-83.88496969]],"friends":[1,2,3,4]}