{"messages":["@shelbyariley tooo long \ud83d\udc94","@shelbyariley tooo long \ud83d\udc94","@shelbyariley tooo long \ud83d\udc94","@shelbyariley tooo long \ud83d\udc94"],"messages_no":4,"bad_words":[],"bad_words_no":0,"weight":0,"location":[36.07186167,-94.17502989,36.07186167,-94.17502989,36.07186167,-94.17502989,36.07186167,-94.17502989]}