{"messages":["I fw you girl","Y'all wanna know my crush?","@Cato_Romae I'd come thru","I fw you girl","Y'all wanna know my crush?","@Cato_Romae I'd come thru","@Kary_Boo90 \u263a\ufe0f you welcome","I fw you girl","Y'all wanna know my crush?","@Cato_Romae I'd come thru"],"messages_no":10,"bad_words":[],"bad_words_no":0,"weight":0,"location":[[33.50171089,-80.84819849],[33.50175858,-80.84820226],[33.50169978,-80.84820184],[33.50171089,-80.84819849],[33.50175858,-80.84820226],[33.50169978,-80.84820184],[33.49080209,-80.85556853],[33.50171089,-80.84819849],[33.50175858,-80.84820226],[33.50169978,-80.84820184]],"friends":[1,2,3,4]}