{"messages":["Good defense #Blackhawks","I believe I could fly","Stay on the wish of the genie","Good defense #Blackhawks","I believe I could fly","I believe I could fly","Stay on the wish of the genie"],"messages_no":7,"bad_words":[],"bad_words_no":0,"weight":0,"location":[41.717093,-87.5400748,41.7175138,-87.5403998,41.7184728,-87.5389757,41.717093,-87.5400748,41.7175138,-87.5403998,41.7175138,-87.5403998,41.7184728,-87.5389757]}