{"messages":["Good defense #Blackhawks","I believe I could fly","Stay on the wish of the genie","Good defense #Blackhawks","I believe I could fly","Stay on the wish of the genie","Tell me what you want","It's about that time","Ed Sheeran &gt;&gt;&gt;&gt;&gt;&gt;&gt;","Good defense #Blackhawks","I believe I could fly","Stay on the wish of the genie","Tell me what you want","It's about that time","Ed Sheeran &gt;&gt;&gt;&gt;&gt;&gt;&gt;"],"messages_no":15,"bad_words":[],"bad_words_no":0,"weight":0,"location":[[41.717093,-87.5400748],[41.7175138,-87.5403998],[41.7184728,-87.5389757],[41.717093,-87.5400748],[41.7175138,-87.5403998],[41.7184728,-87.5389757],[41.7172432,-87.538752],[41.7172432,-87.538752],[41.7189341,-87.5368681],[41.717093,-87.5400748],[41.7175138,-87.5403998],[41.7184728,-87.5389757],[41.7172432,-87.538752],[41.7172432,-87.538752],[41.7189341,-87.5368681]],"friends":[1,2,3,4]}