{"messages":["I had over 500 pics...","I had over 500 pics...","I had over 500 pics..."],"messages_no":3,"bad_words":[],"bad_words_no":0,"weight":0,"location":[[33.01435092,-96.84051486],[33.01435092,-96.84051486],[33.01435092,-96.84051486]],"friends":[1,2,3,4]}