{"messages":["7:17 For Layla \ud83d\udc95\ud83d\udc9c\ud83d\ude0d\ud83d\ude18","I didn't mean to hurt him , could've been some bodies son \ud83c\udfa7","7:17 For Layla \ud83d\udc95\ud83d\udc9c\ud83d\ude0d\ud83d\ude18","I didn't mean to hurt him , could've been some bodies son \ud83c\udfa7","7:17 For Layla \ud83d\udc95\ud83d\udc9c\ud83d\ude0d\ud83d\ude18","I didn't mean to hurt him , could've been some bodies son \ud83c\udfa7"],"messages_no":6,"bad_words":[],"bad_words_no":0,"weight":0,"location":[[40.01732567,-75.14006391],[40.0172816,-75.14021027],[40.01732567,-75.14006391],[40.0172816,-75.14021027],[40.01732567,-75.14006391],[40.0172816,-75.14021027]],"friends":[1,2,3,4]}