{"messages":["@HaveTilFive Thank bro!","@HaveTilFive Thank bro!","@HaveTilFive Thank bro!","@HaveTilFive Thank bro!"],"messages_no":4,"bad_words":[],"bad_words_no":0,"weight":0,"location":[40.7696014,-74.0291973,40.7696014,-74.0291973,40.7696014,-74.0291973,40.7696014,-74.0291973]}