{"messages":["Bring me back to summer\ud83d\ude2d","Bring me back to summer\ud83d\ude2d","@NickersonMaddie ohh well feel better babe\ud83d\ude18","Bring me back to summer\ud83d\ude2d"],"messages_no":4,"bad_words":[],"bad_words_no":0,"weight":0,"location":[[38.77102706,-89.66295339],[38.77102706,-89.66295339],[38.77098916,-89.66309384],[38.77102706,-89.66295339]],"friends":[1,2,3,4]}