{"messages":["All I see is @KoldKilla_ party promo. Shot bouta go down.","Wow. This. Came out of that! Smh. People here one day, gone tomorrow.","I remember when....","All I see is @KoldKilla_ party promo. Shot bouta go down.","Wow. This. Came out of that! Smh. People here one day, gone tomorrow.","I remember when....","All I see is @KoldKilla_ party promo. Shot bouta go down.","Wow. This. Came out of that! Smh. People here one day, gone tomorrow.","I remember when...."],"messages_no":9,"bad_words":[],"bad_words_no":0,"weight":0,"location":[[39.97666474,-82.88406403],[39.97236546,-82.96470348],[39.97729524,-82.88400476],[39.97666474,-82.88406403],[39.97236546,-82.96470348],[39.97729524,-82.88400476],[39.97666474,-82.88406403],[39.97236546,-82.96470348],[39.97729524,-82.88400476]],"friends":[1,2,3,4]}