{"messages":["I miss my Girl \ud83d\ude0e\u2764\ufe0f\ud83d\ude01\ud83d\udc8e\ud83d\udc8d","I miss my Girl \ud83d\ude0e\u2764\ufe0f\ud83d\ude01\ud83d\udc8e\ud83d\udc8d","I miss my Girl \ud83d\ude0e\u2764\ufe0f\ud83d\ude01\ud83d\udc8e\ud83d\udc8d"],"messages_no":3,"bad_words":[],"bad_words_no":0,"weight":0,"location":[[40.01615738,-75.06238606],[40.01615738,-75.06238606],[40.01615738,-75.06238606]],"friends":[1,2,3,4]}