{"messages":["Missing the boo","Missing the boo","Missing the boo"],"messages_no":3,"bad_words":[],"bad_words_no":0,"weight":0,"location":[[42.71879293,-71.16621385],[42.71879293,-71.16621385],[42.71879293,-71.16621385]],"friends":[1,2,3,4]}