{"messages":["@crowntheyungin lol ion like you mane","@crowntheyungin lol ion like you mane","Why am I up lol chillin and shit","@crowntheyungin lol ion like you mane"],"messages_no":4,"bad_words":[],"bad_words_no":1,"weight":0,"location":[[38.96617783,-94.47945644],[38.96617783,-94.47945644],[38.96596114,-94.47940083],[38.96617783,-94.47945644]],"friends":[1,2,3,4]}