{"messages":["I laugh at the stupidest stuff lmao !!","Hungry again.","I laugh at the stupidest stuff lmao !!","Hungry again."],"messages_no":4,"bad_words":[],"bad_words_no":0,"weight":0,"location":[38.9475662,-76.96104383,38.97315226,-76.9512648,38.9475662,-76.96104383,38.97315226,-76.9512648]}