{"messages":["To do: Give myself 2 black eyes in 1 year. \u2705","To do: Give myself 2 black eyes in 1 year. \u2705","To do: Give myself 2 black eyes in 1 year. \u2705"],"messages_no":3,"bad_words":[],"bad_words_no":0,"weight":0,"location":[[39.32315076,-82.09533867],[39.32315076,-82.09533867],[39.32315076,-82.09533867]],"friends":[1,2,3,4]}