{"messages":["only nice ones tho, obvi","i have a shitload of homework","My #lrt is so true. But I mean, you can't really blame us after all the bullshit guys have put us through. \ud83d\udc81","@ToniBrewer1 yesssss, i'll ask my mom \u263a\ufe0f\ud83d\udc4c","only nice ones tho, obvi","only nice ones tho, obvi","i have a shitload of homework"],"messages_no":7,"bad_words":[],"bad_words_no":3,"weight":0,"location":[39.4179231,-76.36361525,39.41786991,-76.3635601,39.42629793,-76.31690935,39.42663609,-76.3169739,39.4179231,-76.36361525,39.4179231,-76.36361525,39.41786991,-76.3635601]}