{"messages":["only nice ones tho, obvi","i have a shitload of homework","My #lrt is so true. But I mean, you can't really blame us after all the bullshit guys have put us through. \ud83d\udc81","@ToniBrewer1 yesssss, i'll ask my mom \u263a\ufe0f\ud83d\udc4c","only nice ones tho, obvi","i have a shitload of homework","My #lrt is so true. But I mean, you can't really blame us after all the bullshit guys have put us through. \ud83d\udc81","@ToniBrewer1 yesssss, i'll ask my mom \u263a\ufe0f\ud83d\udc4c","if i give u an attitude or am rude to u right now, sorry in advance. i'm in an extremely shitty mood. so yeah.","WE HAVE NO FUCKING FOOD \ud83d\ude2d","#lrt had me gonnneeee \ud83d\ude02\ud83d\udc80","only nice ones tho, obvi","i have a shitload of homework","My #lrt is so true. But I mean, you can't really blame us after all the bullshit guys have put us through. \ud83d\udc81","@ToniBrewer1 yesssss, i'll ask my mom \u263a\ufe0f\ud83d\udc4c"],"messages_no":15,"bad_words":[],"bad_words_no":8,"weight":0,"location":[[39.4179231,-76.36361525],[39.41786991,-76.3635601],[39.42629793,-76.31690935],[39.42663609,-76.3169739],[39.4179231,-76.36361525],[39.41786991,-76.3635601],[39.42629793,-76.31690935],[39.42663609,-76.3169739],[39.42651335,-76.31680942],[39.42625309,-76.31676999],[39.42637673,-76.31685491],[39.4179231,-76.36361525],[39.41786991,-76.3635601],[39.42629793,-76.31690935],[39.42663609,-76.3169739]],"friends":[1,2,3,4]}