{"messages":["I let shit get to me way too easily.","I'm nervous for tomorrow\ud83d\ude48\ud83d\ude48\ud83d\ude48","I let shit get to me way too easily.","I'm nervous for tomorrow\ud83d\ude48\ud83d\ude48\ud83d\ude48","I'm 80% positive my throat is closing","I let shit get to me way too easily.","I'm nervous for tomorrow\ud83d\ude48\ud83d\ude48\ud83d\ude48"],"messages_no":7,"bad_words":[],"bad_words_no":3,"weight":0,"location":[[39.71017445,-105.13737518],[39.67106304,-105.15958651],[39.71017445,-105.13737518],[39.67106304,-105.15958651],[40.40043495,-104.69851843],[39.71017445,-105.13737518],[39.67106304,-105.15958651]],"friends":[1,2,3,4]}