{"messages":["...had a horrible week\nhopefully this weeks is good.","like are we in high school..","...had a horrible week\nhopefully this weeks is good.","like are we in high school..","\ud83c\udf6a\ud83d\ude0b #peanutbuttercookies http:\/\/t.co\/fCS83K0B6Z","...had a horrible week\nhopefully this weeks is good.","like are we in high school..","\ud83c\udf6a\ud83d\ude0b #peanutbuttercookies http:\/\/t.co\/fCS83K0B6Z"],"messages_no":8,"bad_words":[],"bad_words_no":0,"weight":0,"location":[[41.973824,-87.8015656],[41.97394174,-87.80141729],[41.973824,-87.8015656],[41.97394174,-87.80141729],[41.97392596,-87.80158002],[41.973824,-87.8015656],[41.97394174,-87.80141729],[41.97392596,-87.80158002]],"friends":[1,2,3,4]}