{"messages":["@omariofficial i love you sooo much","I want pizza \ue40b","@omariofficial i love you sooo much","I want pizza \ue40b","Defff going to watch Endless love  when it comes out !!","@omariofficial i love you sooo much","I want pizza \ue40b"],"messages_no":7,"bad_words":[],"bad_words_no":0,"weight":0,"location":[[32.6844752,-96.8209715],[32.7225066,-97.0682728],[32.6844752,-96.8209715],[32.7225066,-97.0682728],[32.7227231,-97.0678985],[32.6844752,-96.8209715],[32.7225066,-97.0682728]],"friends":[1,2,3,4]}