{"messages":["Duke has this","Duke has this"],"messages_no":2,"bad_words":[],"bad_words_no":0,"weight":0,"location":[40.51516762,-81.41105887,40.51516762,-81.41105887]}