{"messages":["@zachchill heading over there soon!","@zachchill heading over there soon!","We got called 'remix champs' today. Made our day =)","@zachchill heading over there soon!","We got called 'remix champs' today. Made our day =)"],"messages_no":5,"bad_words":[],"bad_words_no":0,"weight":0,"location":[[39.72909934,-121.80609296],[39.72909934,-121.80609296],[34.15220201,-118.33625941],[39.72909934,-121.80609296],[34.15220201,-118.33625941]],"friends":[1,2,3,4]}