{"messages":["https:\/\/t.co\/uJ0aLG5iBX no chill lol","https:\/\/t.co\/uJ0aLG5iBX no chill lol","@Ismailkidd lmao OHHHH I gotcha\ud83d\ude02\ud83d\ude02\ud83d\ude02","https:\/\/t.co\/uJ0aLG5iBX no chill lol","@Ismailkidd lmao OHHHH I gotcha\ud83d\ude02\ud83d\ude02\ud83d\ude02"],"messages_no":5,"bad_words":[],"bad_words_no":0,"weight":0,"location":[[30.16238015,-96.40916514],[30.16238015,-96.40916514],[30.16241234,-96.4092977],[30.16238015,-96.40916514],[30.16241234,-96.4092977]],"friends":[1,2,3,4]}