{"messages":["Shore leave again","Shore leave again","Shore leave again"],"messages_no":3,"bad_words":[],"bad_words_no":3,"weight":0,"location":[[40.70443723,-74.14857882],[40.70443723,-74.14857882],[40.70443723,-74.14857882]],"friends":[1,2,3,4]}