{"messages":["I'm fucking saying . I dnt even sell them shxts .","I'm fucking saying . I dnt even sell them shxts .","@Dubraghini all we need is 7gs","I'm fucking saying . I dnt even sell them shxts .","@Dubraghini all we need is 7gs"],"messages_no":5,"bad_words":[],"bad_words_no":3,"weight":0,"location":[[36.93129243,-76.2326363],[36.93129243,-76.2326363],[36.92899209,-76.22999431],[36.93129243,-76.2326363],[36.92899209,-76.22999431]],"friends":[1,2,3,4]}