{"messages":["I'm going to go with Seattle 28-24","I'm going to go with Seattle 28-24","I'm going to go with Seattle 28-24"],"messages_no":3,"bad_words":[],"bad_words_no":0,"weight":0,"location":[[39.68822145,-84.21935845],[39.68822145,-84.21935845],[39.68822145,-84.21935845]],"friends":[1,2,3,4]}