{"messages":["Working with @laurencassidy90 in the morning \ud83d\ude4a\ud83d\udc4f\ud83d\udc4f","Working with @laurencassidy90 in the morning \ud83d\ude4a\ud83d\udc4f\ud83d\udc4f","I have had a headache since 4:30am.","Working with @laurencassidy90 in the morning \ud83d\ude4a\ud83d\udc4f\ud83d\udc4f","I have had a headache since 4:30am."],"messages_no":5,"bad_words":[],"bad_words_no":0,"weight":0,"location":[[35.57987994,-80.92207449],[35.57987994,-80.92207449],[35.57994433,-80.92243065],[35.57987994,-80.92207449],[35.57994433,-80.92243065]],"friends":[1,2,3,4]}