{"messages":["Night ruined.","Night ruined."],"messages_no":2,"bad_words":[],"bad_words_no":0,"weight":0,"location":[44.07849651,-123.19228185,44.07849651,-123.19228185]}