{"messages":["@berlinmason WHY DID YOU GO HOME","@berlinmason WHY DID YOU GO HOME","@berlinmason WHY DID YOU GO HOME"],"messages_no":3,"bad_words":[],"bad_words_no":0,"weight":0,"location":[[34.11334712,-117.66123164],[34.11334712,-117.66123164],[34.11334712,-117.66123164]],"friends":[1,2,3,4]}