{"messages":["@CELLY_BUCKS I'm really tearing up \ud83d\ude02","@CELLY_BUCKS I'm really tearing up \ud83d\ude02","@CELLY_BUCKS I'm really tearing up \ud83d\ude02"],"messages_no":3,"bad_words":[],"bad_words_no":0,"weight":0,"location":[42.46425205,-70.94212294,42.46425205,-70.94212294,42.46425205,-70.94212294]}