{"messages":["I deserve a good guy","I deserve a good guy","I deserve a good guy"],"messages_no":3,"bad_words":[],"bad_words_no":0,"weight":0,"location":[[44.53335156,-72.0225728],[44.53335156,-72.0225728],[44.53335156,-72.0225728]],"friends":[1,2,3,4]}