{"messages":["Fuck school","Fuck school","Fuck school"],"messages_no":3,"bad_words":[],"bad_words_no":3,"weight":0,"location":[[43.00891268,-75.03954495],[43.00891268,-75.03954495],[43.00891268,-75.03954495]],"friends":[1,2,3,4]}