{"messages":["Sucks to suck doesnt it.","Sucks to suck doesnt it.","Sucks to suck doesnt it."],"messages_no":3,"bad_words":[],"bad_words_no":0,"weight":0,"location":[[47.16714349,-122.14878396],[47.16714349,-122.14878396],[47.16714349,-122.14878396]],"friends":[1,2,3,4]}