{"messages":["Who needs pizza when you can cook tacos.","Who needs pizza when you can cook tacos.","I just hate wearing shirts","*deleted tweet*","Who needs pizza when you can cook tacos.","I just hate wearing shirts"],"messages_no":6,"bad_words":[],"bad_words_no":0,"weight":0,"location":[[44.05998318,-123.05532362],[44.05998318,-123.05532362],[44.06012731,-123.05552094],[44.06004248,-123.05535187],[44.05998318,-123.05532362],[44.06012731,-123.05552094]],"friends":[1,2,3,4]}