{"messages":["It won't ever be the same without Megan Fox","It won't ever be the same without Megan Fox","Looking so rough today.... \ud83d\ude2c","It won't ever be the same without Megan Fox","Looking so rough today.... \ud83d\ude2c"],"messages_no":5,"bad_words":[],"bad_words_no":0,"weight":0,"location":[[39.4693936,-86.0735739],[39.4693936,-86.0735739],[39.51221453,-86.08580023],[39.4693936,-86.0735739],[39.51221453,-86.08580023]],"friends":[1,2,3,4]}