{"messages":["Awkward salmon???","Awkward salmon???","Awkward salmon???"],"messages_no":3,"bad_words":[],"bad_words_no":0,"weight":0,"location":[[47.18889733,-122.44214986],[47.18889733,-122.44214986],[47.18889733,-122.44214986]],"friends":[1,2,3,4]}