{"messages":["Lol at broncos","@sal0_0vital Sherman's amazing","Lol at broncos","@sal0_0vital Sherman's amazing","Lol at broncos","@sal0_0vital Sherman's amazing"],"messages_no":6,"bad_words":[],"bad_words_no":0,"weight":0,"location":[[42.64918231,-82.89303191],[42.64918165,-82.89313609],[42.64918231,-82.89303191],[42.64918165,-82.89313609],[42.64918231,-82.89303191],[42.64918165,-82.89313609]],"friends":[1,2,3,4]}