{"messages":["#DesignatedPatrolAreaAvailable MILLENIA BV &amp; RADEBAUGH WY 32839 (1\/31 08:05) #Orlando #Millenia","#ThreatsAssault 100 S HUGHEY AV 32801 (1\/31 12:50) #Orlando #CityWide","#GeneralDisturbance 415 E PINE ST 129 32801 (1\/31 15:32) #Orlando #SouthEola","#AccidentWithRoadBlockage UNIVERSAL BV &amp; HOLLYWOOD WY 32819 (2\/1 19:28) #Orlando #FloridaCenter"],"messages_no":4,"bad_words":[],"bad_words_no":0,"weight":0,"location":[[28.4851402,-81.44060969],[28.54129219,-81.38345337],[28.54175568,-81.37232208],[28.47154006,-81.46488033]]}