{"messages":["@AltonWells exactly \ud83d\ude12\ud83d\ude11\ud83d\ude10\ud83d\ude36","@AltonWells exactly \ud83d\ude12\ud83d\ude11\ud83d\ude10\ud83d\ude36","Hey @Malismith27 don't you think Connor deserves to be our #Mcm? \n\ud83d\ude02\ud83d\ude02\ud83d\ude02 http:\/\/t.co\/wJCEWWot1x","@AltonWells exactly \ud83d\ude12\ud83d\ude11\ud83d\ude10\ud83d\ude36"],"messages_no":4,"bad_words":[],"bad_words_no":0,"weight":0,"location":[[32.26801812,-110.93010105],[32.26801812,-110.93010105],[32.30180436,-110.86543023],[32.26801812,-110.93010105]],"friends":[1,2,3,4]}