{"messages":["@AltonWells exactly \ud83d\ude12\ud83d\ude11\ud83d\ude10\ud83d\ude36","@AltonWells exactly \ud83d\ude12\ud83d\ude11\ud83d\ude10\ud83d\ude36","@AltonWells exactly \ud83d\ude12\ud83d\ude11\ud83d\ude10\ud83d\ude36"],"messages_no":3,"bad_words":[],"bad_words_no":0,"weight":0,"location":[32.26801812,-110.93010105,32.26801812,-110.93010105,32.26801812,-110.93010105]}