{"messages":["On the floor in Taylor's room. #excitingcollegelife","Cookies are my weakness \ud83c\udf6a","On the floor in Taylor's room. #excitingcollegelife","Cookies are my weakness \ud83c\udf6a","On the floor in Taylor's room. #excitingcollegelife","Cookies are my weakness \ud83c\udf6a"],"messages_no":6,"bad_words":[],"bad_words_no":0,"weight":0,"location":[[36.65319624,-121.79609326],[37.00228572,-121.55140224],[36.65319624,-121.79609326],[37.00228572,-121.55140224],[36.65319624,-121.79609326],[37.00228572,-121.55140224]],"friends":[1,2,3,4]}