{"messages":["@KayDanielle1123 WE WERE THERE LAST YEAR","@KayDanielle1123 WE WERE THERE LAST YEAR","@KayDanielle1123 WE WERE THERE LAST YEAR"],"messages_no":3,"bad_words":[],"bad_words_no":0,"weight":0,"location":[38.85143668,-94.81675199,38.85143668,-94.81675199,38.85143668,-94.81675199]}