{"messages":["Baby your amazing just the way you are . \ud83d\ude18\ud83d\udc95\ud83d\ude0d","Baby your amazing just the way you are . \ud83d\ude18\ud83d\udc95\ud83d\ude0d","Baby your amazing just the way you are . \ud83d\ude18\ud83d\udc95\ud83d\ude0d"],"messages_no":3,"bad_words":[],"bad_words_no":0,"weight":0,"location":[[43.13589097,-83.55505771],[43.13589097,-83.55505771],[43.13589097,-83.55505771]],"friends":[1,2,3,4]}