{"messages":["Okay tony notifications irritating \ud83d\ude12! -tesa","Okay tony notifications irritating \ud83d\ude12! -tesa","Okay tony notifications irritating \ud83d\ude12! -tesa","Okay tony notifications irritating \ud83d\ude12! -tesa"],"messages_no":4,"bad_words":[],"bad_words_no":0,"weight":0,"location":[43.07203066,-83.70432074,43.07203066,-83.70432074,43.07203066,-83.70432074,43.07203066,-83.70432074]}