{"messages":["I feel like a fuck","I feel like a fuck","I feel like a fuck"],"messages_no":3,"bad_words":[],"bad_words_no":3,"weight":0,"location":[[40.05919883,-83.06569476],[40.05919883,-83.06569476],[40.05919883,-83.06569476]],"friends":[1,2,3,4]}