{"messages":["When he go to sleep ughh &lt;&lt;&lt; \ud83d\ude24\ud83d\ude24\ud83d\ude2d\ud83d\ude2d\ud83d\ude2b","@BiggBooty_ thank you (:","When he go to sleep ughh &lt;&lt;&lt; \ud83d\ude24\ud83d\ude24\ud83d\ude2d\ud83d\ude2d\ud83d\ude2b","When he go to sleep ughh &lt;&lt;&lt; \ud83d\ude24\ud83d\ude24\ud83d\ude2d\ud83d\ude2d\ud83d\ude2b"],"messages_no":4,"bad_words":[],"bad_words_no":0,"weight":0,"location":[30.46228469,-87.22065395,30.47665836,-87.21229068,30.46228469,-87.22065395,30.46228469,-87.22065395]}