{"messages":["I want to go to Jamaica this summer","I want to go to Jamaica this summer","@iSweg5 ask him if he'll come to your bar-mitzvah","I want to go to Jamaica this summer","I want to go to Jamaica this summer","@iSweg5 ask him if he'll come to your bar-mitzvah"],"messages_no":6,"bad_words":[],"bad_words_no":0,"weight":0,"location":[38.96936869,-92.30283201,38.96936869,-92.30283201,38.96947812,-92.30284257,38.96936869,-92.30283201,38.96936869,-92.30283201,38.96947812,-92.30284257]}