{"messages":["That's like the 6th person I seen","I hate flappy bird bruh \ud83d\ude12","I need to clean my room","That's like the 6th person I seen","I hate flappy bird bruh \ud83d\ude12","I need to clean my room","@TAKEaShot_forUs bitch be gone \ud83d\ude10","That's like the 6th person I seen","I hate flappy bird bruh \ud83d\ude12","I need to clean my room","@TAKEaShot_forUs bitch be gone \ud83d\ude10"],"messages_no":11,"bad_words":[],"bad_words_no":2,"weight":0,"location":[[39.34859518,-76.74233102],[39.35526204,-76.75896247],[39.3814091,-76.80682221],[39.34859518,-76.74233102],[39.35526204,-76.75896247],[39.3814091,-76.80682221],[39.38149057,-76.80686421],[39.34859518,-76.74233102],[39.35526204,-76.75896247],[39.3814091,-76.80682221],[39.38149057,-76.80686421]],"friends":[1,2,3,4]}