{"messages":["Her ass","Her ass","Her ass","Her ass"],"messages_no":4,"bad_words":[],"bad_words_no":0,"weight":0,"location":[30.2660129,-97.7216784,30.2660129,-97.7216784,30.2660129,-97.7216784,30.2660129,-97.7216784]}