{"messages":["Jamaicans love mix up juice.","@i_do_this4_Mary I know. He said sometime people make it hard for you to love.","Jamaicans love mix up juice.","Jamaicans love mix up juice."],"messages_no":4,"bad_words":[],"bad_words_no":0,"weight":0,"location":[41.83824312,-72.69944297,41.83832366,-72.69916183,41.83824312,-72.69944297,41.83824312,-72.69944297]}