{"messages":["Boom boom! #hawks","Boom boom! #hawks","Boom boom! #hawks"],"messages_no":3,"bad_words":[],"bad_words_no":0,"weight":0,"location":[[42.33913327,-71.24283167],[42.33913327,-71.24283167],[42.33913327,-71.24283167]],"friends":[1,2,3,4]}