{"messages":["Would you be in my cult?","Would you be in my cult?","Would you be in my cult?"],"messages_no":3,"bad_words":[],"bad_words_no":0,"weight":0,"location":[[37.5286539,-122.03292775],[37.5286539,-122.03292775],[37.5286539,-122.03292775]],"friends":[1,2,3,4]}