{"messages":["#EsuranceSave30","#EsuranceSave30","#EsuranceSave30"],"messages_no":3,"bad_words":[],"bad_words_no":0,"weight":0,"location":[[35.71931051,-78.89601988],[35.71931051,-78.89601988],[35.71931051,-78.89601988]],"friends":[1,2,3,4]}