{"messages":["Bae's hair is gorgeous. \ud83d\ude0d\ud83d\ude29","Bae's hair is gorgeous. \ud83d\ude0d\ud83d\ude29","Bae's hair is gorgeous. \ud83d\ude0d\ud83d\ude29"],"messages_no":3,"bad_words":[],"bad_words_no":0,"weight":0,"location":[[38.77722165,-77.45530925],[38.77722165,-77.45530925],[38.77722165,-77.45530925]],"friends":[1,2,3,4]}