{"messages":["Today was good &gt; but tomorrow is gonna be even better \ud83d\ude2b","Hey boo \ud83d\ude18","Today was good &gt; but tomorrow is gonna be even better \ud83d\ude2b","Hey boo \ud83d\ude18","Today was good &gt; but tomorrow is gonna be even better \ud83d\ude2b","Hey boo \ud83d\ude18"],"messages_no":6,"bad_words":[],"bad_words_no":0,"weight":0,"location":[[34.42628329,-79.32697731],[34.42606046,-79.32700862],[34.42628329,-79.32697731],[34.42606046,-79.32700862],[34.42628329,-79.32697731],[34.42606046,-79.32700862]],"friends":[1,2,3,4]}