{"messages":["Mom stop singing \ud83d\ude02\ud83d\ude02\ud83d\ude02","Mom stop singing \ud83d\ude02\ud83d\ude02\ud83d\ude02","Alison where are you going you keep making mistakes","Mom stop singing \ud83d\ude02\ud83d\ude02\ud83d\ude02"],"messages_no":4,"bad_words":[],"bad_words_no":0,"weight":0,"location":[[39.74641513,-75.37186139],[39.74641513,-75.37186139],[39.74626173,-75.37196251],[39.74641513,-75.37186139]],"friends":[1,2,3,4]}