{"messages":["I love kissing lol","I love kissing lol","I love kissing lol"],"messages_no":3,"bad_words":[],"bad_words_no":0,"weight":0,"location":[[41.89179672,-71.41174654],[41.89179672,-71.41174654],[41.89179672,-71.41174654]],"friends":[1,2,3,4]}