{"messages":["@Jalentheeman lolll you aint lying","@Jalentheeman lolll you aint lying","@Jalentheeman lolll you aint lying","@Jalentheeman lolll you aint lying"],"messages_no":4,"bad_words":[],"bad_words_no":0,"weight":0,"location":[33.17366097,-96.8898542,33.17366097,-96.8898542,33.17366097,-96.8898542,33.17366097,-96.8898542]}