{"messages":["KD is making history.","KD is making history.","KD is making history."],"messages_no":3,"bad_words":[],"bad_words_no":0,"weight":0,"location":[[36.91577404,-76.26430705],[36.91577404,-76.26430705],[36.91577404,-76.26430705]],"friends":[1,2,3,4]}