{"messages":["@JeckonJordan good joke","@JeckonJordan good joke","@JeckonJordan good joke"],"messages_no":3,"bad_words":[],"bad_words_no":0,"weight":0,"location":[[43.01597466,-76.20802911],[43.01597466,-76.20802911],[43.01597466,-76.20802911]],"friends":[1,2,3,4]}