{"messages":["Preparing for the Super Bowl \ud83d\ude01 http:\/\/t.co\/K6fUvFVKOL","Awh this song use to be my fav","Preparing for the Super Bowl \ud83d\ude01 http:\/\/t.co\/K6fUvFVKOL","Awh this song use to be my fav","Short nigga but my dick tall","Preparing for the Super Bowl \ud83d\ude01 http:\/\/t.co\/K6fUvFVKOL","Awh this song use to be my fav"],"messages_no":7,"bad_words":[],"bad_words_no":2,"weight":0,"location":[[34.05046241,-118.26442555],[34.05090307,-118.26358379],[34.05046241,-118.26442555],[34.05090307,-118.26358379],[34.04418813,-118.262673],[34.05046241,-118.26442555],[34.05090307,-118.26358379]],"friends":[1,2,3,4]}