{"messages":["Smh damn damnnnnnn","#WhosGonnaWin  #Seahawks","Smh damn damnnnnnn"],"messages_no":3,"bad_words":[],"bad_words_no":4,"weight":0,"location":[41.7514723,-87.7155316,41.751503,-87.7155156,41.7514723,-87.7155316]}