{"messages":["Seeing you become a low life &gt;&gt; \ud83d\ude02\ud83d\ude02","Seeing you become a low life &gt;&gt; \ud83d\ude02\ud83d\ude02","Seeing you become a low life &gt;&gt; \ud83d\ude02\ud83d\ude02"],"messages_no":3,"bad_words":[],"bad_words_no":0,"weight":0,"location":[[40.77336866,-83.82152424],[40.77336866,-83.82152424],[40.77336866,-83.82152424]],"friends":[1,2,3,4]}