{"messages":["lol 8 yards","lol 8 yards","lol 8 yards"],"messages_no":3,"bad_words":[],"bad_words_no":0,"weight":0,"location":[[42.05037198,-73.94957241],[42.05037198,-73.94957241],[42.05037198,-73.94957241]],"friends":[1,2,3,4]}