{"messages":["Wow...","Wow...","Wow..."],"messages_no":3,"bad_words":[],"bad_words_no":0,"weight":0,"location":[[33.85315189,-117.7831849],[33.85315189,-117.7831849],[33.85315189,-117.7831849]],"friends":[1,2,3,4]}