{"messages":["I saw @Koree_Hodg7 today \ud83d\ude1c\ud83c\udfc0","I saw @Koree_Hodg7 today \ud83d\ude1c\ud83c\udfc0","Text me back @KyLeIgH_CoK","i don't even know what to think anymore","I saw @Koree_Hodg7 today \ud83d\ude1c\ud83c\udfc0","Text me back @KyLeIgH_CoK","i don't even know what to think anymore"],"messages_no":7,"bad_words":[],"bad_words_no":0,"weight":0,"location":[[41.05019351,-82.73853424],[41.05019351,-82.73853424],[41.04386123,-82.74950515],[40.9791841,-82.97563801],[41.05019351,-82.73853424],[41.04386123,-82.74950515],[40.9791841,-82.97563801]],"friends":[1,2,3,4]}