{"messages":["Fuckkng stupid","Fuckkng stupid","Fuckkng stupid"],"messages_no":3,"bad_words":[],"bad_words_no":3,"weight":0,"location":[[42.51886446,-82.9372344],[42.51886446,-82.9372344],[42.51886446,-82.9372344]],"friends":[1,2,3,4]}