{"messages":["oh my god you are so ignorant please shut the fuck up","talk dirty to me \ud83d\ude0f","i get myself so upset sometimes that it makes me nauseous","\u201c@RealDopePosts: Bruno Mars was up there like http:\/\/t.co\/ZBQGjUlJ5Y\u201d","oh my god you are so ignorant please shut the fuck up","talk dirty to me \ud83d\ude0f","i get myself so upset sometimes that it makes me nauseous","\u201c@RealDopePosts: Bruno Mars was up there like http:\/\/t.co\/ZBQGjUlJ5Y\u201d","oh my god you are so ignorant please shut the fuck up","talk dirty to me \ud83d\ude0f","i get myself so upset sometimes that it makes me nauseous","\u201c@RealDopePosts: Bruno Mars was up there like http:\/\/t.co\/ZBQGjUlJ5Y\u201d"],"messages_no":12,"bad_words":[],"bad_words_no":3,"weight":0,"location":[[40.57483497,-74.46517743],[40.56805277,-74.50044382],[40.56797893,-74.51448343],[40.56792153,-74.51443761],[40.57483497,-74.46517743],[40.56805277,-74.50044382],[40.56797893,-74.51448343],[40.56792153,-74.51443761],[40.57483497,-74.46517743],[40.56805277,-74.50044382],[40.56797893,-74.51448343],[40.56792153,-74.51443761]],"friends":[1,2,3,4]}