{"messages":["#BusterPosey #FaceofMLB","#BusterPosey #FaceofMLB","#BusterPosey #FaceofMLB","#BusterPosey #FaceofMLB"],"messages_no":4,"bad_words":[],"bad_words_no":0,"weight":0,"location":[38.28032122,-122.00526092,38.28032122,-122.00526092,38.28032122,-122.00526092,38.28032122,-122.00526092]}