{"messages":["#EsuranceSave30","#EsuranceSave30","#EsuranceSave30"],"messages_no":3,"bad_words":[],"bad_words_no":0,"weight":0,"location":[[37.20364426,-80.404455],[37.20364426,-80.404455],[37.20364426,-80.404455]],"friends":[1,2,3,4]}