{"messages":["HAPPY WALKING DEAD MONTH","HAPPY WALKING DEAD MONTH","HAPPY WALKING DEAD MONTH"],"messages_no":3,"bad_words":[],"bad_words_no":0,"weight":0,"location":[[39.98163966,-75.1619998],[39.98163966,-75.1619998],[39.98163966,-75.1619998]],"friends":[1,2,3,4]}