{"messages":["Printing these boss ass tees for @PaperFrank yay! \n\n\ud83d\ude05","Printing these boss ass tees for @PaperFrank yay! \n\n\ud83d\ude05","Shaqs on my feet","Printing these boss ass tees for @PaperFrank yay! \n\n\ud83d\ude05","Shaqs on my feet"],"messages_no":5,"bad_words":[],"bad_words_no":0,"weight":0,"location":[[33.93587267,-84.24694422],[33.93587267,-84.24694422],[33.93579235,-84.24705301],[33.93587267,-84.24694422],[33.93579235,-84.24705301]],"friends":[1,2,3,4]}