{"messages":["#truefalse2014","#truefalse2014","#truefalse2014"],"messages_no":3,"bad_words":[],"bad_words_no":0,"weight":0,"location":[[38.67984145,-90.41665359],[38.67984145,-90.41665359],[38.67984145,-90.41665359]],"friends":[1,2,3,4]}