{"messages":["#Chrysler200 #BobDylan whoop whoop","#Chrysler200 #BobDylan whoop whoop","#Chrysler200 #BobDylan whoop whoop"],"messages_no":3,"bad_words":[],"bad_words_no":0,"weight":0,"location":[[42.59883345,-83.4312389],[42.59883345,-83.4312389],[42.59883345,-83.4312389]],"friends":[1,2,3,4]}