{"messages":["I don't know what shoes to wear tonight\ud83d\ude12","I don't know what shoes to wear tonight\ud83d\ude12","Perfect \ud83d\ude2c\ud83d\ude2c\ud83d\ude2c","I usually get bored with the same guy by now but it's diff with him \ud83d\ude18","@dominguezzz_ okay I know that one ain't true lol","I really don't know where to go this summer \ud83d\ude23","Going back to my brown hair cause niggas think I'm white with my blonde \ud83d\ude29","I don't know what shoes to wear tonight\ud83d\ude12"],"messages_no":8,"bad_words":[],"bad_words_no":1,"weight":0,"location":[[32.08825216,-96.48709727],[32.08825216,-96.48709727],[32.06964,-96.5057082],[32.08830903,-96.48695611],[32.08831687,-96.48696827],[32.08592451,-96.51535547],[32.08559751,-96.51651758],[32.08825216,-96.48709727]],"friends":[1,2,3,4]}