{"messages":["Its the same thing every time i feel like this i cant do this again","You are not useless, we are just misguided ghosts.","Ill be the brightest youll see.","Its the same thing every time i feel like this i cant do this again","You are not useless, we are just misguided ghosts.","Ill be the brightest youll see.","I want to sleep its only monday and i cant function shoot me","Its the same thing every time i feel like this i cant do this again","You are not useless, we are just misguided ghosts.","Ill be the brightest youll see.","I want to sleep its only monday and i cant function shoot me"],"messages_no":11,"bad_words":[],"bad_words_no":0,"weight":0,"location":[[42.98866196,-78.87771194],[42.98868828,-78.87754289],[42.98858916,-78.87747802],[42.98866196,-78.87771194],[42.98868828,-78.87754289],[42.98858916,-78.87747802],[42.98873596,-78.87738977],[42.98866196,-78.87771194],[42.98868828,-78.87754289],[42.98858916,-78.87747802],[42.98873596,-78.87738977]],"friends":[1,2,3,4]}