{"messages":["I need subway\ud83d\ude29","Miguel's voice\ud83d\ude0d\ud83d\ude0d\ud83d\ude0d"],"messages_no":2,"bad_words":[],"bad_words_no":0,"weight":0,"location":[[37.74910425,-97.44823721],[37.75857273,-97.42631868]]}