{"messages":["@kiaramarieee_ thanks babe\ud83d\ude18 love you too\ud83d\udc95\ud83d\udc95","but it will be worth it\ud83d\ude02\ud83d\ude02","@kiaramarieee_ thanks babe\ud83d\ude18 love you too\ud83d\udc95\ud83d\udc95","but it will be worth it\ud83d\ude02\ud83d\ude02","@kiaramarieee_ thanks babe\ud83d\ude18 love you too\ud83d\udc95\ud83d\udc95","but it will be worth it\ud83d\ude02\ud83d\ude02"],"messages_no":6,"bad_words":[],"bad_words_no":0,"weight":0,"location":[[42.08972858,-72.56065476],[42.10762872,-72.5862489],[42.08972858,-72.56065476],[42.10762872,-72.5862489],[42.08972858,-72.56065476],[42.10762872,-72.5862489]],"friends":[1,2,3,4]}