{"messages":["Posted on the way to Flagstaff http:\/\/t.co\/aUq8GSeahX","DAMN THEY COLD FOR THAT","Posted on the way to Flagstaff http:\/\/t.co\/aUq8GSeahX","DAMN THEY COLD FOR THAT","Posted on the way to Flagstaff http:\/\/t.co\/aUq8GSeahX","DAMN THEY COLD FOR THAT"],"messages_no":6,"bad_words":[],"bad_words_no":0,"weight":0,"location":[[34.51101043,-111.99459653],[33.41559421,-111.83213054],[34.51101043,-111.99459653],[33.41559421,-111.83213054],[34.51101043,-111.99459653],[33.41559421,-111.83213054]],"friends":[1,2,3,4]}