{"messages":["he looks mad different \ud83d\ude33\ud83d\ude33\ud83d\ude33\ud83d\ude33 in a bad way too\ud83d\ude02\ud83d\ude02\ud83d\ude02\ud83d\ude02\ud83d\ude02\ud83d\ude02\ud83d\ude37","basketball games \ud83d\ude0d\ud83c\udfc0","just ran 6 miles \ud83c\udf1e\ud83d\udcaa","he looks mad different \ud83d\ude33\ud83d\ude33\ud83d\ude33\ud83d\ude33 in a bad way too\ud83d\ude02\ud83d\ude02\ud83d\ude02\ud83d\ude02\ud83d\ude02\ud83d\ude02\ud83d\ude37","basketball games \ud83d\ude0d\ud83c\udfc0","basketball games \ud83d\ude0d\ud83c\udfc0"],"messages_no":6,"bad_words":[],"bad_words_no":0,"weight":0,"location":[39.48416185,-74.60656151,39.48857043,-74.5152774,39.48035055,-74.50818158,39.48416185,-74.60656151,39.48857043,-74.5152774,39.48857043,-74.5152774]}