{"messages":["Lock it up Lockola","Lock it up Lockola","Lock it up Lockola"],"messages_no":3,"bad_words":[],"bad_words_no":0,"weight":0,"location":[[37.89298715,-122.63679585],[37.89298715,-122.63679585],[37.89298715,-122.63679585]],"friends":[1,2,3,4]}