{"messages":["thanks God for this day","thanks God for this day","thanks God for this day","thanks God for this day"],"messages_no":4,"bad_words":[],"bad_words_no":0,"weight":0,"location":[42.5159994,-70.9073858,42.5159994,-70.9073858,42.5159994,-70.9073858,42.5159994,-70.9073858]}