{"messages":["\ud83d\ude02\ud83d\ude02 when I say goodnight I usually stop tweeting an scroll til I \ud83d\ude34\ud83d\ude34\ud83d\ude34","\u201c@_SoulofAmbition: Goodmorning \ud83d\ude0a\ud83d\ude18\ud83d\udc4c hope y'all have a good day today!\u201d Goodmorning \ud83d\ude0d\ud83d\ude01\ud83d\ude08","\ud83d\ude02\ud83d\ude02 when I say goodnight I usually stop tweeting an scroll til I \ud83d\ude34\ud83d\ude34\ud83d\ude34","\u201c@_SoulofAmbition: Goodmorning \ud83d\ude0a\ud83d\ude18\ud83d\udc4c hope y'all have a good day today!\u201d Goodmorning \ud83d\ude0d\ud83d\ude01\ud83d\ude08","If this cop pull me over that'll be twice in one night.","Niggas weak","Live life understand everyone makes mistakes but learn from it and move on","\ud83d\ude02\ud83d\ude02 when I say goodnight I usually stop tweeting an scroll til I \ud83d\ude34\ud83d\ude34\ud83d\ude34","\u201c@_SoulofAmbition: Goodmorning \ud83d\ude0a\ud83d\ude18\ud83d\udc4c hope y'all have a good day today!\u201d Goodmorning \ud83d\ude0d\ud83d\ude01\ud83d\ude08","If this cop pull me over that'll be twice in one night."],"messages_no":10,"bad_words":[],"bad_words_no":0,"weight":0,"location":[[32.88013449,-80.06984886],[32.87999139,-80.06988113],[32.88013449,-80.06984886],[32.87999139,-80.06988113],[32.95264254,-80.04997174],[32.95032641,-80.05044842],[32.97404104,-80.01786763],[32.88013449,-80.06984886],[32.87999139,-80.06988113],[32.95264254,-80.04997174]],"friends":[1,2,3,4]}