{"messages":["@nick_Trippy15 thank you","Cuz came through gave me a DUBB . \ud83d\udc4c","@nick_Trippy15 thank you","Cuz came through gave me a DUBB . \ud83d\udc4c","@nick_Trippy15 thank you","Cuz came through gave me a DUBB . \ud83d\udc4c"],"messages_no":6,"bad_words":[],"bad_words_no":0,"weight":0,"location":[[36.87428246,-89.59154652],[36.8733419,-89.58582702],[36.87428246,-89.59154652],[36.8733419,-89.58582702],[36.87428246,-89.59154652],[36.8733419,-89.58582702]],"friends":[1,2,3,4]}