{"messages":["I'm high \ud83d\udeac","I'm high \ud83d\udeac","I'm high \ud83d\udeac"],"messages_no":3,"bad_words":[],"bad_words_no":0,"weight":0,"location":[[32.14592841,-95.42713503],[32.14592841,-95.42713503],[32.14592841,-95.42713503]],"friends":[1,2,3,4]}