{"messages":["Yup super bored.......","Yup super bored.......","Yup super bored......."],"messages_no":3,"bad_words":[],"bad_words_no":0,"weight":0,"location":[[42.72896068,-84.52478302],[42.72896068,-84.52478302],[42.72896068,-84.52478302]],"friends":[1,2,3,4]}