{"messages":["Small world","Small world"],"messages_no":2,"bad_words":[],"bad_words_no":0,"weight":0,"location":[36.16238813,-115.04804245,36.16238813,-115.04804245]}