{"messages":["stop texting me. XOXO\ud83d\ude18","\u201c@ohteenposts: Me &amp; Zac http:\/\/t.co\/ZwQhFB5Max\u201d @Mrbdancer10 this is you\ud83d\ude02","stop texting me. XOXO\ud83d\ude18","\u201c@ohteenposts: Me &amp; Zac http:\/\/t.co\/ZwQhFB5Max\u201d @Mrbdancer10 this is you\ud83d\ude02","stop texting me. XOXO\ud83d\ude18","\u201c@ohteenposts: Me &amp; Zac http:\/\/t.co\/ZwQhFB5Max\u201d @Mrbdancer10 this is you\ud83d\ude02","stop texting me. XOXO\ud83d\ude18","\u201c@ohteenposts: Me &amp; Zac http:\/\/t.co\/ZwQhFB5Max\u201d @Mrbdancer10 this is you\ud83d\ude02"],"messages_no":8,"bad_words":[],"bad_words_no":0,"weight":0,"location":[41.54683405,-90.58749815,41.54685062,-90.58751896,41.54683405,-90.58749815,41.54685062,-90.58751896,41.54683405,-90.58749815,41.54685062,-90.58751896,41.54683405,-90.58749815,41.54685062,-90.58751896]}