{"messages":["Last night was a good night","Last night was a good night","Last night was a good night","Last night was a good night"],"messages_no":4,"bad_words":[],"bad_words_no":0,"weight":0,"location":[35.11296862,-80.67520386,35.11296862,-80.67520386,35.11296862,-80.67520386,35.11296862,-80.67520386]}