{"messages":["Not boys arguing over girls","Not boys arguing over girls","Not boys arguing over girls"],"messages_no":3,"bad_words":[],"bad_words_no":0,"weight":0,"location":[[34.59791006,-86.98289397],[34.59791006,-86.98289397],[34.59791006,-86.98289397]],"friends":[1,2,3,4]}