{"messages":["I need a vacation and #asap \ud83c\udf0a\u2708\ufe0f\ud83d\udea3\ud83c\udfa1\ud83d\uddfd\u26f5\ufe0f\ud83c\udfb0","I need a vacation and #asap \ud83c\udf0a\u2708\ufe0f\ud83d\udea3\ud83c\udfa1\ud83d\uddfd\u26f5\ufe0f\ud83c\udfb0","Your vision will become clear only when you look into your heart.\ud83c\udf20\u2764\ufe0f","I need a vacation and #asap \ud83c\udf0a\u2708\ufe0f\ud83d\udea3\ud83c\udfa1\ud83d\uddfd\u26f5\ufe0f\ud83c\udfb0","I need a vacation and #asap \ud83c\udf0a\u2708\ufe0f\ud83d\udea3\ud83c\udfa1\ud83d\uddfd\u26f5\ufe0f\ud83c\udfb0","Your vision will become clear only when you look into your heart.\ud83c\udf20\u2764\ufe0f"],"messages_no":6,"bad_words":[],"bad_words_no":0,"weight":0,"location":[33.9476936,-118.30856008,33.9476936,-118.30856008,33.9476261,-118.30887588,33.9476936,-118.30856008,33.9476936,-118.30856008,33.9476261,-118.30887588]}