{"messages":["Full outs \ud83d\ude29","Full outs \ud83d\ude29","Full outs \ud83d\ude29"],"messages_no":3,"bad_words":[],"bad_words_no":3,"weight":0,"location":[41.7754847,-87.80363803,41.7754847,-87.80363803,41.7754847,-87.80363803]}