{"messages":["Damian is so crazy.","Compared to last weekend my weekend is gonna suck. \ud83d\udc4a","Juan's gonna die when he finds out what my parents got him.","Damian is so crazy.","Compared to last weekend my weekend is gonna suck. \ud83d\udc4a","Juan's gonna die when he finds out what my parents got him.","Damian is so crazy.","Compared to last weekend my weekend is gonna suck. \ud83d\udc4a","Juan's gonna die when he finds out what my parents got him."],"messages_no":9,"bad_words":[],"bad_words_no":0,"weight":0,"location":[[26.20832232,-97.68341549],[26.20830139,-97.68341794],[26.25129497,-97.73176388],[26.20832232,-97.68341549],[26.20830139,-97.68341794],[26.25129497,-97.73176388],[26.20832232,-97.68341549],[26.20830139,-97.68341794],[26.25129497,-97.73176388]],"friends":[1,2,3,4]}