{"messages":["Bc I am that cool \ud83d\udc4c http:\/\/t.co\/btYi83hd71","I really got to block mfs on my phone now smh","Bc I am that cool \ud83d\udc4c http:\/\/t.co\/btYi83hd71"],"messages_no":3,"bad_words":[],"bad_words_no":0,"weight":0,"location":[35.93100662,-84.05014836,35.9310548,-84.05015599,35.93100662,-84.05014836]}