{"messages":["5 days until pitchers and catchers report","5 days until pitchers and catchers report","When it reigns it pours down.","@FrankiePolanco Go to sleep kid, I cant come through to tuck you in tonight.\ud83d\ude02\ud83d\ude02","5 days until pitchers and catchers report"],"messages_no":5,"bad_words":[],"bad_words_no":0,"weight":0,"location":[[40.75493037,-74.04424358],[40.75493037,-74.04424358],[40.75498919,-74.04430271],[40.75500879,-74.04427693],[40.75493037,-74.04424358]],"friends":[1,2,3,4]}