{"messages":["Oh I threw up for a quick sec. Last night. Didn't eat before drinking.","Buttttt I had fun","The p90 made me so dark!","Oh I threw up for a quick sec. Last night. Didn't eat before drinking.","Buttttt I had fun","The p90 made me so dark!","Pulled my bicep shoveling today. You can say I'm a pro shoveler.","At 12:30 I shall attend the gym.#backtobed","Oh I threw up for a quick sec. Last night. Didn't eat before drinking.","Buttttt I had fun","The p90 made me so dark!","Pulled my bicep shoveling today. You can say I'm a pro shoveler."],"messages_no":12,"bad_words":[],"bad_words_no":0,"weight":0,"location":[[40.5084808,-75.7801283],[40.5085282,-75.7803273],[40.3892754,-75.9979984],[40.5084808,-75.7801283],[40.5085282,-75.7803273],[40.3892754,-75.9979984],[40.3892247,-75.9979315],[40.5084462,-75.7800831],[40.5084808,-75.7801283],[40.5085282,-75.7803273],[40.3892754,-75.9979984],[40.3892247,-75.9979315]],"friends":[1,2,3,4]}