{"messages":["I'm ready for a nap!!!!!!!!\ud83d\ude34","I'm ready for a nap!!!!!!!!\ud83d\ude34","I'm ready for a nap!!!!!!!!\ud83d\ude34"],"messages_no":3,"bad_words":[],"bad_words_no":0,"weight":0,"location":[[35.08272973,-106.62238332],[35.08272973,-106.62238332],[35.08272973,-106.62238332]],"friends":[1,2,3,4]}