{"messages":["@YoungRone12 aye bruh you did ball \ud83d\udc4c","Call The Lord before you call the law.","Stay Blue","@YoungRone12 aye bruh you did ball \ud83d\udc4c","Call The Lord before you call the law."],"messages_no":5,"bad_words":[],"bad_words_no":0,"weight":0,"location":[37.6539976,-84.77418628,37.65392137,-84.77421817,38.20174365,-84.87656684,37.6539976,-84.77418628,37.65392137,-84.77421817]}