{"messages":["I missed talking to #oomf","I missed talking to #oomf","I missed talking to #oomf"],"messages_no":3,"bad_words":[],"bad_words_no":0,"weight":0,"location":[[32.69696522,-85.96322536],[32.69696522,-85.96322536],[32.69696522,-85.96322536]],"friends":[1,2,3,4]}