{"messages":["\u201c@DizzyDortch: When you catch feelings that's when the shit starts to get stupid \ud83d\ude12\u201d","\u201c@itsssrach: \"imagine being the coin\"\u201d","\u201c@DizzyDortch: When you catch feelings that's when the shit starts to get stupid \ud83d\ude12\u201d","\u201c@itsssrach: \"imagine being the coin\"\u201d","\u201c@DizzyDortch: When you catch feelings that's when the shit starts to get stupid \ud83d\ude12\u201d","\u201c@itsssrach: \"imagine being the coin\"\u201d"],"messages_no":6,"bad_words":[],"bad_words_no":3,"weight":0,"location":[[40.87940333,-73.05425934],[40.87923042,-73.05461012],[40.87940333,-73.05425934],[40.87923042,-73.05461012],[40.87940333,-73.05425934],[40.87923042,-73.05461012]],"friends":[1,2,3,4]}