{"messages":["Eh, it doesn't go through.","Eh, it doesn't go through.","Eh, it doesn't go through."],"messages_no":3,"bad_words":[],"bad_words_no":0,"weight":0,"location":[[34.10591288,-118.20007453],[34.10591288,-118.20007453],[34.10591288,-118.20007453]],"friends":[1,2,3,4]}