{"messages":["But it's okay broncos \ud83d\ude14\ud83d\ude14\ud83d\ude14\ud83d\ude14\ud83d\ude14\ud83d\ude12\ud83d\ude12\ud83d\ude12","But it's okay broncos \ud83d\ude14\ud83d\ude14\ud83d\ude14\ud83d\ude14\ud83d\ude14\ud83d\ude12\ud83d\ude12\ud83d\ude12","But it's okay broncos \ud83d\ude14\ud83d\ude14\ud83d\ude14\ud83d\ude14\ud83d\ude14\ud83d\ude12\ud83d\ude12\ud83d\ude12"],"messages_no":3,"bad_words":[],"bad_words_no":0,"weight":0,"location":[[30.54920159,-97.61873365],[30.54920159,-97.61873365],[30.54920159,-97.61873365]],"friends":[1,2,3,4]}