{"messages":["@_sameshxt I miss you moree \ud83d\ude14","@_sameshxt I miss you moree \ud83d\ude14","@_sameshxt I miss you moree \ud83d\ude14"],"messages_no":3,"bad_words":[],"bad_words_no":0,"weight":0,"location":[[35.1182027,-81.50976266],[35.1182027,-81.50976266],[35.1182027,-81.50976266]],"friends":[1,2,3,4]}