{"messages":["It's the best lifestyle","It's the best lifestyle","It's the best lifestyle"],"messages_no":3,"bad_words":[],"bad_words_no":0,"weight":0,"location":[[29.53728392,-98.70636899],[29.53728392,-98.70636899],[29.53728392,-98.70636899]],"friends":[1,2,3,4]}