{"messages":["my moms instagram bio is \"\ud83d\udcb2\ud83d\udcb2\ud83d\udcb2\"","my moms instagram bio is \"\ud83d\udcb2\ud83d\udcb2\ud83d\udcb2\"","my moms instagram bio is \"\ud83d\udcb2\ud83d\udcb2\ud83d\udcb2\""],"messages_no":3,"bad_words":[],"bad_words_no":0,"weight":0,"location":[32.93418577,-117.13487364,32.93418577,-117.13487364,32.93418577,-117.13487364]}