{"messages":["@xoxo_cellyB @PrettiboyHector this why we not coo","@Sugardadddy24 I'm #winning now","@AshleyJeffcote ..... LMAO","@xoxo_cellyB @PrettiboyHector this why we not coo","@Sugardadddy24 I'm #winning now","@AshleyJeffcote ..... LMAO","You took it good shit","She pass the blunt would you hit it? http:\/\/t.co\/zdv2MtU4Rj","@xoxo_cellyB @PrettiboyHector this why we not coo","@Sugardadddy24 I'm #winning now","@AshleyJeffcote ..... LMAO"],"messages_no":11,"bad_words":[],"bad_words_no":1,"weight":0,"location":[[29.91896448,-95.57381998],[29.91883319,-95.57388698],[29.91857698,-95.57376475],[29.91896448,-95.57381998],[29.91883319,-95.57388698],[29.91857698,-95.57376475],[29.99222041,-95.58235953],[29.91871991,-95.57383611],[29.91896448,-95.57381998],[29.91883319,-95.57388698],[29.91857698,-95.57376475]],"friends":[1,2,3,4]}