{"messages":["This weather tho","This weather tho","This weather tho"],"messages_no":3,"bad_words":[],"bad_words_no":0,"weight":0,"location":[[39.92489049,-79.72755216],[39.92489049,-79.72755216],[39.92489049,-79.72755216]],"friends":[1,2,3,4]}