{"messages":["I need a fill &amp; my eyebrows done","I need a fill &amp; my eyebrows done","I need a fill &amp; my eyebrows done","I need a fill &amp; my eyebrows done"],"messages_no":4,"bad_words":[],"bad_words_no":0,"weight":0,"location":[36.1666552,-115.2567161,36.1666552,-115.2567161,36.1666552,-115.2567161,36.1666552,-115.2567161]}