{"messages":["@aaroncarpenter_ follow me omg","#JackandJackdistance @JackJackJohnson \ud83d\udc95\ud83d\udc95\n\nhttp:\/\/t.co\/qNUOOampca\u201d 53x","@aaroncarpenter_ follow me omg","#JackandJackdistance @JackJackJohnson \ud83d\udc95\ud83d\udc95\n\nhttp:\/\/t.co\/qNUOOampca\u201d 53x","@aaroncarpenter_ follow me omg","#JackandJackdistance @JackJackJohnson \ud83d\udc95\ud83d\udc95\n\nhttp:\/\/t.co\/qNUOOampca\u201d 53x"],"messages_no":6,"bad_words":[],"bad_words_no":0,"weight":0,"location":[[33.92229983,-117.21634202],[33.9223536,-117.2162406],[33.92229983,-117.21634202],[33.9223536,-117.2162406],[33.92229983,-117.21634202],[33.9223536,-117.2162406]],"friends":[1,2,3,4]}