{"messages":["TCM is the best channel ever","TCM is the best channel ever","@buttwrangler I hope so!","TCM is the best channel ever","@buttwrangler I hope so!"],"messages_no":5,"bad_words":[],"bad_words_no":0,"weight":0,"location":[[30.35402148,-97.72732256],[30.35402148,-97.72732256],[30.4783621,-97.84647019],[30.35402148,-97.72732256],[30.4783621,-97.84647019]],"friends":[1,2,3,4]}