{"messages":["Give respect to earn respect.","If you're going against the seahawks I dislike you for a week lol","Every girl should have a dildo and vibrator","Give respect to earn respect.","Give respect to earn respect."],"messages_no":5,"bad_words":[],"bad_words_no":1,"weight":0,"location":[34.24236983,-92.02371387,34.24191923,-92.02129054,34.24220338,-92.02372863,34.24236983,-92.02371387,34.24236983,-92.02371387]}