{"messages":["#FreeBadazz FEB13","his backup dancers \ud83d\ude0d"],"messages_no":2,"bad_words":[],"bad_words_no":0,"weight":0,"location":[[30.58152698,-91.16143255],[30.39236318,-91.08961767]]}