{"messages":["I got ready for nothing","I got ready for nothing","I got ready for nothing"],"messages_no":3,"bad_words":[],"bad_words_no":0,"weight":0,"location":[[38.15558568,-85.85249987],[38.15558568,-85.85249987],[38.15558568,-85.85249987]],"friends":[1,2,3,4]}