{"messages":["H.U.R.T they hate you I see \ud83d\udc40","H.U.R.T they hate you I see \ud83d\udc40","H.U.R.T they hate you I see \ud83d\udc40"],"messages_no":3,"bad_words":[],"bad_words_no":0,"weight":0,"location":[41.56196797,-81.57284178,41.56196797,-81.57284178,41.56196797,-81.57284178]}