{"messages":["My cousin is da one\ue427","My cousin is da one\ue427","\"@smbtheog: Tf is the fosters\" omg","Im gonna kill deborah omfg she always posting videos of me on snapchat while idk \ue40e\ue40e\ue40e","My cousin is da one\ue427","\"@smbtheog: Tf is the fosters\" omg"],"messages_no":6,"bad_words":[],"bad_words_no":0,"weight":0,"location":[[42.4709037,-70.9408169],[42.4709037,-70.9408169],[42.4709331,-70.9408842],[42.4738706,-70.9488235],[42.4709037,-70.9408169],[42.4709331,-70.9408842]],"friends":[1,2,3,4]}