{"messages":["Trade my car in for a jeep?","Trade my car in for a jeep?","Trade my car in for a jeep?"],"messages_no":3,"bad_words":[],"bad_words_no":0,"weight":0,"location":[[27.6836138,-97.32733444],[27.6836138,-97.32733444],[27.6836138,-97.32733444]],"friends":[1,2,3,4]}