{"messages":["@PanicciaAnnaa you okay boo?","Bit mad","@PanicciaAnnaa you okay boo?"],"messages_no":3,"bad_words":[],"bad_words_no":0,"weight":0,"location":[42.9311596,-85.6985196,42.9205008,-85.7154578,42.9311596,-85.6985196]}