{"messages":["@Shamsterrerr frfr \ud83d\udc4c\ud83d\ude02 since day one you couldn't spell \ud83d\ude02\ud83d\ude02\ud83d\ude02","Bruno's my babe \ud83d\udc97","@Shamsterrerr frfr \ud83d\udc4c\ud83d\ude02 since day one you couldn't spell \ud83d\ude02\ud83d\ude02\ud83d\ude02","Bruno's my babe \ud83d\udc97","@Shamsterrerr frfr \ud83d\udc4c\ud83d\ude02 since day one you couldn't spell \ud83d\ude02\ud83d\ude02\ud83d\ude02","Bruno's my babe \ud83d\udc97"],"messages_no":6,"bad_words":[],"bad_words_no":0,"weight":0,"location":[[35.55828484,-78.61098513],[35.55650122,-78.60705175],[35.55828484,-78.61098513],[35.55650122,-78.60705175],[35.55828484,-78.61098513],[35.55650122,-78.60705175]],"friends":[1,2,3,4]}