{"messages":["Aaron made that up","Finna go pay some bills","Aaron made that up","Aaron made that up","Finna go pay some bills"],"messages_no":5,"bad_words":[],"bad_words_no":0,"weight":0,"location":[42.9005638,-85.5865159,42.9140852,-85.6394572,42.9005638,-85.5865159,42.9005638,-85.5865159,42.9140852,-85.6394572]}