{"messages":["@Daseanhewett1 what!!!","@Daseanhewett1 what!!!","MY MOM JUST SAID OR NAH IM WEAK","@Daseanhewett1 what!!!"],"messages_no":4,"bad_words":[],"bad_words_no":0,"weight":0,"location":[[34.4345932,-77.62361026],[34.4345932,-77.62361026],[34.39590496,-77.68232749],[34.4345932,-77.62361026]],"friends":[1,2,3,4]}