{"messages":["My snapchat popping","My snapchat popping","My snapchat popping"],"messages_no":3,"bad_words":[],"bad_words_no":0,"weight":0,"location":[[40.58819102,-75.59479174],[40.58819102,-75.59479174],[40.58819102,-75.59479174]],"friends":[1,2,3,4]}