{"messages":["Those commercials were poo","Those commercials were poo","Those commercials were poo"],"messages_no":3,"bad_words":[],"bad_words_no":0,"weight":0,"location":[[29.54301129,-98.32898335],[29.54301129,-98.32898335],[29.54301129,-98.32898335]],"friends":[1,2,3,4]}