{"messages":["Truck was clean tho..","Truck was clean tho..","Truck was clean tho.."],"messages_no":3,"bad_words":[],"bad_words_no":0,"weight":0,"location":[[41.80722924,-89.66751252],[41.80722924,-89.66751252],[41.80722924,-89.66751252]],"friends":[1,2,3,4]}