{"messages":["ATL Is On \ud83d\udc4c\ud83d\ude0d\u2764\ufe0f\ud83d\ude4c #BestShow","#Broncos Bettter Get This Today \u2764\ufe0f\ud83c\udfc8","What michaela just told me &gt;&gt;&gt;&gt;&gt;&gt; So proud Of Her #Bestfriend \ud83d\udc4c\ud83d\ude0a","ATL Is On \ud83d\udc4c\ud83d\ude0d\u2764\ufe0f\ud83d\ude4c #BestShow"],"messages_no":4,"bad_words":[],"bad_words_no":0,"weight":0,"location":[42.21851061,-84.79643622,42.21851447,-84.79652566,42.21853215,-84.79649289,42.21851061,-84.79643622]}