{"messages":["you're so fucking stupid I swear to god.","we chose \"seacocks\" because Denver couldn't handle their D. 15-0 baby \ud83d\udc9a\ud83d\udc99\ud83c\udfc8","you're so fucking stupid I swear to god.","we chose \"seacocks\" because Denver couldn't handle their D. 15-0 baby \ud83d\udc9a\ud83d\udc99\ud83c\udfc8","why tf is it so cold? \ud83d\ude2d\u2744\ufe0f\u26c4\ufe0f","you're so fucking stupid I swear to god.","we chose \"seacocks\" because Denver couldn't handle their D. 15-0 baby \ud83d\udc9a\ud83d\udc99\ud83c\udfc8"],"messages_no":7,"bad_words":[],"bad_words_no":6,"weight":0,"location":[[21.32116624,-157.86067658],[21.4536486,-158.01696888],[21.32116624,-157.86067658],[21.4536486,-158.01696888],[21.45361821,-158.01319803],[21.32116624,-157.86067658],[21.4536486,-158.01696888]],"friends":[1,2,3,4]}