{"messages":["Cleanin blahh","Cleanin blahh","Cleanin blahh"],"messages_no":3,"bad_words":[],"bad_words_no":0,"weight":0,"location":[[40.60310924,-74.43582536],[40.60310924,-74.43582536],[40.60310924,-74.43582536]],"friends":[1,2,3,4]}