{"messages":["@Bekahhh_Gladden definitely \u263a\ufe0f","@Bekahhh_Gladden definitely \u263a\ufe0f","@Bekahhh_Gladden definitely \u263a\ufe0f"],"messages_no":3,"bad_words":[],"bad_words_no":0,"weight":0,"location":[[39.36965666,-86.13376234],[39.36965666,-86.13376234],[39.36965666,-86.13376234]],"friends":[1,2,3,4]}