{"messages":["Wise Words \ud83d\ude4f @DMTryptamine http:\/\/t.co\/w3hhcH52Yc","YO THIS GAME IS STRESSFUL","Wise Words \ud83d\ude4f @DMTryptamine http:\/\/t.co\/w3hhcH52Yc","YO THIS GAME IS STRESSFUL","YO THIS GAME IS STRESSFUL"],"messages_no":5,"bad_words":[],"bad_words_no":0,"weight":0,"location":[37.99110378,-122.30784478,37.99893705,-122.26510629,37.99110378,-122.30784478,37.99893705,-122.26510629,37.99893705,-122.26510629]}