{"messages":["Jammin Out To My Bae Bruno Mars \ud83d\ude0d\ud83c\udfa7","Jammin Out To My Bae Bruno Mars \ud83d\ude0d\ud83c\udfa7","I Can't Do Any Better Than 26 On Flappy Bird -.-","Jammin Out To My Bae Bruno Mars \ud83d\ude0d\ud83c\udfa7"],"messages_no":4,"bad_words":[],"bad_words_no":0,"weight":0,"location":[[29.96724777,-95.27037367],[29.96724777,-95.27037367],[29.96720457,-95.27022969],[29.96724777,-95.27037367]],"friends":[1,2,3,4]}