{"messages":["Fina tat my eyelids","Fina tat my eyelids","Fina tat my eyelids"],"messages_no":3,"bad_words":[],"bad_words_no":0,"weight":0,"location":[[33.75380733,-87.06926989],[33.75380733,-87.06926989],[33.75380733,-87.06926989]],"friends":[1,2,3,4]}