{"messages":["Who's up","Who's up","Who's up"],"messages_no":3,"bad_words":[],"bad_words_no":0,"weight":0,"location":[41.50337093,-82.02732315,41.50337093,-82.02732315,41.50337093,-82.02732315]}