{"messages":["Who's up","#EsuranceSaveYoureTimeAndStopTweetingThisBecauseYouWontWin","Who's up","#EsuranceSaveYoureTimeAndStopTweetingThisBecauseYouWontWin","The reason why the Seahawks won last night http:\/\/t.co\/qqw5195mTk","Who's up","#EsuranceSaveYoureTimeAndStopTweetingThisBecauseYouWontWin","The reason why the Seahawks won last night http:\/\/t.co\/qqw5195mTk"],"messages_no":8,"bad_words":[],"bad_words_no":0,"weight":0,"location":[[41.50337093,-82.02732315],[41.50327581,-82.02750157],[41.50337093,-82.02732315],[41.50327581,-82.02750157],[41.34897068,-82.03400397],[41.50337093,-82.02732315],[41.50327581,-82.02750157],[41.34897068,-82.03400397]],"friends":[1,2,3,4]}