{"messages":["I'm so full \ud83d\ude1e","I'm so full \ud83d\ude1e","I'm so full \ud83d\ude1e"],"messages_no":3,"bad_words":[],"bad_words_no":0,"weight":0,"location":[[45.52081286,-122.96648962],[45.52081286,-122.96648962],[45.52081286,-122.96648962]],"friends":[1,2,3,4]}