{"messages":["@cammmmyyyy_ #justsayin","@cammmmyyyy_ #justsayin","@cammmmyyyy_ #justsayin"],"messages_no":3,"bad_words":[],"bad_words_no":0,"weight":0,"location":[[29.74153787,-95.63210945],[29.74153787,-95.63210945],[29.74153787,-95.63210945]],"friends":[1,2,3,4]}