{"messages":["@Ashantee_Aliyah i love you too babyyy","Netflix is my bestfriend","plz if you don't know anything bout sports do not tweet about the Super Bowl \u270b","@Ashantee_Aliyah i love you too babyyy","Netflix is my bestfriend","plz if you don't know anything bout sports do not tweet about the Super Bowl \u270b","@Ashantee_Aliyah i love you too babyyy","Netflix is my bestfriend","plz if you don't know anything bout sports do not tweet about the Super Bowl \u270b"],"messages_no":9,"bad_words":[],"bad_words_no":0,"weight":0,"location":[[35.24673088,-78.55154939],[35.24674212,-78.5513753],[35.3258936,-78.56709321],[35.24673088,-78.55154939],[35.24674212,-78.5513753],[35.3258936,-78.56709321],[35.24673088,-78.55154939],[35.24674212,-78.5513753],[35.3258936,-78.56709321]],"friends":[1,2,3,4]}