{"messages":["I can't wait until winter is over","The biggest turn on for me is a dude who can make me LAUGH I love a good laugh","I can't wait until winter is over","The biggest turn on for me is a dude who can make me LAUGH I love a good laugh","@MeanGlrIs soooooo true","@ImmaculateDick lol I bet you are","I can't wait until winter is over","The biggest turn on for me is a dude who can make me LAUGH I love a good laugh","@MeanGlrIs soooooo true","@ImmaculateDick lol I bet you are"],"messages_no":10,"bad_words":[],"bad_words_no":0,"weight":0,"location":[[38.7966584,-76.90622245],[38.7966584,-76.90622245],[38.7966584,-76.90622245],[38.7966584,-76.90622245],[38.79670765,-76.90608272],[38.79668506,-76.90599807],[38.7966584,-76.90622245],[38.7966584,-76.90622245],[38.79670765,-76.90608272],[38.79668506,-76.90599807]],"friends":[1,2,3,4]}