{"messages":["HAVE TO SEE ITTT\ud83d\ude0d http:\/\/t.co\/xGFbOu9QAj","@herbey__garza Before","HAVE TO SEE ITTT\ud83d\ude0d http:\/\/t.co\/xGFbOu9QAj","HAVE TO SEE ITTT\ud83d\ude0d http:\/\/t.co\/xGFbOu9QAj"],"messages_no":4,"bad_words":[],"bad_words_no":0,"weight":0,"location":[30.05368032,-95.62869893,30.05366532,-95.62854228,30.05368032,-95.62869893,30.05368032,-95.62869893]}