{"messages":["@JayyAlexanderr Sea 22 Den 0 2nd 1:33 left","Bruno is a fag tho fr"],"messages_no":2,"bad_words":[],"bad_words_no":1,"weight":0,"location":[[29.31854638,-98.50184477],[29.31849492,-98.50190755]]}