{"messages":["Don't want to stay home tonight","Don't want to stay home tonight","Don't want to stay home tonight"],"messages_no":3,"bad_words":[],"bad_words_no":0,"weight":0,"location":[40.66078139,-74.20074221,40.66078139,-74.20074221,40.66078139,-74.20074221]}