{"messages":["Don't want to stay home tonight","Don't want to stay home tonight","I wanna ball up tomorrow","@thatnigga_juju come out","Don't want to stay home tonight"],"messages_no":5,"bad_words":[],"bad_words_no":1,"weight":0,"location":[[40.66078139,-74.20074221],[40.66078139,-74.20074221],[40.66084929,-74.20078115],[40.68033687,-74.20718257],[40.66078139,-74.20074221]],"friends":[1,2,3,4]}