{"messages":["Happy Birthday!! @HannahhMarriiee \ud83c\udf89\ud83c\udf8a\ud83c\udf88","Happy Birthday!! @HannahhMarriiee \ud83c\udf89\ud83c\udf8a\ud83c\udf88","Happy Birthday!! @HannahhMarriiee \ud83c\udf89\ud83c\udf8a\ud83c\udf88"],"messages_no":3,"bad_words":[],"bad_words_no":0,"weight":0,"location":[[35.53927172,-98.65850783],[35.53927172,-98.65850783],[35.53927172,-98.65850783]],"friends":[1,2,3,4]}