{"messages":["#20PicsofHarryFromYourCameraRoll 2 http:\/\/t.co\/WWuvn6FM55","#JackandJackdistance http:\/\/t.co\/M9JdDK6GGO","Ok back to playing flappy bird \u270c\ufe0f","Alright can we watch football now I'm bored","#20PicsofHarryFromYourCameraRoll 2 http:\/\/t.co\/WWuvn6FM55","#JackandJackdistance http:\/\/t.co\/M9JdDK6GGO","Ok back to playing flappy bird \u270c\ufe0f","Alright can we watch football now I'm bored","#20PicsofHarryFromYourCameraRoll 2 http:\/\/t.co\/WWuvn6FM55","#JackandJackdistance http:\/\/t.co\/M9JdDK6GGO","Ok back to playing flappy bird \u270c\ufe0f","Alright can we watch football now I'm bored"],"messages_no":12,"bad_words":[],"bad_words_no":0,"weight":0,"location":[[41.71806204,-88.26076046],[41.69680248,-88.24637637],[41.71775343,-88.26054994],[41.71797008,-88.26086306],[41.71806204,-88.26076046],[41.69680248,-88.24637637],[41.71775343,-88.26054994],[41.71797008,-88.26086306],[41.71806204,-88.26076046],[41.69680248,-88.24637637],[41.71775343,-88.26054994],[41.71797008,-88.26086306]],"friends":[1,2,3,4]}