{"messages":["AHHHHHHHH \ud83d\ude24","AHHHHHHHH \ud83d\ude24","@capichecynthia lol let him.","AHHHHHHHH \ud83d\ude24"],"messages_no":4,"bad_words":[],"bad_words_no":0,"weight":0,"location":[[32.6792418,-96.90372452],[32.6792418,-96.90372452],[32.67982065,-96.90376829],[32.6792418,-96.90372452]],"friends":[1,2,3,4]}