{"messages":["Lmao lmao","@_ecarranza $2600 \ud83d\ude0f"],"messages_no":2,"bad_words":[],"bad_words_no":0,"weight":0,"location":[[37.9951262,-122.03351583],[37.99507416,-122.03384702]]}