{"messages":["#FreeJaime","#FreeJaime","#FreeJaime","#FreeJaime"],"messages_no":4,"bad_words":[],"bad_words_no":0,"weight":0,"location":[39.89877562,-80.18619175,39.89877562,-80.18619175,39.89877562,-80.18619175,39.89877562,-80.18619175]}