{"messages":["Lol I have 420 followers .. Just saying \ud83d\udca8\ud83d\udca8","Lol I have 420 followers .. Just saying \ud83d\udca8\ud83d\udca8","Lol I have 420 followers .. Just saying \ud83d\udca8\ud83d\udca8"],"messages_no":3,"bad_words":[],"bad_words_no":0,"weight":0,"location":[[42.33080536,-88.42071072],[42.33080536,-88.42071072],[42.33080536,-88.42071072]],"friends":[1,2,3,4]}