{"messages":["So help come and eat it!","So help come and eat it!","So help come and eat it!"],"messages_no":3,"bad_words":[],"bad_words_no":0,"weight":0,"location":[[43.06497251,-75.26870121],[43.06497251,-75.26870121],[43.06497251,-75.26870121]],"friends":[1,2,3,4]}