{"messages":["If you don't like my picture on Instagram we are not true friends","I wanna get married \ud83d\udc8d","If you don't like my picture on Instagram we are not true friends","I wanna get married \ud83d\udc8d","If you don't like my picture on Instagram we are not true friends","I wanna get married \ud83d\udc8d"],"messages_no":6,"bad_words":[],"bad_words_no":0,"weight":0,"location":[[43.43734742,-89.84393923],[43.43742064,-89.84372673],[43.43734742,-89.84393923],[43.43742064,-89.84372673],[43.43734742,-89.84393923],[43.43742064,-89.84372673]],"friends":[1,2,3,4]}