{"messages":["They don't make heelys in my size \ud83d\ude22","They don't make heelys in my size \ud83d\ude22","They don't make heelys in my size \ud83d\ude22"],"messages_no":3,"bad_words":[],"bad_words_no":0,"weight":0,"location":[[30.87195003,-83.30984831],[30.87195003,-83.30984831],[30.87195003,-83.30984831]],"friends":[1,2,3,4]}