{"messages":["Wherever I go Amber goes","Good Night I guess","Wherever I go Amber goes","Wherever I go Amber goes","Good Night I guess","Good Night I guess"],"messages_no":6,"bad_words":[],"bad_words_no":0,"weight":0,"location":[33.4690145,-81.9951226,33.4769098,-81.9959628,33.4690145,-81.9951226,33.4690145,-81.9951226,33.4769098,-81.9959628,33.4769098,-81.9959628]}