{"messages":["@PrettyOleJae I'll Be Waiting .","@PrettyOleJae I'll Be Waiting .","@PrettyOleJae I'll Be Waiting ."],"messages_no":3,"bad_words":[],"bad_words_no":0,"weight":0,"location":[[34.10473125,-117.65438351],[34.10473125,-117.65438351],[34.10473125,-117.65438351]],"friends":[1,2,3,4]}