{"messages":["Skinny Love - Birdy","Skinny Love - Birdy","Skinny Love - Birdy"],"messages_no":3,"bad_words":[],"bad_words_no":0,"weight":0,"location":[[32.72632456,-96.99765398],[32.72632456,-96.99765398],[32.72632456,-96.99765398]],"friends":[1,2,3,4]}