{"messages":["you're just too cute i hate it\ud83d\ude2d","you're just too cute i hate it\ud83d\ude2d","can i just go back to 2013? it was so much better that 2014.","you're just too cute i hate it\ud83d\ude2d"],"messages_no":4,"bad_words":[],"bad_words_no":0,"weight":0,"location":[[40.36030395,-111.72469541],[40.36030395,-111.72469541],[40.36063974,-111.72526337],[40.36030395,-111.72469541]],"friends":[1,2,3,4]}