{"messages":["@joelgarza77 tasting colors !","@joelgarza77 tasting colors !","@joelgarza77 tasting colors !"],"messages_no":3,"bad_words":[],"bad_words_no":0,"weight":0,"location":[[46.80707939,-92.11839384],[46.80707939,-92.11839384],[46.80707939,-92.11839384]],"friends":[1,2,3,4]}