{"messages":["Burning up in these classrooms","Burning up in these classrooms","Burning up in these classrooms","Burning up in these classrooms"],"messages_no":4,"bad_words":[],"bad_words_no":0,"weight":0,"location":[33.75334304,-84.38565097,33.75334304,-84.38565097,33.75334304,-84.38565097,33.75334304,-84.38565097]}