{"messages":["Says a lot about you","Says a lot about you","Says a lot about you"],"messages_no":3,"bad_words":[],"bad_words_no":0,"weight":0,"location":[[35.9923087,-79.7157977],[35.9923087,-79.7157977],[35.9923087,-79.7157977]],"friends":[1,2,3,4]}