{"messages":["I'm in idiot for doing so much","I'm in idiot for doing so much","I'm in idiot for doing so much"],"messages_no":3,"bad_words":[],"bad_words_no":0,"weight":0,"location":[[38.74754661,-104.78585144],[38.74754661,-104.78585144],[38.74754661,-104.78585144]],"friends":[1,2,3,4]}