{"messages":["@AndrueWright I miss you.","@AndrueWright I miss you.","So glad my baby got his phone back \ud83d\ude0d\ud83d\ude0d\ud83d\ude0d\ud83d\ude0d @AndrueWright","#wgw ft kitty http:\/\/t.co\/gOdLydJZSF","@AndrueWright I miss you."],"messages_no":5,"bad_words":[],"bad_words_no":0,"weight":0,"location":[[32.91061452,-96.53132991],[32.91061452,-96.53132991],[32.87348745,-96.61734171],[32.88687761,-96.60788583],[32.91061452,-96.53132991]],"friends":[1,2,3,4]}