{"messages":["@zoe_barcott WAYNES WORLD.","@zoe_barcott WAYNES WORLD.","@zoe_barcott WAYNES WORLD."],"messages_no":3,"bad_words":[],"bad_words_no":0,"weight":0,"location":[[47.92037036,-122.08626573],[47.92037036,-122.08626573],[47.92037036,-122.08626573]],"friends":[1,2,3,4]}