{"messages":["All gold &amp; I'm flashy \ud83d\ude0e","All gold &amp; I'm flashy \ud83d\ude0e","All gold &amp; I'm flashy \ud83d\ude0e"],"messages_no":3,"bad_words":[],"bad_words_no":0,"weight":0,"location":[[27.70665356,-97.36878894],[27.70665356,-97.36878894],[27.70665356,-97.36878894]],"friends":[1,2,3,4]}