{"messages":["I wonder why when you start to talk to someone new, ppl just assume y'all having sex?\ud83d\ude47\ud83d\ude45","It's so funny when ppl tries to get their point across with 1,000 typos!\ud83d\ude02\ud83d\ude2b\u270b","I wonder why when you start to talk to someone new, ppl just assume y'all having sex?\ud83d\ude47\ud83d\ude45","It's so funny when ppl tries to get their point across with 1,000 typos!\ud83d\ude02\ud83d\ude2b\u270b","It sound good.\ud83d\ude02\ud83d\ude02\ud83d\ude02","I wonder why when you start to talk to someone new, ppl just assume y'all having sex?\ud83d\ude47\ud83d\ude45","It's so funny when ppl tries to get their point across with 1,000 typos!\ud83d\ude02\ud83d\ude2b\u270b","It sound good.\ud83d\ude02\ud83d\ude02\ud83d\ude02"],"messages_no":8,"bad_words":[],"bad_words_no":0,"weight":0,"location":[[33.42570907,-91.04293372],[33.42567111,-91.04245089],[33.42570907,-91.04293372],[33.42567111,-91.04245089],[33.42567097,-91.04300095],[33.42570907,-91.04293372],[33.42567111,-91.04245089],[33.42567097,-91.04300095]],"friends":[1,2,3,4]}