{"messages":["No one will ever surpass @gucci1017","No one will ever surpass @gucci1017","No one will ever surpass @gucci1017"],"messages_no":3,"bad_words":[],"bad_words_no":0,"weight":0,"location":[[34.07294398,-84.18146907],[34.07294398,-84.18146907],[34.07294398,-84.18146907]],"friends":[1,2,3,4]}