{"messages":["@Ball_been_life Lol aw u trying to get over","Oomf&gt;&gt;&gt;&gt;","@Ball_been_life Lol aw u trying to get over","Oomf&gt;&gt;&gt;&gt;","U down to ride","@Ball_been_life Lol aw u trying to get over","Oomf&gt;&gt;&gt;&gt;","U down to ride"],"messages_no":8,"bad_words":[],"bad_words_no":0,"weight":0,"location":[[41.6106946,-83.6169481],[41.6396775,-83.5589665],[41.6106946,-83.6169481],[41.6396775,-83.5589665],[41.5838701,-83.6274586],[41.6106946,-83.6169481],[41.6396775,-83.5589665],[41.5838701,-83.6274586]],"friends":[1,2,3,4]}