{"messages":["@SincerelySirena Lol thank you \ud83d\ude18","@SincerelySirena Lol thank you \ud83d\ude18","@SincerelySirena Lol thank you \ud83d\ude18"],"messages_no":3,"bad_words":[],"bad_words_no":0,"weight":0,"location":[39.63944902,-104.74350331,39.63944902,-104.74350331,39.63944902,-104.74350331]}