{"messages":["nobody cares","nobody cares","nobody cares"],"messages_no":3,"bad_words":[],"bad_words_no":0,"weight":0,"location":[42.94485471,-78.90156072,42.94485471,-78.90156072,42.94485471,-78.90156072]}