{"messages":["My tummy needs some lovin \ud83d\ude0b #lunchtime","My tummy needs some lovin \ud83d\ude0b #lunchtime","My tummy needs some lovin \ud83d\ude0b #lunchtime","My tummy needs some lovin \ud83d\ude0b #lunchtime"],"messages_no":4,"bad_words":[],"bad_words_no":0,"weight":0,"location":[40.61620211,-79.14950648,40.61620211,-79.14950648,40.61620211,-79.14950648,40.61620211,-79.14950648]}