{"messages":["\u201c@Nashgrier: I'm sleep\u201d I'm in love","@HayesGrier #HayesTo200K #HayesTo200K #HayesTo200K #HayesTo200K OMG PLEASE FOLLOW ME \ud83d\ude18\ud83d\ude18\ud83d\ude18","GO FOLLOW THIS BEAUTIFUL PERSON @CameronDallas \u2764\u2764 #CamTo1Mill #CamTo1Mill #CamTo1Mill #CamTo1Mill #CamTo1Mill \n\n130","GO FOLLOW THIS BEAUTIFUL PERSON @CameronDallas \u2764\u2764 #CamTo1Mill #CamTo1Mill #CamTo1Mill #CamTo1Mill #CamTo1Mill \n\n134","#HayesTo200K #HayesTo200K #HayesTo200K I love you \u2764\u2764\u2764","\u201c@Nashgrier: I'm sleep\u201d I'm in love","@HayesGrier #HayesTo200K #HayesTo200K #HayesTo200K #HayesTo200K OMG PLEASE FOLLOW ME \ud83d\ude18\ud83d\ude18\ud83d\ude18","GO FOLLOW THIS BEAUTIFUL PERSON @CameronDallas \u2764\u2764 #CamTo1Mill #CamTo1Mill #CamTo1Mill #CamTo1Mill #CamTo1Mill \n\n130","GO FOLLOW THIS BEAUTIFUL PERSON @CameronDallas \u2764\u2764 #CamTo1Mill #CamTo1Mill #CamTo1Mill #CamTo1Mill #CamTo1Mill \n\n134","#HayesTo200K #HayesTo200K #HayesTo200K I love you \u2764\u2764\u2764","@Alex13Ross truuuu","\u201c@Nashgrier: Ain't nobody got time fo dat\u201d *cough cough* school","\u201c@Nashgrier: I'm sleep\u201d I'm in love","@HayesGrier #HayesTo200K #HayesTo200K #HayesTo200K #HayesTo200K OMG PLEASE FOLLOW ME \ud83d\ude18\ud83d\ude18\ud83d\ude18","GO FOLLOW THIS BEAUTIFUL PERSON @CameronDallas \u2764\u2764 #CamTo1Mill #CamTo1Mill #CamTo1Mill #CamTo1Mill #CamTo1Mill \n\n130","GO FOLLOW THIS BEAUTIFUL PERSON @CameronDallas \u2764\u2764 #CamTo1Mill #CamTo1Mill #CamTo1Mill #CamTo1Mill #CamTo1Mill \n\n134","#HayesTo200K #HayesTo200K #HayesTo200K I love you \u2764\u2764\u2764","@Alex13Ross truuuu"],"messages_no":18,"bad_words":[],"bad_words_no":0,"weight":0,"location":[[40.29561124,-79.58461839],[40.29561337,-79.58500143],[40.29547287,-79.58489236],[40.2956203,-79.58506856],[40.29561869,-79.5850243],[40.29561124,-79.58461839],[40.29561337,-79.58500143],[40.29547287,-79.58489236],[40.2956203,-79.58506856],[40.29561869,-79.5850243],[40.29560779,-79.58501696],[40.28193285,-79.59970858],[40.29561124,-79.58461839],[40.29561337,-79.58500143],[40.29547287,-79.58489236],[40.2956203,-79.58506856],[40.29561869,-79.5850243],[40.29560779,-79.58501696]],"friends":[1,2,3,4]}