{"messages":["Love the show #HalftimeShow","Love the show #HalftimeShow","Love the show #HalftimeShow"],"messages_no":3,"bad_words":[],"bad_words_no":0,"weight":0,"location":[[36.77914593,-76.17642406],[36.77914593,-76.17642406],[36.77914593,-76.17642406]],"friends":[1,2,3,4]}