{"messages":["ETF I FOLLOWING 666 HOLYFUCKING ANDRES","ETF I FOLLOWING 666 HOLYFUCKING ANDRES","ETF I FOLLOWING 666 HOLYFUCKING ANDRES"],"messages_no":3,"bad_words":[],"bad_words_no":0,"weight":0,"location":[[34.13146825,-118.09410347],[34.13146825,-118.09410347],[34.13146825,-118.09410347]],"friends":[1,2,3,4]}