{"messages":["bored as shit","@_erkyyA we talked about that last night \ud83d\ude0f\ud83d\ude0e","@Mcfreaky_sj what time","bored as shit","@_erkyyA we talked about that last night \ud83d\ude0f\ud83d\ude0e","@_erkyyA we talked about that last night \ud83d\ude0f\ud83d\ude0e","@Mcfreaky_sj what time"],"messages_no":7,"bad_words":[],"bad_words_no":2,"weight":0,"location":[39.35167477,-76.60770627,39.35174886,-76.60780143,39.35169462,-76.60758153,39.35167477,-76.60770627,39.35174886,-76.60780143,39.35174886,-76.60780143,39.35169462,-76.60758153]}