{"messages":["Hmmm what to do","Hmmm what to do"],"messages_no":2,"bad_words":[],"bad_words_no":0,"weight":0,"location":[42.23651982,-71.67128013,42.23651982,-71.67128013]}