{"messages":["Well this sucks... #notokay","Well this sucks... #notokay","Well this sucks... #notokay"],"messages_no":3,"bad_words":[],"bad_words_no":0,"weight":0,"location":[[42.24731347,-71.11734266],[42.24731347,-71.11734266],[42.24731347,-71.11734266]],"friends":[1,2,3,4]}