{"messages":["Super Bowl prediction. 28-17 Denver","Super Bowl prediction. 28-17 Denver","Super Bowl prediction. 28-17 Denver"],"messages_no":3,"bad_words":[],"bad_words_no":0,"weight":0,"location":[[41.07615222,-80.70534345],[41.07615222,-80.70534345],[41.07615222,-80.70534345]],"friends":[1,2,3,4]}