{"messages":["you're a freshman learn your place.","you're a freshman learn your place.","you're a freshman learn your place."],"messages_no":3,"bad_words":[],"bad_words_no":0,"weight":0,"location":[43.17943692,-112.34495507,43.17943692,-112.34495507,43.17943692,-112.34495507]}