{"messages":["Listening to music","Listening to music","Listening to music","Listening to music"],"messages_no":4,"bad_words":[],"bad_words_no":0,"weight":0,"location":[33.85433147,-79.74122808,33.85433147,-79.74122808,33.85433147,-79.74122808,33.85433147,-79.74122808]}