{"messages":["Bryce should FaceTime me","Ight bet we almost at the airport jit","Bryce should FaceTime me","Ight bet we almost at the airport jit","\u201c@JT_Trey5: @Cope_Papi_Chulo @eSwizzzz lol shut up cope\u201d \ud83d\ude0e\ud83d\ude0e\ud83d\ude0e\ud83d\ude0e\ud83d\ude0e\ud83d\ude0e\ud83d\ude0e","Bryce should FaceTime me","Ight bet we almost at the airport jit"],"messages_no":7,"bad_words":[],"bad_words_no":0,"weight":0,"location":[[39.48211318,-80.15646944],[40.14016185,-79.83694199],[39.48211318,-80.15646944],[40.14016185,-79.83694199],[39.48479707,-80.16227264],[39.48211318,-80.15646944],[40.14016185,-79.83694199]],"friends":[1,2,3,4]}