{"messages":["Use to be","Don't i act a donkey","Aint tripping I'm still here for you","Im still sleepy tho"],"messages_no":4,"bad_words":[],"bad_words_no":0,"weight":0,"location":[[35.3252614,-80.8637868],[35.3252681,-80.8638028],[35.3252808,-80.8637882],[35.3252681,-80.8638028]]}