{"messages":["Shit send me home!","Shit send me home!","Shit send me home!","Shit send me home!"],"messages_no":4,"bad_words":[],"bad_words_no":0,"weight":0,"location":[32.6956921,-97.0040834,32.6956921,-97.0040834,32.6956921,-97.0040834,32.6956921,-97.0040834]}