{"messages":["#EsuranceSave30","#EsuranceSave30","#EsuranceSave30"],"messages_no":3,"bad_words":[],"bad_words_no":0,"weight":0,"location":[[37.20271732,-93.28022732],[37.20271732,-93.28022732],[37.20271732,-93.28022732]],"friends":[1,2,3,4]}