{"messages":["\"He was a one-pump chump\"","\"He was a one-pump chump\"","\"He was a one-pump chump\""],"messages_no":3,"bad_words":[],"bad_words_no":0,"weight":0,"location":[[26.47139096,-81.77231363],[26.47139096,-81.77231363],[26.47139096,-81.77231363]],"friends":[1,2,3,4]}