{"messages":["\u201c@AllieEbarb: Why ain't I out ?\u201d","\u201c@AllieEbarb: Why ain't I out ?\u201d"],"messages_no":2,"bad_words":[],"bad_words_no":0,"weight":0,"location":[31.56372499,-93.47250485,31.56372499,-93.47250485]}