{"messages":["Can this night just be over","Can this night just be over","@AlecHouston6 I can't get past 16\ud83d\ude2d","Can this night just be over"],"messages_no":4,"bad_words":[],"bad_words_no":0,"weight":0,"location":[[39.02604871,-84.47025404],[39.02604871,-84.47025404],[39.06870342,-84.44594678],[39.02604871,-84.47025404]],"friends":[1,2,3,4]}