{"messages":["Only happy when I'm drugged. \ud83d\ude02","Only happy when I'm drugged. \ud83d\ude02","Only happy when I'm drugged. \ud83d\ude02"],"messages_no":3,"bad_words":[],"bad_words_no":0,"weight":0,"location":[33.98354006,-118.28882111,33.98354006,-118.28882111,33.98354006,-118.28882111]}