{"messages":["movie with the fam tonight!\ud83c\udfa5","movie with the fam tonight!\ud83c\udfa5","movie with the fam tonight!\ud83c\udfa5"],"messages_no":3,"bad_words":[],"bad_words_no":0,"weight":0,"location":[[35.90317728,-83.70495988],[35.90317728,-83.70495988],[35.90317728,-83.70495988]],"friends":[1,2,3,4]}