{"messages":["@daqueenofleon wow I 700% agree","@daqueenofleon wow I 700% agree","@daqueenofleon wow I 700% agree"],"messages_no":3,"bad_words":[],"bad_words_no":0,"weight":0,"location":[[39.6322857,-79.95068768],[39.6322857,-79.95068768],[39.6322857,-79.95068768]],"friends":[1,2,3,4]}