{"messages":["WE ARE FANS, NOT PLAYERS!!!","WE ARE FANS, NOT PLAYERS!!!","WE ARE FANS, NOT PLAYERS!!!"],"messages_no":3,"bad_words":[],"bad_words_no":0,"weight":0,"location":[[47.25529556,-122.48061668],[47.25529556,-122.48061668],[47.25529556,-122.48061668]],"friends":[1,2,3,4]}