{"messages":["When people call me sar &gt;","When people call me sar &gt;","When people call me sar &gt;"],"messages_no":3,"bad_words":[],"bad_words_no":0,"weight":0,"location":[[40.54317212,-84.39988862],[40.54317212,-84.39988862],[40.54317212,-84.39988862]],"friends":[1,2,3,4]}