{"messages":["&amp; idk but its weird asking one of the homies","I had too much jelly beans","&amp; idk but its weird asking one of the homies","&amp; idk but its weird asking one of the homies","I had too much jelly beans"],"messages_no":5,"bad_words":[],"bad_words_no":0,"weight":0,"location":[36.35446061,-119.3008852,36.35447098,-119.3008724,36.35446061,-119.3008852,36.35446061,-119.3008852,36.35447098,-119.3008724]}