{"messages":["@lucios_gf is it just the circumference  or area of circle ?","I told her I would never talk to her if she did","Listening to justin Bieber. His songs always make me feel better.","So gn","@lucios_gf is it just the circumference  or area of circle ?","I told her I would never talk to her if she did","Listening to justin Bieber. His songs always make me feel better.","So gn","@lucios_gf is it just the circumference  or area of circle ?","I told her I would never talk to her if she did","Listening to justin Bieber. His songs always make me feel better.","So gn"],"messages_no":12,"bad_words":[],"bad_words_no":3,"weight":0,"location":[[29.68456129,-95.22762387],[29.68425443,-95.2356663],[29.69502904,-95.22774607],[29.68465274,-95.22740903],[29.68456129,-95.22762387],[29.68425443,-95.2356663],[29.69502904,-95.22774607],[29.68465274,-95.22740903],[29.68456129,-95.22762387],[29.68425443,-95.2356663],[29.69502904,-95.22774607],[29.68465274,-95.22740903]],"friends":[1,2,3,4]}