{"messages":["Money babyyyy money babbyyy","Done with all my ap euro","Money babyyyy money babbyyy","Done with all my ap euro","Money babyyyy money babbyyy","Done with all my ap euro"],"messages_no":6,"bad_words":[],"bad_words_no":0,"weight":0,"location":[[39.8364602,-88.9369236],[39.8915216,-88.9327014],[39.8364602,-88.9369236],[39.8915216,-88.9327014],[39.8364602,-88.9369236],[39.8915216,-88.9327014]],"friends":[1,2,3,4]}