{"messages":["I bored","I bored"],"messages_no":2,"bad_words":[],"bad_words_no":0,"weight":0,"location":[35.2497722,-80.7725062,35.2497722,-80.7725062]}