{"messages":["Mcdonalds breakfast sounds good","@taybilliot lmfao","Mcdonalds breakfast sounds good","@taybilliot lmfao","Mcdonalds breakfast sounds good","@taybilliot lmfao"],"messages_no":6,"bad_words":[],"bad_words_no":0,"weight":0,"location":[[32.85860345,-96.56229713],[32.85852261,-96.56220465],[32.85860345,-96.56229713],[32.85852261,-96.56220465],[32.85860345,-96.56229713],[32.85852261,-96.56220465]],"friends":[1,2,3,4]}