{"messages":["@JakeSparks11 oh it is","Save30#esuarance"],"messages_no":2,"bad_words":[],"bad_words_no":0,"weight":0,"location":[[39.00591698,-84.4291714],[38.97722327,-84.37978945]]}