{"messages":["\u201c@DropDSoapGayBoy: Yall fold your pizza ?\u201d It's the only way","@kittycocainee newer model lol","@LE_DAESO turntables? Lol serato setup?","@HoneyHundreds TU @ nicks lol","\u201c@DropDSoapGayBoy: Yall fold your pizza ?\u201d It's the only way","@kittycocainee newer model lol","@LE_DAESO turntables? Lol serato setup?","@LE_DAESO turntables? Lol serato setup?","@HoneyHundreds TU @ nicks lol","@HoneyHundreds TU @ nicks lol"],"messages_no":10,"bad_words":[],"bad_words_no":0,"weight":0,"location":[34.01895411,-118.09017259,34.06278319,-118.04259967,34.01271332,-118.10419159,34.01272763,-118.10431343,34.01895411,-118.09017259,34.06278319,-118.04259967,34.01271332,-118.10419159,34.01271332,-118.10419159,34.01272763,-118.10431343,34.01272763,-118.10431343]}