{"messages":["Too serious ,","Too serious ,","Too serious ,"],"messages_no":3,"bad_words":[],"bad_words_no":0,"weight":0,"location":[[32.15944,-91.7268923],[32.15944,-91.7268923],[32.15944,-91.7268923]],"friends":[1,2,3,4]}