{"messages":["@annetteleja ew u of I girls","@annetteleja ew u of I girls","@annetteleja ew u of I girls"],"messages_no":3,"bad_words":[],"bad_words_no":0,"weight":0,"location":[[42.35323906,-71.11991943],[42.35323906,-71.11991943],[42.35323906,-71.11991943]],"friends":[1,2,3,4]}