{"messages":["School today really has me fucked up","School today really has me fucked up","School today really has me fucked up","School today really has me fucked up"],"messages_no":4,"bad_words":[],"bad_words_no":3,"weight":0,"location":[30.47946474,-87.20376768,30.47946474,-87.20376768,30.47946474,-87.20376768,30.47946474,-87.20376768]}