{"messages":["\ud83d\ude2a I feel terrible","My nephew is texting me... He is 2 y\/o","\ud83d\ude2a I feel terrible","My nephew is texting me... He is 2 y\/o","\ud83d\ude2a I feel terrible","My nephew is texting me... He is 2 y\/o"],"messages_no":6,"bad_words":[],"bad_words_no":0,"weight":0,"location":[[29.73560289,-95.58015447],[29.7355793,-95.58019655],[29.73560289,-95.58015447],[29.7355793,-95.58019655],[29.73560289,-95.58015447],[29.7355793,-95.58019655]],"friends":[1,2,3,4]}