{"messages":["Love  @TimTebow commercial!!! \u2764\u2764\u2764","Love  @TimTebow commercial!!! \u2764\u2764\u2764","Love  @TimTebow commercial!!! \u2764\u2764\u2764"],"messages_no":3,"bad_words":[],"bad_words_no":0,"weight":0,"location":[[40.80972478,-73.95806609],[40.80972478,-73.95806609],[40.80972478,-73.95806609]],"friends":[1,2,3,4]}