{"messages":["Lol, you're a fucking bitch.","Lol, you're a fucking bitch.","Lol, you're a fucking bitch."],"messages_no":3,"bad_words":[],"bad_words_no":6,"weight":0,"location":[[39.23909771,-119.57228447],[39.23909771,-119.57228447],[39.23909771,-119.57228447]],"friends":[1,2,3,4]}