{"messages":["the Budweiser commercial\ud83d\ude0d\ud83d\ude4c\ud83d\udc0e","the Budweiser commercial\ud83d\ude0d\ud83d\ude4c\ud83d\udc0e","well damn! that rain came outta no where!\ud83d\ude48","the Budweiser commercial\ud83d\ude0d\ud83d\ude4c\ud83d\udc0e","well damn! that rain came outta no where!\ud83d\ude48"],"messages_no":5,"bad_words":[],"bad_words_no":2,"weight":0,"location":[[30.39528872,-87.67500516],[30.39528872,-87.67500516],[30.39543977,-87.67496265],[30.39528872,-87.67500516],[30.39543977,-87.67496265]],"friends":[1,2,3,4]}