{"messages":["god?:( whyd you take him, I need him.","does she love you the way i can","god?:( whyd you take him, I need him.","does she love you the way i can","god?:( whyd you take him, I need him.","does she love you the way i can"],"messages_no":6,"bad_words":[],"bad_words_no":0,"weight":0,"location":[[43.5659885,-86.0444146],[43.5660385,-86.0444339],[43.5659885,-86.0444146],[43.5660385,-86.0444339],[43.5659885,-86.0444146],[43.5660385,-86.0444339]],"friends":[1,2,3,4]}