{"messages":["My chest buring :(","My chest buring :(","My chest buring :("],"messages_no":3,"bad_words":[],"bad_words_no":0,"weight":0,"location":[[39.81483277,-86.25731842],[39.81483277,-86.25731842],[39.81483277,-86.25731842]],"friends":[1,2,3,4]}