{"messages":["I didn't know I did anything wrong \ud83d\udc94","I didn't know I did anything wrong \ud83d\udc94","I didn't know I did anything wrong \ud83d\udc94"],"messages_no":3,"bad_words":[],"bad_words_no":0,"weight":0,"location":[[31.42658027,-97.69002242],[31.42658027,-97.69002242],[31.42658027,-97.69002242]],"friends":[1,2,3,4]}