{"messages":["I am in the worst mood ever \ud83d\ude11","I am in the worst mood ever \ud83d\ude11","I am in the worst mood ever \ud83d\ude11"],"messages_no":3,"bad_words":[],"bad_words_no":0,"weight":0,"location":[[28.03736255,-82.76952406],[28.03736255,-82.76952406],[28.03736255,-82.76952406]],"friends":[1,2,3,4]}