{"messages":["girls night ?","\u201c@volleyballvibes: It's amazing what happens when you just won't give up.\u201d","girls night ?","\u201c@volleyballvibes: It's amazing what happens when you just won't give up.\u201d","\u201c@_ashlynnhughes: I might bend under pressure but I'm not gunna break\u201d","girls night ?","\u201c@volleyballvibes: It's amazing what happens when you just won't give up.\u201d","\u201c@_ashlynnhughes: I might bend under pressure but I'm not gunna break\u201d"],"messages_no":8,"bad_words":[],"bad_words_no":0,"weight":0,"location":[[36.29528193,-119.80060823],[36.29526781,-119.80038839],[36.29528193,-119.80060823],[36.29526781,-119.80038839],[36.29516322,-119.80051193],[36.29528193,-119.80060823],[36.29526781,-119.80038839],[36.29516322,-119.80051193]],"friends":[1,2,3,4]}