{"messages":["I hope it snows tomorrow night.","I hate school.","I hope it snows tomorrow night.","I hate school.","I hope it snows tomorrow night.","I hate school."],"messages_no":6,"bad_words":[],"bad_words_no":0,"weight":0,"location":[[37.66777815,-81.57184464],[37.66777815,-81.57184474],[37.66777815,-81.57184464],[37.66777815,-81.57184474],[37.66777815,-81.57184464],[37.66777815,-81.57184474]],"friends":[1,2,3,4]}