{"messages":["It ain't Ralph though","It ain't Ralph though","It ain't Ralph though"],"messages_no":3,"bad_words":[],"bad_words_no":0,"weight":0,"location":[[40.83394085,-73.89555287],[40.83394085,-73.89555287],[40.83394085,-73.89555287]],"friends":[1,2,3,4]}