{"messages":["Folks be sooo crazy.","Folks be sooo crazy.","Folks be sooo crazy."],"messages_no":3,"bad_words":[],"bad_words_no":0,"weight":0,"location":[[33.1976574,-87.5494204],[33.1976574,-87.5494204],[33.1976574,-87.5494204]],"friends":[1,2,3,4]}