{"messages":["I need converse that fit","I need converse that fit","I need converse that fit"],"messages_no":3,"bad_words":[],"bad_words_no":0,"weight":0,"location":[33.35504439,-111.76804611,33.35504439,-111.76804611,33.35504439,-111.76804611]}