{"messages":["JOEL WARD","JOEL WARD","JOEL WARD"],"messages_no":3,"bad_words":[],"bad_words_no":0,"weight":0,"location":[[39.16585647,-78.15723299],[39.16585647,-78.15723299],[39.16585647,-78.15723299]],"friends":[1,2,3,4]}