{"messages":["I'm getting a new bed frame yay","I'm getting a new bed frame yay","I'm getting a new bed frame yay"],"messages_no":3,"bad_words":[],"bad_words_no":0,"weight":0,"location":[[38.42444269,-121.39172416],[38.42444269,-121.39172416],[38.42444269,-121.39172416]],"friends":[1,2,3,4]}