{"messages":["I love them oh my god","I love them oh my god","I love them oh my god"],"messages_no":3,"bad_words":[],"bad_words_no":0,"weight":0,"location":[[32.00841515,-81.26142481],[32.00841515,-81.26142481],[32.00841515,-81.26142481]],"friends":[1,2,3,4]}