{"messages":["Booner!!!!!!!\ud83d\ude02\ud83d\ude02","Booner!!!!!!!\ud83d\ude02\ud83d\ude02","Booner!!!!!!!\ud83d\ude02\ud83d\ude02"],"messages_no":3,"bad_words":[],"bad_words_no":0,"weight":0,"location":[[41.55700855,-88.21397326],[41.55700855,-88.21397326],[41.55700855,-88.21397326]],"friends":[1,2,3,4]}