{"messages":["@sroseeeee @BigDerm_ well \ud83d\ude0f lmfaooo, you right I guess","@sroseeeee @BigDerm_ well \ud83d\ude0f lmfaooo, you right I guess","Night :)","\u201c@L_brittbritt: I learned to be careful how you get a man because you might end up losing him that way.\u201d L&amp;HH \ud83d\udc4f yes","@sroseeeee @BigDerm_ well \ud83d\ude0f lmfaooo, you right I guess","Night :)"],"messages_no":6,"bad_words":[],"bad_words_no":0,"weight":0,"location":[[33.40238538,-111.86928283],[33.40238538,-111.86928283],[33.40240725,-111.86909457],[33.40261475,-111.8690711],[33.40238538,-111.86928283],[33.40240725,-111.86909457]],"friends":[1,2,3,4]}