{"messages":["@katiedoster you're my favorite person","#EsuranceSave30 id buy a lot of pizza","@katiedoster you're my favorite person","#EsuranceSave30 id buy a lot of pizza","@katiedoster you're my favorite person","#EsuranceSave30 id buy a lot of pizza"],"messages_no":6,"bad_words":[],"bad_words_no":0,"weight":0,"location":[[44.97127482,-122.9939288],[44.9713743,-122.99424366],[44.97127482,-122.9939288],[44.9713743,-122.99424366],[44.97127482,-122.9939288],[44.9713743,-122.99424366]],"friends":[1,2,3,4]}