{"messages":["Any one need a ticket #F2B9 friend selling it","Any one need a ticket #F2B9 friend selling it","Any one need a ticket #F2B9 friend selling it","Any one need a ticket #F2B9 friend selling it"],"messages_no":4,"bad_words":[],"bad_words_no":0,"weight":0,"location":[33.21351466,-87.54665627,33.21351466,-87.54665627,33.21351466,-87.54665627,33.21351466,-87.54665627]}