{"messages":["@nicktadie22 I'll kill you Tadie","@nicktadie22 I'll kill you Tadie","She likes hearing how good she looks in them blue jeans","@nicktadie22 I'll kill you Tadie","She likes hearing how good she looks in them blue jeans"],"messages_no":5,"bad_words":[],"bad_words_no":0,"weight":0,"location":[[40.64252825,-89.5528688],[40.64252825,-89.5528688],[40.64256378,-89.55289688],[40.64252825,-89.5528688],[40.64256378,-89.55289688]],"friends":[1,2,3,4]}