{"messages":["I lost my pic.  \ud83d\ude29\ud83d\ude2c","I lost my pic.  \ud83d\ude29\ud83d\ude2c","I lost my pic.  \ud83d\ude29\ud83d\ude2c"],"messages_no":3,"bad_words":[],"bad_words_no":0,"weight":0,"location":[[32.64459222,-97.12010773],[32.64459222,-97.12010773],[32.64459222,-97.12010773]],"friends":[1,2,3,4]}