{"messages":["I won't be butt hurt if the broncos win but #Seahawks","Was that a fight in the making","I won't be butt hurt if the broncos win but #Seahawks","Was that a fight in the making","I won't be butt hurt if the broncos win but #Seahawks","Was that a fight in the making"],"messages_no":6,"bad_words":[],"bad_words_no":0,"weight":0,"location":[[33.92578485,-83.98074579],[33.92571387,-83.98092125],[33.92578485,-83.98074579],[33.92571387,-83.98092125],[33.92578485,-83.98074579],[33.92571387,-83.98092125]],"friends":[1,2,3,4]}