{"messages":["easy boy.","easy boy."],"messages_no":2,"bad_words":[],"bad_words_no":0,"weight":0,"location":[40.91131731,-73.77596735,40.91131731,-73.77596735]}