{"messages":["Broncos gone win 38 to 28","Broncos gone win 38 to 28","Broncos gone win 38 to 28"],"messages_no":3,"bad_words":[],"bad_words_no":0,"weight":0,"location":[[36.87557617,-89.61030278],[36.87557617,-89.61030278],[36.87557617,-89.61030278]],"friends":[1,2,3,4]}