{"messages":["well ummmmm who wants to be my valentine \ue253","well ummmmm who wants to be my valentine \ue253","you remind me of something but idk what it is \ue40d","somewhere between i want it and i got it.","LIKE WTF IS WRONG WITH PEOPLE \ue416","well ummmmm who wants to be my valentine \ue253","you remind me of something but idk what it is \ue40d","somewhere between i want it and i got it.","LIKE WTF IS WRONG WITH PEOPLE \ue416"],"messages_no":9,"bad_words":[],"bad_words_no":0,"weight":0,"location":[[37.4899674,-77.5270377],[37.4899674,-77.5270377],[37.4899755,-77.5270302],[37.4899539,-77.527045],[37.4899426,-77.5270518],[37.4899674,-77.5270377],[37.4899755,-77.5270302],[37.4899539,-77.527045],[37.4899426,-77.5270518]],"friends":[1,2,3,4]}