{"messages":["@Kei2Nyce hard on who ?","@Kei2Nyce hard on who ?","@Kei2Nyce hard on who ?"],"messages_no":3,"bad_words":[],"bad_words_no":0,"weight":0,"location":[[43.59595367,-116.18789543],[43.59595367,-116.18789543],[43.59595367,-116.18789543]],"friends":[1,2,3,4]}