{"messages":["\"@Y_Saucedo14: fucking flappy bird \ud83d\ude20\ud83d\ude2d\"","I wanna go watch endless love \ud83d\ude01","\"@Y_Saucedo14: fucking flappy bird \ud83d\ude20\ud83d\ude2d\"","I wanna go watch endless love \ud83d\ude01","\"@Y_Saucedo14: fucking flappy bird \ud83d\ude20\ud83d\ude2d\"","I wanna go watch endless love \ud83d\ude01"],"messages_no":6,"bad_words":[],"bad_words_no":3,"weight":0,"location":[[39.9360119,-77.6638808],[40.000949,-78.2365573],[39.9360119,-77.6638808],[40.000949,-78.2365573],[39.9360119,-77.6638808],[40.000949,-78.2365573]],"friends":[1,2,3,4]}