{"messages":["#EsuranceSave30","#EsuranceSave30","#EsuranceSave30"],"messages_no":3,"bad_words":[],"bad_words_no":0,"weight":0,"location":[[40.72600035,-73.26197287],[40.72600035,-73.26197287],[40.72600035,-73.26197287]],"friends":[1,2,3,4]}