{"messages":["I'm better at playing 2k \ud83d\ude0a","I'm better at playing 2k \ud83d\ude0a","I'm better at playing 2k \ud83d\ude0a"],"messages_no":3,"bad_words":[],"bad_words_no":0,"weight":0,"location":[[47.40964358,-122.27691154],[47.40964358,-122.27691154],[47.40964358,-122.27691154]],"friends":[1,2,3,4]}