{"messages":["Tell me why I just took a nap lmao","Tell me why I just took a nap lmao","I really want a TON of super cute rings \ud83d\udc8d\ud83d\udc8d\ud83d\udc8d #girlytweet","Tell me why I just took a nap lmao","I really want a TON of super cute rings \ud83d\udc8d\ud83d\udc8d\ud83d\udc8d #girlytweet"],"messages_no":5,"bad_words":[],"bad_words_no":0,"weight":0,"location":[[33.39218439,-111.90028816],[33.39218439,-111.90028816],[33.39217412,-111.90023418],[33.39218439,-111.90028816],[33.39217412,-111.90023418]],"friends":[1,2,3,4]}