{"messages":["Almost there c'mon 7","Almost there c'mon 7","Almost there c'mon 7"],"messages_no":3,"bad_words":[],"bad_words_no":0,"weight":0,"location":[[31.60366955,-90.43205924],[31.60366955,-90.43205924],[31.60366955,-90.43205924]],"friends":[1,2,3,4]}