{"messages":["@DiPietro_1 I made plans. Sorry man. Thanks though.","I need something to eat!","@DiPietro_1 I made plans. Sorry man. Thanks though.","I need something to eat!","@L3M_ nothing happened to my car","@DiPietro_1 I made plans. Sorry man. Thanks though.","I need something to eat!","@L3M_ nothing happened to my car"],"messages_no":8,"bad_words":[],"bad_words_no":0,"weight":0,"location":[[39.8393509,-77.067415],[39.1303723,-79.4735106],[39.8393509,-77.067415],[39.1303723,-79.4735106],[39.1303712,-79.4735098],[39.8393509,-77.067415],[39.1303723,-79.4735106],[39.1303712,-79.4735098]],"friends":[1,2,3,4]}