{"messages":["So annoyed \ud83d\ude12","So annoyed \ud83d\ude12"],"messages_no":2,"bad_words":[],"bad_words_no":0,"weight":0,"location":[39.57656699,-75.73439778,39.57656699,-75.73439778]}