{"messages":["Damn whack ass place","I miss drey","Damn whack ass place","I miss drey","Damn whack ass place","I miss drey"],"messages_no":6,"bad_words":[],"bad_words_no":0,"weight":0,"location":[[33.6769259,-80.431855],[33.6771809,-80.4321666],[33.6769259,-80.431855],[33.6771809,-80.4321666],[33.6769259,-80.431855],[33.6771809,-80.4321666]],"friends":[1,2,3,4]}