{"messages":["@RickySwagLopez pick me up","I was on 90 and my phone started ringing\ud83d\ude20\ud83d\ude20","@RickySwagLopez pick me up","I was on 90 and my phone started ringing\ud83d\ude20\ud83d\ude20","I think I can hit but just need to learn to watch the ball","Think about it. How badass would it be to be the best nationwide sniper.","@RickySwagLopez pick me up","I was on 90 and my phone started ringing\ud83d\ude20\ud83d\ude20","I think I can hit but just need to learn to watch the ball","Think about it. How badass would it be to be the best nationwide sniper."],"messages_no":10,"bad_words":[],"bad_words_no":0,"weight":0,"location":[[32.7920761,-97.3526262],[32.7846034,-97.3514709],[32.7920761,-97.3526262],[32.7846034,-97.3514709],[32.7776017,-97.3650502],[32.7776016,-97.3650629],[32.7920761,-97.3526262],[32.7846034,-97.3514709],[32.7776017,-97.3650502],[32.7776016,-97.3650629]],"friends":[1,2,3,4]}