{"messages":["Y'all are bestfriends with my ex lmao idk","Y'all are bestfriends with my ex lmao idk","FUCK DOUG","Cody's a retard","@BigDick_Bandit5 you need a Xanax","Lucy makes me so happy \u263a\ufe0f","Y'all are bestfriends with my ex lmao idk","FUCK DOUG","Cody's a retard"],"messages_no":9,"bad_words":[],"bad_words_no":0,"weight":0,"location":[[37.5572317,-97.36599572],[37.5572317,-97.36599572],[37.55745456,-97.36598054],[37.55728408,-97.36609545],[37.55734938,-97.36607139],[37.55701111,-97.36624458],[37.5572317,-97.36599572],[37.55745456,-97.36598054],[37.55728408,-97.36609545]],"friends":[1,2,3,4]}