{"messages":["#EsuranceSave30","#EsuranceSave30","#EsuranceSave30"],"messages_no":3,"bad_words":[],"bad_words_no":0,"weight":0,"location":[[32.53011445,-92.1728769],[32.53011445,-92.1728769],[32.53011445,-92.1728769]],"friends":[1,2,3,4]}