{"messages":["Need someone to house me while I smoke my stress","Soo much trouble on my mind","Need someone to house me while I smoke my stress","Need someone to house me while I smoke my stress","Soo much trouble on my mind"],"messages_no":5,"bad_words":[],"bad_words_no":0,"weight":0,"location":[33.98392154,-118.08854576,34.00200812,-118.07995322,33.98392154,-118.08854576,33.98392154,-118.08854576,34.00200812,-118.07995322]}