{"messages":["can't wait to workout again.","can't wait to workout again.","can't wait to workout again."],"messages_no":3,"bad_words":[],"bad_words_no":0,"weight":0,"location":[[41.62045235,-80.83323972],[41.62045235,-80.83323972],[41.62045235,-80.83323972]],"friends":[1,2,3,4]}