{"messages":["All I wanna do is ball \ud83d\udcaf","All I wanna do is ball \ud83d\udcaf","All I wanna do is ball \ud83d\udcaf"],"messages_no":3,"bad_words":[],"bad_words_no":0,"weight":0,"location":[42.83406091,-78.81497475,42.83406091,-78.81497475,42.83406091,-78.81497475]}