{"messages":["@vannasmithMN I know.","@vannasmithMN I know.","@vannasmithMN I know."],"messages_no":3,"bad_words":[],"bad_words_no":0,"weight":0,"location":[[46.83635286,-100.41660011],[46.83635286,-100.41660011],[46.83635286,-100.41660011]],"friends":[1,2,3,4]}