{"messages":["And the torture begins","And the torture begins","\u201c@DMTryptamine: http:\/\/t.co\/oudowDwqzO\u201dgod is no where","@Marissa5_ \ud83d\ude23\ud83d\ude23 idk i dont like any of his songs what are some good ones","And the torture begins","\u201c@DMTryptamine: http:\/\/t.co\/oudowDwqzO\u201dgod is no where"],"messages_no":6,"bad_words":[],"bad_words_no":0,"weight":0,"location":[[33.13013853,-97.02468475],[33.13013853,-97.02468475],[33.13014718,-97.02462889],[33.13011709,-97.02459798],[33.13013853,-97.02468475],[33.13014718,-97.02462889]],"friends":[1,2,3,4]}