{"messages":["AND YOU KNOW THIS, MANNN!","AND YOU KNOW THIS, MANNN!","AND YOU KNOW THIS, MANNN!"],"messages_no":3,"bad_words":[],"bad_words_no":0,"weight":0,"location":[44.98627678,-93.24487266,44.98627678,-93.24487266,44.98627678,-93.24487266]}