{"messages":["@ordway_caroline @ZHindenach sassy assy","@ordway_caroline @ZHindenach sassy assy","Could use some xanax","@ordway_caroline @ZHindenach sassy assy","Could use some xanax"],"messages_no":5,"bad_words":[],"bad_words_no":0,"weight":0,"location":[[42.7550014,-85.4496139],[42.7550014,-85.4496139],[42.75504608,-85.44951783],[42.7550014,-85.4496139],[42.75504608,-85.44951783]],"friends":[1,2,3,4]}