{"messages":["Lolo just won himself $40","Lolo just won himself $40","Lolo just won himself $40"],"messages_no":3,"bad_words":[],"bad_words_no":0,"weight":0,"location":[[34.1206529,-117.41435],[34.1206529,-117.41435],[34.1206529,-117.41435]],"friends":[1,2,3,4]}