{"messages":["Grown &amp; sexy","Grown &amp; sexy","Grown &amp; sexy"],"messages_no":3,"bad_words":[],"bad_words_no":0,"weight":0,"location":[[33.652283,-84.4936235],[33.652283,-84.4936235],[33.652283,-84.4936235]],"friends":[1,2,3,4]}