{"messages":["Last class then apartment hunting \ud83d\ude0e\ud83d\ude0e\ud83d\ude0e\ud83d\ude0e","Last class then apartment hunting \ud83d\ude0e\ud83d\ude0e\ud83d\ude0e\ud83d\ude0e","Last class then apartment hunting \ud83d\ude0e\ud83d\ude0e\ud83d\ude0e\ud83d\ude0e","Last class then apartment hunting \ud83d\ude0e\ud83d\ude0e\ud83d\ude0e\ud83d\ude0e"],"messages_no":4,"bad_words":[],"bad_words_no":0,"weight":0,"location":[40.5707272,-105.08427265,40.5707272,-105.08427265,40.5707272,-105.08427265,40.5707272,-105.08427265]}