{"messages":["Nigga ima take what's mine","Happy 2nd day to all my niggas from H$ Turnup broz","Nigga ima take what's mine"],"messages_no":3,"bad_words":[],"bad_words_no":1,"weight":0,"location":[34.07605452,-117.38015248,34.10826262,-117.29958186,34.07605452,-117.38015248]}