{"messages":["I'm sensing a fuckin blowout. I'm also sensing I won 2 G's","Gimme my moneyyy. 2 G's.","I'm sensing a fuckin blowout. I'm also sensing I won 2 G's","Gimme my moneyyy. 2 G's.","I'm sensing a fuckin blowout. I'm also sensing I won 2 G's","Gimme my moneyyy. 2 G's."],"messages_no":6,"bad_words":[],"bad_words_no":3,"weight":0,"location":[[32.2443902,-92.7207127],[32.2443921,-92.7206986],[32.2443902,-92.7207127],[32.2443921,-92.7206986],[32.2443902,-92.7207127],[32.2443921,-92.7206986]],"friends":[1,2,3,4]}