{"messages":["@Molly_BoyEnt what games you got","Frosty The Thot Man","#WhosGonnaWin Seattle Seahawks","@Molly_BoyEnt what games you got","Frosty The Thot Man","#WhosGonnaWin Seattle Seahawks","@Molly_BoyEnt what games you got","Frosty The Thot Man","#WhosGonnaWin Seattle Seahawks"],"messages_no":9,"bad_words":[],"bad_words_no":0,"weight":0,"location":[[32.14597497,-81.26091292],[32.14593294,-81.26086129],[32.08067498,-82.11573477],[32.14597497,-81.26091292],[32.14593294,-81.26086129],[32.08067498,-82.11573477],[32.14597497,-81.26091292],[32.14593294,-81.26086129],[32.08067498,-82.11573477]],"friends":[1,2,3,4]}