{"messages":["CLUTCH","everyone's missing out on this #DUKEvsCUSE game \ud83d\udd25","CLUTCH","everyone's missing out on this #DUKEvsCUSE game \ud83d\udd25"],"messages_no":4,"bad_words":[],"bad_words_no":0,"weight":0,"location":[32.93365812,-117.13593243,32.93345314,-117.13593023,32.93365812,-117.13593243,32.93345314,-117.13593023]}