{"messages":["Some shave it sound bomb","Some shave it sound bomb","Come on now CA2 #musicchoice","Some shave it sound bomb","Some shave it sound bomb"],"messages_no":5,"bad_words":[],"bad_words_no":0,"weight":0,"location":[33.94280427,-118.02125501,33.94280427,-118.02125501,33.89785422,-117.99820301,33.94280427,-118.02125501,33.94280427,-118.02125501]}