{"messages":["I should've went to get a haircut\ud83d\ude0f\ud83d\ude21","I should've went to get a haircut\ud83d\ude0f\ud83d\ude21","I wish I didn't watch BMS so I can watch it again\ud83d\ude14\ud83d\ude14 @ThadCastIe_","I should've went to get a haircut\ud83d\ude0f\ud83d\ude21","I wish I didn't watch BMS so I can watch it again\ud83d\ude14\ud83d\ude14 @ThadCastIe_"],"messages_no":5,"bad_words":[],"bad_words_no":0,"weight":0,"location":[[40.76310775,-73.23655864],[40.76310775,-73.23655864],[40.76298738,-73.23636232],[40.76310775,-73.23655864],[40.76298738,-73.23636232]],"friends":[1,2,3,4]}