{"messages":["Why do i have such bad luck \ud83d\ude11","I'm in that \"Heartless\" category and i'm not cool with it.","Why do i have such bad luck \ud83d\ude11","Why do i have such bad luck \ud83d\ude11"],"messages_no":4,"bad_words":[],"bad_words_no":0,"weight":0,"location":[32.7678771,-96.4064744,32.7428084,-96.4020969,32.7678771,-96.4064744,32.7678771,-96.4064744]}