{"messages":["@_xiennna whyy? We both gotta feel cute! Cause we are cute (; lol","\u201c@ajnaganja: gonna hotdog\u201d","@_xiennna whyy? We both gotta feel cute! Cause we are cute (; lol","\u201c@ajnaganja: gonna hotdog\u201d","Sensitive niggas i shot you down.","#thedriveintheatre","@_xiennna whyy? We both gotta feel cute! Cause we are cute (; lol","\u201c@ajnaganja: gonna hotdog\u201d","Sensitive niggas i shot you down."],"messages_no":9,"bad_words":[],"bad_words_no":2,"weight":0,"location":[[33.48013742,-112.14261266],[33.47080413,-112.16902505],[33.48013742,-112.14261266],[33.47080413,-112.16902505],[33.47975286,-112.14221017],[33.48005121,-112.14213255],[33.48013742,-112.14261266],[33.47080413,-112.16902505],[33.47975286,-112.14221017]],"friends":[1,2,3,4]}