{"messages":["that fucked me up","that fucked me up","that fucked me up"],"messages_no":3,"bad_words":[],"bad_words_no":3,"weight":0,"location":[[40.8905789,-74.55057477],[40.8905789,-74.55057477],[40.8905789,-74.55057477]],"friends":[1,2,3,4]}