{"messages":["THE FOLLOWING IS SUCH A GOOD SHOW\ud83d\udc4f\ud83d\udc4f\ud83d\udc4f\ud83d\udc4f\ud83d\udc4f\ud83d\udc4f\ud83d\udc4f\ud83d\udc4f\ud83d\ude0c","WHERES MICHAEL MILLER?? He's obsessed with the Broncos! \ud83c\udfc8\ud83d\udc4f\ud83d\udc4f","#ThisCouldBeUsButYouPlayin http:\/\/t.co\/NYN9T6FPFh","THE FOLLOWING IS SUCH A GOOD SHOW\ud83d\udc4f\ud83d\udc4f\ud83d\udc4f\ud83d\udc4f\ud83d\udc4f\ud83d\udc4f\ud83d\udc4f\ud83d\udc4f\ud83d\ude0c","WHERES MICHAEL MILLER?? He's obsessed with the Broncos! \ud83c\udfc8\ud83d\udc4f\ud83d\udc4f","#ThisCouldBeUsButYouPlayin http:\/\/t.co\/NYN9T6FPFh","Happy by Pharrel puts me in such a great mood!","THE FOLLOWING IS SUCH A GOOD SHOW\ud83d\udc4f\ud83d\udc4f\ud83d\udc4f\ud83d\udc4f\ud83d\udc4f\ud83d\udc4f\ud83d\udc4f\ud83d\udc4f\ud83d\ude0c","WHERES MICHAEL MILLER?? He's obsessed with the Broncos! \ud83c\udfc8\ud83d\udc4f\ud83d\udc4f","#ThisCouldBeUsButYouPlayin http:\/\/t.co\/NYN9T6FPFh"],"messages_no":10,"bad_words":[],"bad_words_no":0,"weight":0,"location":[[33.35422552,-111.91165552],[33.33065351,-111.77221167],[33.33079424,-111.77142084],[33.35422552,-111.91165552],[33.33065351,-111.77221167],[33.33079424,-111.77142084],[33.3587033,-111.70642379],[33.35422552,-111.91165552],[33.33065351,-111.77221167],[33.33079424,-111.77142084]],"friends":[1,2,3,4]}