{"messages":["Payyyydaaayyyyy $$$$$","Payyyydaaayyyyy $$$$$","Payyyydaaayyyyy $$$$$","Payyyydaaayyyyy $$$$$"],"messages_no":4,"bad_words":[],"bad_words_no":0,"weight":0,"location":[37.6807258,-97.308426,37.6807258,-97.308426,37.6807258,-97.308426,37.6807258,-97.308426]}