{"messages":["This class is so crazy. I loooove it","This class is so crazy. I loooove it","Earl sweatshirt \u2764\ufe0f\u2764\ufe0f","This class is so crazy. I loooove it","Earl sweatshirt \u2764\ufe0f\u2764\ufe0f"],"messages_no":5,"bad_words":[],"bad_words_no":0,"weight":0,"location":[[29.99570412,-97.84764787],[29.99570412,-97.84764787],[29.99560445,-97.8599148],[29.99570412,-97.84764787],[29.99560445,-97.8599148]],"friends":[1,2,3,4]}