{"messages":["@LAfrica_21 order it and I'll go get it","@LAfrica_21 order it and I'll go get it","@LAfrica_21 order it and I'll go get it"],"messages_no":3,"bad_words":[],"bad_words_no":0,"weight":0,"location":[[32.53375556,-92.64694933],[32.53375556,-92.64694933],[32.53375556,-92.64694933]],"friends":[1,2,3,4]}