{"messages":["Staying in tonight \ud83d\ude0d","Staying in tonight \ud83d\ude0d"],"messages_no":2,"bad_words":[],"bad_words_no":0,"weight":0,"location":[34.16576514,-118.40950315,34.16576514,-118.40950315]}