{"messages":["Im confused","Im confused","Im confused"],"messages_no":3,"bad_words":[],"bad_words_no":0,"weight":0,"location":[[39.24472522,-74.8130227],[39.24472522,-74.8130227],[39.24472522,-74.8130227]],"friends":[1,2,3,4]}