{"messages":["Then we was in the car singing lmfao \ud83d\ude02\ud83d\ude02 toooooo funny ..","They still gone loose tho","Then we was in the car singing lmfao \ud83d\ude02\ud83d\ude02 toooooo funny ..","They still gone loose tho","Then we was in the car singing lmfao \ud83d\ude02\ud83d\ude02 toooooo funny ..","They still gone loose tho"],"messages_no":6,"bad_words":[],"bad_words_no":0,"weight":0,"location":[[30.6347789,-88.1127436],[30.6347768,-88.112735],[30.6347789,-88.1127436],[30.6347768,-88.112735],[30.6347789,-88.1127436],[30.6347768,-88.112735]],"friends":[1,2,3,4]}