{"messages":["@RachelNW *ahem*... \ud83d\udeb6","@RachelNW *ahem*... \ud83d\udeb6","@RachelNW *ahem*... \ud83d\udeb6"],"messages_no":3,"bad_words":[],"bad_words_no":0,"weight":0,"location":[[37.1552584,-93.2651863],[37.1552584,-93.2651863],[37.1552584,-93.2651863]],"friends":[1,2,3,4]}