{"messages":["Good wins tonight.","Good wins tonight.","Good wins tonight."],"messages_no":3,"bad_words":[],"bad_words_no":0,"weight":0,"location":[[41.39795565,-82.64940284],[41.39795565,-82.64940284],[41.39795565,-82.64940284]],"friends":[1,2,3,4]}