{"messages":["Ready to get off work \ud83d\ude21","Omg finally here!!!","Ready to get off work \ud83d\ude21","Ready to get off work \ud83d\ude21","Omg finally here!!!"],"messages_no":5,"bad_words":[],"bad_words_no":0,"weight":0,"location":[32.66353163,-97.1335221,32.67952016,-97.10605141,32.66353163,-97.1335221,32.66353163,-97.1335221,32.67952016,-97.10605141]}