{"messages":["Your face is all that i see","Your face is all that i see","Your face is all that i see"],"messages_no":3,"bad_words":[],"bad_words_no":0,"weight":0,"location":[40.7031726,-89.6023327,40.7031726,-89.6023327,40.7031726,-89.6023327]}