{"messages":["Oh my god. I'm 19 now","Oh my god. I'm 19 now","Oh my god. I'm 19 now"],"messages_no":3,"bad_words":[],"bad_words_no":0,"weight":0,"location":[41.65194136,-83.62697843,41.65194136,-83.62697843,41.65194136,-83.62697843]}