{"messages":["@Acambria7 I did that purposely.","@Acambria7 I did that purposely.","@Acambria7 I did that purposely."],"messages_no":3,"bad_words":[],"bad_words_no":0,"weight":0,"location":[[26.18314113,-81.73899937],[26.18314113,-81.73899937],[26.18314113,-81.73899937]],"friends":[1,2,3,4]}