{"messages":["i hate when people text me stupid shit . \ud83d\ude12","this water feel sooo good . \ud83d\ude0c","@niggaslovemyra ok my love . \ud83d\udc4c","she get on my nerves when she do dat . \ud83d\ude29","I hate getting high by myself .","i hate when people text me stupid shit . \ud83d\ude12","i hate when people text me stupid shit . \ud83d\ude12","this water feel sooo good . \ud83d\ude0c"],"messages_no":8,"bad_words":[],"bad_words_no":4,"weight":0,"location":[30.48174565,-91.12260586,30.48600739,-91.12254963,30.48501715,-91.12302238,30.48160653,-91.12280192,30.48015676,-91.14184123,30.48174565,-91.12260586,30.48174565,-91.12260586,30.48600739,-91.12254963]}