{"messages":["Bad grandpa was hella funny.","Hella want to do something today","I didn't know the curfew of teenagers on the weekend is 12 \ud83d\ude33","I can never beat my flappy bird high score","Can't win without a defense to put up a fight","I hope Seattle scores and goes got the 2-point conversion","Bad grandpa was hella funny.","Hella want to do something today","I didn't know the curfew of teenagers on the weekend is 12 \ud83d\ude33","I can never beat my flappy bird high score","Can't win without a defense to put up a fight","I hope Seattle scores and goes got the 2-point conversion","I'm here before zero period -.-","Bad grandpa was hella funny.","Hella want to do something today","I didn't know the curfew of teenagers on the weekend is 12 \ud83d\ude33","I can never beat my flappy bird high score","Can't win without a defense to put up a fight","I hope Seattle scores and goes got the 2-point conversion","I'm here before zero period -.-"],"messages_no":20,"bad_words":[],"bad_words_no":3,"weight":0,"location":[[37.68173869,-120.9360371],[37.6818121,-120.93603711],[37.68192479,-120.93592848],[37.68175113,-120.93628629],[37.68193154,-120.93590668],[37.68205316,-120.93603015],[37.68173869,-120.9360371],[37.6818121,-120.93603711],[37.68192479,-120.93592848],[37.68175113,-120.93628629],[37.68193154,-120.93590668],[37.68205316,-120.93603015],[37.67314722,-120.93024278],[37.68173869,-120.9360371],[37.6818121,-120.93603711],[37.68192479,-120.93592848],[37.68175113,-120.93628629],[37.68193154,-120.93590668],[37.68205316,-120.93603015],[37.67314722,-120.93024278]],"friends":[1,2,3,4]}