{"messages":["@ksujoel God bless you LOL","@ksujoel God bless you LOL","@JohnGalvano Is it bad?","Although that new FB app @Braves_Paul has been touting seems appealing","@ksujoel God bless you LOL","@JohnGalvano Is it bad?"],"messages_no":6,"bad_words":[],"bad_words_no":0,"weight":0,"location":[[33.86940893,-81.4736307],[33.86940893,-81.4736307],[33.86923819,-81.47377186],[33.86935176,-81.47360531],[33.86940893,-81.4736307],[33.86923819,-81.47377186]],"friends":[1,2,3,4]}