{"messages":["@DoublexxM what i say youngin?","Thought he was \ud83d\ude02","@DoublexxM what i say youngin?","Thought he was \ud83d\ude02","@DoublexxM what i say youngin?","Thought he was \ud83d\ude02"],"messages_no":6,"bad_words":[],"bad_words_no":0,"weight":0,"location":[[40.13033554,-87.61163796],[40.13353697,-87.60213858],[40.13033554,-87.61163796],[40.13353697,-87.60213858],[40.13033554,-87.61163796],[40.13353697,-87.60213858]],"friends":[1,2,3,4]}