{"messages":["@Rock_VVS so what you trying to do ?","@Rock_VVS so what you trying to do ?","I'm tired af","@lafaija_092812 @JJJakeera_ y'all niggas BETTER not wake me up in the morning or we will fight tomorrow !","@Rock_VVS so what you trying to do ?"],"messages_no":5,"bad_words":[],"bad_words_no":1,"weight":0,"location":[[34.09522839,-78.87473665],[34.09522839,-78.87473665],[34.09522378,-78.87467775],[34.09497005,-78.87410615],[34.09522839,-78.87473665]],"friends":[1,2,3,4]}