{"messages":["The Super Bowl is tomorrow yayyyyyy!!!!!","I need someone to talk to","The Super Bowl is tomorrow yayyyyyy!!!!!","I need someone to talk to"],"messages_no":4,"bad_words":[],"bad_words_no":0,"weight":0,"location":[45.10116477,-93.23662264,45.10134474,-93.23637813,45.10116477,-93.23662264,45.10134474,-93.23637813]}