{"messages":["My Stomach Hurt \ud83d\ude29\ud83d\ude2d","@yunggjubei the Friday coming up , yu gon be at ya dads ?","My Stomach Hurt \ud83d\ude29\ud83d\ude2d","@yunggjubei the Friday coming up , yu gon be at ya dads ?","She Erking Me \ud83d\ude02\ud83d\ude02\ud83d\ude12","Hope my mom come home tomarr \ud83d\ude29","\u201c@XIIXXII__: Birthday next Friday \ud83d\ude1c\ud83d\ude0e\u201dyess \ud83d\ude06\ud83d\ude4c","Still doing this science \ud83d\ude29\ud83d\ude2d","My Stomach Hurt \ud83d\ude29\ud83d\ude2d","@yunggjubei the Friday coming up , yu gon be at ya dads ?","She Erking Me \ud83d\ude02\ud83d\ude02\ud83d\ude12","Hope my mom come home tomarr \ud83d\ude29"],"messages_no":12,"bad_words":[],"bad_words_no":0,"weight":0,"location":[[39.92219914,-75.23374049],[39.97396921,-75.23075419],[39.92219914,-75.23374049],[39.97396921,-75.23075419],[39.92780772,-75.24192567],[39.92777817,-75.2419799],[39.90025512,-75.24604901],[39.92781003,-75.24203874],[39.92219914,-75.23374049],[39.97396921,-75.23075419],[39.92780772,-75.24192567],[39.92777817,-75.2419799]],"friends":[1,2,3,4]}