{"messages":["@eminnes_  no it can't \ud83d\ude2c\ud83d\ude2c\ud83d\ude2c\ud83d\ude2c\ud83d\ude2c\ud83d\ude2c","@eminnes_  I love it so much it's so great","@eminnes_  no it can't \ud83d\ude2c\ud83d\ude2c\ud83d\ude2c\ud83d\ude2c\ud83d\ude2c\ud83d\ude2c","@eminnes_  I love it so much it's so great","We gon learn today http:\/\/t.co\/FCGmn8z7o4","@eminnes_  no it can't \ud83d\ude2c\ud83d\ude2c\ud83d\ude2c\ud83d\ude2c\ud83d\ude2c\ud83d\ude2c","@eminnes_  I love it so much it's so great","We gon learn today http:\/\/t.co\/FCGmn8z7o4"],"messages_no":8,"bad_words":[],"bad_words_no":0,"weight":0,"location":[[40.17431987,-75.45550637],[40.17428562,-75.45555877],[40.17431987,-75.45550637],[40.17428562,-75.45555877],[40.17448589,-75.45534403],[40.17431987,-75.45550637],[40.17428562,-75.45555877],[40.17448589,-75.45534403]],"friends":[1,2,3,4]}