{"messages":["@HaylayNoelle i love you too!!","@HaylayNoelle i love you too!!","Hahahaahaahaha that kid would of ate shit into that brick thing.","Okay megs bad joke bad joke.","@HaylayNoelle i love you too!!","@HaylayNoelle i love you too!!"],"messages_no":6,"bad_words":[],"bad_words_no":1,"weight":0,"location":[38.5298379,-121.2263887,38.5298379,-121.2263887,38.5298042,-121.2263777,38.5298044,-121.2263822,38.5298379,-121.2263887,38.5298379,-121.2263887]}