{"messages":["Witcho punk ass.","Witcho punk ass.","Witcho punk ass."],"messages_no":3,"bad_words":[],"bad_words_no":0,"weight":0,"location":[[41.79996889,-87.6040785],[41.79996889,-87.6040785],[41.79996889,-87.6040785]],"friends":[1,2,3,4]}