{"messages":["It was a weird dream now that I think about it.","I feel 15 again, but not in the great way.","It was a weird dream now that I think about it.","I feel 15 again, but not in the great way.","It was a weird dream now that I think about it.","I feel 15 again, but not in the great way."],"messages_no":6,"bad_words":[],"bad_words_no":0,"weight":0,"location":[[34.03452483,-117.70839217],[34.03144008,-117.66277886],[34.03452483,-117.70839217],[34.03144008,-117.66277886],[34.03452483,-117.70839217],[34.03144008,-117.66277886]],"friends":[1,2,3,4]}