{"messages":["@grantmiller12 g millz baby about time","Pussy ******* only wanna talk #ross","@grantmiller12 g millz baby about time","Pussy ******* only wanna talk #ross","This dude has some sick John Walls on\ud83d\udc4d\ud83d\udc4c","@grantmiller12 g millz baby about time","Pussy ******* only wanna talk #ross","This dude has some sick John Walls on\ud83d\udc4d\ud83d\udc4c"],"messages_no":8,"bad_words":[],"bad_words_no":0,"weight":0,"location":[[41.71052202,-86.18131516],[41.84112878,-86.23758612],[41.71052202,-86.18131516],[41.84112878,-86.23758612],[42.39138066,-86.27099676],[41.71052202,-86.18131516],[41.84112878,-86.23758612],[42.39138066,-86.27099676]],"friends":[1,2,3,4]}