{"messages":["Subtweet I love Maddison.","Subtweet I love Maddison.","Subtweet I love Maddison."],"messages_no":3,"bad_words":[],"bad_words_no":0,"weight":0,"location":[[33.25243078,-86.83015432],[33.25243078,-86.83015432],[33.25243078,-86.83015432]],"friends":[1,2,3,4]}