{"messages":["Sneezing like Montana!","Sneezing like Montana!","Sneezing like Montana!"],"messages_no":3,"bad_words":[],"bad_words_no":0,"weight":0,"location":[[35.16324168,-101.88189222],[35.16324168,-101.88189222],[35.16324168,-101.88189222]],"friends":[1,2,3,4]}