{"messages":["I don't even know you. \u270b","I don't even know you. \u270b"],"messages_no":2,"bad_words":[],"bad_words_no":0,"weight":0,"location":[35.1574909,-93.81192603,35.1574909,-93.81192603]}