{"messages":["@AndyBVB #friendclub","@AndyBVB #friendclub","@AndyBVB #friendclub"],"messages_no":3,"bad_words":[],"bad_words_no":0,"weight":0,"location":[[32.2767792,-110.9562308],[32.2767792,-110.9562308],[32.2767792,-110.9562308]],"friends":[1,2,3,4]}