{"messages":["@JoeyBurt1 that was so mean\ud83d\ude14\ud83d\ude14\ud83d\ude14\ud83d\ude14\ud83d\ude14\ud83d\ude14\ud83d\ude14","@PearlTheGirll I know like why aren't you here I miss you","Someone come drive up to my sisters for tonight lol","@PearlTheGirll I just woke up from a nap bruh whatchu doin","@JoeyBurt1 that was so mean\ud83d\ude14\ud83d\ude14\ud83d\ude14\ud83d\ude14\ud83d\ude14\ud83d\ude14\ud83d\ude14","@PearlTheGirll I know like why aren't you here I miss you","Someone come drive up to my sisters for tonight lol","@PearlTheGirll I just woke up from a nap bruh whatchu doin","Still in shock\/anger from that lol","that's me right now lol","It took every little bit of me to wake up today","@JoeyBurt1 that was so mean\ud83d\ude14\ud83d\ude14\ud83d\ude14\ud83d\ude14\ud83d\ude14\ud83d\ude14\ud83d\ude14","@PearlTheGirll I know like why aren't you here I miss you","Someone come drive up to my sisters for tonight lol","@PearlTheGirll I just woke up from a nap bruh whatchu doin","Still in shock\/anger from that lol","that's me right now lol"],"messages_no":17,"bad_words":[],"bad_words_no":0,"weight":0,"location":[[41.02776831,-80.68122173],[41.02762943,-80.68133253],[41.02786964,-80.68120807],[41.91877159,-80.61506471],[41.02776831,-80.68122173],[41.02762943,-80.68133253],[41.02786964,-80.68120807],[41.91877159,-80.61506471],[41.91928003,-80.61524155],[41.91875339,-80.6151607],[41.91928102,-80.615242],[41.02776831,-80.68122173],[41.02762943,-80.68133253],[41.02786964,-80.68120807],[41.91877159,-80.61506471],[41.91928003,-80.61524155],[41.91875339,-80.6151607]],"friends":[1,2,3,4]}