{"messages":["@NevarezJonny_17 fuck you lmao! ;)","Broncos are gonna win 19-14","@NevarezJonny_17 fuck you lmao! ;)","@NevarezJonny_17 fuck you lmao! ;)"],"messages_no":4,"bad_words":[],"bad_words_no":3,"weight":0,"location":[41.50888719,-90.44451847,41.506958,-90.4024305,41.50888719,-90.44451847,41.50888719,-90.44451847]}