{"messages":["Why am I shaking so bad?","Why am I shaking so bad?","My twitter acting up!","Why am I shaking so bad?","My twitter acting up!"],"messages_no":5,"bad_words":[],"bad_words_no":0,"weight":0,"location":[[30.52503008,-90.43674249],[30.52503008,-90.43674249],[30.52507578,-90.43671403],[30.52503008,-90.43674249],[30.52507578,-90.43671403]],"friends":[1,2,3,4]}