{"messages":["Alexis going ham on beyonce rn","Alexis going ham on beyonce rn","So imma put a order in for a chicken\n\nFOR A CHICKEN","\u201c@nick_lawrence96: Broncos are slowly getting better.\u201d What was that","Alexis going ham on beyonce rn","Alexis going ham on beyonce rn","So imma put a order in for a chicken\n\nFOR A CHICKEN","So imma put a order in for a chicken\n\nFOR A CHICKEN"],"messages_no":8,"bad_words":[],"bad_words_no":0,"weight":0,"location":[33.05256031,-97.01094053,33.05256031,-97.01094053,29.75198524,-95.36436008,29.75143508,-95.36418186,33.05256031,-97.01094053,33.05256031,-97.01094053,29.75198524,-95.36436008,29.75198524,-95.36436008]}