{"messages":["That shit was crazy","That shit was crazy","Things aren't right ..","That shit was crazy","Things aren't right .."],"messages_no":5,"bad_words":[],"bad_words_no":3,"weight":0,"location":[[42.41751254,-70.99606331],[42.41751254,-70.99606331],[42.41725435,-70.99606501],[42.41751254,-70.99606331],[42.41725435,-70.99606501]],"friends":[1,2,3,4]}