{"messages":["@Cathiee_09 @MartinezIly ended early but cool time #IPartyPooped","@Cathiee_09 @MartinezIly ended early but cool time #IPartyPooped","@Cathiee_09 lmao I see how it is -.-","3 hours of sleep \ud83d\ude05\ud83d\ude05","@Cathiee_09 @MartinezIly ended early but cool time #IPartyPooped","@Cathiee_09 lmao I see how it is -.-"],"messages_no":6,"bad_words":[],"bad_words_no":0,"weight":0,"location":[[39.69002502,-105.04820251],[39.69002502,-105.04820251],[39.69006807,-105.04823157],[39.69013345,-105.04813477],[39.69002502,-105.04820251],[39.69006807,-105.04823157]],"friends":[1,2,3,4]}