{"messages":["@valariee98 my mom has that tattooed on her arm!","@Natalie88Garcia or you could eat a dick","\u201c@ohyouknowlexis: I love Anthony Murray shut up\u201d","@valariee98 my mom has that tattooed on her arm!","@Natalie88Garcia or you could eat a dick","\u201c@ohyouknowlexis: I love Anthony Murray shut up\u201d","Haha, fuck I look like getting a Shelby. I'm getting a v6\ud83d\ude02\ud83d\ude2d\ud83d\ude22","@valariee98 my mom has that tattooed on her arm!","@Natalie88Garcia or you could eat a dick","\u201c@ohyouknowlexis: I love Anthony Murray shut up\u201d","Haha, fuck I look like getting a Shelby. I'm getting a v6\ud83d\ude02\ud83d\ude2d\ud83d\ude22"],"messages_no":11,"bad_words":[],"bad_words_no":5,"weight":0,"location":[[32.79575814,-116.91441424],[32.81173736,-116.92778217],[32.8120051,-116.92788066],[32.79575814,-116.91441424],[32.81173736,-116.92778217],[32.8120051,-116.92788066],[32.81186504,-116.92774672],[32.79575814,-116.91441424],[32.81173736,-116.92778217],[32.8120051,-116.92788066],[32.81186504,-116.92774672]],"friends":[1,2,3,4]}