{"messages":["I Got Like 8 Sisters Bra Im Glad My Daddy Got 3 Cars","@Amerra_Bro Lhh Man Im Addicted","I Neva Lied About My Age Cause Now A Days Niggas Dont Care ..","I Got Like 8 Sisters Bra Im Glad My Daddy Got 3 Cars","@Amerra_Bro Lhh Man Im Addicted","I Neva Lied About My Age Cause Now A Days Niggas Dont Care ..","@PrestoWorld NO YOU NOT YOU JUSS SITTING ON THAT PHONE TF","\"@_NiggaJr: I Dont Delete Nothing Off My Phone ...\" ...","Coulda Juss Retweeted My Sht","\"@vick_hayes: @monnee_monnee lol  ok \ud83d\ude37\" Good Boy \ud83d\ude02\ud83d\udc36","@Lasha_Baee @squuaaddville YALL AINT COMING TO MY SHT AND IM NOT COOKUNG SHT","@_JordanBee Goodmorning","I Love I Love I Love I Love My Money","How You Gone Kill A Nigga You Love Man","I Got Like 8 Sisters Bra Im Glad My Daddy Got 3 Cars","@Amerra_Bro Lhh Man Im Addicted","I Neva Lied About My Age Cause Now A Days Niggas Dont Care ..","@PrestoWorld NO YOU NOT YOU JUSS SITTING ON THAT PHONE TF","\"@_NiggaJr: I Dont Delete Nothing Off My Phone ...\" ...","Coulda Juss Retweeted My Sht"],"messages_no":20,"bad_words":[],"bad_words_no":0,"weight":0,"location":[[38.7145712,-90.2949722],[38.7145053,-90.2957881],[38.7147462,-90.2953145],[38.7145712,-90.2949722],[38.7145053,-90.2957881],[38.7147462,-90.2953145],[38.7192992,-90.254696],[38.7357116,-90.2618459],[38.7357116,-90.2618459],[38.7357116,-90.2618459],[38.7375709,-90.2608984],[38.7357116,-90.2618459],[38.7375709,-90.2608984],[38.7357116,-90.2618459],[38.7145712,-90.2949722],[38.7145053,-90.2957881],[38.7147462,-90.2953145],[38.7192992,-90.254696],[38.7357116,-90.2618459],[38.7357116,-90.2618459]],"friends":[1,2,3,4]}