{"messages":["Finallyyyy","Finallyyyy","Finallyyyy"],"messages_no":3,"bad_words":[],"bad_words_no":0,"weight":0,"location":[25.96081309,-80.18261201,25.96081309,-80.18261201,25.96081309,-80.18261201]}