{"messages":["Of coarse you do","Of coarse you do"],"messages_no":2,"bad_words":[],"bad_words_no":2,"weight":0,"location":[42.68864733,-72.06199556,42.68864733,-72.06199556]}