{"messages":["@brittneyadams_ I will \ud83d\ude18","@brittneyadams_ I will \ud83d\ude18","@brittneyadams_ I will \ud83d\ude18"],"messages_no":3,"bad_words":[],"bad_words_no":0,"weight":0,"location":[[33.88914351,-83.98043353],[33.88914351,-83.98043353],[33.88914351,-83.98043353]],"friends":[1,2,3,4]}