{"messages":["Watch them win by 2","Watch them win by 2","Watch them win by 2"],"messages_no":3,"bad_words":[],"bad_words_no":0,"weight":0,"location":[[33.9697699,-118.07778114],[33.9697699,-118.07778114],[33.9697699,-118.07778114]],"friends":[1,2,3,4]}