{"messages":["yo u that favorited that dm me \ud83d\ude18","yo u that favorited that dm me \ud83d\ude18","yo u that favorited that dm me \ud83d\ude18"],"messages_no":3,"bad_words":[],"bad_words_no":0,"weight":0,"location":[34.19060447,-118.6487674,34.19060447,-118.6487674,34.19060447,-118.6487674]}