{"messages":["Thirst trapping \ud83d\ude02\ud83d\ude02","Thirst trapping \ud83d\ude02\ud83d\ude02","iPhone chirpin \ud83d\ude0c","Thirst trapping \ud83d\ude02\ud83d\ude02"],"messages_no":4,"bad_words":[],"bad_words_no":0,"weight":0,"location":[[38.2059533,-85.63980782],[38.2059533,-85.63980782],[38.20597395,-85.63983112],[38.2059533,-85.63980782]],"friends":[1,2,3,4]}