{"messages":["I got 18 on flappy bird","I got 18 on flappy bird","I got 18 on flappy bird"],"messages_no":3,"bad_words":[],"bad_words_no":0,"weight":0,"location":[41.5034638,-90.3995592,41.5034638,-90.3995592,41.5034638,-90.3995592]}