{"messages":["What movie to watch ...","What movie to watch ...","What movie to watch ..."],"messages_no":3,"bad_words":[],"bad_words_no":0,"weight":0,"location":[[33.87354305,-80.32734107],[33.87354305,-80.32734107],[33.87354305,-80.32734107]],"friends":[1,2,3,4]}