{"messages":["@zferrulli miss you tooooo\ud83d\ude14","@zferrulli miss you tooooo\ud83d\ude14","@zferrulli miss you tooooo\ud83d\ude14"],"messages_no":3,"bad_words":[],"bad_words_no":0,"weight":0,"location":[[40.61963619,-79.15549722],[40.61963619,-79.15549722],[40.61963619,-79.15549722]],"friends":[1,2,3,4]}