{"messages":["@D3NiM_DiVA oh im pumped","@D3NiM_DiVA oh im pumped","@D3NiM_DiVA oh im pumped"],"messages_no":3,"bad_words":[],"bad_words_no":0,"weight":0,"location":[[37.00030653,-122.05813067],[37.00030653,-122.05813067],[37.00030653,-122.05813067]],"friends":[1,2,3,4]}