{"messages":["Last day of goose season \ud83d\ude14\ud83d\udc4e","Last day of goose season \ud83d\ude14\ud83d\udc4e","Last day of goose season \ud83d\ude14\ud83d\udc4e","Last day of goose season \ud83d\ude14\ud83d\udc4e"],"messages_no":4,"bad_words":[],"bad_words_no":0,"weight":0,"location":[37.79097763,-88.91142681,37.79097763,-88.91142681,37.79097763,-88.91142681,37.79097763,-88.91142681]}