{"messages":["@__manijah \ud83d\ude02 your Avi boo \ud83d\ude3b","@__manijah \ud83d\ude02 your Avi boo \ud83d\ude3b","Watch Devyn Come At Me \ud83d\ude02","@__manijah \ud83d\ude02 your Avi boo \ud83d\ude3b","Watch Devyn Come At Me \ud83d\ude02"],"messages_no":5,"bad_words":[],"bad_words_no":0,"weight":0,"location":[[42.93174112,-78.89356434],[42.93174112,-78.89356434],[42.93275768,-78.88841716],[42.93174112,-78.89356434],[42.93275768,-78.88841716]],"friends":[1,2,3,4]}