{"messages":["It's okay to be afraid","It's okay to be afraid","It's okay to be afraid"],"messages_no":3,"bad_words":[],"bad_words_no":0,"weight":0,"location":[[28.50712998,-81.34786252],[28.50712998,-81.34786252],[28.50712998,-81.34786252]],"friends":[1,2,3,4]}