{"messages":["Rule #1 friends don't break \ud83d\ude15","Rule #1 friends don't break \ud83d\ude15","Rule #1 friends don't break \ud83d\ude15"],"messages_no":3,"bad_words":[],"bad_words_no":0,"weight":0,"location":[[42.25511963,-77.79936347],[42.25511963,-77.79936347],[42.25511963,-77.79936347]],"friends":[1,2,3,4]}