{"messages":["hey bailey","\u201c@cal_girls: \ud83d\ude02\ud83d\ude02\ud83d\ude02\ud83d\ude02 http:\/\/t.co\/mDITOQrUcj\u201d LMFAO I CANT","hey bailey","\u201c@cal_girls: \ud83d\ude02\ud83d\ude02\ud83d\ude02\ud83d\ude02 http:\/\/t.co\/mDITOQrUcj\u201d LMFAO I CANT","hey bailey","\u201c@cal_girls: \ud83d\ude02\ud83d\ude02\ud83d\ude02\ud83d\ude02 http:\/\/t.co\/mDITOQrUcj\u201d LMFAO I CANT"],"messages_no":6,"bad_words":[],"bad_words_no":0,"weight":0,"location":[[39.00107869,-94.76176104],[39.16782483,-94.76200495],[39.00107869,-94.76176104],[39.16782483,-94.76200495],[39.00107869,-94.76176104],[39.16782483,-94.76200495]],"friends":[1,2,3,4]}