{"messages":["@deethe_plugg Aww Why","@deethe_plugg Aww Why","Only In FL Do You Get Off For Fair Day \ud83d\ude02\ud83d\ude4c","\ud83d\ude33\ud83d\ude02 I Stabbed Someone With Scissors , Slit Their Throat, Stabbed Their Eye &amp; Burnt Them With A Flatiron...Releasing Anger In My Dream Or Nah","I Dead Be Forgetting About My Texts , Sorrryyy \ud83d\ude4a","Somebody Call Mee \ud83d\udc4c","@deethe_plugg Aww Why","Only In FL Do You Get Off For Fair Day \ud83d\ude02\ud83d\ude4c"],"messages_no":8,"bad_words":[],"bad_words_no":0,"weight":0,"location":[[28.02325489,-82.62250297],[28.02325489,-82.62250297],[28.01154987,-82.60656741],[28.02321159,-82.62245075],[28.0224833,-82.62117952],[28.02317617,-82.62252439],[28.02325489,-82.62250297],[28.01154987,-82.60656741]],"friends":[1,2,3,4]}