{"messages":["I want a sub from brothers \ud83d\ude29\ud83d\ude2d\ud83d\ude2d","Talking to the right person at the right time &gt;&gt;&gt;","Don't let low self standard insecure people get to you","I want a sub from brothers \ud83d\ude29\ud83d\ude2d\ud83d\ude2d","Talking to the right person at the right time &gt;&gt;&gt;","Talking to the right person at the right time &gt;&gt;&gt;"],"messages_no":6,"bad_words":[],"bad_words_no":0,"weight":0,"location":[42.71698963,-71.19627139,42.71694503,-71.19638335,42.71700134,-71.19640287,42.71698963,-71.19627139,42.71694503,-71.19638335,42.71694503,-71.19638335]}