{"messages":["Running nose.. killing the vibe","Its cold....","Running nose.. killing the vibe","Its cold....","Running nose.. killing the vibe","Its cold...."],"messages_no":6,"bad_words":[],"bad_words_no":0,"weight":0,"location":[[34.0583967,-118.0273834],[34.0584396,-118.0273757],[34.0583967,-118.0273834],[34.0584396,-118.0273757],[34.0583967,-118.0273834],[34.0584396,-118.0273757]],"friends":[1,2,3,4]}