{"messages":["baby got back","baby got back","baby got back"],"messages_no":3,"bad_words":[],"bad_words_no":0,"weight":0,"location":[[40.63108749,-74.11327567],[40.63108749,-74.11327567],[40.63108749,-74.11327567]],"friends":[1,2,3,4]}