{"messages":["I can't stop crying because of this","Such a bad mood","\ud83d\udd3c\ud83d\udd3c\ud83d\udd3c\ud83d\udd3c is so sped omg"],"messages_no":3,"bad_words":[],"bad_words_no":0,"weight":0,"location":[[40.38251426,-74.24272413],[40.36272716,-74.29894111],[40.36267741,-74.29897564]]}