{"messages":["#USWNT beat Canada 1-0!","#USWNT beat Canada 1-0!","#USWNT beat Canada 1-0!"],"messages_no":3,"bad_words":[],"bad_words_no":0,"weight":0,"location":[[42.64938144,-82.94508581],[42.64938144,-82.94508581],[42.64938144,-82.94508581]],"friends":[1,2,3,4]}