{"messages":["@trent_blackmon fuck it Trent \ud83d\ude12","@trent_blackmon fuck it Trent \ud83d\ude12","geez how many people screenshot that picture of cage \ud83d\ude02","@trent_blackmon fuck it Trent \ud83d\ude12","geez how many people screenshot that picture of cage \ud83d\ude02"],"messages_no":5,"bad_words":[],"bad_words_no":3,"weight":0,"location":[[31.55707142,-91.33031582],[31.55707142,-91.33031582],[31.55986909,-91.30062696],[31.55707142,-91.33031582],[31.55986909,-91.30062696]],"friends":[1,2,3,4]}