{"messages":["Fuck the broncos and the hawks","Fuck the broncos and the hawks","Fuck the broncos and the hawks"],"messages_no":3,"bad_words":[],"bad_words_no":3,"weight":0,"location":[25.69838057,-80.43468861,25.69838057,-80.43468861,25.69838057,-80.43468861]}