{"messages":["@MirandahAckley yesssss lolll","@MirandahAckley yesssss lolll","More food less problems","@MirandahAckley yesssss lolll","More food less problems"],"messages_no":5,"bad_words":[],"bad_words_no":0,"weight":0,"location":[[41.43553667,-71.82097225],[41.43553667,-71.82097225],[41.43541441,-71.82088331],[41.43553667,-71.82097225],[41.43541441,-71.82088331]],"friends":[1,2,3,4]}