{"messages":["Bruno is demolishing!!","Bruno is demolishing!!","Bruno is demolishing!!"],"messages_no":3,"bad_words":[],"bad_words_no":0,"weight":0,"location":[[39.01360121,-76.99470256],[39.01360121,-76.99470256],[39.01360121,-76.99470256]],"friends":[1,2,3,4]}