{"messages":["@yg4hunnedd come thru pan","That's fucked up Paloa :(","What the hell do you want you fucking bug","@yg4hunnedd come thru pan","That's fucked up Paloa :(","What the hell do you want you fucking bug","I stay to myself most of the time now.","@NecoleeDGAF you act so different now \ud83d\ude3f","\u270b\u270b\u270b\u270b Don't DM me","Who are you?","Her hair in a bun them some nice shoes you looking like something a nigga might do","@yg4hunnedd come thru pan","That's fucked up Paloa :(","What the hell do you want you fucking bug","I stay to myself most of the time now.","@NecoleeDGAF you act so different now \ud83d\ude3f","\u270b\u270b\u270b\u270b Don't DM me"],"messages_no":17,"bad_words":[],"bad_words_no":10,"weight":0,"location":[[33.8187084,-116.4727655],[33.818721,-116.4727671],[33.8187263,-116.4727696],[33.8187084,-116.4727655],[33.818721,-116.4727671],[33.8187263,-116.4727696],[33.8186697,-116.472741],[33.8186937,-116.4727503],[33.8187187,-116.4727635],[33.8187175,-116.4727633],[33.8187246,-116.472777],[33.8187084,-116.4727655],[33.818721,-116.4727671],[33.8187263,-116.4727696],[33.8186697,-116.472741],[33.8186937,-116.4727503],[33.8187187,-116.4727635]],"friends":[1,2,3,4]}