{"messages":["@yg4hunnedd come thru pan","That's fucked up Paloa :(","What the hell do you want you fucking bug","@yg4hunnedd come thru pan","@yg4hunnedd come thru pan","That's fucked up Paloa :("],"messages_no":6,"bad_words":[],"bad_words_no":4,"weight":0,"location":[33.8187084,-116.4727655,33.818721,-116.4727671,33.8187263,-116.4727696,33.8187084,-116.4727655,33.8187084,-116.4727655,33.818721,-116.4727671]}