{"messages":["i know you know","#bronchos \ud83d\ude02\ud83d\ude02\ud83d\ude02\ud83d\ude02","i know you know","#bronchos \ud83d\ude02\ud83d\ude02\ud83d\ude02\ud83d\ude02","i know you know","#bronchos \ud83d\ude02\ud83d\ude02\ud83d\ude02\ud83d\ude02"],"messages_no":6,"bad_words":[],"bad_words_no":0,"weight":0,"location":[[25.48985275,-80.44479756],[25.54945488,-80.37730508],[25.48985275,-80.44479756],[25.54945488,-80.37730508],[25.48985275,-80.44479756],[25.54945488,-80.37730508]],"friends":[1,2,3,4]}