{"messages":["#JakeOwenBeachin","@niccsands snapchat story is on point tonight \ud83d\udc4c","#JakeOwenBeachin","@niccsands snapchat story is on point tonight \ud83d\udc4c","#JakeOwenBeachin","@niccsands snapchat story is on point tonight \ud83d\udc4c"],"messages_no":6,"bad_words":[],"bad_words_no":0,"weight":0,"location":[[41.21399263,-73.23230806],[41.21397103,-73.23222323],[41.21399263,-73.23230806],[41.21397103,-73.23222323],[41.21399263,-73.23230806],[41.21397103,-73.23222323]],"friends":[1,2,3,4]}