{"messages":["Thank you God","Thank you God"],"messages_no":2,"bad_words":[],"bad_words_no":0,"weight":0,"location":[39.67437015,-75.73100863,39.67437015,-75.73100863]}