{"messages":["Get on that pole and free fall","You're not getting her candy.","What is the puppy bowl???","Get on that pole and free fall","You're not getting her candy."],"messages_no":5,"bad_words":[],"bad_words_no":0,"weight":0,"location":[30.11802,-97.8025124,30.1390379,-97.7959576,30.1387874,-97.7958747,30.11802,-97.8025124,30.1390379,-97.7959576]}