{"messages":["I ain't even 18","I ain't even 18","Well now I'm just in a #Seinfeld mood","I ain't even 18","I ain't even 18"],"messages_no":5,"bad_words":[],"bad_words_no":0,"weight":0,"location":[39.1531439,-89.4877196,39.1531439,-89.4877196,39.1450148,-89.5058226,39.1531439,-89.4877196,39.1531439,-89.4877196]}