{"messages":["It's so cold up on this damn mountain ugh","It's so cold up on this damn mountain ugh","It's so cold up on this damn mountain ugh","It's so cold up on this damn mountain ugh"],"messages_no":4,"bad_words":[],"bad_words_no":3,"weight":0,"location":[48.5450894,-117.99146485,48.5450894,-117.99146485,48.5450894,-117.99146485,48.5450894,-117.99146485]}