{"messages":["I ruf you \ud83d\udc36\u2764\ufe0f http:\/\/t.co\/yyDDO5jNqy","I ruf you \ud83d\udc36\u2764\ufe0f http:\/\/t.co\/yyDDO5jNqy","\u201c@Edwin_Claros: @FutbolSosa your never ugly baby \ud83d\ude0d\u201d lol That's real love baby \ud83d\ude18","I want to sleep with you, wake up to go run and take and take an ice bath with you lol","I ruf you \ud83d\udc36\u2764\ufe0f http:\/\/t.co\/yyDDO5jNqy"],"messages_no":5,"bad_words":[],"bad_words_no":1,"weight":0,"location":[[38.85184833,-76.85131681],[38.85184833,-76.85131681],[38.85190462,-76.85141897],[38.85176669,-76.85144571],[38.85184833,-76.85131681]],"friends":[1,2,3,4]}