{"messages":["18 is still number 1 in my book","18 is still number 1 in my book","18 is still number 1 in my book"],"messages_no":3,"bad_words":[],"bad_words_no":0,"weight":0,"location":[[39.62352921,-86.1073212],[39.62352921,-86.1073212],[39.62352921,-86.1073212]],"friends":[1,2,3,4]}