{"messages":["\u201c@xo_ayemarie: \u201c@Dxmn_Rhamad: \u201c@xo_ayemarie: I really wana go to the gym today \ud83d\ude29\u201dthe gym isn't the only place you can workout \ud83d\ude0f\ud83d\udc40\ud83d\ude02\u201d \ud83d\udc40\ud83d\udc40\ud83d\ude0f\ud83d\ude0f\ud83d\ude0f\ud83d\ude0f\u201d","\u201c@xo_ayemarie: \u201c@Dxmn_Rhamad: \u201c@xo_ayemarie: I really wana go to the gym today \ud83d\ude29\u201dthe gym isn't the only place you can workout \ud83d\ude0f\ud83d\udc40\ud83d\ude02\u201d \ud83d\udc40\ud83d\udc40\ud83d\ude0f\ud83d\ude0f\ud83d\ude0f\ud83d\ude0f\u201d","Nigggas need to go home .","#Bars \ud83d\udcaf\ud83d\ude02\u201c@WhatDaMoufDo: My dick is a pen. It\u2019s written all over her face.\u201d","\u201c@Darionnaaaa_: Don't nobody ever got you like you got them \ud83d\udcaf\u201d exactly so never expect that shit ,","Super Bowl party on ft.lee after work \ud83d\ude0f","\u201c@xo_ayemarie: \u201c@Dxmn_Rhamad: \u201c@xo_ayemarie: I really wana go to the gym today \ud83d\ude29\u201dthe gym isn't the only place you can workout \ud83d\ude0f\ud83d\udc40\ud83d\ude02\u201d \ud83d\udc40\ud83d\udc40\ud83d\ude0f\ud83d\ude0f\ud83d\ude0f\ud83d\ude0f\u201d","\u201c@xo_ayemarie: \u201c@Dxmn_Rhamad: \u201c@xo_ayemarie: I really wana go to the gym today \ud83d\ude29\u201dthe gym isn't the only place you can workout \ud83d\ude0f\ud83d\udc40\ud83d\ude02\u201d \ud83d\udc40\ud83d\udc40\ud83d\ude0f\ud83d\ude0f\ud83d\ude0f\ud83d\ude0f\u201d","Nigggas need to go home .","Nigggas need to go home .","#Bars \ud83d\udcaf\ud83d\ude02\u201c@WhatDaMoufDo: My dick is a pen. It\u2019s written all over her face.\u201d","\u201c@Darionnaaaa_: Don't nobody ever got you like you got them \ud83d\udcaf\u201d exactly so never expect that shit ,","\u201c@Darionnaaaa_: Don't nobody ever got you like you got them \ud83d\udcaf\u201d exactly so never expect that shit ,"],"messages_no":13,"bad_words":[],"bad_words_no":5,"weight":0,"location":[37.28985121,-77.31275456,37.28985121,-77.31275456,37.54913621,-77.45037711,37.28988726,-77.3127471,37.28984862,-77.31276445,37.25973483,-77.32636945,37.28985121,-77.31275456,37.28985121,-77.31275456,37.54913621,-77.45037711,37.54913621,-77.45037711,37.28988726,-77.3127471,37.28984862,-77.31276445,37.28984862,-77.31276445]}