{"messages":["\u201c@thaatbitchbecca: The commercials this year suck\u201d","\u201c@thaatbitchbecca: The commercials this year suck\u201d","\u201c@Tpink1812: You with all those curves and me without no brakes\u201d oooh","\u201c@thaatbitchbecca: The commercials this year suck\u201d"],"messages_no":4,"bad_words":[],"bad_words_no":3,"weight":0,"location":[[41.05889702,-81.24113825],[41.05889702,-81.24113825],[41.05878177,-81.24105737],[41.05889702,-81.24113825]],"friends":[1,2,3,4]}