{"messages":["I know you see this -.-","I know you see this -.-"],"messages_no":2,"bad_words":[],"bad_words_no":0,"weight":0,"location":[35.67920511,-101.38621209,35.67920511,-101.38621209]}