{"messages":["Movies \ud83d\ude01","Movies \ud83d\ude01"],"messages_no":2,"bad_words":[],"bad_words_no":0,"weight":0,"location":[27.10441645,-80.28839272,27.10441645,-80.28839272]}