{"messages":["Oh he's fine so fine \ud83d\udc8b","Oh he's fine so fine \ud83d\udc8b","Oh he's fine so fine \ud83d\udc8b"],"messages_no":3,"bad_words":[],"bad_words_no":0,"weight":0,"location":[[41.80896039,-87.70661674],[41.80896039,-87.70661674],[41.80896039,-87.70661674]],"friends":[1,2,3,4]}