{"messages":["@J_PORT07 do it bro!","Someone come over"],"messages_no":2,"bad_words":[],"bad_words_no":0,"weight":0,"location":[[46.59695644,-120.62482676],[46.60001848,-120.62199779]]}