{"messages":["I love you @JP364818  :)","I love you @JP364818  :)"],"messages_no":2,"bad_words":[],"bad_words_no":0,"weight":0,"location":[31.4236974,-109.874703,31.4236974,-109.874703]}