{"messages":["This is awkward.\ud83d\ude02","This is awkward.\ud83d\ude02","@SchrimpfScampi why are you grounded ?","This is awkward.\ud83d\ude02"],"messages_no":4,"bad_words":[],"bad_words_no":0,"weight":0,"location":[[36.2779273,-115.2939718],[36.2779273,-115.2939718],[36.2779193,-115.29396401],[36.2779273,-115.2939718]],"friends":[1,2,3,4]}