{"messages":["@aballer37 do you still work at lil ceasers","\u201c@stephenm046: Isaac rn\ud83d\ude02 http:\/\/t.co\/TR3XO0vuZQ\u201d wtf is lexis drinking he's like 2 years old","@aballer37 do you still work at lil ceasers","\u201c@stephenm046: Isaac rn\ud83d\ude02 http:\/\/t.co\/TR3XO0vuZQ\u201d wtf is lexis drinking he's like 2 years old","The Great Gatsby has so weird moments hahah","@aballer37 do you still work at lil ceasers","\u201c@stephenm046: Isaac rn\ud83d\ude02 http:\/\/t.co\/TR3XO0vuZQ\u201d wtf is lexis drinking he's like 2 years old","The Great Gatsby has so weird moments hahah"],"messages_no":8,"bad_words":[],"bad_words_no":0,"weight":0,"location":[[34.22769774,-119.03990493],[34.22776027,-119.03970804],[34.22769774,-119.03990493],[34.22776027,-119.03970804],[34.22774689,-119.03984288],[34.22769774,-119.03990493],[34.22776027,-119.03970804],[34.22774689,-119.03984288]],"friends":[1,2,3,4]}