{"messages":["@marc_alvarez15 @Schultea_ Fooshooo\ud83d\ude3c\ud83d\ude08","@marc_alvarez15 @Schultea_ Fooshooo\ud83d\ude3c\ud83d\ude08","@marc_alvarez15 @Schultea_ Fooshooo\ud83d\ude3c\ud83d\ude08"],"messages_no":3,"bad_words":[],"bad_words_no":0,"weight":0,"location":[[30.08471598,-96.0829287],[30.08471598,-96.0829287],[30.08471598,-96.0829287]],"friends":[1,2,3,4]}