{"messages":["@Heitger101 hahaha I know you sick","@Heitger101 hahaha I know you sick","Shut up u racist","@brittanyyydavis you can't be foolin with thot like friends!!","@Heitger101 hahaha I know you sick"],"messages_no":5,"bad_words":[],"bad_words_no":0,"weight":0,"location":[[40.68791575,-81.18113623],[40.68791575,-81.18113623],[40.68791257,-81.18113485],[40.68793187,-81.18112024],[40.68791575,-81.18113623]],"friends":[1,2,3,4]}