{"messages":["@Britdawg your welcome!!\ud83d\ude0d","@Britdawg your welcome!!\ud83d\ude0d","@Britdawg your welcome!!\ud83d\ude0d"],"messages_no":3,"bad_words":[],"bad_words_no":0,"weight":0,"location":[[34.41951135,-118.46684729],[34.41951135,-118.46684729],[34.41951135,-118.46684729]],"friends":[1,2,3,4]}