{"messages":["Nope RT @USAF_Bama_Boy: Too early for a drink?","\ud83d\ude02\ud83d\ude02\ud83d\ude02\ud83d\ude02\ud83d\ude02\ud83d\ude02 RT @UNikk_Sounds: @NWDuval904 man.. How the hell you do that? Lmaooooooo","Smart","Lol RT @SuperBadd904: Everytime I tweet Bruce I think about the shark from nemo lol","Nope RT @USAF_Bama_Boy: Too early for a drink?","\ud83d\ude02\ud83d\ude02\ud83d\ude02\ud83d\ude02\ud83d\ude02\ud83d\ude02 RT @UNikk_Sounds: @NWDuval904 man.. How the hell you do that? Lmaooooooo","\ud83d\ude02\ud83d\ude02\ud83d\ude02\ud83d\ude02\ud83d\ude02\ud83d\ude02 RT @UNikk_Sounds: @NWDuval904 man.. How the hell you do that? Lmaooooooo","Smart"],"messages_no":8,"bad_words":[],"bad_words_no":3,"weight":0,"location":[30.442121,-88.876857,30.442121,-88.876857,30.442121,-88.876857,30.442121,-88.876857,30.442121,-88.876857,30.442121,-88.876857,30.442121,-88.876857,30.442121,-88.876857]}