{"messages":["I feel like I'm dying","I feel like I'm dying","Sure she got it all, but baby is that really what you want?","I feel like I'm dying","I feel like I'm dying","Sure she got it all, but baby is that really what you want?","Sure she got it all, but baby is that really what you want?"],"messages_no":7,"bad_words":[],"bad_words_no":0,"weight":0,"location":[34.08542252,-118.07309959,34.08542252,-118.07309959,34.07388458,-118.06825946,34.08542252,-118.07309959,34.08542252,-118.07309959,34.07388458,-118.06825946,34.07388458,-118.06825946]}