{"messages":["#powermoves","#powermoves","#powermoves"],"messages_no":3,"bad_words":[],"bad_words_no":0,"weight":0,"location":[[41.03285593,-73.76259947],[41.03285593,-73.76259947],[41.03285593,-73.76259947]],"friends":[1,2,3,4]}