{"messages":["I miss your smile","I miss your smile","I miss your smile"],"messages_no":3,"bad_words":[],"bad_words_no":0,"weight":0,"location":[[33.76417357,-118.16643059],[33.76417357,-118.16643059],[33.76417357,-118.16643059]],"friends":[1,2,3,4]}