{"messages":["Fuck this Seattle is winning","Fuck this Seattle is winning","Fuck this Seattle is winning"],"messages_no":3,"bad_words":[],"bad_words_no":3,"weight":0,"location":[[40.67850082,-75.33699361],[40.67850082,-75.33699361],[40.67850082,-75.33699361]],"friends":[1,2,3,4]}