{"messages":["@Sydneylitz I like the bong and ciroc in the back :-)","Anet isn't allowed to call anyone a dyke","@Sydneylitz I like the bong and ciroc in the back :-)","Anet isn't allowed to call anyone a dyke","Omg I just remembered I have homework \ud83d\ude2a","Hide yo wife hide yo kids","@Sydneylitz I like the bong and ciroc in the back :-)","Anet isn't allowed to call anyone a dyke","Omg I just remembered I have homework \ud83d\ude2a"],"messages_no":9,"bad_words":[],"bad_words_no":3,"weight":0,"location":[[34.16163707,-118.61643508],[34.20487453,-118.6491821],[34.16163707,-118.61643508],[34.20487453,-118.6491821],[34.204711,-118.64917438],[34.20474561,-118.64920632],[34.16163707,-118.61643508],[34.20487453,-118.6491821],[34.204711,-118.64917438]],"friends":[1,2,3,4]}