{"messages":["This is a weak Super Bowl game \ud83d\ude12","This is a weak Super Bowl game \ud83d\ude12","This is a weak Super Bowl game \ud83d\ude12"],"messages_no":3,"bad_words":[],"bad_words_no":0,"weight":0,"location":[[33.90300771,-118.1188569],[33.90300771,-118.1188569],[33.90300771,-118.1188569]],"friends":[1,2,3,4]}