{"messages":["Be mine sexy @BriiWade","Be mine sexy @BriiWade","\"@B_Rowell10: Back hurts like crazy\"","Be mine sexy @BriiWade"],"messages_no":4,"bad_words":[],"bad_words_no":0,"weight":0,"location":[[43.2335168,-86.1973613],[43.2335168,-86.1973613],[43.2335302,-86.1974213],[43.2335168,-86.1973613]],"friends":[1,2,3,4]}