{"messages":["Good Morning.!","Good Morning.!","Good Morning.!"],"messages_no":3,"bad_words":[],"bad_words_no":0,"weight":0,"location":[31.2867067,-83.6751472,31.2867067,-83.6751472,31.2867067,-83.6751472]}