{"messages":["Rachel said she would marry me. \ud83d\udc4c\u2764\ufe0f","Rachel said she would marry me. \ud83d\udc4c\u2764\ufe0f","#wcw @Sammy_WammyPoo_ \ud83d\ude0d\u2764\ufe0f","Rachel said she would marry me. \ud83d\udc4c\u2764\ufe0f"],"messages_no":4,"bad_words":[],"bad_words_no":0,"weight":0,"location":[[39.65079236,-78.18745075],[39.65079236,-78.18745075],[39.43616987,-77.96171847],[39.65079236,-78.18745075]],"friends":[1,2,3,4]}