{"messages":["I hope a lot of my friends are in my classes tomorrow","Let me fuck you right\ud83d\ude0f","I hope a lot of my friends are in my classes tomorrow","Let me fuck you right\ud83d\ude0f","I hope a lot of my friends are in my classes tomorrow","Let me fuck you right\ud83d\ude0f"],"messages_no":6,"bad_words":[],"bad_words_no":3,"weight":0,"location":[[39.18681508,-76.58645949],[39.16718648,-76.59960594],[39.18681508,-76.58645949],[39.16718648,-76.59960594],[39.18681508,-76.58645949],[39.16718648,-76.59960594]],"friends":[1,2,3,4]}