{"messages":["@j_notar14 you had bred 11s..................","That's why I'm never givin him a ride no where when I get the whip back","So that is invalid but if that is the final score then it's over","I have an addiction to skittles and sugar","Need for speed movie \ud83d\udd25\ud83d\udd25\ud83d\udd25\ud83d\udd25\ud83d\udd25\ud83d\udd25\ud83d\udd25\ud83d\udd25\ud83d\udd25\ud83d\udd25\ud83d\udd25\ud83d\udd25\ud83d\udd25\ud83d\udd25"],"messages_no":5,"bad_words":[],"bad_words_no":0,"weight":0,"location":[[43.17277285,-76.14157495],[43.1725507,-76.14111511],[43.17277139,-76.14175407],[43.17270995,-76.14137347],[43.17284167,-76.14134945]]}