{"messages":["Love. Money. Party","Love. Money. Party","Love. Money. Party"],"messages_no":3,"bad_words":[],"bad_words_no":0,"weight":0,"location":[[28.11467164,-82.38227091],[28.11467164,-82.38227091],[28.11467164,-82.38227091]],"friends":[1,2,3,4]}