{"messages":["@christylynch 3 weeks","@christylynch 3 weeks","@christylynch 3 weeks"],"messages_no":3,"bad_words":[],"bad_words_no":0,"weight":0,"location":[[44.26804506,-105.64381407],[44.26804506,-105.64381407],[44.26804506,-105.64381407]],"friends":[1,2,3,4]}