{"messages":["Kara hasn't talked to me all day \ud83d\ude05\ud83d\ude05","Kara hasn't talked to me all day \ud83d\ude05\ud83d\ude05","TAYLOR HAS GOT ME BENT","Kara hasn't talked to me all day \ud83d\ude05\ud83d\ude05","TAYLOR HAS GOT ME BENT"],"messages_no":5,"bad_words":[],"bad_words_no":0,"weight":0,"location":[[42.87816464,-78.7835689],[42.87816464,-78.7835689],[42.87801902,-78.78360717],[42.87816464,-78.7835689],[42.87801902,-78.78360717]],"friends":[1,2,3,4]}