{"messages":["Seahawks all the way","Seahawks all the way","@Supreme_8pe iight I gotta go to bed I got work","Seahawks all the way"],"messages_no":4,"bad_words":[],"bad_words_no":0,"weight":0,"location":[[41.79717092,-72.52805142],[41.79717092,-72.52805142],[41.79728389,-72.5280746],[41.79717092,-72.52805142]],"friends":[1,2,3,4]}