{"messages":["All I Smoke Is Hot Sauce \ud83d\ude24","All I Smoke Is Hot Sauce \ud83d\ude24"],"messages_no":2,"bad_words":[],"bad_words_no":0,"weight":0,"location":[42.08828854,-72.53841781,42.08828854,-72.53841781]}