{"messages":["TD #SEAHAWKSNATION","TD #SEAHAWKSNATION","TD #SEAHAWKSNATION"],"messages_no":3,"bad_words":[],"bad_words_no":0,"weight":0,"location":[[33.88396339,-117.46343231],[33.88396339,-117.46343231],[33.88396339,-117.46343231]],"friends":[1,2,3,4]}