{"messages":["I don't need this in my life.","I don't need this in my life.","I don't need this in my life."],"messages_no":3,"bad_words":[],"bad_words_no":0,"weight":0,"location":[[29.00335041,-95.40686961],[29.00335041,-95.40686961],[29.00335041,-95.40686961]],"friends":[1,2,3,4]}