{"messages":["I got tha juice","I got tha juice","I got tha juice"],"messages_no":3,"bad_words":[],"bad_words_no":0,"weight":0,"location":[[33.64111036,-84.26095038],[33.64111036,-84.26095038],[33.64111036,-84.26095038]],"friends":[1,2,3,4]}