{"messages":["@andcarreraa thank you! \ud83d\ude0d","@a_chavez look at the tv huuury!!!","@andcarreraa thank you! \ud83d\ude0d","@a_chavez look at the tv huuury!!!","\u201c@BestofLeo: #Leo's are known for sleeping in on their days off, but when they are productive, they get shit done!\u201d","i mean this heart break isn't worth is at all","You really think I'm playing. \ud83d\ude12","@andcarreraa thank you! \ud83d\ude0d","@a_chavez look at the tv huuury!!!","\u201c@BestofLeo: #Leo's are known for sleeping in on their days off, but when they are productive, they get shit done!\u201d","i mean this heart break isn't worth is at all","You really think I'm playing. \ud83d\ude12"],"messages_no":12,"bad_words":[],"bad_words_no":2,"weight":0,"location":[[39.86148679,-104.98252845],[39.86141574,-104.98243971],[39.86148679,-104.98252845],[39.86141574,-104.98243971],[39.86140083,-104.9823608],[39.86152736,-104.98242779],[39.86148503,-104.9824479],[39.86148679,-104.98252845],[39.86141574,-104.98243971],[39.86140083,-104.9823608],[39.86152736,-104.98242779],[39.86148503,-104.9824479]],"friends":[1,2,3,4]}