{"messages":["@kenzie_brown43 I'm jk. Chilll","@kenzie_brown43 I'm jk. Chilll","@kenzie_brown43 I'm jk. Chilll"],"messages_no":3,"bad_words":[],"bad_words_no":0,"weight":0,"location":[[32.9152238,-96.57306676],[32.9152238,-96.57306676],[32.9152238,-96.57306676]],"friends":[1,2,3,4]}