{"messages":["I can't get over you and the things you do \ud83d\ude0d\ud83c\udfb6","you tell me I'm young to understand \ud83c\udfb6","when you're around I go all MIA. \ud83c\udf1a","I can't get over you and the things you do \ud83d\ude0d\ud83c\udfb6","you tell me I'm young to understand \ud83c\udfb6","when you're around I go all MIA. \ud83c\udf1a","I can't get over you and the things you do \ud83d\ude0d\ud83c\udfb6","you tell me I'm young to understand \ud83c\udfb6","when you're around I go all MIA. \ud83c\udf1a"],"messages_no":9,"bad_words":[],"bad_words_no":0,"weight":0,"location":[[27.74035279,-98.08803725],[27.79535479,-97.82795493],[27.78279458,-97.90370759],[27.74035279,-98.08803725],[27.79535479,-97.82795493],[27.78279458,-97.90370759],[27.74035279,-98.08803725],[27.79535479,-97.82795493],[27.78279458,-97.90370759]],"friends":[1,2,3,4]}