{"messages":["@rjai24mo I'm coming down there, next Friday bruh not this weekend","Almost some like me","@rjai24mo I'm coming down there, next Friday bruh not this weekend","Almost some like me","@rjai24mo I'm coming down there, next Friday bruh not this weekend","Almost some like me"],"messages_no":6,"bad_words":[],"bad_words_no":0,"weight":0,"location":[[33.20771232,-87.49739677],[33.20750593,-87.49724138],[33.20771232,-87.49739677],[33.20750593,-87.49724138],[33.20771232,-87.49739677],[33.20750593,-87.49724138]],"friends":[1,2,3,4]}