{"messages":["Chipotle is like the only thing around here to eat lul #missyouhuntingtonbeachfood","That's my twin brother I guess","I only know how to cook like 2 things","Chipotle is like the only thing around here to eat lul #missyouhuntingtonbeachfood","That's my twin brother I guess","I only know how to cook like 2 things","@blowbesos nekter and avo post it all I'll virtually be there for it omg","Chipotle is like the only thing around here to eat lul #missyouhuntingtonbeachfood","That's my twin brother I guess","I only know how to cook like 2 things"],"messages_no":10,"bad_words":[],"bad_words_no":0,"weight":0,"location":[[38.33959205,-122.68596354],[38.33758429,-122.6776494],[38.33762729,-122.67773263],[38.33959205,-122.68596354],[38.33758429,-122.6776494],[38.33762729,-122.67773263],[38.33755605,-122.67781033],[38.33959205,-122.68596354],[38.33758429,-122.6776494],[38.33762729,-122.67773263]],"friends":[1,2,3,4]}