{"messages":["This weather is making me so excited for summer. \ud83c\udf1e","I did love that Destiny's child played at halftime last year!","@kiaragoeins he's so amazing!","@AlishaRHammond dang! What's quarter are we in?","This weather is making me so excited for summer. \ud83c\udf1e","I did love that Destiny's child played at halftime last year!","@kiaragoeins he's so amazing!","@AlishaRHammond dang! What's quarter are we in?","This weather is making me so excited for summer. \ud83c\udf1e","I did love that Destiny's child played at halftime last year!","@kiaragoeins he's so amazing!","@AlishaRHammond dang! What's quarter are we in?"],"messages_no":12,"bad_words":[],"bad_words_no":0,"weight":0,"location":[[39.36339278,-77.86787652],[39.26452216,-77.88010606],[39.26452559,-77.88011746],[39.26445506,-77.88020044],[39.36339278,-77.86787652],[39.26452216,-77.88010606],[39.26452559,-77.88011746],[39.26445506,-77.88020044],[39.36339278,-77.86787652],[39.26452216,-77.88010606],[39.26452559,-77.88011746],[39.26445506,-77.88020044]],"friends":[1,2,3,4]}