{"messages":["I hate not being good enough \ud83d\ude12","I hate not being good enough \ud83d\ude12","I hate not being good enough \ud83d\ude12"],"messages_no":3,"bad_words":[],"bad_words_no":0,"weight":0,"location":[34.57679152,-78.93339948,34.57679152,-78.93339948,34.57679152,-78.93339948]}