{"messages":["Faaaaaaack \ud83d\ude29\ud83d\ude2d","Faaaaaaack \ud83d\ude29\ud83d\ude2d"],"messages_no":2,"bad_words":[],"bad_words_no":0,"weight":0,"location":[34.10354063,-117.89625866,34.10354063,-117.89625866]}