{"messages":["The worst things in life come free to us.","The worst things in life come free to us.","\u201c@JudgmentalGay: I didn't shave for you to not feel me up.\u201d","The worst things in life come free to us.","\u201c@JudgmentalGay: I didn't shave for you to not feel me up.\u201d"],"messages_no":5,"bad_words":[],"bad_words_no":0,"weight":0,"location":[[35.09649826,-87.42124412],[35.09649826,-87.42124412],[35.09646754,-87.42131948],[35.09649826,-87.42124412],[35.09646754,-87.42131948]],"friends":[1,2,3,4]}