{"messages":["Niggas come and they go!","\"@Beautifulmulan: Short girls winning \ud83d\ude0d\ud83d\udc4c\"","Niggas come and they go!"],"messages_no":3,"bad_words":[],"bad_words_no":0,"weight":0,"location":[40.22659643,-74.76995404,40.22513793,-74.77410267,40.22659643,-74.76995404]}