{"messages":["5-0 whats a score","5-0 whats a score","5-0 whats a score"],"messages_no":3,"bad_words":[],"bad_words_no":0,"weight":0,"location":[[43.133954,-76.21586175],[43.133954,-76.21586175],[43.133954,-76.21586175]],"friends":[1,2,3,4]}