{"messages":["Here's a 20.000 dollar guitar","Here's a 20.000 dollar guitar","Here's a 20.000 dollar guitar"],"messages_no":3,"bad_words":[],"bad_words_no":0,"weight":0,"location":[[33.2334745,-84.8309789],[33.2334745,-84.8309789],[33.2334745,-84.8309789]],"friends":[1,2,3,4]}