{"messages":["Seahawks defense on \ud83d\udcaf","Seahawks defense on \ud83d\udcaf","Seahawks defense on \ud83d\udcaf"],"messages_no":3,"bad_words":[],"bad_words_no":0,"weight":0,"location":[[40.03103833,-75.09234535],[40.03103833,-75.09234535],[40.03103833,-75.09234535]],"friends":[1,2,3,4]}