{"messages":["Why she retweet that","If you was chasing money I would be running witcha","Why she retweet that","If you was chasing money I would be running witcha","@K_Lindon deecole \ud83d\ude02","\u201c@kduby: Kp you can't fuck with my hands\u201d oh really","@__untamed__ were bros","Why she retweet that","If you was chasing money I would be running witcha"],"messages_no":9,"bad_words":[],"bad_words_no":1,"weight":0,"location":[[30.116108,-91.83211797],[30.12497587,-91.8323417],[30.116108,-91.83211797],[30.12497587,-91.8323417],[30.1249313,-91.83228874],[30.12494794,-91.83229483],[30.1249097,-91.8323296],[30.116108,-91.83211797],[30.12497587,-91.8323417]],"friends":[1,2,3,4]}