{"messages":["@zeinab_chedid nah those are nothing","@zeinab_chedid nah those are nothing","@alikassab52 drinking ass liquid","@Hamade32 Thank u :*","@zeinab_chedid nah those are nothing","@alikassab52 drinking ass liquid","@Hamade32 Thank u :*"],"messages_no":7,"bad_words":[],"bad_words_no":0,"weight":0,"location":[[42.3146044,-83.2933155],[42.3146044,-83.2933155],[42.3127643,-83.2879394],[42.3127643,-83.2879394],[42.3146044,-83.2933155],[42.3127643,-83.2879394],[42.3127643,-83.2879394]],"friends":[1,2,3,4]}