{"messages":["So cold \ud83d\ude2d\ud83d\ude37","So cold \ud83d\ude2d\ud83d\ude37","This beat is real chill \ud83d\udc4c @chillBlake http:\/\/t.co\/hCmn1ydwXn","So cold \ud83d\ude2d\ud83d\ude37","This beat is real chill \ud83d\udc4c @chillBlake http:\/\/t.co\/hCmn1ydwXn"],"messages_no":5,"bad_words":[],"bad_words_no":0,"weight":0,"location":[[33.85275023,-117.79831608],[33.85275023,-117.79831608],[33.85278994,-117.79825521],[33.85275023,-117.79831608],[33.85278994,-117.79825521]],"friends":[1,2,3,4]}