{"messages":["Today's the day","Today's the day","Today's the day"],"messages_no":3,"bad_words":[],"bad_words_no":0,"weight":0,"location":[[39.1426218,-77.67477357],[39.1426218,-77.67477357],[39.1426218,-77.67477357]],"friends":[1,2,3,4]}