{"messages":["Wish I was asleep right now","Wish I was asleep right now","Wish I was asleep right now"],"messages_no":3,"bad_words":[],"bad_words_no":0,"weight":0,"location":[26.03155355,-80.1626863,26.03155355,-80.1626863,26.03155355,-80.1626863]}