{"messages":["@ReillyJ19 thanks Reilly \ud83d\udc9c","@ReillyJ19 thanks Reilly \ud83d\udc9c","@ReillyJ19 thanks Reilly \ud83d\udc9c"],"messages_no":3,"bad_words":[],"bad_words_no":0,"weight":0,"location":[[27.97712801,-81.71283792],[27.97712801,-81.71283792],[27.97712801,-81.71283792]],"friends":[1,2,3,4]}