{"messages":["Kam Chancellor is doin work","Kam Chancellor is doin work","Kam Chancellor is doin work"],"messages_no":3,"bad_words":[],"bad_words_no":0,"weight":0,"location":[[41.50366195,-74.35234706],[41.50366195,-74.35234706],[41.50366195,-74.35234706]],"friends":[1,2,3,4]}