{"messages":["@TylerSikkar love you \ud83d\ude0d\ud83d\udc9e\ud83d\udc9e","@TylerSikkar love you \ud83d\ude0d\ud83d\udc9e\ud83d\udc9e","@TylerSikkar love you \ud83d\ude0d\ud83d\udc9e\ud83d\udc9e"],"messages_no":3,"bad_words":[],"bad_words_no":0,"weight":0,"location":[37.73725556,-77.56843626,37.73725556,-77.56843626,37.73725556,-77.56843626]}