{"messages":["What's up \ud83d\udc81\ud83d\udc81 http:\/\/t.co\/raKCcYxoal","What's up \ud83d\udc81\ud83d\udc81 http:\/\/t.co\/raKCcYxoal","Taylorsville's athletics are too good.","What's up \ud83d\udc81\ud83d\udc81 http:\/\/t.co\/raKCcYxoal"],"messages_no":4,"bad_words":[],"bad_words_no":0,"weight":0,"location":[[40.64996741,-111.97567102],[40.64996741,-111.97567102],[40.692031,-111.96148117],[40.64996741,-111.97567102]],"friends":[1,2,3,4]}