{"messages":["Somebody help \ud83d\ude2d","Somebody help \ud83d\ude2d","Somebody help \ud83d\ude2d"],"messages_no":3,"bad_words":[],"bad_words_no":0,"weight":0,"location":[[40.08993001,-83.02495143],[40.08993001,-83.02495143],[40.08993001,-83.02495143]],"friends":[1,2,3,4]}