{"messages":["Nigga said he fucked me I said nall nigga I fucked u\ud83d\ude02\ud83d\ude02\ud83d\ude4a","@ItsDaPrinBabe all those selfies too are for women also\ud83d\ude2b","Need to find me something to do\ud83d\ude33","Nigga said he fucked me I said nall nigga I fucked u\ud83d\ude02\ud83d\ude02\ud83d\ude4a","Nigga said he fucked me I said nall nigga I fucked u\ud83d\ude02\ud83d\ude02\ud83d\ude4a","@ItsDaPrinBabe all those selfies too are for women also\ud83d\ude2b","@ItsDaPrinBabe all those selfies too are for women also\ud83d\ude2b","Need to find me something to do\ud83d\ude33","Need to find me something to do\ud83d\ude33"],"messages_no":9,"bad_words":[],"bad_words_no":9,"weight":0,"location":[33.66606178,-84.30005254,33.66610159,-84.30004709,33.66611601,-84.30007895,33.66606178,-84.30005254,33.66606178,-84.30005254,33.66610159,-84.30004709,33.66610159,-84.30004709,33.66611601,-84.30007895,33.66611601,-84.30007895]}