{"messages":["I hate working here \ud83d\ude11\ud83d\ude12","I hate working here \ud83d\ude11\ud83d\ude12","Iguess I'll just text him til I fall asleep \ud83d\udc4c\ud83d\ude4a","I hate working here \ud83d\ude11\ud83d\ude12"],"messages_no":4,"bad_words":[],"bad_words_no":0,"weight":0,"location":[[38.99722997,-76.91027225],[38.99722997,-76.91027225],[39.05630019,-76.83564988],[38.99722997,-76.91027225]],"friends":[1,2,3,4]}