{"messages":["Don't fuckin do dis","I'm faded af dawg","\"@RogieTheFirst: \"@FattySkunksss: @MattySwank909 @RogieTheFirst \ud83d\ude02\ud83d\ude02\ud83d\ude02\"nigga you foul \ud83d\ude02\ud83d\ude02\ud83d\ude02 ihy\"you slayed me first dash lol","Don't fuckin do dis","I'm faded af dawg","\"@RogieTheFirst: \"@FattySkunksss: @MattySwank909 @RogieTheFirst \ud83d\ude02\ud83d\ude02\ud83d\ude02\"nigga you foul \ud83d\ude02\ud83d\ude02\ud83d\ude02 ihy\"you slayed me first dash lol","@sbchris__ I figured it out lmao","My vato my vato","Who remembers brain pop in middle school","@FattySkunksss @RogieTheFirst Lmao your gonna get slayed next","Fam first","Don't fuckin do dis","I'm faded af dawg","\"@RogieTheFirst: \"@FattySkunksss: @MattySwank909 @RogieTheFirst \ud83d\ude02\ud83d\ude02\ud83d\ude02\"nigga you foul \ud83d\ude02\ud83d\ude02\ud83d\ude02 ihy\"you slayed me first dash lol","@sbchris__ I figured it out lmao"],"messages_no":15,"bad_words":[],"bad_words_no":9,"weight":0,"location":[[34.1168055,-117.3161776],[34.1037208,-117.2502291],[34.1168079,-117.316174],[34.1168055,-117.3161776],[34.1037208,-117.2502291],[34.1168079,-117.316174],[34.1168079,-117.316174],[34.0648857,-117.2966136],[34.1174252,-117.3127504],[34.1164531,-117.3160898],[34.1164531,-117.3160898],[34.1168055,-117.3161776],[34.1037208,-117.2502291],[34.1168079,-117.316174],[34.1168079,-117.316174]],"friends":[1,2,3,4]}