{"messages":["@_PureThuglife reporting this ASAP when you do slip up \ud83d\udcfa\ud83c\udfa5\ud83c\udfa4","@Im_Chello come get me","@_PureThuglife reporting this ASAP when you do slip up \ud83d\udcfa\ud83c\udfa5\ud83c\udfa4","@Im_Chello come get me","All I care is about money","@_PureThuglife reporting this ASAP when you do slip up \ud83d\udcfa\ud83c\udfa5\ud83c\udfa4","@Im_Chello come get me","All I care is about money"],"messages_no":8,"bad_words":[],"bad_words_no":3,"weight":0,"location":[[35.31111932,-81.53123064],[35.31104569,-81.53111271],[35.31111932,-81.53123064],[35.31104569,-81.53111271],[35.31104489,-81.53121036],[35.31111932,-81.53123064],[35.31104569,-81.53111271],[35.31104489,-81.53121036]],"friends":[1,2,3,4]}