{"messages":["@ReeDeaux - last week of March. You can't miss that.","@ReeDeaux - last week of March. You can't miss that.","It's time a slow my roll","@ReeDeaux - last week of March. You can't miss that.","It's time a slow my roll"],"messages_no":5,"bad_words":[],"bad_words_no":0,"weight":0,"location":[[30.17106641,-93.19296914],[30.17106641,-93.19296914],[30.81593544,-92.66525785],[30.17106641,-93.19296914],[30.81593544,-92.66525785]],"friends":[1,2,3,4]}