{"messages":["Disappointed","Disappointed","@kshow69 can't believe you right now","Disappointed","@kshow69 can't believe you right now"],"messages_no":5,"bad_words":[],"bad_words_no":0,"weight":0,"location":[[40.28661219,-76.41769743],[40.28661219,-76.41769743],[40.34077689,-76.39822069],[40.28661219,-76.41769743],[40.34077689,-76.39822069]],"friends":[1,2,3,4]}