{"messages":["326 more days till Christmas\ud83c\udf85","326 more days till Christmas\ud83c\udf85"],"messages_no":2,"bad_words":[],"bad_words_no":0,"weight":0,"location":[31.82862149,-93.25599999,31.82862149,-93.25599999]}