{"messages":["@fightnight401 postpone it","@mikz_dd @fightnight401 too late","@fightnight401 postpone it","@mikz_dd @fightnight401 too late","@fightnight401 postpone it","@mikz_dd @fightnight401 too late","@fightnight401 postpone it","@mikz_dd @fightnight401 too late"],"messages_no":8,"bad_words":[],"bad_words_no":0,"weight":0,"location":[39.08456358,-84.45085622,39.07352553,-84.44916695,39.08456358,-84.45085622,39.07352553,-84.44916695,39.08456358,-84.45085622,39.07352553,-84.44916695,39.08456358,-84.45085622,39.07352553,-84.44916695]}