{"messages":["@_Jatavian lol I guess so!","@A_Legacy23 oh yeah it's called soar I'm going right after graduation","\u201c@willyt_14: If you're a senior and you go to school tomorrow, you're a DOBE\u201dskip day or nah?!","@_Jatavian lol I guess so!","@A_Legacy23 oh yeah it's called soar I'm going right after graduation","\u201c@willyt_14: If you're a senior and you go to school tomorrow, you're a DOBE\u201dskip day or nah?!","These folks act like they the Feds\ud83d\ude2d\ud83d\ude02","@_Jatavian lol I guess so!","@A_Legacy23 oh yeah it's called soar I'm going right after graduation","\u201c@willyt_14: If you're a senior and you go to school tomorrow, you're a DOBE\u201dskip day or nah?!"],"messages_no":10,"bad_words":[],"bad_words_no":0,"weight":0,"location":[[33.24095315,-84.29051938],[33.24092325,-84.29050772],[33.24083932,-84.29048452],[33.24095315,-84.29051938],[33.24092325,-84.29050772],[33.24083932,-84.29048452],[33.22759813,-84.23154248],[33.24095315,-84.29051938],[33.24092325,-84.29050772],[33.24083932,-84.29048452]],"friends":[1,2,3,4]}