{"messages":["Well, im going back to bed :))","@katieroo17 okay !! $5 ;)","Get your shit together"],"messages_no":3,"bad_words":[],"bad_words_no":1,"weight":0,"location":[[45.2226438,-93.3205099],[45.2226397,-93.3205838],[45.2226458,-93.3205273]]}