{"messages":["@Nick_4100 we forgot Alene Day \ud83d\ude14","@Nick_4100 we forgot Alene Day \ud83d\ude14"],"messages_no":2,"bad_words":[],"bad_words_no":0,"weight":0,"location":[32.99624143,-80.22361569,32.99624143,-80.22361569]}