{"messages":["I love him sm\ud83d\udc4c\ud83d\udc9e","I love him sm\ud83d\udc4c\ud83d\udc9e"],"messages_no":2,"bad_words":[],"bad_words_no":0,"weight":0,"location":[34.03043276,-118.29211105,34.03043276,-118.29211105]}