{"messages":["I will marry him, i will.","I will marry him, i will.","I will marry him, i will."],"messages_no":3,"bad_words":[],"bad_words_no":0,"weight":0,"location":[[40.51279822,-74.38764897],[40.51279822,-74.38764897],[40.51279822,-74.38764897]],"friends":[1,2,3,4]}