{"messages":["Wonder where my parents went ?","Wonder where my parents went ?","Wonder where my parents went ?"],"messages_no":3,"bad_words":[],"bad_words_no":0,"weight":0,"location":[[36.19016396,-115.06841839],[36.19016396,-115.06841839],[36.19016396,-115.06841839]],"friends":[1,2,3,4]}