{"messages":["Happy birthday pretty girl! \ud83c\udf7b\u2728\ud83d\udc9c\ud83c\udf89 @Tayyter_15","Happy birthday pretty girl! \ud83c\udf7b\u2728\ud83d\udc9c\ud83c\udf89 @Tayyter_15","Happy birthday pretty girl! \ud83c\udf7b\u2728\ud83d\udc9c\ud83c\udf89 @Tayyter_15"],"messages_no":3,"bad_words":[],"bad_words_no":0,"weight":0,"location":[[48.02427608,-122.07993513],[48.02427608,-122.07993513],[48.02427608,-122.07993513]],"friends":[1,2,3,4]}