{"messages":["@iSucceedTooMuch Bruno can't board haha","Need more alcohol!!","@iSucceedTooMuch Bruno can't board haha","@iSucceedTooMuch Bruno can't board haha"],"messages_no":4,"bad_words":[],"bad_words_no":0,"weight":0,"location":[37.20300078,-93.27333939,37.20621933,-93.26425747,37.20300078,-93.27333939,37.20300078,-93.27333939]}