{"messages":["Berry Scores!!!!","Berry Scores!!!!","Berry Scores!!!!"],"messages_no":3,"bad_words":[],"bad_words_no":0,"weight":0,"location":[[42.75514616,-84.37751163],[42.75514616,-84.37751163],[42.75514616,-84.37751163]],"friends":[1,2,3,4]}