{"messages":["I'm sayinn","My son is daaaaa cutest http:\/\/t.co\/1dOrBcdGsy","Slowly falling asleep....","I'm sayinn","My son is daaaaa cutest http:\/\/t.co\/1dOrBcdGsy","Slowly falling asleep....","I FLY LIKE PAPER GET HIGH LIKE PLANES","I'm sayinn","My son is daaaaa cutest http:\/\/t.co\/1dOrBcdGsy","Slowly falling asleep...."],"messages_no":10,"bad_words":[],"bad_words_no":0,"weight":0,"location":[[29.8798918,-95.3244898],[29.9273167,-95.2931719],[29.9273361,-95.2931802],[29.8798918,-95.3244898],[29.9273167,-95.2931719],[29.9273361,-95.2931802],[29.9273357,-95.293156],[29.8798918,-95.3244898],[29.9273167,-95.2931719],[29.9273361,-95.2931802]],"friends":[1,2,3,4]}