{"messages":["@darielavillarre you are a sissta","@darielavillarre you are a sissta","I get it, I get it!","@jtreala12 I'm ALL for it! \ud83d\ude0f\ud83d\ude0c\ud83d\udc4c","I'm going crazy! \ud83c\udfa7","@darielavillarre you are a sissta"],"messages_no":6,"bad_words":[],"bad_words_no":0,"weight":0,"location":[[31.42398249,-103.50188926],[31.42398249,-103.50188926],[31.41455007,-103.50368002],[31.4239818,-103.5018904],[31.42402036,-103.50194816],[31.42398249,-103.50188926]],"friends":[1,2,3,4]}