{"messages":["@craigmair1138 right?!! Lol","@emtaaron omg how could I forget!!","@craigmair1138 right?!! Lol","@emtaaron omg how could I forget!!","@JDOLLA417 hahahaa that's great!!","@becca_swyy @nzvolensky LOVE MY LITTLE NURSES!!","@craigmair1138 right?!! Lol","@emtaaron omg how could I forget!!","@JDOLLA417 hahahaa that's great!!","@becca_swyy @nzvolensky LOVE MY LITTLE NURSES!!"],"messages_no":10,"bad_words":[],"bad_words_no":0,"weight":0,"location":[[40.77383486,-73.96043944],[40.77396242,-73.96075645],[40.77383486,-73.96043944],[40.77396242,-73.96075645],[40.76435581,-73.91270687],[40.79073448,-73.96721469],[40.77383486,-73.96043944],[40.77396242,-73.96075645],[40.76435581,-73.91270687],[40.79073448,-73.96721469]],"friends":[1,2,3,4]}