{"messages":["@darielavillarre you are a sissta","@darielavillarre you are a sissta","@darielavillarre you are a sissta"],"messages_no":3,"bad_words":[],"bad_words_no":0,"weight":0,"location":[31.42398249,-103.50188926,31.42398249,-103.50188926,31.42398249,-103.50188926]}