{"messages":["What do we have? \ud83d\ude12 you confuse me \ud83d\ude29","What do we have? \ud83d\ude12 you confuse me \ud83d\ude29","What do we have? \ud83d\ude12 you confuse me \ud83d\ude29"],"messages_no":3,"bad_words":[],"bad_words_no":0,"weight":0,"location":[[36.09131475,-115.06567064],[36.09131475,-115.06567064],[36.09131475,-115.06567064]],"friends":[1,2,3,4]}