{"messages":["I'm so tired if dealing with this bs!!","Wilson looks a little shook up to me!!","I'm so tired if dealing with this bs!!","Wilson looks a little shook up to me!!","I'm so tired if dealing with this bs!!","Wilson looks a little shook up to me!!"],"messages_no":6,"bad_words":[],"bad_words_no":0,"weight":0,"location":[[31.73443947,-95.61608604],[31.74790432,-95.64954105],[31.73443947,-95.61608604],[31.74790432,-95.64954105],[31.73443947,-95.61608604],[31.74790432,-95.64954105]],"friends":[1,2,3,4]}