{"messages":["#gettingbetter http:\/\/t.co\/2vfMVoU9va","I do not want to go to school tomorrow. \ud83d\ude2d","#gettingbetter http:\/\/t.co\/2vfMVoU9va","I do not want to go to school tomorrow. \ud83d\ude2d","#gettingbetter http:\/\/t.co\/2vfMVoU9va","I do not want to go to school tomorrow. \ud83d\ude2d"],"messages_no":6,"bad_words":[],"bad_words_no":0,"weight":0,"location":[[34.41024585,-117.28727152],[34.3889548,-117.26755127],[34.41024585,-117.28727152],[34.3889548,-117.26755127],[34.41024585,-117.28727152],[34.3889548,-117.26755127]],"friends":[1,2,3,4]}