{"messages":["cool then \ud83d\ude12","cool then \ud83d\ude12","cool then \ud83d\ude12"],"messages_no":3,"bad_words":[],"bad_words_no":0,"weight":0,"location":[[41.57510294,-87.4974979],[41.57510294,-87.4974979],[41.57510294,-87.4974979]],"friends":[1,2,3,4]}