{"messages":["If I'm happy is all that matters y'all salty ass opinions don't mean shit","Damn damn damn","If I'm happy is all that matters y'all salty ass opinions don't mean shit","Damn damn damn","On the real deal I really mean it doe","If I'm happy is all that matters y'all salty ass opinions don't mean shit","Damn damn damn"],"messages_no":7,"bad_words":[],"bad_words_no":9,"weight":0,"location":[[30.82728435,-81.99734628],[31.61955256,-81.89978225],[30.82728435,-81.99734628],[31.61955256,-81.89978225],[30.84564314,-82.00095492],[30.82728435,-81.99734628],[31.61955256,-81.89978225]],"friends":[1,2,3,4]}