{"messages":["We out here at rico bennys","We out here at rico bennys","Besides a fuckin pizza but its soo early for that bulllshitttttt","We out here at rico bennys"],"messages_no":4,"bad_words":[],"bad_words_no":3,"weight":0,"location":[[41.84610084,-87.64248254],[41.84610084,-87.64248254],[41.72072187,-87.75936593],[41.84610084,-87.64248254]],"friends":[1,2,3,4]}