{"messages":["@brendan_donlon yupp I know","@brendan_donlon yupp I know","@brendan_donlon yupp I know"],"messages_no":3,"bad_words":[],"bad_words_no":0,"weight":0,"location":[40.38316916,-74.09087076,40.38316916,-74.09087076,40.38316916,-74.09087076]}