{"messages":["@shwpp11 same here chicka!!! \ud83d\ude2b","@shwpp11 same here chicka!!! \ud83d\ude2b","@shwpp11 same here chicka!!! \ud83d\ude2b","@shwpp11 same here chicka!!! \ud83d\ude2b"],"messages_no":4,"bad_words":[],"bad_words_no":0,"weight":0,"location":[42.89747096,-84.34426155,42.89747096,-84.34426155,42.89747096,-84.34426155,42.89747096,-84.34426155]}