{"messages":["@Logic301 Nikki is the cover art #amirite","@Logic301 Nikki is the cover art #amirite","@Logic301 Nikki is the cover art #amirite"],"messages_no":3,"bad_words":[],"bad_words_no":0,"weight":0,"location":[[41.79114322,-87.60478217],[41.79114322,-87.60478217],[41.79114322,-87.60478217]],"friends":[1,2,3,4]}