{"messages":["@mhvojtko 38-35 Syracuse up at the half","@mhvojtko 38-35 Syracuse up at the half","@mhvojtko 38-35 Syracuse up at the half"],"messages_no":3,"bad_words":[],"bad_words_no":0,"weight":0,"location":[[28.06132245,-82.70379685],[28.06132245,-82.70379685],[28.06132245,-82.70379685]],"friends":[1,2,3,4]}