{"messages":["Before work jams http:\/\/t.co\/5D9mHn8c5Q","@_clayrevoyant same thought is going through my head right now haha","Before work jams http:\/\/t.co\/5D9mHn8c5Q","@_clayrevoyant same thought is going through my head right now haha","@aaprrl buy me one too","Before work jams http:\/\/t.co\/5D9mHn8c5Q","@_clayrevoyant same thought is going through my head right now haha","@aaprrl buy me one too"],"messages_no":8,"bad_words":[],"bad_words_no":0,"weight":0,"location":[[41.70171582,-87.69683168],[41.70168133,-87.6968988],[41.70171582,-87.69683168],[41.70168133,-87.6968988],[41.70165842,-87.69676215],[41.70171582,-87.69683168],[41.70168133,-87.6968988],[41.70165842,-87.69676215]],"friends":[1,2,3,4]}