{"messages":["MY FOOD IS BURNT \ud83d\ude21","Gabe broke my glasses \ud83d\ude21","\u201c@KevinMMG15: @marina_ajahnae @jmilli98 TEAM TWERK FOR JOESPH\u201d \ud83d\udc81\ud83d\udc4b\ud83d\udc4b","MY FOOD IS BURNT \ud83d\ude21","Gabe broke my glasses \ud83d\ude21","\u201c@KevinMMG15: @marina_ajahnae @jmilli98 TEAM TWERK FOR JOESPH\u201d \ud83d\udc81\ud83d\udc4b\ud83d\udc4b","I had to steal that tweet cuz it's too accurate.","MY FOOD IS BURNT \ud83d\ude21","Gabe broke my glasses \ud83d\ude21","\u201c@KevinMMG15: @marina_ajahnae @jmilli98 TEAM TWERK FOR JOESPH\u201d \ud83d\udc81\ud83d\udc4b\ud83d\udc4b"],"messages_no":10,"bad_words":[],"bad_words_no":0,"weight":0,"location":[[39.78164573,-75.97565224],[39.76269462,-75.92279403],[39.76286201,-75.92269689],[39.78164573,-75.97565224],[39.76269462,-75.92279403],[39.76286201,-75.92269689],[39.76287944,-75.92262824],[39.78164573,-75.97565224],[39.76269462,-75.92279403],[39.76286201,-75.92269689]],"friends":[1,2,3,4]}