{"messages":["Everyone's pisst","@zombi3mami same or under the bridge or dani California or hey oh","Everyone's pisst","@zombi3mami same or under the bridge or dani California or hey oh","I'm way too fucking faded for this bullshit","If Yvanna doesn't come through, who wants to go to Disneyland with me while tripping on shrooms?","Everyone's pisst","@zombi3mami same or under the bridge or dani California or hey oh","I'm way too fucking faded for this bullshit","If Yvanna doesn't come through, who wants to go to Disneyland with me while tripping on shrooms?"],"messages_no":10,"bad_words":[],"bad_words_no":7,"weight":0,"location":[[34.11602904,-117.89228132],[34.11609444,-117.89219996],[34.11602904,-117.89228132],[34.11609444,-117.89219996],[34.12329745,-117.61540367],[34.12316466,-117.61568058],[34.11602904,-117.89228132],[34.11609444,-117.89219996],[34.12329745,-117.61540367],[34.12316466,-117.61568058]],"friends":[1,2,3,4]}