{"messages":["So she was singing","So she was singing","So she was singing"],"messages_no":3,"bad_words":[],"bad_words_no":0,"weight":0,"location":[[35.06891543,-89.88132021],[35.06891543,-89.88132021],[35.06891543,-89.88132021]],"friends":[1,2,3,4]}