{"messages":["I'm so ready for Spring!\ud83d\udc90\ud83c\udf37\ud83c\udf39\ud83c\udf3b\ud83c\udf3a\ud83c\udf38\ud83c\udf3c","@cheetaLivv good for you\u2764\ufe0f","I'm so ready for Spring!\ud83d\udc90\ud83c\udf37\ud83c\udf39\ud83c\udf3b\ud83c\udf3a\ud83c\udf38\ud83c\udf3c"],"messages_no":3,"bad_words":[],"bad_words_no":0,"weight":0,"location":[41.44345561,-82.12272151,41.4434117,-82.12262701,41.44345561,-82.12272151]}