{"messages":["I refuse to ever watch soccer","\u201c@DistractingPics: What would you do? http:\/\/t.co\/oGXgQVLhL9\u201d","Combat boots and jeans \ud83d\udc4c","I refuse to ever watch soccer","\u201c@DistractingPics: What would you do? http:\/\/t.co\/oGXgQVLhL9\u201d","Combat boots and jeans \ud83d\udc4c","\u201c@bailybates: Quote this with a selfie for #thefamily and I \ud83d\udc9c\u201d http:\/\/t.co\/EJz3eOqMsK","I look good in all black","I refuse to ever watch soccer","\u201c@DistractingPics: What would you do? http:\/\/t.co\/oGXgQVLhL9\u201d","Combat boots and jeans \ud83d\udc4c","\u201c@bailybates: Quote this with a selfie for #thefamily and I \ud83d\udc9c\u201d http:\/\/t.co\/EJz3eOqMsK"],"messages_no":12,"bad_words":[],"bad_words_no":0,"weight":0,"location":[[31.83043508,-106.37754167],[31.83125387,-106.37742919],[31.83111456,-106.37738586],[31.83043508,-106.37754167],[31.83125387,-106.37742919],[31.83111456,-106.37738586],[31.83110053,-106.37739498],[31.83114725,-106.37737764],[31.83043508,-106.37754167],[31.83125387,-106.37742919],[31.83111456,-106.37738586],[31.83110053,-106.37739498]],"friends":[1,2,3,4]}