{"messages":["@dswagdistrict10 yes when I see you!","@dswagdistrict10 yes when I see you!","@dswagdistrict10 yes when I see you!"],"messages_no":3,"bad_words":[],"bad_words_no":0,"weight":0,"location":[33.01441373,-117.12182323,33.01441373,-117.12182323,33.01441373,-117.12182323]}