{"messages":["Baby I love you , I never wanna let you go .","TOUCHDOWN !! ALREADY","Baby I love you , I never wanna let you go .","TOUCHDOWN !! ALREADY","Baby I love you , I never wanna let you go .","TOUCHDOWN !! ALREADY"],"messages_no":6,"bad_words":[],"bad_words_no":0,"weight":0,"location":[[34.0408605,-117.9768608],[34.0408523,-117.9768911],[34.0408605,-117.9768608],[34.0408523,-117.9768911],[34.0408605,-117.9768608],[34.0408523,-117.9768911]],"friends":[1,2,3,4]}