{"messages":["236 game one","236 game one","Need more sleep","236 game one"],"messages_no":4,"bad_words":[],"bad_words_no":0,"weight":0,"location":[[42.52412117,-82.89736745],[42.52412117,-82.89736745],[42.4620075,-82.96968366],[42.52412117,-82.89736745]],"friends":[1,2,3,4]}