{"messages":["You're the best no matter what they say","You're the best no matter what they say","You're the best no matter what they say","You're the best no matter what they say"],"messages_no":4,"bad_words":[],"bad_words_no":0,"weight":0,"location":[33.76358308,-117.87348893,33.76358308,-117.87348893,33.76358308,-117.87348893,33.76358308,-117.87348893]}