{"messages":["Where's my money @kneezar","Where's my money @kneezar","Where's my money @kneezar"],"messages_no":3,"bad_words":[],"bad_words_no":0,"weight":0,"location":[[32.85631307,-97.32435844],[32.85631307,-97.32435844],[32.85631307,-97.32435844]],"friends":[1,2,3,4]}