{"messages":["Sorry yall... I just had a moment #\ud83d\ude12","Sorry yall... I just had a moment #\ud83d\ude12","Sorry yall... I just had a moment #\ud83d\ude12"],"messages_no":3,"bad_words":[],"bad_words_no":0,"weight":0,"location":[[41.71621638,-86.17120022],[41.71621638,-86.17120022],[41.71621638,-86.17120022]],"friends":[1,2,3,4]}