{"messages":["I lose myself in you.","I lose myself in you.","I lose myself in you."],"messages_no":3,"bad_words":[],"bad_words_no":0,"weight":0,"location":[[33.64278095,-112.25117913],[33.64278095,-112.25117913],[33.64278095,-112.25117913]],"friends":[1,2,3,4]}