{"messages":["Fill me up God. #JC","Fill me up God. #JC","Fill me up God. #JC"],"messages_no":3,"bad_words":[],"bad_words_no":0,"weight":0,"location":[34.0447269,-118.3119039,34.0447269,-118.3119039,34.0447269,-118.3119039]}