{"messages":["The lies you tell","The lies you tell"],"messages_no":2,"bad_words":[],"bad_words_no":0,"weight":0,"location":[38.62995127,-77.32482687,38.62995127,-77.32482687]}