{"messages":["Congrats Seahawks!","Congrats Seahawks!","Congrats Seahawks!"],"messages_no":3,"bad_words":[],"bad_words_no":0,"weight":0,"location":[[47.89782601,-122.25375074],[47.89782601,-122.25375074],[47.89782601,-122.25375074]],"friends":[1,2,3,4]}