{"messages":["@TLO400 @trip_jamison bruh why you just lie","@TLO400 @trip_jamison bruh why you just lie","Why am I still up lol","@_PrettyLady1 @_GoldenCockines she crazy lol","@TLO400 @trip_jamison bruh why you just lie","Why am I still up lol"],"messages_no":6,"bad_words":[],"bad_words_no":1,"weight":0,"location":[[36.86573419,-89.61377565],[36.86573419,-89.61377565],[36.86557576,-89.61375302],[36.86584254,-89.61403397],[36.86573419,-89.61377565],[36.86557576,-89.61375302]],"friends":[1,2,3,4]}