{"messages":["@a_galvez55 thank you :))","@Kenyongetwithit thank you:)","@_flawlesnbrown_ thank you babe! \ud83d\ude0a\ud83d\udc95","@a_galvez55 thank you :))","@Kenyongetwithit thank you:)","@_flawlesnbrown_ thank you babe! \ud83d\ude0a\ud83d\udc95","Blasting music while I'm getting ready #motivation","@kaidyngood wake up!","@a_galvez55 thank you :))","@Kenyongetwithit thank you:)","@_flawlesnbrown_ thank you babe! \ud83d\ude0a\ud83d\udc95"],"messages_no":11,"bad_words":[],"bad_words_no":0,"weight":0,"location":[[42.46814967,-92.25563385],[42.46814967,-92.25563385],[42.49784005,-92.30672414],[42.46814967,-92.25563385],[42.46814967,-92.25563385],[42.49784005,-92.30672414],[42.4680819,-92.25564332],[42.49779483,-92.30679112],[42.46814967,-92.25563385],[42.46814967,-92.25563385],[42.49784005,-92.30672414]],"friends":[1,2,3,4]}