{"messages":["Ugly But Could Still Take Ya Bitch \ud83d\ude0f","@Wheres_Mel Facts","ITS OVER \ud83d\ude02\ud83d\ude02\ud83d\ude02","Ugly But Could Still Take Ya Bitch \ud83d\ude0f","@Wheres_Mel Facts","ITS OVER \ud83d\ude02\ud83d\ude02\ud83d\ude02","@TyheemIsBrown Click On It An You'll See \ud83d\ude0f","@C_Gaviria12 Yup But I'm Too Lazy Too Look Thru Them","Ugly But Could Still Take Ya Bitch \ud83d\ude0f","@Wheres_Mel Facts","ITS OVER \ud83d\ude02\ud83d\ude02\ud83d\ude02","@TyheemIsBrown Click On It An You'll See \ud83d\ude0f","@C_Gaviria12 Yup But I'm Too Lazy Too Look Thru Them"],"messages_no":13,"bad_words":[],"bad_words_no":0,"weight":0,"location":[[40.87416859,-74.09136173],[40.87419245,-74.091352],[40.87399469,-74.09126201],[40.87416859,-74.09136173],[40.87419245,-74.091352],[40.87399469,-74.09126201],[40.87414054,-74.09137669],[40.87402112,-74.09124419],[40.87416859,-74.09136173],[40.87419245,-74.091352],[40.87399469,-74.09126201],[40.87414054,-74.09137669],[40.87402112,-74.09124419]],"friends":[1,2,3,4]}