{"messages":["Ugly But Could Still Take Ya Bitch \ud83d\ude0f","@Wheres_Mel Facts","ITS OVER \ud83d\ude02\ud83d\ude02\ud83d\ude02"],"messages_no":3,"bad_words":[],"bad_words_no":0,"weight":0,"location":[[40.87416859,-74.09136173],[40.87419245,-74.091352],[40.87399469,-74.09126201]]}