{"messages":["so many girls look better in person then they do in their avi \ud83d\ude0c","she's weird \ud83d\ude12","so many girls look better in person then they do in their avi \ud83d\ude0c","she's weird \ud83d\ude12","basketball over football any day \ud83d\ude4c @UncleDrewGB: The NBA finals &gt; The Super Bowl","so many girls look better in person then they do in their avi \ud83d\ude0c","she's weird \ud83d\ude12","basketball over football any day \ud83d\ude4c @UncleDrewGB: The NBA finals &gt; The Super Bowl"],"messages_no":8,"bad_words":[],"bad_words_no":0,"weight":0,"location":[[32.69397908,-117.03718994],[32.6939286,-117.03706554],[32.69397908,-117.03718994],[32.6939286,-117.03706554],[32.69399014,-117.03716419],[32.69397908,-117.03718994],[32.6939286,-117.03706554],[32.69399014,-117.03716419]],"friends":[1,2,3,4]}