{"messages":["@DSumner18 you're perfect","@DSumner18 you're perfect","@DSumner18 you're perfect"],"messages_no":3,"bad_words":[],"bad_words_no":0,"weight":0,"location":[[41.22033562,-80.4216395],[41.22033562,-80.4216395],[41.22033562,-80.4216395]],"friends":[1,2,3,4]}