{"messages":["Is that justin Bieber","Is that justin Bieber","Ok I'm not gonna lie, Can you feel my heart by BMTH isn't that bad","http:\/\/t.co\/Gl30jXDhaB go and check out this song by @HeartsHandsUT","\u201c@awfulpics: Cat Lovers http:\/\/t.co\/ptd10cNKyl\u201d @haileydancer_ @CatMaster13 @ilikecatss801","@PhatUnicorncx today.","Fucking take forever","Is that justin Bieber","Ok I'm not gonna lie, Can you feel my heart by BMTH isn't that bad"],"messages_no":9,"bad_words":[],"bad_words_no":1,"weight":0,"location":[[40.80115615,-111.94046305],[40.80115615,-111.94046305],[40.75390336,-111.9330113],[40.75390677,-111.9331365],[40.6608046,-112.01506643],[40.66082682,-112.01487171],[40.67932473,-112.0261979],[40.80115615,-111.94046305],[40.75390336,-111.9330113]],"friends":[1,2,3,4]}