{"messages":["Out early \u263a\ufe0f","Out early \u263a\ufe0f","Out early \u263a\ufe0f"],"messages_no":3,"bad_words":[],"bad_words_no":0,"weight":0,"location":[[26.59194184,-81.87050694],[26.59194184,-81.87050694],[26.59194184,-81.87050694]],"friends":[1,2,3,4]}