{"messages":["Wow ......","Wow ......","Wow ......","Wow ......"],"messages_no":4,"bad_words":[],"bad_words_no":0,"weight":0,"location":[32.71840875,-97.05533339,32.71840875,-97.05533339,32.71840875,-97.05533339,32.71840875,-97.05533339]}