{"messages":["Intentional grounding???","Less than 2 weeks until Speedweeks. \ud83d\udc4d #Nascar","Intentional grounding???","Less than 2 weeks until Speedweeks. \ud83d\udc4d #Nascar","Intentional grounding???","Less than 2 weeks until Speedweeks. \ud83d\udc4d #Nascar"],"messages_no":6,"bad_words":[],"bad_words_no":0,"weight":0,"location":[[40.96991819,-81.56326187],[40.96961764,-81.56341611],[40.96991819,-81.56326187],[40.96961764,-81.56341611],[40.96991819,-81.56326187],[40.96961764,-81.56341611]],"friends":[1,2,3,4]}