{"messages":["I wanna go back home \ud83d\ude14","I wanna go back home \ud83d\ude14","I wanna go back home \ud83d\ude14"],"messages_no":3,"bad_words":[],"bad_words_no":0,"weight":0,"location":[[43.58837456,-116.21095737],[43.58837456,-116.21095737],[43.58837456,-116.21095737]],"friends":[1,2,3,4]}