{"messages":["BORING.","BORING.","BORING."],"messages_no":3,"bad_words":[],"bad_words_no":0,"weight":0,"location":[[30.28432368,-82.24228174],[30.28432368,-82.24228174],[30.28432368,-82.24228174]],"friends":[1,2,3,4]}