{"messages":["Ready set. Let's roll.","Ready set. Let's roll.","Ready set. Let's roll."],"messages_no":3,"bad_words":[],"bad_words_no":0,"weight":0,"location":[[41.81192894,-103.66874478],[41.81192894,-103.66874478],[41.81192894,-103.66874478]],"friends":[1,2,3,4]}