{"messages":["I need cough drops, where's Lauren? \ud83d\ude02\ud83d\ude02\ud83d\ude02","I need cough drops, where's Lauren? \ud83d\ude02\ud83d\ude02\ud83d\ude02","I need cough drops, where's Lauren? \ud83d\ude02\ud83d\ude02\ud83d\ude02"],"messages_no":3,"bad_words":[],"bad_words_no":0,"weight":0,"location":[[29.39865368,-95.27509797],[29.39865368,-95.27509797],[29.39865368,-95.27509797]],"friends":[1,2,3,4]}