{"messages":["A nigga on cloud 9","A nigga on cloud 9","A nigga on cloud 9"],"messages_no":3,"bad_words":[],"bad_words_no":3,"weight":0,"location":[[33.27286646,-84.65217068],[33.27286646,-84.65217068],[33.27286646,-84.65217068]],"friends":[1,2,3,4]}