{"messages":["I'm single bitches. Now you get to see the real me !!","Thank you for everything !","I'm single bitches. Now you get to see the real me !!","Thank you for everything !","Thank you for everything !"],"messages_no":5,"bad_words":[],"bad_words_no":2,"weight":0,"location":[28.01737668,-82.75545121,28.01743013,-82.75547063,28.01737668,-82.75545121,28.01743013,-82.75547063,28.01743013,-82.75547063]}