{"messages":["@jay_morningstar Jay I'm busy \ud83d\ude12 And if you're going I'm not \ud83d\ude0f","@jay_morningstar Jay I'm busy \ud83d\ude12 And if you're going I'm not \ud83d\ude0f","@KodyPoehler Level? \ud83d\ude02 I must be on 73 then \ud83d\ude02\ud83d\ude0f","Ry is sour his game got cancelled \ud83d\ude02","@jay_morningstar Jay I'm busy \ud83d\ude12 And if you're going I'm not \ud83d\ude0f","@KodyPoehler Level? \ud83d\ude02 I must be on 73 then \ud83d\ude02\ud83d\ude0f"],"messages_no":6,"bad_words":[],"bad_words_no":0,"weight":0,"location":[[42.14300664,-83.24656961],[42.14300664,-83.24656961],[42.14298325,-83.24677823],[42.08673054,-83.23174478],[42.14300664,-83.24656961],[42.14298325,-83.24677823]],"friends":[1,2,3,4]}