{"messages":["I got your back too. 100%","I got your back too. 100%","Salty bout this shit.","I got your back too. 100%"],"messages_no":4,"bad_words":[],"bad_words_no":1,"weight":0,"location":[[35.9184475,-94.9735639],[35.9184475,-94.9735639],[35.9197861,-94.9701818],[35.9184475,-94.9735639]],"friends":[1,2,3,4]}