{"messages":["Most of the stuff i tweet at night aint even true","I need a new case","I aint even tired","@Itsleahtoyou__ Goodmorning Leah and have a great day \ud83d\ude0f\ud83d\ude09"],"messages_no":4,"bad_words":[],"bad_words_no":0,"weight":0,"location":[[37.41272156,-79.22214417],[37.41283866,-79.22193702],[37.41297235,-79.22198724],[37.41289843,-79.22177542]]}