{"messages":["2-0 today!\ud83d\udc4d","2-0 today!\ud83d\udc4d","2-0 today!\ud83d\udc4d"],"messages_no":3,"bad_words":[],"bad_words_no":0,"weight":0,"location":[[37.53484721,-120.86531151],[37.53484721,-120.86531151],[37.53484721,-120.86531151]],"friends":[1,2,3,4]}