{"messages":["Hmmm what to do tonight?","Hmmm what to do tonight?","Hmmm what to do tonight?"],"messages_no":3,"bad_words":[],"bad_words_no":0,"weight":0,"location":[[32.53244424,-82.78725456],[32.53244424,-82.78725456],[32.53244424,-82.78725456]],"friends":[1,2,3,4]}