{"messages":["@Ryan_Andrew89 Ohh I didn't know","@Ryan_Andrew89 Ohh I didn't know","\u201c@alanfraga1: @RandeeWigren how do you know what cocaine smells like \ud83d\ude33\u201d takin a guess","@Ryan_Andrew89 Ohh I didn't know","\u201c@alanfraga1: @RandeeWigren how do you know what cocaine smells like \ud83d\ude33\u201d takin a guess"],"messages_no":5,"bad_words":[],"bad_words_no":0,"weight":0,"location":[[45.19316611,-93.36211386],[45.19316611,-93.36211386],[45.18162472,-93.32597853],[45.19316611,-93.36211386],[45.18162472,-93.32597853]],"friends":[1,2,3,4]}