{"messages":["@YoungOGLil thank u Ed Gzzzz \ud83d\ude01\ud83d\udc95","@YoungOGLil thank u Ed Gzzzz \ud83d\ude01\ud83d\udc95","@YoungOGLil thank u Ed Gzzzz \ud83d\ude01\ud83d\udc95","@YoungOGLil thank u Ed Gzzzz \ud83d\ude01\ud83d\udc95"],"messages_no":4,"bad_words":[],"bad_words_no":0,"weight":0,"location":[40.01140459,-74.88622689,40.01140459,-74.88622689,40.01140459,-74.88622689,40.01140459,-74.88622689]}