{"messages":["A lie don't care who tell it","A lie don't care who tell it","A lie don't care who tell it","A lie don't care who tell it"],"messages_no":4,"bad_words":[],"bad_words_no":0,"weight":0,"location":[33.74753681,-84.41199043,33.74753681,-84.41199043,33.74753681,-84.41199043,33.74753681,-84.41199043]}