{"messages":["Mike crazy \ud83d\ude02","Mike crazy \ud83d\ude02","Mike crazy \ud83d\ude02"],"messages_no":3,"bad_words":[],"bad_words_no":0,"weight":0,"location":[[41.07222115,-81.50631032],[41.07222115,-81.50631032],[41.07222115,-81.50631032]],"friends":[1,2,3,4]}