{"messages":["@Ayesha_666 so much fun!!","@Ayesha_666 so much fun!!","@Ayesha_666 so much fun!!","@Ayesha_666 so much fun!!"],"messages_no":4,"bad_words":[],"bad_words_no":0,"weight":0,"location":[42.06750018,-71.70052562,42.06750018,-71.70052562,42.06750018,-71.70052562,42.06750018,-71.70052562]}