{"messages":["#Lovemyteam","#Lovemyteam","#Lovemyteam"],"messages_no":3,"bad_words":[],"bad_words_no":0,"weight":0,"location":[[38.6553473,-121.2699475],[38.6553473,-121.2699475],[38.6553473,-121.2699475]],"friends":[1,2,3,4]}