{"messages":["This has to go in","This has to go in","This has to go in"],"messages_no":3,"bad_words":[],"bad_words_no":0,"weight":0,"location":[[39.4164637,-81.4471332],[39.4164637,-81.4471332],[39.4164637,-81.4471332]],"friends":[1,2,3,4]}