{"messages":["Thank you Lil B.","Thank you Lil B.","Watching Bad Grandpa and it's hilarious so far.","Thank you Lil B."],"messages_no":4,"bad_words":[],"bad_words_no":0,"weight":0,"location":[[41.22815791,-96.16313813],[41.22815791,-96.16313813],[41.22842972,-96.16388315],[41.22815791,-96.16313813]],"friends":[1,2,3,4]}