{"messages":["This class\ud83d\udd2b","This class\ud83d\udd2b","This class\ud83d\udd2b"],"messages_no":3,"bad_words":[],"bad_words_no":0,"weight":0,"location":[[43.55846006,-83.98521619],[43.55846006,-83.98521619],[43.55846006,-83.98521619]],"friends":[1,2,3,4]}