{"messages":["This class\ud83d\udd2b","This class\ud83d\udd2b","This class\ud83d\udd2b","This class\ud83d\udd2b"],"messages_no":4,"bad_words":[],"bad_words_no":0,"weight":0,"location":[43.55846006,-83.98521619,43.55846006,-83.98521619,43.55846006,-83.98521619,43.55846006,-83.98521619]}