{"messages":["Best commercial! #EsuranceSave30","Best commercial! #EsuranceSave30","Best commercial! #EsuranceSave30"],"messages_no":3,"bad_words":[],"bad_words_no":0,"weight":0,"location":[[34.30377583,-118.50468764],[34.30377583,-118.50468764],[34.30377583,-118.50468764]],"friends":[1,2,3,4]}