{"messages":["my eyes are killing me .","my eyes are killing me .","my eyes are killing me ."],"messages_no":3,"bad_words":[],"bad_words_no":0,"weight":0,"location":[[38.62150098,-77.09806267],[38.62150098,-77.09806267],[38.62150098,-77.09806267]],"friends":[1,2,3,4]}