{"messages":["Just waking up","Just waking up","Just waking up"],"messages_no":3,"bad_words":[],"bad_words_no":0,"weight":0,"location":[[42.9698609,-85.6942326],[42.9698609,-85.6942326],[42.9698609,-85.6942326]],"friends":[1,2,3,4]}