{"messages":["If I don't fall asleep first","These niggas can't even dance and play at the same time","If I don't fall asleep first","These niggas can't even dance and play at the same time","Like who the hell are these weird shadowy figures #TeenWolf","This is evil but I hope Scott's father dies #TeenWolf","If I don't fall asleep first","These niggas can't even dance and play at the same time","Like who the hell are these weird shadowy figures #TeenWolf","This is evil but I hope Scott's father dies #TeenWolf"],"messages_no":10,"bad_words":[],"bad_words_no":5,"weight":0,"location":[[32.01925652,-81.08358194],[32.01890102,-81.08393904],[32.01925652,-81.08358194],[32.01890102,-81.08393904],[32.01913384,-81.08373695],[32.0188288,-81.08371849],[32.01925652,-81.08358194],[32.01890102,-81.08393904],[32.01913384,-81.08373695],[32.0188288,-81.08371849]],"friends":[1,2,3,4]}