{"messages":["Do it","Do it","@TheDopestKidd I don't even knw where ur 1st is","@TheDopestKidd wth me too","Do it","@TheDopestKidd I don't even knw where ur 1st is"],"messages_no":6,"bad_words":[],"bad_words_no":0,"weight":0,"location":[[29.70321983,-95.17700866],[29.70321983,-95.17700866],[29.70902216,-95.21683674],[29.70321761,-95.17691695],[29.70321983,-95.17700866],[29.70902216,-95.21683674]],"friends":[1,2,3,4]}