{"messages":["Wish I wouldn't have missed school\ud83d\ude2b ...","On set with @slimthugga http:\/\/t.co\/Dhc55wkY02","Wish I wouldn't have missed school\ud83d\ude2b ...","On set with @slimthugga http:\/\/t.co\/Dhc55wkY02","Wish I wouldn't have missed school\ud83d\ude2b ...","On set with @slimthugga http:\/\/t.co\/Dhc55wkY02"],"messages_no":6,"bad_words":[],"bad_words_no":0,"weight":0,"location":[[29.7751757,-95.33188527],[29.77513995,-95.33168812],[29.7751757,-95.33188527],[29.77513995,-95.33168812],[29.7751757,-95.33188527],[29.77513995,-95.33168812]],"friends":[1,2,3,4]}