{"messages":["@sabbysabbs yeah! (:","Swear it's difficult to get a damn hook up this late..","@sabbysabbs yeah! (:","Swear it's difficult to get a damn hook up this late..","@sabbysabbs yeah! (:","Swear it's difficult to get a damn hook up this late.."],"messages_no":6,"bad_words":[],"bad_words_no":3,"weight":0,"location":[[40.6638763,-112.0001806],[40.6645659,-112.0095567],[40.6638763,-112.0001806],[40.6645659,-112.0095567],[40.6638763,-112.0001806],[40.6645659,-112.0095567]],"friends":[1,2,3,4]}