{"messages":["Excited 2 watch the super ball","Excited 2 watch the super ball","Excited 2 watch the super ball"],"messages_no":3,"bad_words":[],"bad_words_no":0,"weight":0,"location":[[40.00610526,-84.21097307],[40.00610526,-84.21097307],[40.00610526,-84.21097307]],"friends":[1,2,3,4]}