{"messages":["Aye @prettyme_Tae , I had a booty last night girl. \ud83d\ude4c\ud83d\ude0c","My baby is a freak. \ud83d\ude29\ud83d\ude4a\ud83d\ude0b","\ud83d\udc40 y'all finna hoop now??"],"messages_no":3,"bad_words":[],"bad_words_no":0,"weight":0,"location":[[32.58723964,-89.14636418],[32.58734691,-89.14630824],[32.58734889,-89.14630888]]}