{"messages":["@epdog2005 it's her song she does with jay z","@epdog2005 it's her song she does with jay z","@epdog2005 it's her song she does with jay z"],"messages_no":3,"bad_words":[],"bad_words_no":0,"weight":0,"location":[41.87212942,-87.62632586,41.87212942,-87.62632586,41.87212942,-87.62632586]}