{"messages":["I don't wanna get up yet \ud83d\ude29\ud83d\ude29\ud83d\ude29","I don't wanna get up yet \ud83d\ude29\ud83d\ude29\ud83d\ude29","Should have known that was coming","I don't wanna get up yet \ud83d\ude29\ud83d\ude29\ud83d\ude29","Should have known that was coming"],"messages_no":5,"bad_words":[],"bad_words_no":0,"weight":0,"location":[[37.21140096,-77.37507275],[37.21140096,-77.37507275],[36.98197716,-77.71576451],[37.21140096,-77.37507275],[36.98197716,-77.71576451]],"friends":[1,2,3,4]}