{"messages":["Just hit ANOTHER 150!!!! #grand total of $400!!!! Boom!!","Just hit ANOTHER 150!!!! #grand total of $400!!!! Boom!!","Just hit ANOTHER 150!!!! #grand total of $400!!!! Boom!!"],"messages_no":3,"bad_words":[],"bad_words_no":0,"weight":0,"location":[[29.83466497,-95.40036989],[29.83466497,-95.40036989],[29.83466497,-95.40036989]],"friends":[1,2,3,4]}