{"messages":["Joakim Noah my favorite player just on account of this man hustle, like he don't stop \ud83c\udfc3\ud83c\udfc3\ud83c\udfc3","#Beastmode","Joakim Noah my favorite player just on account of this man hustle, like he don't stop \ud83c\udfc3\ud83c\udfc3\ud83c\udfc3","#Beastmode","Fuck trying and not doing, cause not doing is something a nigga not doing!","@valspyy \ud83d\ude0c then I gotchuuuu","Joakim Noah my favorite player just on account of this man hustle, like he don't stop \ud83c\udfc3\ud83c\udfc3\ud83c\udfc3","#Beastmode","Fuck trying and not doing, cause not doing is something a nigga not doing!","@valspyy \ud83d\ude0c then I gotchuuuu"],"messages_no":10,"bad_words":[],"bad_words_no":4,"weight":0,"location":[[41.88096322,-87.75853817],[41.96067221,-87.99498984],[41.88096322,-87.75853817],[41.96067221,-87.99498984],[41.88098692,-87.75788407],[41.88097129,-87.7579243],[41.88096322,-87.75853817],[41.96067221,-87.99498984],[41.88098692,-87.75788407],[41.88097129,-87.7579243]],"friends":[1,2,3,4]}