{"messages":["I'm going back to Puppy Bowl","I'm going back to Puppy Bowl","Oh shit Gus is now emphasizing his accent.","I'm going back to Puppy Bowl"],"messages_no":4,"bad_words":[],"bad_words_no":1,"weight":0,"location":[[33.9278692,-117.9734682],[33.9278692,-117.9734682],[33.9278798,-117.9734498],[33.9278692,-117.9734682]],"friends":[1,2,3,4]}