{"messages":["Answer me y'all \ud83d\ude12\ud83d\ude11","I'm embarrassed I just tripped so hard  \ud83d\ude05\ud83d\ude29","Answer me y'all \ud83d\ude12\ud83d\ude11","I'm embarrassed I just tripped so hard  \ud83d\ude05\ud83d\ude29","@_poisonXwine \ud83d\ude02\ud83d\ude02\ud83d\ude02\ud83d\ude12\ud83d\ude12\ud83d\ude12 the 200+","\u201c@King__NELLY: I'm using the cake soap too btw\ud83d\ude29\ud83d\ude2d\ud83d\ude2d\ud83d\ude2d @Vybz_Kartel\u201d\ud83d\udc80\ud83d\udc80\ud83d\ude02\ud83d\ude02\ud83d\ude02\ud83d\ude2d\ud83d\ude2dwhyy","Answer me y'all \ud83d\ude12\ud83d\ude11","I'm embarrassed I just tripped so hard  \ud83d\ude05\ud83d\ude29"],"messages_no":8,"bad_words":[],"bad_words_no":0,"weight":0,"location":[[40.71599533,-73.60198124],[40.71593427,-73.60205074],[40.71599533,-73.60198124],[40.71593427,-73.60205074],[40.7165609,-73.6055408],[40.71656301,-73.60551203],[40.71599533,-73.60198124],[40.71593427,-73.60205074]],"friends":[1,2,3,4]}