{"messages":["Damn my new phone is wavy though!","Banquets got me feelin crazy","Damn my new phone is wavy though!","Damn my new phone is wavy though!","Banquets got me feelin crazy"],"messages_no":5,"bad_words":[],"bad_words_no":0,"weight":0,"location":[40.76896703,-73.83465123,40.7703148,-73.78992885,40.76896703,-73.83465123,40.76896703,-73.83465123,40.7703148,-73.78992885]}