{"messages":["And I did \ud83d\udc4c","Puppy Bowl is on \ud83d\udc36","And I did \ud83d\udc4c","Puppy Bowl is on \ud83d\udc36","Yes I called 911 to come put this poor deer out of it's misery. \ud83d\ude12","And I did \ud83d\udc4c","Puppy Bowl is on \ud83d\udc36","Yes I called 911 to come put this poor deer out of it's misery. \ud83d\ude12"],"messages_no":8,"bad_words":[],"bad_words_no":0,"weight":0,"location":[[39.62161588,-78.23012067],[39.62137125,-78.29802344],[39.62161588,-78.23012067],[39.62137125,-78.29802344],[39.62137904,-78.29801543],[39.62161588,-78.23012067],[39.62137125,-78.29802344],[39.62137904,-78.29801543]],"friends":[1,2,3,4]}