{"messages":["And I did \ud83d\udc4c","Puppy Bowl is on \ud83d\udc36"],"messages_no":2,"bad_words":[],"bad_words_no":0,"weight":0,"location":[[39.62161588,-78.23012067],[39.62137125,-78.29802344]]}