{"messages":["In 10min @arminvanbuuren is going on live #ASOT650RU","In 10min @arminvanbuuren is going on live #ASOT650RU","My phone is soo fucked up","May have to put class on hold n hit the library real quick","In 10min @arminvanbuuren is going on live #ASOT650RU","My phone is soo fucked up"],"messages_no":6,"bad_words":[],"bad_words_no":2,"weight":0,"location":[[41.84356836,-88.09247635],[41.84356836,-88.09247635],[41.84356286,-88.09248006],[41.84246406,-88.06968648],[41.84356836,-88.09247635],[41.84356286,-88.09248006]],"friends":[1,2,3,4]}