{"messages":["\u201c@PanoTiatia215: Talk stupid off wit ya head\u201d @austin_hansen","\u201c@PanoTiatia215: Talk stupid off wit ya head\u201d @austin_hansen","\u201c@PanoTiatia215: Talk stupid off wit ya head\u201d @austin_hansen"],"messages_no":3,"bad_words":[],"bad_words_no":0,"weight":0,"location":[[37.12167612,-113.49319836],[37.12167612,-113.49319836],[37.12167612,-113.49319836]],"friends":[1,2,3,4]}