{"messages":["@adamG4you thank God!","@adamG4you thank God!","@adamG4you thank God!","@adamG4you thank God!"],"messages_no":4,"bad_words":[],"bad_words_no":0,"weight":0,"location":[36.14919984,-85.50107852,36.14919984,-85.50107852,36.14919984,-85.50107852,36.14919984,-85.50107852]}