{"messages":["I slept all night with socks on \ud83d\ude33","I slept all night with socks on \ud83d\ude33","I slept all night with socks on \ud83d\ude33"],"messages_no":3,"bad_words":[],"bad_words_no":0,"weight":0,"location":[[30.43889763,-84.29370338],[30.43889763,-84.29370338],[30.43889763,-84.29370338]],"friends":[1,2,3,4]}