{"messages":["Walmart is a shithole.","Walmart is a shithole.","Walmart is a shithole."],"messages_no":3,"bad_words":[],"bad_words_no":3,"weight":0,"location":[[34.6118251,-118.1446538],[34.6118251,-118.1446538],[34.6118251,-118.1446538]],"friends":[1,2,3,4]}