{"messages":["Taco Bell it is","Taco Bell it is","Taco Bell it is"],"messages_no":3,"bad_words":[],"bad_words_no":0,"weight":0,"location":[[29.7903352,-95.545436],[29.7903352,-95.545436],[29.7903352,-95.545436]],"friends":[1,2,3,4]}