{"messages":["Uggh I'm so bored","I got ready for the day and didn't even do anything","Uggh I'm so bored","I got ready for the day and didn't even do anything","Uggh I'm so bored","I got ready for the day and didn't even do anything"],"messages_no":6,"bad_words":[],"bad_words_no":0,"weight":0,"location":[[45.5377923,-122.96462417],[45.53788929,-122.96469544],[45.5377923,-122.96462417],[45.53788929,-122.96469544],[45.5377923,-122.96462417],[45.53788929,-122.96469544]],"friends":[1,2,3,4]}