{"messages":["He tried to match me in shit \ue402","He tried to match me in shit \ue402","He tried to match me in shit \ue402"],"messages_no":3,"bad_words":[],"bad_words_no":3,"weight":0,"location":[[40.0189321,-75.6690126],[40.0189321,-75.6690126],[40.0189321,-75.6690126]],"friends":[1,2,3,4]}