{"messages":["But it is wat it is.","But it is wat it is."],"messages_no":2,"bad_words":[],"bad_words_no":0,"weight":0,"location":[35.00204262,-85.27837853,35.00204262,-85.27837853]}