{"messages":["Somebody come see me","Goodnight \ud83d\udc9c","Somebody come see me","Goodnight \ud83d\udc9c","I'm just real confused ...","He want that \ud83d\ude4a","Somebody come see me","Goodnight \ud83d\udc9c"],"messages_no":8,"bad_words":[],"bad_words_no":0,"weight":0,"location":[[39.97624276,-75.27265431],[39.9763339,-75.27274322],[39.97624276,-75.27265431],[39.9763339,-75.27274322],[39.97629126,-75.272555],[39.97615282,-75.27270355],[39.97624276,-75.27265431],[39.9763339,-75.27274322]],"friends":[1,2,3,4]}