{"messages":["#2 hotel http:\/\/t.co\/2jci1gfptZ","#2 hotel http:\/\/t.co\/2jci1gfptZ","#2 hotel http:\/\/t.co\/2jci1gfptZ"],"messages_no":3,"bad_words":[],"bad_words_no":0,"weight":0,"location":[[28.33692556,-81.57357891],[28.33692556,-81.57357891],[28.33692556,-81.57357891]],"friends":[1,2,3,4]}