{"messages":["Stupid","Stupid"],"messages_no":2,"bad_words":[],"bad_words_no":0,"weight":0,"location":[42.33929097,-71.24282847,42.33929097,-71.24282847]}