{"messages":["Chillin","Now ima have to beat him up","Chillin","Now ima have to beat him up"],"messages_no":4,"bad_words":[],"bad_words_no":0,"weight":0,"location":[35.38004588,-78.00788258,35.38012443,-78.00777328,35.38004588,-78.00788258,35.38012443,-78.00777328]}