{"messages":["Facetime w\/ the BFF \ud83d\ude0c\ud83d\udc4a\ud83d\udc4c","Facetime w\/ the BFF \ud83d\ude0c\ud83d\udc4a\ud83d\udc4c","Don't worry bout what's in my cup , it ain't yours.","She snapped on me \ud83d\ude02\ud83d\ude0d","Facetime w\/ the BFF \ud83d\ude0c\ud83d\udc4a\ud83d\udc4c"],"messages_no":5,"bad_words":[],"bad_words_no":0,"weight":0,"location":[[26.12727974,-80.25212284],[26.12727974,-80.25212284],[26.12730715,-80.25213308],[26.12725129,-80.25223545],[26.12727974,-80.25212284]],"friends":[1,2,3,4]}