{"messages":["@Caskey407 is nice i fck wit you bruh","@Caskey407 is nice i fck wit you bruh","@Caskey407 is nice i fck wit you bruh"],"messages_no":3,"bad_words":[],"bad_words_no":0,"weight":0,"location":[[41.62963157,-71.00034882],[41.62963157,-71.00034882],[41.62963157,-71.00034882]],"friends":[1,2,3,4]}