{"messages":["I've loved and I've lost","I've loved and I've lost","I've loved and I've lost"],"messages_no":3,"bad_words":[],"bad_words_no":0,"weight":0,"location":[[38.9271516,-104.73314253],[38.9271516,-104.73314253],[38.9271516,-104.73314253]],"friends":[1,2,3,4]}