{"messages":["What do you wany from me ?","Such lack of interest","What do you wany from me ?","Such lack of interest","What do you wany from me ?","Such lack of interest"],"messages_no":6,"bad_words":[],"bad_words_no":0,"weight":0,"location":[[31.3666722,-110.9389244],[31.3602844,-110.9323495],[31.3666722,-110.9389244],[31.3602844,-110.9323495],[31.3666722,-110.9389244],[31.3602844,-110.9323495]],"friends":[1,2,3,4]}