{"messages":["So out of it","So out of it","So out of it","So out of it"],"messages_no":4,"bad_words":[],"bad_words_no":0,"weight":0,"location":[40.86603573,-74.19544379,40.86603573,-74.19544379,40.86603573,-74.19544379,40.86603573,-74.19544379]}