{"messages":["So out of it","So out of it","My pandora poppin right now","So out of it","My pandora poppin right now"],"messages_no":5,"bad_words":[],"bad_words_no":0,"weight":0,"location":[[40.86603573,-74.19544379],[40.86603573,-74.19544379],[40.86603444,-74.19543325],[40.86603573,-74.19544379],[40.86603444,-74.19543325]],"friends":[1,2,3,4]}