{"messages":["you don't wanna spend $80 on ur car ppl. c'mon.","you don't wanna spend $80 on ur car ppl. c'mon.","put down your phone and close your eyes Paige","you don't wanna spend $80 on ur car ppl. c'mon."],"messages_no":4,"bad_words":[],"bad_words_no":0,"weight":0,"location":[[33.39815675,-111.90683885],[33.39815675,-111.90683885],[33.39786952,-111.9097046],[33.39815675,-111.90683885]],"friends":[1,2,3,4]}