{"messages":["Off off","Off off"],"messages_no":2,"bad_words":[],"bad_words_no":0,"weight":0,"location":[39.10291708,-77.25060306,39.10291708,-77.25060306]}