{"messages":["Shit crazy breh.","Shit crazy breh.","Shit crazy breh."],"messages_no":3,"bad_words":[],"bad_words_no":0,"weight":0,"location":[[41.72822564,-87.74203062],[41.72822564,-87.74203062],[41.72822564,-87.74203062]],"friends":[1,2,3,4]}