{"messages":["Going to get the truck \ud83d\ude4c\ud83d\ude4c","Going to get the truck \ud83d\ude4c\ud83d\ude4c","Going to get the truck \ud83d\ude4c\ud83d\ude4c"],"messages_no":3,"bad_words":[],"bad_words_no":0,"weight":0,"location":[[39.94679367,-75.24735513],[39.94679367,-75.24735513],[39.94679367,-75.24735513]],"friends":[1,2,3,4]}