{"messages":["Us hispanis O.E. IDGAF \ud83d\ude0d\ud83d\ude4c\ud83d\ude45 &gt;","Its a must .","Us hispanis O.E. IDGAF \ud83d\ude0d\ud83d\ude4c\ud83d\ude45 &gt;","Its a must .","Its a must ."],"messages_no":5,"bad_words":[],"bad_words_no":0,"weight":0,"location":[41.07978784,-73.8598581,41.07950238,-73.85999484,41.07978784,-73.8598581,41.07950238,-73.85999484,41.07950238,-73.85999484]}