{"messages":["@Bad_ReddBISHH hell yea","@Bad_ReddBISHH hell yea","@Bad_ReddBISHH hell yea"],"messages_no":3,"bad_words":[],"bad_words_no":3,"weight":0,"location":[[41.79416479,-87.61650004],[41.79416479,-87.61650004],[41.79416479,-87.61650004]],"friends":[1,2,3,4]}