{"messages":["Is magoos really that fun???","Is magoos really that fun???","Is magoos really that fun???"],"messages_no":3,"bad_words":[],"bad_words_no":0,"weight":0,"location":[30.42904597,-88.96232806,30.42904597,-88.96232806,30.42904597,-88.96232806]}