{"messages":["@Harry_Styles goddamnit harry notice me pls","@salinaeggers OMG I LOVE HER!","@Harry_Styles goddamnit harry notice me pls","@Harry_Styles goddamnit harry notice me pls","@salinaeggers OMG I LOVE HER!","@salinaeggers OMG I LOVE HER!"],"messages_no":6,"bad_words":[],"bad_words_no":3,"weight":0,"location":[28.4440144,-82.52853597,28.45684635,-82.50078535,28.4440144,-82.52853597,28.4440144,-82.52853597,28.45684635,-82.50078535,28.45684635,-82.50078535]}