{"messages":["Mlrt&gt; I can't deal!\nSloppy Toppy \ud83d\ude12\ud83d\ude28\ud83d\ude21","Lol He Said Hun? \ud83d\ude0d\ud83d\ude0a\ud83d\udc4f\ud83d\udc4d\u2764\ufe0f\ud83d\udc83\ud83d\ude09","Mlrt&gt; I can't deal!\nSloppy Toppy \ud83d\ude12\ud83d\ude28\ud83d\ude21","Lol He Said Hun? \ud83d\ude0d\ud83d\ude0a\ud83d\udc4f\ud83d\udc4d\u2764\ufe0f\ud83d\udc83\ud83d\ude09","Lol He Said Hun? \ud83d\ude0d\ud83d\ude0a\ud83d\udc4f\ud83d\udc4d\u2764\ufe0f\ud83d\udc83\ud83d\ude09"],"messages_no":5,"bad_words":[],"bad_words_no":0,"weight":0,"location":[32.65661969,-97.26808467,32.65659618,-97.26820384,32.65661969,-97.26808467,32.65659618,-97.26820384,32.65659618,-97.26820384]}