{"messages":["Debating if I wanna get a 3 bundle or 2\ud83d\ude12","Debating if I wanna get a 3 bundle or 2\ud83d\ude12","Debating if I wanna get a 3 bundle or 2\ud83d\ude12"],"messages_no":3,"bad_words":[],"bad_words_no":0,"weight":0,"location":[33.77883593,-84.56966626,33.77883593,-84.56966626,33.77883593,-84.56966626]}