{"messages":["Juan gets me moist","Juan gets me moist","Juan gets me moist"],"messages_no":3,"bad_words":[],"bad_words_no":0,"weight":0,"location":[[39.8688487,-104.9667831],[39.8688487,-104.9667831],[39.8688487,-104.9667831]],"friends":[1,2,3,4]}