{"messages":["February be over ASAP!","February be over ASAP!","February be over ASAP!"],"messages_no":3,"bad_words":[],"bad_words_no":0,"weight":0,"location":[[29.61301968,-82.36081145],[29.61301968,-82.36081145],[29.61301968,-82.36081145]],"friends":[1,2,3,4]}