{"messages":["I wanna be home so bad. #twoweeks","I wanna be home so bad. #twoweeks","I wanna be home so bad. #twoweeks"],"messages_no":3,"bad_words":[],"bad_words_no":0,"weight":0,"location":[[32.22922282,-110.95082324],[32.22922282,-110.95082324],[32.22922282,-110.95082324]],"friends":[1,2,3,4]}