{"messages":["Twister is such a good movie \ud83c\udf00","Twister is such a good movie \ud83c\udf00","Twister is such a good movie \ud83c\udf00"],"messages_no":3,"bad_words":[],"bad_words_no":0,"weight":0,"location":[[40.25257908,-76.94930697],[40.25257908,-76.94930697],[40.25257908,-76.94930697]],"friends":[1,2,3,4]}