{"messages":["Drew Worsham","Drew Worsham","Drew Worsham"],"messages_no":3,"bad_words":[],"bad_words_no":0,"weight":0,"location":[[32.42068495,-88.74536264],[32.42068495,-88.74536264],[32.42068495,-88.74536264]],"friends":[1,2,3,4]}