{"messages":["Shower time \ud83d\udebf! Mmm love hot showers in the morning","Shower time \ud83d\udebf! Mmm love hot showers in the morning","&amp;&amp; I hate math \ud83d\ude12\ud83d\ude11","Shower time \ud83d\udebf! Mmm love hot showers in the morning","&amp;&amp; I hate math \ud83d\ude12\ud83d\ude11"],"messages_no":5,"bad_words":[],"bad_words_no":0,"weight":0,"location":[[34.27658841,-118.51023026],[34.27658841,-118.51023026],[33.46303186,-117.10946458],[34.27658841,-118.51023026],[33.46303186,-117.10946458]],"friends":[1,2,3,4]}