{"messages":["Calling it quits for today","Calling it quits for today","Calling it quits for today","Calling it quits for today"],"messages_no":4,"bad_words":[],"bad_words_no":0,"weight":0,"location":[42.76027995,-78.87729479,42.76027995,-78.87729479,42.76027995,-78.87729479,42.76027995,-78.87729479]}