{"messages":["Damn Don't Nobody Ever Hit My Line","Ohhh Shit I Forgot to call my friend","Damn Don't Nobody Ever Hit My Line","Ohhh Shit I Forgot to call my friend","\"@LoveeNoHoe: I Trust Nobody \ud83d\udc4f Sorry But Not Sorry \ud83d\udc81\"Damn Right !","Damn Don't Nobody Ever Hit My Line","Ohhh Shit I Forgot to call my friend"],"messages_no":7,"bad_words":[],"bad_words_no":0,"weight":0,"location":[[34.9166356,-81.0290252],[34.9167233,-81.0291458],[34.9166356,-81.0290252],[34.9167233,-81.0291458],[34.8888363,-81.0602918],[34.9166356,-81.0290252],[34.9167233,-81.0291458]],"friends":[1,2,3,4]}