{"messages":["Hey nick","Hey nick"],"messages_no":2,"bad_words":[],"bad_words_no":0,"weight":0,"location":[35.89034601,-90.36460927,35.89034601,-90.36460927]}