{"messages":["#bringbackbey","#bringbackbey","#bringbackbey"],"messages_no":3,"bad_words":[],"bad_words_no":0,"weight":0,"location":[[41.97572508,-87.70912617],[41.97572508,-87.70912617],[41.97572508,-87.70912617]],"friends":[1,2,3,4]}