{"messages":["panda &amp; basketball game w\/ the best friend? yesssss\ud83d\ude0d\ud83d\ude0d\ud83d\ude0d","I am official secretary of the Indian booty club \ud83d\ude4c","panda &amp; basketball game w\/ the best friend? yesssss\ud83d\ude0d\ud83d\ude0d\ud83d\ude0d","I am official secretary of the Indian booty club \ud83d\ude4c","@tywebb122798 @EmilyHopeNorth ya better keep it that way Bc don't love them 304's","@1eviticus happy birthday \ud83d\ude4c\ud83d\udcaf","@ItsChelsOk I srsly love it when I know what\/ who u talking about tho \u263a\ufe0f\u2764\ufe0f","@BallLo10 thanks hubby","panda &amp; basketball game w\/ the best friend? yesssss\ud83d\ude0d\ud83d\ude0d\ud83d\ude0d","I am official secretary of the Indian booty club \ud83d\ude4c","@tywebb122798 @EmilyHopeNorth ya better keep it that way Bc don't love them 304's"],"messages_no":11,"bad_words":[],"bad_words_no":0,"weight":0,"location":[[32.27878878,-96.86901977],[32.18595867,-96.84976911],[32.27878878,-96.86901977],[32.18595867,-96.84976911],[32.18589833,-96.84977958],[32.18590572,-96.8497796],[32.18588593,-96.84977972],[32.18590271,-96.84977963],[32.27878878,-96.86901977],[32.18595867,-96.84976911],[32.18589833,-96.84977958]],"friends":[1,2,3,4]}