{"messages":["about time, it's been disconnected for almost a month \ud83d\ude12","his smile \ud83d\ude0d","about time, it's been disconnected for almost a month \ud83d\ude12","his smile \ud83d\ude0d","might as well start getting ready","about time, it's been disconnected for almost a month \ud83d\ude12","his smile \ud83d\ude0d"],"messages_no":7,"bad_words":[],"bad_words_no":0,"weight":0,"location":[[29.7814216,-95.168569],[29.7386578,-95.2353164],[29.7814216,-95.168569],[29.7386578,-95.2353164],[29.7385726,-95.2351578],[29.7814216,-95.168569],[29.7386578,-95.2353164]],"friends":[1,2,3,4]}