{"messages":["Damn tragic","Damn tragic"],"messages_no":2,"bad_words":[],"bad_words_no":0,"weight":0,"location":[37.6960849,-121.4196007,37.6960849,-121.4196007]}