{"messages":["@Brandenstrom I wish \ud83d\ude22","@Brandenstrom I wish \ud83d\ude22","@Brandenstrom I wish \ud83d\ude22"],"messages_no":3,"bad_words":[],"bad_words_no":0,"weight":0,"location":[[44.60317315,-123.24716234],[44.60317315,-123.24716234],[44.60317315,-123.24716234]],"friends":[1,2,3,4]}