{"messages":["Date pt2 friday after next","Date pt2 friday after next","Na dani i thought u knew bout the girl n Longview","Date pt2 friday after next","Na dani i thought u knew bout the girl n Longview"],"messages_no":5,"bad_words":[],"bad_words_no":0,"weight":0,"location":[[32.2474185,-94.1857692],[32.2474185,-94.1857692],[32.2348221,-94.1470544],[32.2474185,-94.1857692],[32.2348221,-94.1470544]],"friends":[1,2,3,4]}