{"messages":["Those ribs \ud83d\ude0d\ud83d\ude0d\ud83d\ude0d\ud83d\ude0d &gt;&gt;&gt;","Those ribs \ud83d\ude0d\ud83d\ude0d\ud83d\ude0d\ud83d\ude0d &gt;&gt;&gt;","Those ribs \ud83d\ude0d\ud83d\ude0d\ud83d\ude0d\ud83d\ude0d &gt;&gt;&gt;"],"messages_no":3,"bad_words":[],"bad_words_no":0,"weight":0,"location":[[32.77136926,-117.15873605],[32.77136926,-117.15873605],[32.77136926,-117.15873605]],"friends":[1,2,3,4]}