{"messages":["#thelookigot","#thelookigot","#thelookigot"],"messages_no":3,"bad_words":[],"bad_words_no":0,"weight":0,"location":[[40.8621459,-74.1335602],[40.8621459,-74.1335602],[40.8621459,-74.1335602]],"friends":[1,2,3,4]}