{"messages":["Transformer 4!!\nOh shit!!!","Transformer 4!!\nOh shit!!!","Transformer 4!!\nOh shit!!!"],"messages_no":3,"bad_words":[],"bad_words_no":3,"weight":0,"location":[[29.45964235,-98.6103734],[29.45964235,-98.6103734],[29.45964235,-98.6103734]],"friends":[1,2,3,4]}