{"messages":["Solid Friday\ud83d\ude0e http:\/\/t.co\/rUwaXxV126","Solid Friday\ud83d\ude0e http:\/\/t.co\/rUwaXxV126","Solid Friday\ud83d\ude0e http:\/\/t.co\/rUwaXxV126"],"messages_no":3,"bad_words":[],"bad_words_no":0,"weight":0,"location":[[32.92764735,-97.21720884],[32.92764735,-97.21720884],[32.92764735,-97.21720884]],"friends":[1,2,3,4]}