{"messages":["stoppppp you know I can't.","stoppppp you know I can't.","\u201c@6Thots_R_Us9: I Really Wanna Fight Her Now ima fuk her up\u201d OMG SHUTUPPPP\u270c\ufe0f\u270c\ufe0f","why did my study hall have to change\ud83d\ude2d @_cheese_steak_ @Mani_Isabelle @love_arabia I miss y'all!","stoppppp you know I can't.","\u201c@6Thots_R_Us9: I Really Wanna Fight Her Now ima fuk her up\u201d OMG SHUTUPPPP\u270c\ufe0f\u270c\ufe0f"],"messages_no":6,"bad_words":[],"bad_words_no":4,"weight":0,"location":[[40.24624041,-74.74992981],[40.24624041,-74.74992981],[40.24646897,-74.75008645],[40.26584951,-74.72999745],[40.24624041,-74.74992981],[40.24646897,-74.75008645]],"friends":[1,2,3,4]}