{"messages":["Her boyfriend needa dick her ass down rt","@HalaPollo @_adilenee14 still won't box me amh","Milby hoes hasn't excepted my request \ud83d\ude2d\ud83d\ude22","Her boyfriend needa dick her ass down rt","Her boyfriend needa dick her ass down rt","@HalaPollo @_adilenee14 still won't box me amh"],"messages_no":6,"bad_words":[],"bad_words_no":3,"weight":0,"location":[29.70658867,-95.28158947,29.683221,-95.22624174,29.70656801,-95.28159013,29.70658867,-95.28158947,29.70658867,-95.28158947,29.683221,-95.22624174]}