{"messages":["Girl Put In Work.","Girl Put In Work.","Girl Put In Work."],"messages_no":3,"bad_words":[],"bad_words_no":0,"weight":0,"location":[[33.51819547,-81.7119913],[33.51819547,-81.7119913],[33.51819547,-81.7119913]],"friends":[1,2,3,4]}