{"messages":["@Ambb33rr yay \u263a\ufe0f\ud83d\udc6f\u270ay'all the best.","@Ambb33rr yay \u263a\ufe0f\ud83d\udc6f\u270ay'all the best.","@Ambb33rr yay \u263a\ufe0f\ud83d\udc6f\u270ay'all the best."],"messages_no":3,"bad_words":[],"bad_words_no":0,"weight":0,"location":[[33.3748178,-84.21892788],[33.3748178,-84.21892788],[33.3748178,-84.21892788]],"friends":[1,2,3,4]}