{"messages":["Thanks mom.","Sorry.","Thanks mom."],"messages_no":3,"bad_words":[],"bad_words_no":0,"weight":0,"location":[42.8575663,-84.5424022,42.857568,-84.5424026,42.8575663,-84.5424022]}