{"messages":["Wassup with tomorrow?","Wassup with tomorrow?","Aight, fuck everybody. Gn.","Wassup with tomorrow?","Aight, fuck everybody. Gn."],"messages_no":5,"bad_words":[],"bad_words_no":2,"weight":0,"location":[[39.15525642,-76.82908136],[39.15525642,-76.82908136],[39.15506469,-76.82892873],[39.15525642,-76.82908136],[39.15506469,-76.82892873]],"friends":[1,2,3,4]}