{"messages":["I LOVE when he's in a good mood \ud83d\ude0d","I LOVE when he's in a good mood \ud83d\ude0d","I LOVE when he's in a good mood \ud83d\ude0d","I LOVE when he's in a good mood \ud83d\ude0d"],"messages_no":4,"bad_words":[],"bad_words_no":0,"weight":0,"location":[32.66052807,-96.57024979,32.66052807,-96.57024979,32.66052807,-96.57024979,32.66052807,-96.57024979]}