{"messages":["@erikakeeble it sounds like it \ud83d\ude0d","@erikakeeble it sounds like it \ud83d\ude0d","Can we get going, already? I'm tired of sitting here.","@erikakeeble it sounds like it \ud83d\ude0d","@erikakeeble it sounds like it \ud83d\ude0d","Can we get going, already? I'm tired of sitting here."],"messages_no":6,"bad_words":[],"bad_words_no":0,"weight":0,"location":[32.85732929,-97.23487024,32.85732929,-97.23487024,39.05342816,-84.65557943,32.85732929,-97.23487024,32.85732929,-97.23487024,39.05342816,-84.65557943]}