{"messages":["@erikakeeble it sounds like it \ud83d\ude0d","Can we get going, already? I'm tired of sitting here.","@erikakeeble it sounds like it \ud83d\ude0d","Can we get going, already? I'm tired of sitting here.","I wanna dye my hair blonder but idk if I could pull it off. \ud83d\ude14\ud83d\ude14","@erikakeeble it sounds like it \ud83d\ude0d","Can we get going, already? I'm tired of sitting here."],"messages_no":7,"bad_words":[],"bad_words_no":0,"weight":0,"location":[[32.85732929,-97.23487024],[39.05342816,-84.65557943],[32.85732929,-97.23487024],[39.05342816,-84.65557943],[32.85734678,-97.23482228],[32.85732929,-97.23487024],[39.05342816,-84.65557943]],"friends":[1,2,3,4]}