{"messages":["i love my friends \ud83d\udc97\ud83d\udc97\ud83d\udc97\ud83d\udc97","i love my friends \ud83d\udc97\ud83d\udc97\ud83d\udc97\ud83d\udc97","i love my friends \ud83d\udc97\ud83d\udc97\ud83d\udc97\ud83d\udc97"],"messages_no":3,"bad_words":[],"bad_words_no":0,"weight":0,"location":[[39.74787066,-75.11108059],[39.74787066,-75.11108059],[39.74787066,-75.11108059]],"friends":[1,2,3,4]}