{"messages":["These commercials boring","These commercials boring","These commercials boring"],"messages_no":3,"bad_words":[],"bad_words_no":0,"weight":0,"location":[[39.22304828,-76.60450886],[39.22304828,-76.60450886],[39.22304828,-76.60450886]],"friends":[1,2,3,4]}