{"messages":["@PaytonTaylorrr happy bday!","@PaytonTaylorrr happy bday!","@PaytonTaylorrr happy bday!"],"messages_no":3,"bad_words":[],"bad_words_no":0,"weight":0,"location":[40.74419686,-74.02578703,40.74419686,-74.02578703,40.74419686,-74.02578703]}