{"messages":["@Janika_xX3 invite us over nigga","@Janika_xX3 invite us over nigga","My nigga !","@Janika_xX3 invite us over nigga"],"messages_no":4,"bad_words":[],"bad_words_no":4,"weight":0,"location":[[41.20198653,-95.93444863],[41.20198653,-95.93444863],[41.20178546,-95.93449381],[41.20198653,-95.93444863]],"friends":[1,2,3,4]}