{"messages":["Lil boosie is getting out \ud83d\ude31","I need a new avi","Lil boosie is getting out \ud83d\ude31","I need a new avi","@Trip_Bowers it ain't over yet","Lil boosie is getting out \ud83d\ude31","I need a new avi","Lil boosie is getting out \ud83d\ude31","I need a new avi"],"messages_no":9,"bad_words":[],"bad_words_no":0,"weight":0,"location":[41.88246178,-80.81099087,41.90127234,-80.80091307,41.88246178,-80.81099087,41.90127234,-80.80091307,41.90104368,-80.80104475,41.88246178,-80.81099087,41.90127234,-80.80091307,41.88246178,-80.81099087,41.90127234,-80.80091307]}