{"messages":["I think it's time to get up now \ud83d\ude29\ud83d\ude2b\ud83d\ude34","I think it's time to get up now \ud83d\ude29\ud83d\ude2b\ud83d\ude34","I think it's time to get up now \ud83d\ude29\ud83d\ude2b\ud83d\ude34"],"messages_no":3,"bad_words":[],"bad_words_no":0,"weight":0,"location":[[34.22620714,-119.03626934],[34.22620714,-119.03626934],[34.22620714,-119.03626934]],"friends":[1,2,3,4]}