{"messages":["You can't tell us no.","You can't tell us no.","You can't tell us no."],"messages_no":3,"bad_words":[],"bad_words_no":0,"weight":0,"location":[41.95176509,-87.77678962,41.95176509,-87.77678962,41.95176509,-87.77678962]}