{"messages":["@becca_dombroski \ud83d\udc7c great song \ud83d\udc4d","@becca_dombroski \ud83d\udc7c great song \ud83d\udc4d","@becca_dombroski \ud83d\udc7c great song \ud83d\udc4d"],"messages_no":3,"bad_words":[],"bad_words_no":0,"weight":0,"location":[40.59817809,-79.76793023,40.59817809,-79.76793023,40.59817809,-79.76793023]}