{"messages":["Florida in 2 weeks \ud83d\ude4c\u26f3\ufe0f\u2600\ufe0f","Florida in 2 weeks \ud83d\ude4c\u26f3\ufe0f\u2600\ufe0f","Florida in 2 weeks \ud83d\ude4c\u26f3\ufe0f\u2600\ufe0f"],"messages_no":3,"bad_words":[],"bad_words_no":0,"weight":0,"location":[[41.70143201,-72.66121681],[41.70143201,-72.66121681],[41.70143201,-72.66121681]],"friends":[1,2,3,4]}