{"messages":["Dead ass I just woke up \ud83d\ude28","Dead ass I just woke up \ud83d\ude28","Dead ass I just woke up \ud83d\ude28","Dead ass I just woke up \ud83d\ude28"],"messages_no":4,"bad_words":[],"bad_words_no":0,"weight":0,"location":[33.84512367,-84.33139781,33.84512367,-84.33139781,33.84512367,-84.33139781,33.84512367,-84.33139781]}