{"messages":["Someone hit my line","Someone hit my line","Someone hit my line"],"messages_no":3,"bad_words":[],"bad_words_no":0,"weight":0,"location":[32.6574627,-96.83956544,32.6574627,-96.83956544,32.6574627,-96.83956544]}