{"messages":["Sprints!!","Sprints!!","Sprints!!","Sprints!!"],"messages_no":4,"bad_words":[],"bad_words_no":0,"weight":0,"location":[33.6768491,-112.1017718,33.6768491,-112.1017718,33.6768491,-112.1017718,33.6768491,-112.1017718]}