{"messages":["\u201c@iBUSTlesbians: This \ud83d\ude4c http:\/\/t.co\/0jWdPpRLPO\u201d","I need to get out the house already .i wanna go chill n watch the game","\u201c@iBUSTlesbians: This \ud83d\ude4c http:\/\/t.co\/0jWdPpRLPO\u201d","I need to get out the house already .i wanna go chill n watch the game","Coke makes me throw up","\u201c@iBUSTlesbians: This \ud83d\ude4c http:\/\/t.co\/0jWdPpRLPO\u201d","I need to get out the house already .i wanna go chill n watch the game","Coke makes me throw up"],"messages_no":8,"bad_words":[],"bad_words_no":3,"weight":0,"location":[[40.32575127,-78.90777307],[40.32592503,-78.90808965],[40.32575127,-78.90777307],[40.32592503,-78.90808965],[40.325718,-78.90796049],[40.32575127,-78.90777307],[40.32592503,-78.90808965],[40.325718,-78.90796049]],"friends":[1,2,3,4]}