{"messages":["@TheRealTyrekas I got 6.... -_-","Fuuuuccckkk man","@TheRealTyrekas I got 6.... -_-","Fuuuuccckkk man","@TheRealTyrekas I got 6.... -_-","Fuuuuccckkk man"],"messages_no":6,"bad_words":[],"bad_words_no":3,"weight":0,"location":[[37.75773735,-92.10989426],[37.83386276,-92.17509465],[37.75773735,-92.10989426],[37.83386276,-92.17509465],[37.75773735,-92.10989426],[37.83386276,-92.17509465]],"friends":[1,2,3,4]}