{"messages":["@Jigga_ovo lmao shut up","@Jigga_ovo lmao shut up","Confused nahhh!!!! Stupid yesss! Lesson learned \ud83d\udc4c\u2714\ufe0f","Maybe I'll do the same! #Sub","@Jigga_ovo lmao shut up"],"messages_no":5,"bad_words":[],"bad_words_no":0,"weight":0,"location":[[34.11259497,-77.91480714],[34.11259497,-77.91480714],[34.11254988,-77.91479666],[34.11222357,-77.91511316],[34.11259497,-77.91480714]],"friends":[1,2,3,4]}