{"messages":["I'm fucking sick Man!","That new Honda accord 2014 is beautiful","I'm fucking sick Man!","That new Honda accord 2014 is beautiful","I'm fucking sick Man!","That new Honda accord 2014 is beautiful"],"messages_no":6,"bad_words":[],"bad_words_no":3,"weight":0,"location":[[40.84714531,-73.91577366],[40.8472227,-73.91577967],[40.84714531,-73.91577366],[40.8472227,-73.91577967],[40.84714531,-73.91577366],[40.8472227,-73.91577967]],"friends":[1,2,3,4]}