{"messages":["I would kill to be at the club right now :(","I would kill to be at the club right now :(","@monica_0217 I shit you not lmao I'm so upset","I would kill to be at the club right now :("],"messages_no":4,"bad_words":[],"bad_words_no":1,"weight":0,"location":[[25.84894836,-80.23193315],[25.84894836,-80.23193315],[25.86983178,-80.26635797],[25.84894836,-80.23193315]],"friends":[1,2,3,4]}