{"messages":["@DeeFrameJr she good bro???????","@DeeFrameJr she good bro???????","@DeeFrameJr she good bro???????","@DeeFrameJr she good bro???????"],"messages_no":4,"bad_words":[],"bad_words_no":0,"weight":0,"location":[40.71699299,-73.80669423,40.71699299,-73.80669423,40.71699299,-73.80669423,40.71699299,-73.80669423]}