{"messages":["That burger from checkers was so yummy","That burger from checkers was so yummy","On my way to work \u270c\ufe0f","Breakfast was real minor but it should hold me off till 12:30","That burger from checkers was so yummy"],"messages_no":5,"bad_words":[],"bad_words_no":0,"weight":0,"location":[[38.60252012,-76.94986191],[38.60252012,-76.94986191],[38.60277618,-76.94997883],[38.60284722,-76.95007917],[38.60252012,-76.94986191]],"friends":[1,2,3,4]}