{"messages":["@beautydess aw thank yaaa!! \ud83d\ude0a\ud83d\udc98","@beautydess aw thank yaaa!! \ud83d\ude0a\ud83d\udc98","Thanks to everyone for thaa bday wishes. \ud83d\udc98\ud83d\udc98\u263a\ufe0f","@beautydess aw thank yaaa!! \ud83d\ude0a\ud83d\udc98","Thanks to everyone for thaa bday wishes. \ud83d\udc98\ud83d\udc98\u263a\ufe0f"],"messages_no":5,"bad_words":[],"bad_words_no":0,"weight":0,"location":[[34.11015454,-117.81879315],[34.11015454,-117.81879315],[34.11006595,-117.81886322],[34.11015454,-117.81879315],[34.11006595,-117.81886322]],"friends":[1,2,3,4]}