{"messages":["I need to clean out my car ASAP lol","I need to clean out my car ASAP lol","I need to clean out my car ASAP lol"],"messages_no":3,"bad_words":[],"bad_words_no":0,"weight":0,"location":[47.21524725,-122.4803338,47.21524725,-122.4803338,47.21524725,-122.4803338]}