{"messages":["Tmz is pathetic","Tmz is pathetic","Tmz is pathetic"],"messages_no":3,"bad_words":[],"bad_words_no":0,"weight":0,"location":[[34.47353859,-114.27825025],[34.47353859,-114.27825025],[34.47353859,-114.27825025]],"friends":[1,2,3,4]}