{"messages":["Came back strong \ud83d\udcaa\ud83d\udcaa","Romo doesn't choke that bad..","Came back strong \ud83d\udcaa\ud83d\udcaa","Romo doesn't choke that bad..","Came back strong \ud83d\udcaa\ud83d\udcaa","Romo doesn't choke that bad.."],"messages_no":6,"bad_words":[],"bad_words_no":0,"weight":0,"location":[[31.44517582,-110.98725733],[31.44509926,-110.9872974],[31.44517582,-110.98725733],[31.44509926,-110.9872974],[31.44517582,-110.98725733],[31.44509926,-110.9872974]],"friends":[1,2,3,4]}