{"messages":["ROAD TRIPPP\u203c\ufe0f\u203c\ufe0f(beep beep)\ud83d\ude97\u270b","#DearFutureHusband \ud83d\ude0d\ud83d\ude0d\ud83d\ude0d http:\/\/t.co\/7g2EsjNT3o","ROAD TRIPPP\u203c\ufe0f\u203c\ufe0f(beep beep)\ud83d\ude97\u270b","#DearFutureHusband \ud83d\ude0d\ud83d\ude0d\ud83d\ude0d http:\/\/t.co\/7g2EsjNT3o","ROAD TRIPPP\u203c\ufe0f\u203c\ufe0f(beep beep)\ud83d\ude97\u270b","#DearFutureHusband \ud83d\ude0d\ud83d\ude0d\ud83d\ude0d http:\/\/t.co\/7g2EsjNT3o"],"messages_no":6,"bad_words":[],"bad_words_no":3,"weight":0,"location":[[32.32716921,-90.85226303],[32.30808282,-90.85031382],[32.32716921,-90.85226303],[32.30808282,-90.85031382],[32.32716921,-90.85226303],[32.30808282,-90.85031382]],"friends":[1,2,3,4]}