{"messages":["Take that fake I love you and go.","@ch_orange13 @Joel_Nunez9 I don't want to text him.","Take that fake I love you and go.","@ch_orange13 @Joel_Nunez9 I don't want to text him.","Take that fake I love you and go.","@ch_orange13 @Joel_Nunez9 I don't want to text him."],"messages_no":6,"bad_words":[],"bad_words_no":0,"weight":0,"location":[[42.51792269,-70.95174359],[42.48584018,-70.93311572],[42.51792269,-70.95174359],[42.48584018,-70.93311572],[42.51792269,-70.95174359],[42.48584018,-70.93311572]],"friends":[1,2,3,4]}