{"messages":["Oonf is really fun to talk to","Just gonna go to bed.","Oonf is really fun to talk to","Just gonna go to bed.","Oonf is really fun to talk to","Just gonna go to bed."],"messages_no":6,"bad_words":[],"bad_words_no":0,"weight":0,"location":[[27.6637229,-97.3653143],[27.6636909,-97.365293],[27.6637229,-97.3653143],[27.6636909,-97.365293],[27.6637229,-97.3653143],[27.6636909,-97.365293]],"friends":[1,2,3,4]}