{"messages":["@LilahKirchner I have a lot if leg hair.","@LilahKirchner I have a lot if leg hair.","@elainemarie44 not gonna lie. Y'all are pretty cute.","I wish your tweets about me.","@LilahKirchner I have a lot if leg hair.","@elainemarie44 not gonna lie. Y'all are pretty cute."],"messages_no":6,"bad_words":[],"bad_words_no":0,"weight":0,"location":[[43.00375115,-83.72335078],[43.00375115,-83.72335078],[43.29540081,-83.55398512],[43.29544649,-83.5538205],[43.00375115,-83.72335078],[43.29540081,-83.55398512]],"friends":[1,2,3,4]}