{"messages":["God is good, no doubt! #thankful \ud83d\ude4f","God is good, no doubt! #thankful \ud83d\ude4f","God is good, no doubt! #thankful \ud83d\ude4f"],"messages_no":3,"bad_words":[],"bad_words_no":0,"weight":0,"location":[[35.10390054,-106.59802666],[35.10390054,-106.59802666],[35.10390054,-106.59802666]],"friends":[1,2,3,4]}