{"messages":["Holy shit @oomf \ud83d\ude0d\ud83d\ude0d\ud83d\ude0d\ud83d\ude2d","Holy shit @oomf \ud83d\ude0d\ud83d\ude0d\ud83d\ude0d\ud83d\ude2d","Holy shit @oomf \ud83d\ude0d\ud83d\ude0d\ud83d\ude0d\ud83d\ude2d"],"messages_no":3,"bad_words":[],"bad_words_no":3,"weight":0,"location":[[40.75044772,-74.16406427],[40.75044772,-74.16406427],[40.75044772,-74.16406427]],"friends":[1,2,3,4]}