{"messages":["#quotethiswithapictureofusfrom2013","#quotethiswithapictureofusfrom2013","#quotethiswithapictureofusfrom2013"],"messages_no":3,"bad_words":[],"bad_words_no":0,"weight":0,"location":[[32.36590247,-83.66261697],[32.36590247,-83.66261697],[32.36590247,-83.66261697]],"friends":[1,2,3,4]}