{"messages":["This mo fucka @olgsxo still sleeping like bitch it's almost 3","Tom Hardy in inception is just \ud83d\ude2b\u2764\ufe0f\ud83d\udd25\ud83d\ude4c","This mo fucka @olgsxo still sleeping like bitch it's almost 3","Tom Hardy in inception is just \ud83d\ude2b\u2764\ufe0f\ud83d\udd25\ud83d\ude4c"],"messages_no":4,"bad_words":[],"bad_words_no":4,"weight":0,"location":[42.60149745,-76.18981298,42.60134279,-76.18963336,42.60149745,-76.18981298,42.60134279,-76.18963336]}