{"messages":["Uff Alex is fucking hot (:","Uff Alex is fucking hot (:","\u201c@Uhh_Cakes: You can't even be there when I need you the most. fuck you .\u201d","Uff Alex is fucking hot (:"],"messages_no":4,"bad_words":[],"bad_words_no":4,"weight":0,"location":[[39.1829177,-119.7554847],[39.1829177,-119.7554847],[39.18270296,-119.75559093],[39.1829177,-119.7554847]],"friends":[1,2,3,4]}