{"messages":["Not a good way to start my fucking day #NotHappy","Not a good way to start my fucking day #NotHappy","#lazyday","Not a good way to start my fucking day #NotHappy","Not a good way to start my fucking day #NotHappy"],"messages_no":5,"bad_words":[],"bad_words_no":3,"weight":0,"location":[42.92431766,-84.26303577,42.92431766,-84.26303577,42.92429439,-84.26308609,42.92431766,-84.26303577,42.92431766,-84.26303577]}