{"messages":["Well that was scary","Well that was scary","It better be like that for everyone.","What are we even watching","Well that was scary","It better be like that for everyone."],"messages_no":6,"bad_words":[],"bad_words_no":0,"weight":0,"location":[[30.5185301,-97.8284906],[30.5185301,-97.8284906],[30.51260976,-97.80451778],[30.507262,-97.693638],[30.5185301,-97.8284906],[30.51260976,-97.80451778]],"friends":[1,2,3,4]}