{"messages":["Still wearing my 49ers stuff doe \u2764\ufe0f\ud83d\udc9b","@cynthianoelle that's why we played better against them\ud83d\ude02\ud83d\udc4c","Still wearing my 49ers stuff doe \u2764\ufe0f\ud83d\udc9b","@cynthianoelle that's why we played better against them\ud83d\ude02\ud83d\udc4c","Still wearing my 49ers stuff doe \u2764\ufe0f\ud83d\udc9b","@cynthianoelle that's why we played better against them\ud83d\ude02\ud83d\udc4c"],"messages_no":6,"bad_words":[],"bad_words_no":0,"weight":0,"location":[[34.222673,-119.06012045],[34.22277384,-119.06023484],[34.222673,-119.06012045],[34.22277384,-119.06023484],[34.222673,-119.06012045],[34.22277384,-119.06023484]],"friends":[1,2,3,4]}