{"messages":["@morganmccloud same here... \ud83d\ude02\ud83d\ude33","@morganmccloud same here... \ud83d\ude02\ud83d\ude33","@morganmccloud same here... \ud83d\ude02\ud83d\ude33"],"messages_no":3,"bad_words":[],"bad_words_no":0,"weight":0,"location":[[41.92334225,-84.06332208],[41.92334225,-84.06332208],[41.92334225,-84.06332208]],"friends":[1,2,3,4]}