{"messages":["@_SittinPrettyy head ass","@_SittinPrettyy head ass","My mom just irritated the fuck outta me","Ayeeee A2 Squad If We All Went To The Same School And Had Classes Together We Wud Stay in Trouble And Getting Kicked Out lol","@oVoWilll ok my bad is this better \ud83d\udc4a\ud83d\udc4a","@oVoWilll well that too if I'm knocked","@_SittinPrettyy head ass"],"messages_no":7,"bad_words":[],"bad_words_no":1,"weight":0,"location":[[38.93544869,-76.85892076],[38.93544869,-76.85892076],[38.90778149,-76.87614424],[38.89992474,-76.79532352],[38.90770441,-76.87615539],[38.90773095,-76.87611988],[38.93544869,-76.85892076]],"friends":[1,2,3,4]}