{"messages":["@NegritoJosh dont me me lmaoo","&amp;&amp;  it never takes too long.","@NegritoJosh dont me me lmaoo","&amp;&amp;  it never takes too long.","@NegritoJosh dont me me lmaoo","&amp;&amp;  it never takes too long."],"messages_no":6,"bad_words":[],"bad_words_no":0,"weight":0,"location":[[40.71010175,-73.95321741],[40.71006661,-73.95313935],[40.71010175,-73.95321741],[40.71006661,-73.95313935],[40.71010175,-73.95321741],[40.71006661,-73.95313935]],"friends":[1,2,3,4]}