{"messages":["Getting sick \ud83d\ude1e","Getting sick \ud83d\ude1e","Getting sick \ud83d\ude1e"],"messages_no":3,"bad_words":[],"bad_words_no":0,"weight":0,"location":[[40.86641323,-74.19477586],[40.86641323,-74.19477586],[40.86641323,-74.19477586]],"friends":[1,2,3,4]}