{"messages":["IT'S OVER!!!","IT'S OVER!!!","IT'S OVER!!!"],"messages_no":3,"bad_words":[],"bad_words_no":0,"weight":0,"location":[[42.36177123,-122.86143056],[42.36177123,-122.86143056],[42.36177123,-122.86143056]],"friends":[1,2,3,4]}