{"messages":["Out here playing basketball in the rain","Out here playing basketball in the rain","@its_angieetho @bigdaddyrivas lmao I'm joking gosh \ud83d\ude02","@joanainjoque in that case go to both \ud83d\ude0f","Out here playing basketball in the rain","@its_angieetho @bigdaddyrivas lmao I'm joking gosh \ud83d\ude02"],"messages_no":6,"bad_words":[],"bad_words_no":0,"weight":0,"location":[[33.88942789,-118.34925246],[33.88942789,-118.34925246],[33.88944004,-118.34928808],[33.91043528,-118.35120771],[33.88942789,-118.34925246],[33.88944004,-118.34928808]],"friends":[1,2,3,4]}