{"messages":["@JordynLeonard love you too baby! \ud83d\udc8b","@seckinger37 I just wanna be loved like them dammit \ud83d\ude29","@JordynLeonard love you too baby! \ud83d\udc8b","@seckinger37 I just wanna be loved like them dammit \ud83d\ude29","My left eye has been watering since 8 AM","@JordynLeonard love you too baby! \ud83d\udc8b","@seckinger37 I just wanna be loved like them dammit \ud83d\ude29","My left eye has been watering since 8 AM"],"messages_no":8,"bad_words":[],"bad_words_no":0,"weight":0,"location":[[32.42464322,-81.78245122],[32.25219981,-81.21411051],[32.42464322,-81.78245122],[32.25219981,-81.21411051],[32.24682836,-81.22030301],[32.42464322,-81.78245122],[32.25219981,-81.21411051],[32.24682836,-81.22030301]],"friends":[1,2,3,4]}