{"messages":["Maybe getting a car.","Got to get some rest. Wedding tomorrow. \ud83d\udc6b\ud83d\udc8d","Maybe getting a car.","Got to get some rest. Wedding tomorrow. \ud83d\udc6b\ud83d\udc8d","Maybe getting a car.","Got to get some rest. Wedding tomorrow. \ud83d\udc6b\ud83d\udc8d"],"messages_no":6,"bad_words":[],"bad_words_no":0,"weight":0,"location":[[32.08729654,-96.43145719],[32.08348432,-96.49403208],[32.08729654,-96.43145719],[32.08348432,-96.49403208],[32.08729654,-96.43145719],[32.08348432,-96.49403208]],"friends":[1,2,3,4]}