{"messages":["Chloe's quince \u263a\ufe0f","Chloe's quince \u263a\ufe0f","Chloe's quince \u263a\ufe0f"],"messages_no":3,"bad_words":[],"bad_words_no":0,"weight":0,"location":[[27.7291821,-98.06503454],[27.7291821,-98.06503454],[27.7291821,-98.06503454]],"friends":[1,2,3,4]}