{"messages":["We're so gonna win","We're so gonna win","We're so gonna win"],"messages_no":3,"bad_words":[],"bad_words_no":0,"weight":0,"location":[[32.14291423,-110.9361225],[32.14291423,-110.9361225],[32.14291423,-110.9361225]],"friends":[1,2,3,4]}