{"messages":["@delaneyray06 thanks haha","@delaneyray06 thanks haha"],"messages_no":2,"bad_words":[],"bad_words_no":0,"weight":0,"location":[41.72670503,-88.11267875,41.72670503,-88.11267875]}