{"messages":["This is embarrassing","This is embarrassing","This is embarrassing"],"messages_no":3,"bad_words":[],"bad_words_no":0,"weight":0,"location":[[40.01346048,-83.17868743],[40.01346048,-83.17868743],[40.01346048,-83.17868743]],"friends":[1,2,3,4]}