{"messages":["Season 2 sucks #ahs http:\/\/t.co\/61Dl9Wt12T","Season 2 sucks #ahs http:\/\/t.co\/61Dl9Wt12T","Season 2 sucks #ahs http:\/\/t.co\/61Dl9Wt12T"],"messages_no":3,"bad_words":[],"bad_words_no":0,"weight":0,"location":[[38.01560585,-97.3302412],[38.01560585,-97.3302412],[38.01560585,-97.3302412]],"friends":[1,2,3,4]}