{"messages":["Lol hey","Lol hey","Just too much has been going on","It's 4 in the morning......","Guess who's it is?","Lol hey"],"messages_no":6,"bad_words":[],"bad_words_no":0,"weight":0,"location":[[35.94566384,-97.26263811],[35.94566384,-97.26263811],[35.94429792,-97.26435845],[35.94412457,-97.2643577],[35.9442836,-97.26444561],[35.94566384,-97.26263811]],"friends":[1,2,3,4]}