{"messages":["What an asshole","What an asshole"],"messages_no":2,"bad_words":[],"bad_words_no":0,"weight":0,"location":[40.19900124,-76.73333618,40.19900124,-76.73333618]}