{"messages":["@TheVandalEdgar but I'm Queen Bee\ud83d\udc51","@TheVandalEdgar but I'm Queen Bee\ud83d\udc51","@TheVandalEdgar but I'm Queen Bee\ud83d\udc51"],"messages_no":3,"bad_words":[],"bad_words_no":0,"weight":0,"location":[32.79158775,-117.19101316,32.79158775,-117.19101316,32.79158775,-117.19101316]}