{"messages":["Time to plan up ||","Time to plan up ||","Time to plan up ||"],"messages_no":3,"bad_words":[],"bad_words_no":0,"weight":0,"location":[29.71152688,-95.64711146,29.71152688,-95.64711146,29.71152688,-95.64711146]}