{"messages":["Time to plan up ||","Time to plan up ||","It only takes dedication and motivation ||","Time to plan up ||"],"messages_no":4,"bad_words":[],"bad_words_no":0,"weight":0,"location":[[29.71152688,-95.64711146],[29.71152688,-95.64711146],[29.71703043,-95.55578571],[29.71152688,-95.64711146]],"friends":[1,2,3,4]}