{"messages":["@nathanprice1398 I know but shit can change!","@nathanprice1398 I know but shit can change!","@nathanprice1398 I know but shit can change!"],"messages_no":3,"bad_words":[],"bad_words_no":3,"weight":0,"location":[40.15123188,-105.14378546,40.15123188,-105.14378546,40.15123188,-105.14378546]}