{"messages":["\u201c@anxietea_: We out here http:\/\/t.co\/EH0Cuk2oLr\u201d \ud83c\udf1a","\u201c@anxietea_: We out here http:\/\/t.co\/EH0Cuk2oLr\u201d \ud83c\udf1a","\u201c@anxietea_: We out here http:\/\/t.co\/EH0Cuk2oLr\u201d \ud83c\udf1a"],"messages_no":3,"bad_words":[],"bad_words_no":0,"weight":0,"location":[[39.64406798,-104.80215115],[39.64406798,-104.80215115],[39.64406798,-104.80215115]],"friends":[1,2,3,4]}