{"messages":["Im about to rewatch Shakira &amp; Rihanna","Mmmm some @TreySongz before I fall asleep? \ud83d\udc45\ud83d\udc45\ud83d\udc45\ud83d\udc45\ud83d\udca6\ud83d\udca6\ud83d\udca6\ud83d\udca6\ud83d\udca6","Im about to rewatch Shakira &amp; Rihanna","Mmmm some @TreySongz before I fall asleep? \ud83d\udc45\ud83d\udc45\ud83d\udc45\ud83d\udc45\ud83d\udca6\ud83d\udca6\ud83d\udca6\ud83d\udca6\ud83d\udca6","Mmmm some @TreySongz before I fall asleep? \ud83d\udc45\ud83d\udc45\ud83d\udc45\ud83d\udc45\ud83d\udca6\ud83d\udca6\ud83d\udca6\ud83d\udca6\ud83d\udca6"],"messages_no":5,"bad_words":[],"bad_words_no":0,"weight":0,"location":[39.7861382,-104.8219448,39.7862962,-104.8218744,39.7861382,-104.8219448,39.7862962,-104.8218744,39.7862962,-104.8218744]}