{"messages":["@jaedynb I'm here jay bug \ud83d\udc81","@jaedynb I'm here jay bug \ud83d\udc81","@jaedynb I'm here jay bug \ud83d\udc81"],"messages_no":3,"bad_words":[],"bad_words_no":0,"weight":0,"location":[[35.23545886,-95.12478612],[35.23545886,-95.12478612],[35.23545886,-95.12478612]],"friends":[1,2,3,4]}