{"messages":["\u201c@noahwithlobes: I love my squad\u201d","\u201c@noahwithlobes: I love my squad\u201d","\u201c@noahwithlobes: I love my squad\u201d"],"messages_no":3,"bad_words":[],"bad_words_no":0,"weight":0,"location":[[37.22182578,-121.88882562],[37.22182578,-121.88882562],[37.22182578,-121.88882562]],"friends":[1,2,3,4]}