{"messages":["@CaseyMariee22 @HornyFacts  I'm so funny!!!","@CaseyMariee22 @HornyFacts  I'm so funny!!!","Possibly getting another tattoo soon with my best friend @CaseyMariee22  \ud83d\ude01\ud83d\ude0a","@CaseyMariee22 @HornyFacts  I'm so funny!!!","@CaseyMariee22 @HornyFacts  I'm so funny!!!","Possibly getting another tattoo soon with my best friend @CaseyMariee22  \ud83d\ude01\ud83d\ude0a"],"messages_no":6,"bad_words":[],"bad_words_no":0,"weight":0,"location":[42.69763013,-83.5640414,42.69763013,-83.5640414,42.69771877,-83.56422018,42.69763013,-83.5640414,42.69763013,-83.5640414,42.69771877,-83.56422018]}