{"messages":["Why did I do that?","Why did I do that?","Why did I do that?"],"messages_no":3,"bad_words":[],"bad_words_no":0,"weight":0,"location":[[34.90968928,-78.00080379],[34.90968928,-78.00080379],[34.90968928,-78.00080379]],"friends":[1,2,3,4]}