{"messages":["Wow it actually feels like normal weather outside","@Cdlee23 I keep making it to 4&amp;5 but nothing past it\ud83d\ude2a\ud83d\ude24","Wow it actually feels like normal weather outside","@Cdlee23 I keep making it to 4&amp;5 but nothing past it\ud83d\ude2a\ud83d\ude24","Wow it actually feels like normal weather outside","@Cdlee23 I keep making it to 4&amp;5 but nothing past it\ud83d\ude2a\ud83d\ude24","Wow it actually feels like normal weather outside","@Cdlee23 I keep making it to 4&amp;5 but nothing past it\ud83d\ude2a\ud83d\ude24"],"messages_no":8,"bad_words":[],"bad_words_no":0,"weight":0,"location":[39.12858256,-84.51816434,39.13102539,-84.51264761,39.12858256,-84.51816434,39.13102539,-84.51264761,39.12858256,-84.51816434,39.13102539,-84.51264761,39.12858256,-84.51816434,39.13102539,-84.51264761]}