{"messages":["the story of my life \u261d\ufe0f","the story of my life \u261d\ufe0f"],"messages_no":2,"bad_words":[],"bad_words_no":0,"weight":0,"location":[27.75492433,-98.07162951,27.75492433,-98.07162951]}