{"messages":["GET LIKE ME.","&amp; everytime she knocks I can't help but let her In (;","GET LIKE ME.","&amp; everytime she knocks I can't help but let her In (;","GET LIKE ME.","&amp; everytime she knocks I can't help but let her In (;"],"messages_no":6,"bad_words":[],"bad_words_no":0,"weight":0,"location":[[41.92652062,-87.71931673],[41.92645644,-87.71916965],[41.92652062,-87.71931673],[41.92645644,-87.71916965],[41.92652062,-87.71931673],[41.92645644,-87.71916965]],"friends":[1,2,3,4]}