{"messages":["Hands on the wheeeel","Unexpected texts from that one person &gt;&gt;&gt;\u2764\ud83d\udc4c\ud83d\ude02\ud83d\ude02\ud83d\ude02","Hands on the wheeeel","Unexpected texts from that one person &gt;&gt;&gt;\u2764\ud83d\udc4c\ud83d\ude02\ud83d\ude02\ud83d\ude02"],"messages_no":4,"bad_words":[],"bad_words_no":0,"weight":0,"location":[33.71680296,-116.24110073,33.71696215,-116.24102064,33.71680296,-116.24110073,33.71696215,-116.24102064]}