{"messages":["My mind fucks with me.","My mind fucks with me.","My mind fucks with me."],"messages_no":3,"bad_words":[],"bad_words_no":3,"weight":0,"location":[[37.93581485,-122.35887137],[37.93581485,-122.35887137],[37.93581485,-122.35887137]],"friends":[1,2,3,4]}