{"messages":["@ChrisCalor you're *","@ChrisCalor you're *","@ChrisCalor you're *"],"messages_no":3,"bad_words":[],"bad_words_no":0,"weight":0,"location":[[34.2428207,-119.1720218],[34.2428207,-119.1720218],[34.2428207,-119.1720218]],"friends":[1,2,3,4]}