{"messages":["Nobody ever understands","Nobody ever understands","Nobody ever understands"],"messages_no":3,"bad_words":[],"bad_words_no":0,"weight":0,"location":[[47.72656926,-122.32554818],[47.72656926,-122.32554818],[47.72656926,-122.32554818]],"friends":[1,2,3,4]}