{"messages":["Alright I just got in this flirty mood \ud83d\ude0f","How am I alive rn holy fuck","Alright I just got in this flirty mood \ud83d\ude0f","How am I alive rn holy fuck","I am SO fucking clumsy","Alright I just got in this flirty mood \ud83d\ude0f","How am I alive rn holy fuck","I am SO fucking clumsy"],"messages_no":8,"bad_words":[],"bad_words_no":5,"weight":0,"location":[[41.24791484,-96.15489057],[41.25381771,-96.1573306],[41.24791484,-96.15489057],[41.25381771,-96.1573306],[41.29489718,-96.13270512],[41.24791484,-96.15489057],[41.25381771,-96.1573306],[41.29489718,-96.13270512]],"friends":[1,2,3,4]}