{"messages":["I cut my finger \ud83d\ude11\ud83d\ude29","I cut my finger \ud83d\ude11\ud83d\ude29"],"messages_no":2,"bad_words":[],"bad_words_no":0,"weight":0,"location":[42.68372571,-87.82745984,42.68372571,-87.82745984]}