{"messages":["I've had friends","I've had friends","\u201c@ThatBucketList: before i die,i want to http:\/\/t.co\/3nLMBHMVoD\u201dnext year","I've had friends"],"messages_no":4,"bad_words":[],"bad_words_no":0,"weight":0,"location":[[29.56873554,-98.52087128],[29.56873554,-98.52087128],[29.56874787,-98.52090787],[29.56873554,-98.52087128]],"friends":[1,2,3,4]}