{"messages":["#EsuranceSave30","#EsuranceSave30","#EsuranceSave30"],"messages_no":3,"bad_words":[],"bad_words_no":0,"weight":0,"location":[[40.66508091,-111.81392203],[40.66508091,-111.81392203],[40.66508091,-111.81392203]],"friends":[1,2,3,4]}