{"messages":["My one and only","My one and only","@lilwhitneyyy @guidry_fallon turn up","My one and only"],"messages_no":4,"bad_words":[],"bad_words_no":0,"weight":0,"location":[[30.2790933,-91.9005959],[30.2790933,-91.9005959],[30.2758927,-91.9011362],[30.2790933,-91.9005959]],"friends":[1,2,3,4]}