{"messages":["so many appointments today \ud83c\udf43\ud83c\udf41\ud83c\udf43","so many appointments today \ud83c\udf43\ud83c\udf41\ud83c\udf43","so many appointments today \ud83c\udf43\ud83c\udf41\ud83c\udf43","so many appointments today \ud83c\udf43\ud83c\udf41\ud83c\udf43"],"messages_no":4,"bad_words":[],"bad_words_no":0,"weight":0,"location":[40.70930641,-73.73076677,40.70930641,-73.73076677,40.70930641,-73.73076677,40.70930641,-73.73076677]}