{"messages":["Beef is on my entree #gain","Beef is on my entree #gain","Beef is on my entree #gain"],"messages_no":3,"bad_words":[],"bad_words_no":0,"weight":0,"location":[[36.61249156,-82.14548643],[36.61249156,-82.14548643],[36.61249156,-82.14548643]],"friends":[1,2,3,4]}