{"messages":["and pizza","and pizza","Ok I'm calm \ud83d\ude0c but she still better watch her back LOL","and pizza","Ok I'm calm \ud83d\ude0c but she still better watch her back LOL"],"messages_no":5,"bad_words":[],"bad_words_no":0,"weight":0,"location":[[44.97736077,-92.94623662],[44.97736077,-92.94623662],[44.97733768,-92.94642722],[44.97736077,-92.94623662],[44.97733768,-92.94642722]],"friends":[1,2,3,4]}