{"messages":["Bout to Drake .","Bout to Drake .","Bout to Drake ."],"messages_no":3,"bad_words":[],"bad_words_no":0,"weight":0,"location":[[41.708934,-87.7786958],[41.708934,-87.7786958],[41.708934,-87.7786958]],"friends":[1,2,3,4]}