{"messages":["Shawn and Cory remind me of me and jasmine \ud83d\ude02","@Jess_resendiz lmao I was laughing a little \ud83d\ude02\ud83d\ude02\ud83d\ude02","Shawn and Cory remind me of me and jasmine \ud83d\ude02","Shawn and Cory remind me of me and jasmine \ud83d\ude02"],"messages_no":4,"bad_words":[],"bad_words_no":0,"weight":0,"location":[33.50846891,-117.12939427,33.50854546,-117.12945972,33.50846891,-117.12939427,33.50846891,-117.12939427]}