{"messages":["Hiiii @ETarnaski @lmitchell426 I play at Calvin today! \u263a\ufe0f","@_NumeroUno1 @TwerkTeamVines @SierraCalhoun \ud83d\ude02\ud83d\ude02\ud83d\ude02\ud83d\ude02\ud83d\ude02 that's great.","Hiiii @ETarnaski @lmitchell426 I play at Calvin today! \u263a\ufe0f","Hiiii @ETarnaski @lmitchell426 I play at Calvin today! \u263a\ufe0f"],"messages_no":4,"bad_words":[],"bad_words_no":3,"weight":0,"location":[42.92664212,-85.56897122,41.90559283,-84.02023617,42.92664212,-85.56897122,42.92664212,-85.56897122]}