{"messages":["Every dog has its day","Every dog has its day","Every dog has its day"],"messages_no":3,"bad_words":[],"bad_words_no":0,"weight":0,"location":[[40.72792606,-73.73531068],[40.72792606,-73.73531068],[40.72792606,-73.73531068]],"friends":[1,2,3,4]}