{"messages":["#Fireballs","#Fireballs","#Fireballs"],"messages_no":3,"bad_words":[],"bad_words_no":0,"weight":0,"location":[[25.6303571,-80.45506508],[25.6303571,-80.45506508],[25.6303571,-80.45506508]],"friends":[1,2,3,4]}