{"messages":["That nigga with his horse lips \ud83d\ude02\ud83d\ude02\ud83d\ude02\ud83d\ude02\ud83d\ude02\ud83d\ude02\ud83d\ude2d good night","That nigga with his horse lips \ud83d\ude02\ud83d\ude02\ud83d\ude02\ud83d\ude02\ud83d\ude02\ud83d\ude02\ud83d\ude2d good night","That nigga with his horse lips \ud83d\ude02\ud83d\ude02\ud83d\ude02\ud83d\ude02\ud83d\ude02\ud83d\ude02\ud83d\ude2d good night"],"messages_no":3,"bad_words":[],"bad_words_no":3,"weight":0,"location":[29.42598634,-98.69806676,29.42598634,-98.69806676,29.42598634,-98.69806676]}