{"messages":["@SteveRobs63 sup wit it !","@SteveRobs63 sup wit it !","Much rather have someone else sleep in my bed then my 2 big ass dogs \ud83d\ude02","@SteveRobs63 sup wit it !"],"messages_no":4,"bad_words":[],"bad_words_no":0,"weight":0,"location":[[39.8276037,-75.14142202],[39.8276037,-75.14142202],[39.82732272,-75.14172913],[39.8276037,-75.14142202]],"friends":[1,2,3,4]}