{"messages":["Let's play quiz up or what's up","@SoniMartini me either I'm like half asleep right now","Let's play quiz up or what's up","@SoniMartini me either I'm like half asleep right now","Let's play quiz up or what's up","@SoniMartini me either I'm like half asleep right now"],"messages_no":6,"bad_words":[],"bad_words_no":0,"weight":0,"location":[[44.56371218,-123.26826765],[44.56380999,-123.26821444],[44.56371218,-123.26826765],[44.56380999,-123.26821444],[44.56371218,-123.26826765],[44.56380999,-123.26821444]],"friends":[1,2,3,4]}