{"messages":["Why not give it a try...","Why not give it a try...","Why not give it a try..."],"messages_no":3,"bad_words":[],"bad_words_no":0,"weight":0,"location":[[37.3290487,-121.8458447],[37.3290487,-121.8458447],[37.3290487,-121.8458447]],"friends":[1,2,3,4]}