{"messages":["Sherman down again","Sherman down again","Sherman down again"],"messages_no":3,"bad_words":[],"bad_words_no":0,"weight":0,"location":[[44.9509417,-93.0219838],[44.9509417,-93.0219838],[44.9509417,-93.0219838]],"friends":[1,2,3,4]}