{"messages":["@santangeloa09 oh my bad","@santangeloa09 oh my bad","@santangeloa09 oh my bad"],"messages_no":3,"bad_words":[],"bad_words_no":0,"weight":0,"location":[35.5491918,-77.4394547,35.5491918,-77.4394547,35.5491918,-77.4394547]}