{"messages":["U thou i was ent","U thou i was ent"],"messages_no":2,"bad_words":[],"bad_words_no":0,"weight":0,"location":[39.20859532,-84.55955109,39.20859532,-84.55955109]}