{"messages":["She still my friend \ud83d\ude01\ud83d\ude01\ud83d\ude01","She still my friend \ud83d\ude01\ud83d\ude01\ud83d\ude01","2shine!!","She still my friend \ud83d\ude01\ud83d\ude01\ud83d\ude01","2shine!!"],"messages_no":5,"bad_words":[],"bad_words_no":0,"weight":0,"location":[[40.76265039,-74.22318078],[40.76265039,-74.22318078],[40.76244029,-74.222878],[40.76265039,-74.22318078],[40.76244029,-74.222878]],"friends":[1,2,3,4]}