{"messages":["Our mom's are gossiping about us in the living room -_- @andrearamoss","I'm going to visit the sky today","Phuneus understands me","Our mom's are gossiping about us in the living room -_- @andrearamoss","I'm going to visit the sky today","Phuneus understands me","I'd be a savage beast if I ain't had this outlet to salvage me inside","Our mom's are gossiping about us in the living room -_- @andrearamoss","I'm going to visit the sky today","Phuneus understands me","I'd be a savage beast if I ain't had this outlet to salvage me inside"],"messages_no":11,"bad_words":[],"bad_words_no":0,"weight":0,"location":[[32.38671484,-96.83168602],[32.3865529,-96.8319581],[32.38685536,-96.83162919],[32.38671484,-96.83168602],[32.3865529,-96.8319581],[32.38685536,-96.83162919],[32.38728134,-96.83112158],[32.38671484,-96.83168602],[32.3865529,-96.8319581],[32.38685536,-96.83162919],[32.38728134,-96.83112158]],"friends":[1,2,3,4]}