{"messages":["Ok. Fuck you too Darian","Ok. Fuck you too Darian","Ok. Fuck you too Darian"],"messages_no":3,"bad_words":[],"bad_words_no":3,"weight":0,"location":[29.50095437,-97.97596601,29.50095437,-97.97596601,29.50095437,-97.97596601]}