{"messages":["Rejex mixtape is cool","Rejex mixtape is cool","Rejex mixtape is cool"],"messages_no":3,"bad_words":[],"bad_words_no":0,"weight":0,"location":[[34.03954002,-118.2907352],[34.03954002,-118.2907352],[34.03954002,-118.2907352]],"friends":[1,2,3,4]}