{"messages":["birthdaaayyyy sexxxxx","birthdaaayyyy sexxxxx","birthdaaayyyy sexxxxx"],"messages_no":3,"bad_words":[],"bad_words_no":0,"weight":0,"location":[40.20846213,-75.46964582,40.20846213,-75.46964582,40.20846213,-75.46964582]}