{"messages":["SEAHAWKS!!","SEAHAWKS!!","SEAHAWKS!!"],"messages_no":3,"bad_words":[],"bad_words_no":0,"weight":0,"location":[[37.33114818,-77.41673743],[37.33114818,-77.41673743],[37.33114818,-77.41673743]],"friends":[1,2,3,4]}