{"messages":["Twisting","Shiiiit \ud83d\ude11"],"messages_no":2,"bad_words":[],"bad_words_no":0,"weight":0,"location":[[45.15465035,-93.37871332],[45.15459486,-93.37884011]]}