{"messages":["Twisting","Shiiiit \ud83d\ude11","Twisting","Shiiiit \ud83d\ude11"],"messages_no":4,"bad_words":[],"bad_words_no":0,"weight":0,"location":[45.15465035,-93.37871332,45.15459486,-93.37884011,45.15465035,-93.37871332,45.15459486,-93.37884011]}