{"messages":["Guess Beiber wasn't drag racing","Guess Beiber wasn't drag racing","Guess Beiber wasn't drag racing"],"messages_no":3,"bad_words":[],"bad_words_no":0,"weight":0,"location":[45.55499368,-94.19169598,45.55499368,-94.19169598,45.55499368,-94.19169598]}