{"messages":["gonna listen to pandora..","@prettygrl_rocky will never notice me.. lol \ud83d\ude1e\ud83d\ude1e\ud83d\ude1e\ud83d\ude1e\ud83d\ude1e","hope i get to see antwan tomorrow, or something.. i miss him \ud83d\ude1e","gonna listen to pandora..","@prettygrl_rocky will never notice me.. lol \ud83d\ude1e\ud83d\ude1e\ud83d\ude1e\ud83d\ude1e\ud83d\ude1e","@prettygrl_rocky will never notice me.. lol \ud83d\ude1e\ud83d\ude1e\ud83d\ude1e\ud83d\ude1e\ud83d\ude1e","hope i get to see antwan tomorrow, or something.. i miss him \ud83d\ude1e","hope i get to see antwan tomorrow, or something.. i miss him \ud83d\ude1e"],"messages_no":8,"bad_words":[],"bad_words_no":0,"weight":0,"location":[42.23302614,-96.47185256,42.23355115,-96.47139514,42.23325998,-96.47113908,42.23302614,-96.47185256,42.23355115,-96.47139514,42.23355115,-96.47139514,42.23325998,-96.47113908,42.23325998,-96.47113908]}