{"messages":["sleepover with this bitch http:\/\/t.co\/u6vYCvhFGX","sleepover with this bitch http:\/\/t.co\/u6vYCvhFGX","23- love you beautiful \ud83d\udc95\ud83d\udc95","sleepover with this bitch http:\/\/t.co\/u6vYCvhFGX","23- love you beautiful \ud83d\udc95\ud83d\udc95"],"messages_no":5,"bad_words":[],"bad_words_no":3,"weight":0,"location":[[33.84316205,-117.86396901],[33.84316205,-117.86396901],[33.89405593,-117.92818606],[33.84316205,-117.86396901],[33.89405593,-117.92818606]],"friends":[1,2,3,4]}