{"messages":["Can a girl get a bong","Can a girl get a bong","Can a girl get a bong"],"messages_no":3,"bad_words":[],"bad_words_no":0,"weight":0,"location":[[37.21286033,-93.29245384],[37.21286033,-93.29245384],[37.21286033,-93.29245384]],"friends":[1,2,3,4]}