{"messages":["Happiness is hard to come by","Happiness is hard to come by","Happiness is hard to come by"],"messages_no":3,"bad_words":[],"bad_words_no":0,"weight":0,"location":[[42.07962209,-78.48365565],[42.07962209,-78.48365565],[42.07962209,-78.48365565]],"friends":[1,2,3,4]}