{"messages":["@gagenugent1 that's 100% true \ud83d\ude02\ud83d\ude02","@gagenugent1 that's 100% true \ud83d\ude02\ud83d\ude02","@gagenugent1 that's 100% true \ud83d\ude02\ud83d\ude02"],"messages_no":3,"bad_words":[],"bad_words_no":0,"weight":0,"location":[40.37983151,-80.01996639,40.37983151,-80.01996639,40.37983151,-80.01996639]}