{"messages":["Got it all glittered out \u2728\ud83d\ude0d http:\/\/t.co\/X0EPL9Vsgx","The super bowl shuffle. \ud83d\udc4c\ud83d\ude02 #Bears","Got it all glittered out \u2728\ud83d\ude0d http:\/\/t.co\/X0EPL9Vsgx","Got it all glittered out \u2728\ud83d\ude0d http:\/\/t.co\/X0EPL9Vsgx"],"messages_no":4,"bad_words":[],"bad_words_no":0,"weight":0,"location":[42.38768984,-89.02774937,42.14345654,-88.51084895,42.38768984,-89.02774937,42.38768984,-89.02774937]}