{"messages":["iPhone C or S #iPhone  #5c #5s","iPhone C or S #iPhone  #5c #5s","iPhone C or S #iPhone  #5c #5s"],"messages_no":3,"bad_words":[],"bad_words_no":0,"weight":0,"location":[[40.00217519,-79.60077181],[40.00217519,-79.60077181],[40.00217519,-79.60077181]],"friends":[1,2,3,4]}