{"messages":["He madd he mad he maddd","He madd he mad he maddd","He madd he mad he maddd"],"messages_no":3,"bad_words":[],"bad_words_no":0,"weight":0,"location":[[40.9125915,-72.8453348],[40.9125915,-72.8453348],[40.9125915,-72.8453348]],"friends":[1,2,3,4]}