{"messages":["@mariah_cody what's up","@Nocturnal_Much I'm gonna sing that song to a girl one day lol","Serina better stop retweeting me","@s_mcadory32 cause I said so \ud83d\ude1c","@mariah_cody what's up","@Nocturnal_Much I'm gonna sing that song to a girl one day lol","Serina better stop retweeting me","@s_mcadory32 cause I said so \ud83d\ude1c","@mariah_cody what's up","@Nocturnal_Much I'm gonna sing that song to a girl one day lol","Serina better stop retweeting me","@s_mcadory32 cause I said so \ud83d\ude1c"],"messages_no":12,"bad_words":[],"bad_words_no":0,"weight":0,"location":[[42.96259069,-87.87501199],[42.96258599,-87.87481028],[42.96249936,-87.87499476],[42.9625245,-87.87495587],[42.96259069,-87.87501199],[42.96258599,-87.87481028],[42.96249936,-87.87499476],[42.9625245,-87.87495587],[42.96259069,-87.87501199],[42.96258599,-87.87481028],[42.96249936,-87.87499476],[42.9625245,-87.87495587]],"friends":[1,2,3,4]}