{"messages":["@mlat2896 definitely*","@mlat2896 definitely*","@mlat2896 definitely*"],"messages_no":3,"bad_words":[],"bad_words_no":0,"weight":0,"location":[[40.68867686,-89.53614527],[40.68867686,-89.53614527],[40.68867686,-89.53614527]],"friends":[1,2,3,4]}