{"messages":["@barajasjacob7 you down ?","Same as always","@barajasjacob7 you down ?"],"messages_no":3,"bad_words":[],"bad_words_no":0,"weight":0,"location":[35.33923931,-119.08413507,35.34023967,-119.10354606,35.33923931,-119.08413507]}