{"messages":["Bitch. Would you stop staring at me.","Bitch. Would you stop staring at me.","Bitch. Would you stop staring at me.","Bitch. Would you stop staring at me."],"messages_no":4,"bad_words":[],"bad_words_no":0,"weight":0,"location":[32.40808212,-93.81657061,32.40808212,-93.81657061,32.40808212,-93.81657061,32.40808212,-93.81657061]}