{"messages":["@BPrater03 shot roulette!!!!\ud83d\ude02","@BPrater03 shot roulette!!!!\ud83d\ude02"],"messages_no":2,"bad_words":[],"bad_words_no":0,"weight":0,"location":[38.92055041,-94.49945693,38.92055041,-94.49945693]}