{"messages":["Wow I need to learn to drive","Wow I need to learn to drive","Wow I need to learn to drive"],"messages_no":3,"bad_words":[],"bad_words_no":0,"weight":0,"location":[[37.81719459,-96.87145011],[37.81719459,-96.87145011],[37.81719459,-96.87145011]],"friends":[1,2,3,4]}