{"messages":["@_sugarhigh_ what's going on in your head","@jsoriano_ ima DM you","@_sugarhigh_ what's going on in your head","@jsoriano_ ima DM you","@_sugarhigh_ what's going on in your head","@jsoriano_ ima DM you"],"messages_no":6,"bad_words":[],"bad_words_no":0,"weight":0,"location":[[36.17486967,-115.25253109],[36.15186076,-115.24338509],[36.17486967,-115.25253109],[36.15186076,-115.24338509],[36.17486967,-115.25253109],[36.15186076,-115.24338509]],"friends":[1,2,3,4]}