{"messages":["@TinyTashaXO assholes","@haleeymeoww @jeff_trav21 haha thanks \ud83d\ude0a","@haleeymeoww she is you're welcome","#EsuranceSave30"],"messages_no":4,"bad_words":[],"bad_words_no":0,"weight":0,"location":[[40.99745386,-82.11181833],[40.99757573,-82.11179537],[41.02355829,-82.12343741],[41.03031796,-82.22177457]]}