{"messages":["\u201c@MinionsParody: why werk when u can twerk\u201d \ud83d\ude02","\u201c@MinionsParody: why werk when u can twerk\u201d \ud83d\ude02","\u201c@MinionsParody: why werk when u can twerk\u201d \ud83d\ude02","\u201c@MinionsParody: why werk when u can twerk\u201d \ud83d\ude02"],"messages_no":4,"bad_words":[],"bad_words_no":0,"weight":0,"location":[36.10471365,-115.16563963,36.10471365,-115.16563963,36.10471365,-115.16563963,36.10471365,-115.16563963]}