{"messages":["what are pants?","what are pants?","what are pants?"],"messages_no":3,"bad_words":[],"bad_words_no":0,"weight":0,"location":[[32.52447423,-94.85459648],[32.52447423,-94.85459648],[32.52447423,-94.85459648]],"friends":[1,2,3,4]}