{"messages":["Finna be productive frfr","Finna be productive frfr","No way!!!!!!","Finna be productive frfr","Finna be productive frfr"],"messages_no":5,"bad_words":[],"bad_words_no":0,"weight":0,"location":[33.7124385,-79.0756032,33.7124385,-79.0756032,33.7124434,-79.0756082,33.7124385,-79.0756032,33.7124385,-79.0756032]}