{"messages":["@Ashh_Poooh ewwww you followed me","@Ashh_Poooh ewwww you followed me","No one in the room after I sneezed so I blessed myself","@Ashh_Poooh ewwww you followed me","@Ashh_Poooh ewwww you followed me"],"messages_no":5,"bad_words":[],"bad_words_no":0,"weight":0,"location":[41.06372906,-80.05451585,41.06372906,-80.05451585,40.60216486,-80.03485649,41.06372906,-80.05451585,41.06372906,-80.05451585]}