{"messages":["Aw I miss Drew\ud83d\ude2d","Aw I miss Drew\ud83d\ude2d","Aw I miss Drew\ud83d\ude2d"],"messages_no":3,"bad_words":[],"bad_words_no":0,"weight":0,"location":[[42.6788519,-78.97386347],[42.6788519,-78.97386347],[42.6788519,-78.97386347]],"friends":[1,2,3,4]}