{"messages":["\u201c@DuvieBrown: Wtf a nigga shootin n PA \ud83d\udc40\u201d\ud83d\udc40","\u201c@DuvieBrown: Wtf a nigga shootin n PA \ud83d\udc40\u201d\ud83d\udc40","\u201c@DuvieBrown: Wtf a nigga shootin n PA \ud83d\udc40\u201d\ud83d\udc40"],"messages_no":3,"bad_words":[],"bad_words_no":3,"weight":0,"location":[[30.42957079,-91.13132198],[30.42957079,-91.13132198],[30.42957079,-91.13132198]],"friends":[1,2,3,4]}