{"messages":["I \u2764 cartoons","I \u2764 cartoons","I \u2764 cartoons"],"messages_no":3,"bad_words":[],"bad_words_no":0,"weight":0,"location":[[36.3394083,-88.8642999],[36.3394083,-88.8642999],[36.3394083,-88.8642999]],"friends":[1,2,3,4]}