{"messages":["Fukc ah nigha name #country !!","Fukc ah nigha name #country !!","Rich homie Jay sound coo tho","Fukc ah nigha name #country !!","Fukc ah nigha name #country !!","Rich homie Jay sound coo tho","Rich homie Jay sound coo tho"],"messages_no":7,"bad_words":[],"bad_words_no":3,"weight":0,"location":[33.95352105,-118.27959402,33.95352105,-118.27959402,33.95366604,-118.27952156,33.95352105,-118.27959402,33.95352105,-118.27959402,33.95366604,-118.27952156,33.95366604,-118.27952156]}