{"messages":["like why ?!","like why ?!","like why ?!","like why ?!"],"messages_no":4,"bad_words":[],"bad_words_no":0,"weight":0,"location":[41.6357538,-93.6835538,41.6357538,-93.6835538,41.6357538,-93.6835538,41.6357538,-93.6835538]}