{"messages":["Clean out http:\/\/t.co\/x8kU69hQBT","Clean out http:\/\/t.co\/x8kU69hQBT","Clean out http:\/\/t.co\/x8kU69hQBT"],"messages_no":3,"bad_words":[],"bad_words_no":0,"weight":0,"location":[47.65310558,-122.35471437,47.65310558,-122.35471437,47.65310558,-122.35471437]}