{"messages":["Sooo fucking annoying \ud83d\ude20","Sooo fucking annoying \ud83d\ude20","Shit gets old real fast \ud83d\ude12","Sooo fucking annoying \ud83d\ude20","Shit gets old real fast \ud83d\ude12"],"messages_no":5,"bad_words":[],"bad_words_no":3,"weight":0,"location":[[39.81773992,-75.16485658],[39.81773992,-75.16485658],[39.81775501,-75.1650517],[39.81773992,-75.16485658],[39.81775501,-75.1650517]],"friends":[1,2,3,4]}