{"messages":["I \u2764\ufe0f brat","I \u2764\ufe0f brat","I \u2764\ufe0f brat","I \u2764\ufe0f brat"],"messages_no":4,"bad_words":[],"bad_words_no":0,"weight":0,"location":[35.43399723,-78.51120617,35.43399723,-78.51120617,35.43399723,-78.51120617,35.43399723,-78.51120617]}