{"messages":["Filling my phone with funny photos because why not","Hit 'me wit the classic Master Roshi.","Filling my phone with funny photos because why not","Hit 'me wit the classic Master Roshi.","Filling my phone with funny photos because why not","Hit 'me wit the classic Master Roshi."],"messages_no":6,"bad_words":[],"bad_words_no":0,"weight":0,"location":[[36.76073101,-119.80486224],[36.76062544,-119.80481807],[36.76073101,-119.80486224],[36.76062544,-119.80481807],[36.76073101,-119.80486224],[36.76062544,-119.80481807]],"friends":[1,2,3,4]}