{"messages":["@peacefulhonor haha take your time then man","@localloserr it's so weird idk why","@dani_roberson you can switch before halftime cane you","@peacefulhonor haha take your time then man","@peacefulhonor haha take your time then man","@localloserr it's so weird idk why"],"messages_no":6,"bad_words":[],"bad_words_no":0,"weight":0,"location":[36.43030099,-82.41433145,36.43031269,-82.41438013,36.43028104,-82.41433048,36.43030099,-82.41433145,36.43030099,-82.41433145,36.43031269,-82.41438013]}