{"messages":["@peacefulhonor haha take your time then man","@localloserr it's so weird idk why","@dani_roberson you can switch before halftime cane you","@peacefulhonor haha take your time then man","@localloserr it's so weird idk why","@dani_roberson you can switch before halftime cane you","@DevanSavannah I couldn't tell, I had to read it a few times","@brittney_malynn that says 2 things about her intellect","@peacefulhonor haha take your time then man","@localloserr it's so weird idk why","@dani_roberson you can switch before halftime cane you","@DevanSavannah I couldn't tell, I had to read it a few times","@brittney_malynn that says 2 things about her intellect"],"messages_no":13,"bad_words":[],"bad_words_no":0,"weight":0,"location":[[36.43030099,-82.41433145],[36.43031269,-82.41438013],[36.43028104,-82.41433048],[36.43030099,-82.41433145],[36.43031269,-82.41438013],[36.43028104,-82.41433048],[36.43024492,-82.41429983],[36.43029467,-82.41428351],[36.43030099,-82.41433145],[36.43031269,-82.41438013],[36.43028104,-82.41433048],[36.43024492,-82.41429983],[36.43029467,-82.41428351]],"friends":[1,2,3,4]}