{"messages":["Ace hood &gt;","Ppl here in SA go all out!","Ace hood &gt;","Ppl here in SA go all out!","Ace hood &gt;","Ppl here in SA go all out!"],"messages_no":6,"bad_words":[],"bad_words_no":0,"weight":0,"location":[[29.4819907,-98.5360541],[29.3496274,-98.4459456],[29.4819907,-98.5360541],[29.3496274,-98.4459456],[29.4819907,-98.5360541],[29.3496274,-98.4459456]],"friends":[1,2,3,4]}