{"messages":["@_QveenBITCH go look at my twic  pic !","My gums so sore !!","@_QveenBITCH go look at my twic  pic !","@_QveenBITCH go look at my twic  pic !","My gums so sore !!","My gums so sore !!"],"messages_no":6,"bad_words":[],"bad_words_no":0,"weight":0,"location":[28.51168171,-81.40364139,28.51160401,-81.40376058,28.51168171,-81.40364139,28.51168171,-81.40364139,28.51160401,-81.40376058,28.51160401,-81.40376058]}