{"messages":["@nat_hein I have no idea","@nat_hein I have no idea","@nat_hein I have no idea","@nat_hein I have no idea"],"messages_no":4,"bad_words":[],"bad_words_no":0,"weight":0,"location":[34.44224935,-118.56298193,34.44224935,-118.56298193,34.44224935,-118.56298193,34.44224935,-118.56298193]}