{"messages":["@Georgekelley281 I heard it yesterday!!!! \ud83d\ude04\ud83d\ude0d","@Georgekelley281 I heard it yesterday!!!! \ud83d\ude04\ud83d\ude0d","@Georgekelley281 I heard it yesterday!!!! \ud83d\ude04\ud83d\ude0d"],"messages_no":3,"bad_words":[],"bad_words_no":0,"weight":0,"location":[[29.69395393,-95.51242593],[29.69395393,-95.51242593],[29.69395393,-95.51242593]],"friends":[1,2,3,4]}