{"messages":["@DjBourg504 lets go!","Job for tonight keep dirty warm while he sleeps \ud83d\ude02\ud83d\ude02\ud83d\ude02","@DjBourg504 lets go!","Job for tonight keep dirty warm while he sleeps \ud83d\ude02\ud83d\ude02\ud83d\ude02","@DjBourg504 lets go!","Job for tonight keep dirty warm while he sleeps \ud83d\ude02\ud83d\ude02\ud83d\ude02"],"messages_no":6,"bad_words":[],"bad_words_no":0,"weight":0,"location":[[29.7915019,-90.80493125],[29.94892746,-90.2158878],[29.7915019,-90.80493125],[29.94892746,-90.2158878],[29.7915019,-90.80493125],[29.94892746,-90.2158878]],"friends":[1,2,3,4]}