{"messages":["Watching bad grandpa.","Watching bad grandpa.","I have a headache \ud83d\ude14","Watching bad grandpa.","I have a headache \ud83d\ude14"],"messages_no":5,"bad_words":[],"bad_words_no":0,"weight":0,"location":[[32.7856021,-96.8818687],[32.7856021,-96.8818687],[32.785675,-96.8818488],[32.7856021,-96.8818687],[32.785675,-96.8818488]],"friends":[1,2,3,4]}