{"messages":["Fuck this","Fuck this","Fuck this"],"messages_no":3,"bad_words":[],"bad_words_no":3,"weight":0,"location":[[41.99999331,-87.87434843],[41.99999331,-87.87434843],[41.99999331,-87.87434843]],"friends":[1,2,3,4]}