{"messages":["i like plaid .","i like plaid .","Main Street is soo fucking annoying .","i like plaid .","Main Street is soo fucking annoying ."],"messages_no":5,"bad_words":[],"bad_words_no":2,"weight":0,"location":[[45.03794228,-93.26800891],[45.03794228,-93.26800891],[45.04757639,-93.26786801],[45.03794228,-93.26800891],[45.04757639,-93.26786801]],"friends":[1,2,3,4]}