{"messages":["You 50 shades of fake","You 50 shades of fake","You 50 shades of fake"],"messages_no":3,"bad_words":[],"bad_words_no":0,"weight":0,"location":[[34.41566254,-119.85447304],[34.41566254,-119.85447304],[34.41566254,-119.85447304]],"friends":[1,2,3,4]}