{"messages":["Bieber fans why would y'all not like this everybody likes titties \u270c\ufe0f\ud83d\ude1chttp:\/\/t.co\/sXlwe9mNQt","Bitch we 1212!!! WE LIVE AS HELL\ud83d\ude39\ud83d\ude39\ud83d\ude39\ud83d\ude39\ud83d\ude39","Bieber fans why would y'all not like this everybody likes titties \u270c\ufe0f\ud83d\ude1chttp:\/\/t.co\/sXlwe9mNQt","Bitch we 1212!!! WE LIVE AS HELL\ud83d\ude39\ud83d\ude39\ud83d\ude39\ud83d\ude39\ud83d\ude39","Bitch we 1212!!! WE LIVE AS HELL\ud83d\ude39\ud83d\ude39\ud83d\ude39\ud83d\ude39\ud83d\ude39"],"messages_no":5,"bad_words":[],"bad_words_no":2,"weight":0,"location":[33.81644396,-84.46315807,33.8165148,-84.46314083,33.81644396,-84.46315807,33.8165148,-84.46314083,33.8165148,-84.46314083]}