{"messages":["\ud83d\ude0e\ud83c\udf00 you're bae","\u26bd\ufe0f you can slide yourself into my dm's anytime","\ud83d\ude0e\ud83c\udf00 you're bae","\u26bd\ufe0f you can slide yourself into my dm's anytime","\ud83d\ude0e\ud83c\udf00 you're bae","\u26bd\ufe0f you can slide yourself into my dm's anytime"],"messages_no":6,"bad_words":[],"bad_words_no":0,"weight":0,"location":[[45.39017691,-93.73656933],[45.39032281,-93.73657666],[45.39017691,-93.73656933],[45.39032281,-93.73657666],[45.39017691,-93.73656933],[45.39032281,-93.73657666]],"friends":[1,2,3,4]}