{"messages":["Time to see the nice and annoying residents \ud83d\ude03","Happy Birthday my love \ud83d\ude0d\ud83d\udc8b\ud83c\udf89\ud83c\udf8a\ud83c\udf88 @DayseeDuran \ud83d\ude3b","Time to see the nice and annoying residents \ud83d\ude03","Time to see the nice and annoying residents \ud83d\ude03","Happy Birthday my love \ud83d\ude0d\ud83d\udc8b\ud83c\udf89\ud83c\udf8a\ud83c\udf88 @DayseeDuran \ud83d\ude3b"],"messages_no":5,"bad_words":[],"bad_words_no":0,"weight":0,"location":[33.0766163,-117.26837247,33.14318315,-117.24444478,33.0766163,-117.26837247,33.0766163,-117.26837247,33.14318315,-117.24444478]}