{"messages":["I feel gross \ud83d\ude14","I feel gross \ud83d\ude14","I feel gross \ud83d\ude14"],"messages_no":3,"bad_words":[],"bad_words_no":0,"weight":0,"location":[[43.31584419,-76.40638551],[43.31584419,-76.40638551],[43.31584419,-76.40638551]],"friends":[1,2,3,4]}