{"messages":["@Bfuller_ well party it up a bit! \ud83d\ude01","@Bfuller_ well party it up a bit! \ud83d\ude01","@Bfuller_ well party it up a bit! \ud83d\ude01"],"messages_no":3,"bad_words":[],"bad_words_no":0,"weight":0,"location":[[42.04737728,-78.63188235],[42.04737728,-78.63188235],[42.04737728,-78.63188235]],"friends":[1,2,3,4]}