{"messages":["\"That was you cause I remember I saw a white girl\"\ud83d\ude02\ud83d\ude02\ud83d\ude02","\"That was you cause I remember I saw a white girl\"\ud83d\ude02\ud83d\ude02\ud83d\ude02","I'm about to fall asleep \ud83d\ude1e","My neck is so red from the guys flicking me\ud83d\ude10","\"That was you cause I remember I saw a white girl\"\ud83d\ude02\ud83d\ude02\ud83d\ude02","I'm about to fall asleep \ud83d\ude1e"],"messages_no":6,"bad_words":[],"bad_words_no":0,"weight":0,"location":[[33.84170016,-117.32522864],[33.84170016,-117.32522864],[33.88365857,-117.33247934],[33.88386176,-117.33403827],[33.84170016,-117.32522864],[33.88365857,-117.33247934]],"friends":[1,2,3,4]}