{"messages":["Why am I the only person that's ways home in this house?","Why am I the only person that's ways home in this house?","You got fitted \ud83d\ude0f","Why am I the only person that's ways home in this house?","You got fitted \ud83d\ude0f"],"messages_no":5,"bad_words":[],"bad_words_no":2,"weight":0,"location":[[41.39313673,-75.29035413],[41.39313673,-75.29035413],[41.39404411,-75.29342232],[41.39313673,-75.29035413],[41.39404411,-75.29342232]],"friends":[1,2,3,4]}