{"messages":["\u201c@tothestonerswho: Plot Twist: the bong hits you\u201d @daddymarcos","@Lillyyy_25 2 beast 4 them","\u201c@tothestonerswho: Plot Twist: the bong hits you\u201d @daddymarcos","@Lillyyy_25 2 beast 4 them","I thought I had fucking problems..","\u201c@tothestonerswho: Plot Twist: the bong hits you\u201d @daddymarcos","@Lillyyy_25 2 beast 4 them","I thought I had fucking problems.."],"messages_no":8,"bad_words":[],"bad_words_no":2,"weight":0,"location":[[36.95338892,-120.03993924],[36.95645615,-120.08259458],[36.95338892,-120.03993924],[36.95645615,-120.08259458],[36.9533686,-120.0399643],[36.95338892,-120.03993924],[36.95645615,-120.08259458],[36.9533686,-120.0399643]],"friends":[1,2,3,4]}