{"messages":["@TheRealJWill21 country club","@TheRealJWill21 country club","@TheRealJWill21 country club"],"messages_no":3,"bad_words":[],"bad_words_no":0,"weight":0,"location":[[32.8022739,-96.7883817],[32.8022739,-96.7883817],[32.8022739,-96.7883817]],"friends":[1,2,3,4]}