{"messages":["Shii unrealistic .","Shii unrealistic .","Shii unrealistic ."],"messages_no":3,"bad_words":[],"bad_words_no":0,"weight":0,"location":[33.2989004,-92.6787669,33.2989004,-92.6787669,33.2989004,-92.6787669]}