{"messages":["all I want is a follow :( @justinbieber","@shotsmebieber ughhh\ud83d\ude2d\ud83d\ude2d","all I want is a follow :( @justinbieber","all I want is a follow :( @justinbieber"],"messages_no":4,"bad_words":[],"bad_words_no":0,"weight":0,"location":[28.04370778,-82.59699206,28.04363368,-82.59730579,28.04370778,-82.59699206,28.04370778,-82.59699206]}