{"messages":["all I want is a follow :( @justinbieber","@shotsmebieber ughhh\ud83d\ude2d\ud83d\ude2d","all I want is a follow :( @justinbieber","@shotsmebieber ughhh\ud83d\ude2d\ud83d\ude2d","all I want is a follow :( @justinbieber","@shotsmebieber ughhh\ud83d\ude2d\ud83d\ude2d"],"messages_no":6,"bad_words":[],"bad_words_no":0,"weight":0,"location":[[28.04370778,-82.59699206],[28.04363368,-82.59730579],[28.04370778,-82.59699206],[28.04363368,-82.59730579],[28.04370778,-82.59699206],[28.04363368,-82.59730579]],"friends":[1,2,3,4]}