{"messages":["Tmrw is gonna be funny","Tmrw is gonna be funny","@shizzcp1 nah lemme enjoy my month","Tmrw is gonna be funny","@shizzcp1 nah lemme enjoy my month"],"messages_no":5,"bad_words":[],"bad_words_no":2,"weight":0,"location":[[33.7802083,-84.23417062],[33.7802083,-84.23417062],[33.80134353,-84.21758213],[33.7802083,-84.23417062],[33.80134353,-84.21758213]],"friends":[1,2,3,4]}