{"messages":["\u201c@fxckjgee: @HelenaMarieDawg knees getting whiter\u201d it's the effect , lol I'm not ashy","@Suckafree_chico LMFAOO I really would myself if he was \ud83d\ude02\ud83d\ude02\ud83d\ude02\ud83d\ude02","\u201c@fxckjgee: @HelenaMarieDawg knees getting whiter\u201d it's the effect , lol I'm not ashy","@Suckafree_chico LMFAOO I really would myself if he was \ud83d\ude02\ud83d\ude02\ud83d\ude02\ud83d\ude02","\u201c@Q__Dog: \u201c@HelenaMarieDawg: I want to go to BWW\u201d on you?\u201d\ud83d\ude02\ud83d\udc80 I'm dead","\u201c@JiggySpvcxly: \u201c@HelenaMarieDawg: Leo's &amp; capricorns are a dub\u201d @SkylarTheGreat she subbing ?\u201d LMFAOO no","@Henrysmj211 we took no pictures last night \ud83d\ude29","I want mozzarella sticks NOW","\u201c@fxckjgee: @HelenaMarieDawg knees getting whiter\u201d it's the effect , lol I'm not ashy","@Suckafree_chico LMFAOO I really would myself if he was \ud83d\ude02\ud83d\ude02\ud83d\ude02\ud83d\ude02","\u201c@fxckjgee: @HelenaMarieDawg knees getting whiter\u201d it's the effect , lol I'm not ashy","@Suckafree_chico LMFAOO I really would myself if he was \ud83d\ude02\ud83d\ude02\ud83d\ude02\ud83d\ude02","\u201c@Q__Dog: \u201c@HelenaMarieDawg: I want to go to BWW\u201d on you?\u201d\ud83d\ude02\ud83d\udc80 I'm dead","\u201c@JiggySpvcxly: \u201c@HelenaMarieDawg: Leo's &amp; capricorns are a dub\u201d @SkylarTheGreat she subbing ?\u201d LMFAOO no","\u201c@JiggySpvcxly: \u201c@HelenaMarieDawg: Leo's &amp; capricorns are a dub\u201d @SkylarTheGreat she subbing ?\u201d LMFAOO no"],"messages_no":15,"bad_words":[],"bad_words_no":0,"weight":0,"location":[40.952285,-73.83791942,40.95231291,-73.83794281,40.952285,-73.83791942,40.95231291,-73.83794281,40.95229707,-73.83795337,40.95223865,-73.83786561,40.95231781,-73.83798723,40.95231781,-73.83798723,40.952285,-73.83791942,40.95231291,-73.83794281,40.952285,-73.83791942,40.95231291,-73.83794281,40.95229707,-73.83795337,40.95223865,-73.83786561,40.95223865,-73.83786561]}