{"messages":["Fck Marcos &amp; Nathan man! Lol","Fck Marcos &amp; Nathan man! Lol","Fck Marcos &amp; Nathan man! Lol"],"messages_no":3,"bad_words":[],"bad_words_no":0,"weight":0,"location":[36.75163721,-119.7402027,36.75163721,-119.7402027,36.75163721,-119.7402027]}