{"messages":["Lol Gifty ask her again","Lol Gifty ask her again","Lol Gifty ask her again","Lol Gifty ask her again"],"messages_no":4,"bad_words":[],"bad_words_no":0,"weight":0,"location":[39.91659241,-75.27989249,39.91659241,-75.27989249,39.91659241,-75.27989249,39.91659241,-75.27989249]}