{"messages":["Sprint be bullshittin'","People.. Chill.","Sprint be bullshittin'","People.. Chill.","I'm totally doing mine on the legalization of marijuana.","You never do anything for me","Sprint be bullshittin'","People.. Chill.","I'm totally doing mine on the legalization of marijuana.","You never do anything for me"],"messages_no":10,"bad_words":[],"bad_words_no":6,"weight":0,"location":[[38.99696351,-90.74182408],[38.99698467,-90.74188133],[38.99696351,-90.74182408],[38.99698467,-90.74188133],[38.98955984,-90.78917326],[38.99698191,-90.74191041],[38.99696351,-90.74182408],[38.99698467,-90.74188133],[38.98955984,-90.78917326],[38.99698191,-90.74191041]],"friends":[1,2,3,4]}