{"messages":["Oh god","Oh god","Oh god"],"messages_no":3,"bad_words":[],"bad_words_no":0,"weight":0,"location":[[38.77649716,-77.60407709],[38.77649716,-77.60407709],[38.77649716,-77.60407709]],"friends":[1,2,3,4]}