{"messages":["#TAMU18 freakin me out....","#TAMU18 freakin me out...."],"messages_no":2,"bad_words":[],"bad_words_no":0,"weight":0,"location":[30.61586811,-96.33521693,30.61586811,-96.33521693]}