{"messages":["the seahawks are killing it\ud83d\ude0a\ud83d\udc9a","the seahawks are killing it\ud83d\ude0a\ud83d\udc9a","the seahawks are killing it\ud83d\ude0a\ud83d\udc9a"],"messages_no":3,"bad_words":[],"bad_words_no":0,"weight":0,"location":[[41.87268494,-88.34550955],[41.87268494,-88.34550955],[41.87268494,-88.34550955]],"friends":[1,2,3,4]}