{"messages":["Last night was so funny","Last night was so funny","Last night was so funny"],"messages_no":3,"bad_words":[],"bad_words_no":0,"weight":0,"location":[[43.06861643,-76.09567967],[43.06861643,-76.09567967],[43.06861643,-76.09567967]],"friends":[1,2,3,4]}