{"messages":["@TrillaDG_ I was there today \ud83d\udc83\ud83d\udc81","@TrillaDG_ I was there today \ud83d\udc83\ud83d\udc81","@TrillaDG_ I was there today \ud83d\udc83\ud83d\udc81"],"messages_no":3,"bad_words":[],"bad_words_no":0,"weight":0,"location":[[40.70481681,-74.00837581],[40.70481681,-74.00837581],[40.70481681,-74.00837581]],"friends":[1,2,3,4]}