{"messages":["Super Bowl Sunday \ud83c\udfc8","Super Bowl Sunday \ud83c\udfc8","SO MUCH SNOW \ud83d\ude31","Super Bowl Sunday \ud83c\udfc8","SO MUCH SNOW \ud83d\ude31"],"messages_no":5,"bad_words":[],"bad_words_no":0,"weight":0,"location":[[39.86851426,-77.04838738],[39.86851426,-77.04838738],[39.86852315,-77.04875914],[39.86851426,-77.04838738],[39.86852315,-77.04875914]],"friends":[1,2,3,4]}