{"messages":["I have so much shit to do before saturday\ud83d\ude05\ud83d\ude05","Skylar Astin is perfect","I have so much shit to do before saturday\ud83d\ude05\ud83d\ude05","Skylar Astin is perfect","I have so much shit to do before saturday\ud83d\ude05\ud83d\ude05","Skylar Astin is perfect"],"messages_no":6,"bad_words":[],"bad_words_no":3,"weight":0,"location":[[42.06514928,-80.12130585],[42.06519114,-80.1213102],[42.06514928,-80.12130585],[42.06519114,-80.1213102],[42.06514928,-80.12130585],[42.06519114,-80.1213102]],"friends":[1,2,3,4]}