{"messages":["HAWK WIN baybooooo","I just wanna see you happy .. With or without me .","HAWK WIN baybooooo","I just wanna see you happy .. With or without me ."],"messages_no":4,"bad_words":[],"bad_words_no":0,"weight":0,"location":[35.65844196,-88.38839161,35.60801932,-88.79850991,35.65844196,-88.38839161,35.60801932,-88.79850991]}