{"messages":["I'm starving","I was close http:\/\/t.co\/Lt4Ka2eaW0","I'm starving","I was close http:\/\/t.co\/Lt4Ka2eaW0","I'm starving","I was close http:\/\/t.co\/Lt4Ka2eaW0"],"messages_no":6,"bad_words":[],"bad_words_no":0,"weight":0,"location":[[40.30669072,-74.35317513],[40.30458814,-74.35316725],[40.30669072,-74.35317513],[40.30458814,-74.35316725],[40.30669072,-74.35317513],[40.30458814,-74.35316725]],"friends":[1,2,3,4]}