{"messages":["S W E G \ud83d\udc4c\ud83d\ude02","I actually wanted to watch a decent football game tonight.","S W E G \ud83d\udc4c\ud83d\ude02"],"messages_no":3,"bad_words":[],"bad_words_no":0,"weight":0,"location":[35.3829511,-86.3004882,35.38290405,-86.30044564,35.3829511,-86.3004882]}