{"messages":["Was that principal Gilson? \ud83d\ude02\ud83d\ude02\ud83d\ude02\ud83d\ude02\ud83d\ude02\ud83d\ude02\ud83d\ude02\ud83d\ude02\ud83d\ude02\ud83d\ude02\ud83d\ude02\ud83d\ude02\ud83d\ude02\ud83d\ude02\ud83d\ude02"],"messages_no":1,"bad_words":[],"bad_words_no":1,"weight":0,"location":[40.77447166,-74.13639721]}