{"messages":["@_MsLadi_ me neither","@_MsLadi_ me neither","@_MsLadi_ me neither"],"messages_no":3,"bad_words":[],"bad_words_no":0,"weight":0,"location":[[28.00589586,-82.58425191],[28.00589586,-82.58425191],[28.00589586,-82.58425191]],"friends":[1,2,3,4]}