{"messages":["That was crazy...","That was crazy...","@dmart1696 @JordanSanford16 says the one that flipped his car \ud83d\ude02","Hey Davison maybe we shouldn't of had school today? Just a suggestion","That was crazy..."],"messages_no":5,"bad_words":[],"bad_words_no":0,"weight":0,"location":[[42.99227578,-83.57451236],[42.99227578,-83.57451236],[43.08993488,-83.53687165],[43.0260046,-83.50401708],[42.99227578,-83.57451236]],"friends":[1,2,3,4]}