{"messages":["I'm running out of options man.","Big man doing work.\ud83d\udc4b","I'm running out of options man.","Big man doing work.\ud83d\udc4b","I'm running out of options man.","Big man doing work.\ud83d\udc4b"],"messages_no":6,"bad_words":[],"bad_words_no":0,"weight":0,"location":[[42.35495907,-122.89167585],[42.31982828,-122.89599518],[42.35495907,-122.89167585],[42.31982828,-122.89599518],[42.35495907,-122.89167585],[42.31982828,-122.89599518]],"friends":[1,2,3,4]}