{"messages":["\"@ItsBvSED: The disrespect \ud83d\ude02\ud83d\ude02\ud83d\ude02\ud83d\ude02\ud83d\ude02\ud83d\ude02\ud83d\ude02\ud83d\ude02 http:\/\/t.co\/605KW9xuul\" \ud83d\ude05 poor lions fans","\"@ItsBvSED: The disrespect \ud83d\ude02\ud83d\ude02\ud83d\ude02\ud83d\ude02\ud83d\ude02\ud83d\ude02\ud83d\ude02\ud83d\ude02 http:\/\/t.co\/605KW9xuul\" \ud83d\ude05 poor lions fans","I know you more than you know me.","@VaaleriaRaquel2 lucky \ud83d\ude12","My first tweet said \"wtf is this shit?\" lol","\"@ItsBvSED: The disrespect \ud83d\ude02\ud83d\ude02\ud83d\ude02\ud83d\ude02\ud83d\ude02\ud83d\ude02\ud83d\ude02\ud83d\ude02 http:\/\/t.co\/605KW9xuul\" \ud83d\ude05 poor lions fans","I know you more than you know me."],"messages_no":7,"bad_words":[],"bad_words_no":1,"weight":0,"location":[[41.6322357,-83.5510173],[41.6322357,-83.5510173],[41.6684975,-83.5126156],[41.6684577,-83.5126042],[41.6684565,-83.5126166],[41.6322357,-83.5510173],[41.6684975,-83.5126156]],"friends":[1,2,3,4]}