{"messages":["My birthdays in 22 days \ud83d\ude01","My birthdays in 22 days \ud83d\ude01","My birthdays in 22 days \ud83d\ude01"],"messages_no":3,"bad_words":[],"bad_words_no":0,"weight":0,"location":[42.28832231,-85.19971473,42.28832231,-85.19971473,42.28832231,-85.19971473]}