{"messages":["best commercial by far","best commercial by far","best commercial by far"],"messages_no":3,"bad_words":[],"bad_words_no":0,"weight":0,"location":[[39.88792646,-74.17285348],[39.88792646,-74.17285348],[39.88792646,-74.17285348]],"friends":[1,2,3,4]}