{"messages":["Someone tied nicks shoe laces together \ud83d\ude02\ud83d\ude02","Someone tied nicks shoe laces together \ud83d\ude02\ud83d\ude02","Someone tied nicks shoe laces together \ud83d\ude02\ud83d\ude02"],"messages_no":3,"bad_words":[],"bad_words_no":0,"weight":0,"location":[38.92700459,-79.84844776,38.92700459,-79.84844776,38.92700459,-79.84844776]}