{"messages":["oasis - wonderwall","@theniggakaren jk, i love your ass \ud83d\udc97","oasis - wonderwall","@theniggakaren jk, i love your ass \ud83d\udc97"],"messages_no":4,"bad_words":[],"bad_words_no":2,"weight":0,"location":[33.87435372,-117.59962334,33.87424905,-117.59962531,33.87435372,-117.59962334,33.87424905,-117.59962531]}