{"messages":["I want a monkey","I want a monkey","I want a monkey"],"messages_no":3,"bad_words":[],"bad_words_no":0,"weight":0,"location":[[34.69831516,-118.14380844],[34.69831516,-118.14380844],[34.69831516,-118.14380844]],"friends":[1,2,3,4]}