{"messages":["SNAPCHAT ME -- CHOCODROP100 OK","SNAPCHAT ME -- CHOCODROP100 OK","SNAPCHAT ME -- CHOCODROP100 OK"],"messages_no":3,"bad_words":[],"bad_words_no":0,"weight":0,"location":[[29.8834829,-95.7038985],[29.8834829,-95.7038985],[29.8834829,-95.7038985]],"friends":[1,2,3,4]}