{"messages":["@anaakaren_xo Your Cute c: \ud83d\udc4c.","@anaakaren_xo Your Cute c: \ud83d\udc4c.","@anaakaren_xo Your Cute c: \ud83d\udc4c."],"messages_no":3,"bad_words":[],"bad_words_no":0,"weight":0,"location":[[29.78276891,-95.30141252],[29.78276891,-95.30141252],[29.78276891,-95.30141252]],"friends":[1,2,3,4]}