{"messages":["I need to go visit my two buddies Terrence and Julie","This game is just about over","I need to go visit my two buddies Terrence and Julie","This game is just about over","I need to go visit my two buddies Terrence and Julie","This game is just about over"],"messages_no":6,"bad_words":[],"bad_words_no":0,"weight":0,"location":[[39.16583108,-77.2599081],[39.16586176,-77.25980024],[39.16583108,-77.2599081],[39.16586176,-77.25980024],[39.16583108,-77.2599081],[39.16586176,-77.25980024]],"friends":[1,2,3,4]}