{"messages":["My twitter should be this pooping when I'm not in school to \ud83d\ude02\ud83d\ude02\ud83d\ude02\ud83d\ude11","My twitter should be this pooping when I'm not in school to \ud83d\ude02\ud83d\ude02\ud83d\ude02\ud83d\ude11","Super Duper high 99 floors \ud83d\ude0f","\u201c@Desi_OnCloud9: \"Desbian\"\u201d#Classic \ud83d\udc4c\ud83d\ude02","My twitter should be this pooping when I'm not in school to \ud83d\ude02\ud83d\ude02\ud83d\ude02\ud83d\ude11","Super Duper high 99 floors \ud83d\ude0f"],"messages_no":6,"bad_words":[],"bad_words_no":3,"weight":0,"location":[[32.33593983,-111.05346465],[32.33593983,-111.05346465],[32.33313981,-111.0367005],[32.33325449,-111.03682336],[32.33593983,-111.05346465],[32.33313981,-111.0367005]],"friends":[1,2,3,4]}