{"messages":["My #sofinefriday goes to @sagariaas","My #sofinefriday goes to @sagariaas","My #sofinefriday goes to @sagariaas","My #sofinefriday goes to @sagariaas"],"messages_no":4,"bad_words":[],"bad_words_no":0,"weight":0,"location":[42.56866737,-84.82363001,42.56866737,-84.82363001,42.56866737,-84.82363001,42.56866737,-84.82363001]}