{"messages":["#EsuranceSave30 \ud83d\udc40","#EsuranceSave30 \ud83d\udc40","#EsuranceSave30 \ud83d\udc40"],"messages_no":3,"bad_words":[],"bad_words_no":0,"weight":0,"location":[[41.60491646,-73.90913407],[41.60491646,-73.90913407],[41.60491646,-73.90913407]],"friends":[1,2,3,4]}