{"messages":["Did you die. @YoungBlood_Tay","Did you die. @YoungBlood_Tay","Did you die. @YoungBlood_Tay"],"messages_no":3,"bad_words":[],"bad_words_no":0,"weight":0,"location":[28.17124415,-82.75598366,28.17124415,-82.75598366,28.17124415,-82.75598366]}