{"messages":["Mari retarded ass still prolly don't know what it mean","Mari retarded ass still prolly don't know what it mean","Fuck Niggas man . \ud83d\ude45","Nobody \ud83d\ude45","Mari retarded ass still prolly don't know what it mean","Fuck Niggas man . \ud83d\ude45"],"messages_no":6,"bad_words":[],"bad_words_no":2,"weight":0,"location":[[41.75920524,-87.57022658],[41.75920524,-87.57022658],[41.76259438,-87.57962789],[41.76257081,-87.5796876],[41.75920524,-87.57022658],[41.76259438,-87.57962789]],"friends":[1,2,3,4]}