{"messages":["goodnight \ud83d\ude34","goodnight \ud83d\ude34","goodnight \ud83d\ude34"],"messages_no":3,"bad_words":[],"bad_words_no":0,"weight":0,"location":[[29.96830242,-94.02272738],[29.96830242,-94.02272738],[29.96830242,-94.02272738]],"friends":[1,2,3,4]}