{"messages":["No i dont need sleep \ud83d\udc81\ud83d\ude46","No i dont need sleep \ud83d\udc81\ud83d\ude46","No i dont need sleep \ud83d\udc81\ud83d\ude46"],"messages_no":3,"bad_words":[],"bad_words_no":0,"weight":0,"location":[[37.46722267,-121.13109557],[37.46722267,-121.13109557],[37.46722267,-121.13109557]],"friends":[1,2,3,4]}