{"messages":["Already February \ud83d\ude33","Already February \ud83d\ude33","Already February \ud83d\ude33"],"messages_no":3,"bad_words":[],"bad_words_no":0,"weight":0,"location":[[34.14854412,-119.18664079],[34.14854412,-119.18664079],[34.14854412,-119.18664079]],"friends":[1,2,3,4]}