{"messages":["\u201c@_sparkofhope: \ud83d\ude02\ud83d\ude02\ud83d\ude02 \u201c@PosziMC2: @breevive i really am not and Nora i see you trying to be slick\u201d\u201d I'm screaming!!! \ud83d\ude29","I love the Motown era.","@MarkieseCarey LMAOOOO! You want to so bad.","\u201c@_sparkofhope: \ud83d\ude02\ud83d\ude02\ud83d\ude02 \u201c@PosziMC2: @breevive i really am not and Nora i see you trying to be slick\u201d\u201d I'm screaming!!! \ud83d\ude29","I love the Motown era.","@MarkieseCarey LMAOOOO! You want to so bad.","\u201c@_sparkofhope: \ud83d\ude02\ud83d\ude02\ud83d\ude02 \u201c@PosziMC2: @breevive i really am not and Nora i see you trying to be slick\u201d\u201d I'm screaming!!! \ud83d\ude29","I love the Motown era.","@MarkieseCarey LMAOOOO! You want to so bad."],"messages_no":9,"bad_words":[],"bad_words_no":0,"weight":0,"location":[[30.40615053,-88.90922439],[30.400628,-88.92552514],[30.39957108,-88.9269853],[30.40615053,-88.90922439],[30.400628,-88.92552514],[30.39957108,-88.9269853],[30.40615053,-88.90922439],[30.400628,-88.92552514],[30.39957108,-88.9269853]],"friends":[1,2,3,4]}