{"messages":["@TittahBoo yea yea","@TittahBoo yea yea","@TittahBoo yea yea","@TittahBoo yea yea"],"messages_no":4,"bad_words":[],"bad_words_no":0,"weight":0,"location":[38.13843731,-76.67364039,38.13843731,-76.67364039,38.13843731,-76.67364039,38.13843731,-76.67364039]}