{"messages":["They're good fucks\ud83d\ude02","They're good fucks\ud83d\ude02","They're good fucks\ud83d\ude02"],"messages_no":3,"bad_words":[],"bad_words_no":3,"weight":0,"location":[[32.88540758,-117.13748686],[32.88540758,-117.13748686],[32.88540758,-117.13748686]],"friends":[1,2,3,4]}