{"messages":["@JNedd4_ yeah Bro. I had 0\u20e3. I anit gonna front \ud83d\ude12","@JNedd4_ yeah Bro. I had 0\u20e3. I anit gonna front \ud83d\ude12","@JNedd4_ yeah Bro. I had 0\u20e3. I anit gonna front \ud83d\ude12"],"messages_no":3,"bad_words":[],"bad_words_no":0,"weight":0,"location":[37.03920088,-76.39925863,37.03920088,-76.39925863,37.03920088,-76.39925863]}