{"messages":["I have to peeee","I'm getting sick \ud83d\ude2d","I have to peeee","I'm getting sick \ud83d\ude2d","@GregoryCG8 Congrats! \ud83d\udc4f\ud83d\udcaf","I have to peeee","I'm getting sick \ud83d\ude2d"],"messages_no":7,"bad_words":[],"bad_words_no":0,"weight":0,"location":[[25.74886012,-80.24470716],[26.02270314,-80.31242288],[25.74886012,-80.24470716],[26.02270314,-80.31242288],[25.74627853,-80.20018961],[25.74886012,-80.24470716],[26.02270314,-80.31242288]],"friends":[1,2,3,4]}