{"messages":["Really craving pancakes \u270c\ufe0f","Really craving pancakes \u270c\ufe0f","Really craving pancakes \u270c\ufe0f"],"messages_no":3,"bad_words":[],"bad_words_no":0,"weight":0,"location":[[41.88520048,-87.8931222],[41.88520048,-87.8931222],[41.88520048,-87.8931222]],"friends":[1,2,3,4]}