{"messages":["He didn't see that coming \ud83d\udca2","He didn't see that coming \ud83d\udca2","He didn't see that coming \ud83d\udca2"],"messages_no":3,"bad_words":[],"bad_words_no":0,"weight":0,"location":[[34.23784956,-118.43401445],[34.23784956,-118.43401445],[34.23784956,-118.43401445]],"friends":[1,2,3,4]}