{"messages":["Fuck Dat","Fuck Dat","Fuck Dat"],"messages_no":3,"bad_words":[],"bad_words_no":3,"weight":0,"location":[[30.9734012,-96.6759766],[30.9734012,-96.6759766],[30.9734012,-96.6759766]],"friends":[1,2,3,4]}