{"messages":["\u201c@imsoflighted: Kinda blew tf out mee\u201d","\u201c@imsoflighted: Kinda blew tf out mee\u201d","\u201c@imsoflighted: Kinda blew tf out mee\u201d"],"messages_no":3,"bad_words":[],"bad_words_no":0,"weight":0,"location":[[30.28203683,-89.72492118],[30.28203683,-89.72492118],[30.28203683,-89.72492118]],"friends":[1,2,3,4]}