{"messages":["That was so fetch.","I just ate half a pint of ice cream.....","That was so fetch.","I just ate half a pint of ice cream.....","That was so fetch.","I just ate half a pint of ice cream....."],"messages_no":6,"bad_words":[],"bad_words_no":0,"weight":0,"location":[[33.72234344,-117.06388855],[33.72236514,-117.06386584],[33.72234344,-117.06388855],[33.72236514,-117.06386584],[33.72234344,-117.06388855],[33.72236514,-117.06386584]],"friends":[1,2,3,4]}