{"messages":["I feel sick..","I feel sick..","I feel sick.."],"messages_no":3,"bad_words":[],"bad_words_no":0,"weight":0,"location":[[42.91886927,-85.61437538],[42.91886927,-85.61437538],[42.91886927,-85.61437538]],"friends":[1,2,3,4]}