{"messages":["I feel so helpless..\ud83d\ude33","I feel so helpless..\ud83d\ude33","I feel so helpless..\ud83d\ude33"],"messages_no":3,"bad_words":[],"bad_words_no":0,"weight":0,"location":[[42.36283001,-83.36641577],[42.36283001,-83.36641577],[42.36283001,-83.36641577]],"friends":[1,2,3,4]}