{"messages":["WHAT. NO.","WHAT. NO.","WHAT. NO."],"messages_no":3,"bad_words":[],"bad_words_no":0,"weight":0,"location":[[33.36092883,-111.78855041],[33.36092883,-111.78855041],[33.36092883,-111.78855041]],"friends":[1,2,3,4]}