{"messages":["That was pretty funny","LMFAOO","Why are we all talking about non metal bands now","Idk when I refer to nudes I mean either myself or someone who sent one to me\nNot just random naked people","&lt;3","Taylor you're cooler an prettier than me k stfu","I don't believe that \"god has a plan for me\" shit though","That was pretty funny","LMFAOO","Why are we all talking about non metal bands now","Idk when I refer to nudes I mean either myself or someone who sent one to me\nNot just random naked people","&lt;3","Taylor you're cooler an prettier than me k stfu","I don't believe that \"god has a plan for me\" shit though","Listen to those songs an tell me what you think nignogs","But I'll spare you","Here's a selfie mk http:\/\/t.co\/txk6AVn7cm","I need orange juice","Fucking love Degrassi","I should sell my twitter tbh","That was pretty funny","LMFAOO","Why are we all talking about non metal bands now","Idk when I refer to nudes I mean either myself or someone who sent one to me\nNot just random naked people","&lt;3","Taylor you're cooler an prettier than me k stfu","I don't believe that \"god has a plan for me\" shit though","Listen to those songs an tell me what you think nignogs","But I'll spare you","Here's a selfie mk http:\/\/t.co\/txk6AVn7cm","I need orange juice"],"messages_no":31,"bad_words":[],"bad_words_no":4,"weight":0,"location":[[40.81124096,-74.21267359],[40.80535728,-74.21218213],[40.80557607,-74.21218901],[40.80558519,-74.21206592],[40.80543941,-74.21199973],[40.8054408,-74.21209051],[40.80567626,-74.21209995],[40.81124096,-74.21267359],[40.80535728,-74.21218213],[40.80557607,-74.21218901],[40.80558519,-74.21206592],[40.80543941,-74.21199973],[40.8054408,-74.21209051],[40.80567626,-74.21209995],[40.80551117,-74.21210669],[40.80547456,-74.21205846],[40.80554998,-74.21207059],[40.8055881,-74.212076],[40.80545111,-74.21207786],[40.80551561,-74.21202756],[40.81124096,-74.21267359],[40.80535728,-74.21218213],[40.80557607,-74.21218901],[40.80558519,-74.21206592],[40.80543941,-74.21199973],[40.8054408,-74.21209051],[40.80567626,-74.21209995],[40.80551117,-74.21210669],[40.80547456,-74.21205846],[40.80554998,-74.21207059],[40.8055881,-74.212076]],"friends":[1,2,3,4]}