{"messages":["@DizzyWright That's 2 Shots Of Henny\ud83d\ude02","@DizzyWright That's 2 Shots Of Henny\ud83d\ude02","@DizzyWright That's 2 Shots Of Henny\ud83d\ude02"],"messages_no":3,"bad_words":[],"bad_words_no":0,"weight":0,"location":[[37.43717895,-82.64880488],[37.43717895,-82.64880488],[37.43717895,-82.64880488]],"friends":[1,2,3,4]}