{"messages":["Yay Hawks!\n#EsuranceSave30","Yay Hawks!\n#EsuranceSave30","Yay Hawks!\n#EsuranceSave30"],"messages_no":3,"bad_words":[],"bad_words_no":0,"weight":0,"location":[[29.52684745,-95.15496617],[29.52684745,-95.15496617],[29.52684745,-95.15496617]],"friends":[1,2,3,4]}