{"messages":["Love u @Courtdream725","Love u @Courtdream725","Love u @Courtdream725"],"messages_no":3,"bad_words":[],"bad_words_no":0,"weight":0,"location":[[40.80061518,-73.36591583],[40.80061518,-73.36591583],[40.80061518,-73.36591583]],"friends":[1,2,3,4]}