{"messages":["I need to reup on reality","I need to reup on reality","I need to reup on reality"],"messages_no":3,"bad_words":[],"bad_words_no":0,"weight":0,"location":[46.1888833,-119.15936404,46.1888833,-119.15936404,46.1888833,-119.15936404]}