{"messages":["Here we go. TJ is up at 145","Sean Hayden drops one.","Tyler guts out a HUGE victory vs Kell after tough injury. PIN","Here we go. TJ is up at 145","Sean Hayden drops one.","Tyler guts out a HUGE victory vs Kell after tough injury. PIN","Tyler guts out a HUGE victory vs Kell after tough injury. PIN"],"messages_no":7,"bad_words":[],"bad_words_no":0,"weight":0,"location":[34.06480186,-84.51340731,34.06487399,-84.51349144,34.0650339,-84.51364863,34.06480186,-84.51340731,34.06487399,-84.51349144,34.0650339,-84.51364863,34.0650339,-84.51364863]}