{"messages":["@xxoxflawless thanks for the follow \ud83d\ude01","@xxoxflawless thanks for the follow \ud83d\ude01","@xxoxflawless thanks for the follow \ud83d\ude01"],"messages_no":3,"bad_words":[],"bad_words_no":0,"weight":0,"location":[34.62420748,-86.05385124,34.62420748,-86.05385124,34.62420748,-86.05385124]}