{"messages":["@Munizyy_pooh_21 ridiculously hot","@Munizyy_pooh_21 ridiculously hot","@Munizyy_pooh_21 ridiculously hot"],"messages_no":3,"bad_words":[],"bad_words_no":0,"weight":0,"location":[[30.17560063,-81.80301066],[30.17560063,-81.80301066],[30.17560063,-81.80301066]],"friends":[1,2,3,4]}