{"messages":["@P90X3 day 1 done with @JennRiveraTV","@P90X3 day 1 done with @JennRiveraTV"],"messages_no":2,"bad_words":[],"bad_words_no":0,"weight":0,"location":[40.04688432,-74.85285988,40.04688432,-74.85285988]}