{"messages":["With coral and illy for the night \ud83d\udc9e","With coral and illy for the night \ud83d\udc9e","With coral and illy for the night \ud83d\udc9e"],"messages_no":3,"bad_words":[],"bad_words_no":0,"weight":0,"location":[42.42468556,-83.45728657,42.42468556,-83.45728657,42.42468556,-83.45728657]}