{"messages":["Lmao \u201c@jetlifeB: If? RT @Ms_InnocentCee: If the Broncos lose im gonna have to hear about it... A LOT..\u201d","lol \u201c@T__Hill: #ComebackSeason\u201d","Lmao \u201c@jetlifeB: If? RT @Ms_InnocentCee: If the Broncos lose im gonna have to hear about it... A LOT..\u201d","lol \u201c@T__Hill: #ComebackSeason\u201d","Now Paul George added on to the stereotype.","@yanaboo_24 lmao calm yourself Yana. And who ft is Gary?","Lmao \u201c@jetlifeB: If? RT @Ms_InnocentCee: If the Broncos lose im gonna have to hear about it... A LOT..\u201d","lol \u201c@T__Hill: #ComebackSeason\u201d"],"messages_no":8,"bad_words":[],"bad_words_no":0,"weight":0,"location":[[38.92330457,-104.69509963],[38.92323579,-104.69506678],[38.92330457,-104.69509963],[38.92323579,-104.69506678],[38.9232355,-104.69506841],[38.92330428,-104.69509775],[38.92330457,-104.69509963],[38.92323579,-104.69506678]],"friends":[1,2,3,4]}