{"messages":["@PoWeR_SeRg_317  he can beat your ass","@PoWeR_SeRg_317  he can beat your ass","@PoWeR_SeRg_317  he can beat your ass"],"messages_no":3,"bad_words":[],"bad_words_no":0,"weight":0,"location":[[41.70389155,-87.7555739],[41.70389155,-87.7555739],[41.70389155,-87.7555739]],"friends":[1,2,3,4]}