{"messages":["You either reply late af or not at all","You either reply late af or not at all","Okc wining this year Finals cause KD is really punishing teams\ud83d\udcaf","It's cool have a nice nap\ud83d\ude0f","You either reply late af or not at all","Okc wining this year Finals cause KD is really punishing teams\ud83d\udcaf","It's cool have a nice nap\ud83d\ude0f"],"messages_no":7,"bad_words":[],"bad_words_no":0,"weight":0,"location":[[39.19338063,-76.64068384],[39.19338063,-76.64068384],[39.19331387,-76.64075442],[39.19340935,-76.64075701],[39.19338063,-76.64068384],[39.19331387,-76.64075442],[39.19340935,-76.64075701]],"friends":[1,2,3,4]}