{"messages":["try that on more time","try that on more time","gay dudes stay flirting with me. Lol","try that on more time"],"messages_no":4,"bad_words":[],"bad_words_no":1,"weight":0,"location":[[29.94822169,-89.98600943],[29.94822169,-89.98600943],[30.00842701,-90.15358086],[29.94822169,-89.98600943]],"friends":[1,2,3,4]}