{"messages":["Devils never cry.","Devils never cry.","Devils never cry."],"messages_no":3,"bad_words":[],"bad_words_no":0,"weight":0,"location":[[30.650989,-97.01124735],[30.650989,-97.01124735],[30.650989,-97.01124735]],"friends":[1,2,3,4]}