{"messages":["I love my nonna","I love my nonna","I love my nonna"],"messages_no":3,"bad_words":[],"bad_words_no":0,"weight":0,"location":[[42.07945924,-76.07306025],[42.07945924,-76.07306025],[42.07945924,-76.07306025]],"friends":[1,2,3,4]}