{"messages":["I need real friends","Bronco fans like ... http:\/\/t.co\/5TU6xntzUG","I need real friends"],"messages_no":3,"bad_words":[],"bad_words_no":0,"weight":0,"location":[33.66406785,-79.10648133,33.66408289,-79.10647065,33.66406785,-79.10648133]}