{"messages":["@DSBG_23 aight 4 sho bruh","@DSBG_23 aight 4 sho bruh","@SupremeJosh_ thanks lil homie","@DSBG_23 aight 4 sho bruh"],"messages_no":4,"bad_words":[],"bad_words_no":0,"weight":0,"location":[[25.72657607,-80.24609501],[25.72657607,-80.24609501],[25.72727056,-80.2460065],[25.72657607,-80.24609501]],"friends":[1,2,3,4]}