{"messages":["Soo madd my goshh","LMFAOO","Wtff! Lmfao"],"messages_no":3,"bad_words":[],"bad_words_no":0,"weight":0,"location":[[28.5574167,-81.186686],[28.5573444,-81.1869631],[28.5573675,-81.1873188]]}