{"messages":["I Gotta Practice On These Sequences ! \ue058","I Gotta Practice On These Sequences ! \ue058","Smh .","I Gotta Practice On These Sequences ! \ue058"],"messages_no":4,"bad_words":[],"bad_words_no":0,"weight":0,"location":[[32.1903945,-90.2877562],[32.1903945,-90.2877562],[32.1905331,-90.2877301],[32.1903945,-90.2877562]],"friends":[1,2,3,4]}