{"messages":["I didn't get laid last night. \ud83d\ude12","I didn't get laid last night. \ud83d\ude12","I didn't get laid last night. \ud83d\ude12"],"messages_no":3,"bad_words":[],"bad_words_no":0,"weight":0,"location":[[39.11735851,-76.75703902],[39.11735851,-76.75703902],[39.11735851,-76.75703902]],"friends":[1,2,3,4]}