{"messages":["Pawtyyyy time \ud83d\ude1c","@OpenUpSayAhhh @jodi_revalee hate you","Pawtyyyy time \ud83d\ude1c","@OpenUpSayAhhh @jodi_revalee hate you","Pawtyyyy time \ud83d\ude1c","@OpenUpSayAhhh @jodi_revalee hate you"],"messages_no":6,"bad_words":[],"bad_words_no":0,"weight":0,"location":[[28.19818298,-82.73996416],[28.2900261,-82.67635035],[28.19818298,-82.73996416],[28.2900261,-82.67635035],[28.19818298,-82.73996416],[28.2900261,-82.67635035]],"friends":[1,2,3,4]}