{"messages":["Day 2 let's go Cali\ud83d\udc99 #Toloseisasin","Day 2 let's go Cali\ud83d\udc99 #Toloseisasin","Too frustrated to deal","@andifalkenborg my babe \ud83d\ude0d","Day 2 let's go Cali\ud83d\udc99 #Toloseisasin","Too frustrated to deal"],"messages_no":6,"bad_words":[],"bad_words_no":0,"weight":0,"location":[[33.8249077,-116.53785109],[33.8249077,-116.53785109],[34.23769248,-119.0332467],[34.2378711,-119.0328384],[33.8249077,-116.53785109],[34.23769248,-119.0332467]],"friends":[1,2,3,4]}