{"messages":["Mufuckas never loved us","Mufuckas never loved us","Mufuckas never loved us"],"messages_no":3,"bad_words":[],"bad_words_no":3,"weight":0,"location":[[37.72981174,-89.21175845],[37.72981174,-89.21175845],[37.72981174,-89.21175845]],"friends":[1,2,3,4]}