{"messages":["@Kaitlynbass95 come back \ud83d\ude3f","@Kaitlynbass95 come back \ud83d\ude3f"],"messages_no":2,"bad_words":[],"bad_words_no":0,"weight":0,"location":[35.18657842,-111.6536619,35.18657842,-111.6536619]}