{"messages":["Percyyyyy!!!!","Percyyyyy!!!!","Percyyyyy!!!!"],"messages_no":3,"bad_words":[],"bad_words_no":0,"weight":0,"location":[[43.0361006,-88.02318103],[43.0361006,-88.02318103],[43.0361006,-88.02318103]],"friends":[1,2,3,4]}