{"messages":["#RIPThiago","#RIPThiago","#RIPThiago"],"messages_no":3,"bad_words":[],"bad_words_no":0,"weight":0,"location":[[33.77521154,-118.194522],[33.77521154,-118.194522],[33.77521154,-118.194522]],"friends":[1,2,3,4]}