{"messages":["mmkay.. \ud83d\udc40","mmkay.. \ud83d\udc40","this is clearly all a joke to you","mmkay.. \ud83d\udc40","this is clearly all a joke to you"],"messages_no":5,"bad_words":[],"bad_words_no":0,"weight":0,"location":[[35.51871759,-84.36495494],[35.51871759,-84.36495494],[35.51864624,-84.36497498],[35.51871759,-84.36495494],[35.51864624,-84.36497498]],"friends":[1,2,3,4]}