{"messages":["Fucking bored.","Fucking bored.","Fucking bored."],"messages_no":3,"bad_words":[],"bad_words_no":3,"weight":0,"location":[[38.1166098,-85.8886984],[38.1166098,-85.8886984],[38.1166098,-85.8886984]],"friends":[1,2,3,4]}