{"messages":["@StassMarley that's fake","@StassMarley that's fake","@StassMarley that's fake"],"messages_no":3,"bad_words":[],"bad_words_no":0,"weight":0,"location":[[26.41707394,-80.20612295],[26.41707394,-80.20612295],[26.41707394,-80.20612295]],"friends":[1,2,3,4]}