{"messages":["Dirty Dancing is on\ud83d\udc83","Dirty Dancing is on\ud83d\udc83","Dirty Dancing is on\ud83d\udc83"],"messages_no":3,"bad_words":[],"bad_words_no":0,"weight":0,"location":[[40.56408773,-74.11064567],[40.56408773,-74.11064567],[40.56408773,-74.11064567]],"friends":[1,2,3,4]}