{"messages":["@bookman63 always!!","@bookman63 always!!","@bookman63 always!!"],"messages_no":3,"bad_words":[],"bad_words_no":0,"weight":0,"location":[[40.82674011,-73.95724146],[40.82674011,-73.95724146],[40.82674011,-73.95724146]],"friends":[1,2,3,4]}