{"messages":["Greetings everyone http:\/\/t.co\/IgpuGUmlmN","I know that showing emotion don't ever mean I'm a pussy","If I die just put my top 100 tweets on a slide show and project them at my funeral","\u201c@izabong47: BREAKFAST CLUB ON VH1\u201d PSA","@raejinyas \ud83d\ude02\ud83d\ude02\ud83d\ude02 I'd rather not be stuck in this house all day tomorrow but I can tell them to break me off gas money","Man I'm about to turn up by myself lmao","What if you having sex and she use the bathroom on herself","Greetings everyone http:\/\/t.co\/IgpuGUmlmN","I know that showing emotion don't ever mean I'm a pussy","If I die just put my top 100 tweets on a slide show and project them at my funeral","\u201c@izabong47: BREAKFAST CLUB ON VH1\u201d PSA","@raejinyas \ud83d\ude02\ud83d\ude02\ud83d\ude02 I'd rather not be stuck in this house all day tomorrow but I can tell them to break me off gas money","Man I'm about to turn up by myself lmao","What if you having sex and she use the bathroom on herself","Found like 4 poems from 2 months ago of this exact date, and it's like I foreshadowed my future...","Greetings everyone http:\/\/t.co\/IgpuGUmlmN","I know that showing emotion don't ever mean I'm a pussy","If I die just put my top 100 tweets on a slide show and project them at my funeral","\u201c@izabong47: BREAKFAST CLUB ON VH1\u201d PSA","@raejinyas \ud83d\ude02\ud83d\ude02\ud83d\ude02 I'd rather not be stuck in this house all day tomorrow but I can tell them to break me off gas money","Man I'm about to turn up by myself lmao","What if you having sex and she use the bathroom on herself","Found like 4 poems from 2 months ago of this exact date, and it's like I foreshadowed my future..."],"messages_no":23,"bad_words":[],"bad_words_no":3,"weight":0,"location":[[30.38183879,-91.87862883],[30.38183688,-91.87877642],[30.54750631,-92.09176823],[30.54747374,-92.09164677],[30.54739701,-92.09167276],[30.5474605,-92.09168717],[30.54746427,-92.09170503],[30.38183879,-91.87862883],[30.38183688,-91.87877642],[30.54750631,-92.09176823],[30.54747374,-92.09164677],[30.54739701,-92.09167276],[30.5474605,-92.09168717],[30.54746427,-92.09170503],[30.38190907,-91.87871785],[30.38183879,-91.87862883],[30.38183688,-91.87877642],[30.54750631,-92.09176823],[30.54747374,-92.09164677],[30.54739701,-92.09167276],[30.5474605,-92.09168717],[30.54746427,-92.09170503],[30.38190907,-91.87871785]],"friends":[1,2,3,4]}