{"messages":["Just tryna live #single","Just tryna live #single","Just tryna live #single"],"messages_no":3,"bad_words":[],"bad_words_no":0,"weight":0,"location":[[33.39115415,-112.04088896],[33.39115415,-112.04088896],[33.39115415,-112.04088896]],"friends":[1,2,3,4]}