{"messages":["@droberson11 why not ?","\u201c@JayahLeshae: guys give me good songs.\u201danything by Mike Stud","Anyone wanna chill before I decide to go to Josh's and not be able to chill with anyone","@droberson11 why not ?","\u201c@JayahLeshae: guys give me good songs.\u201danything by Mike Stud","Anyone wanna chill before I decide to go to Josh's and not be able to chill with anyone","Anyone wanna chill before I decide to go to Josh's and not be able to chill with anyone"],"messages_no":7,"bad_words":[],"bad_words_no":0,"weight":0,"location":[39.60591959,-104.70830292,39.60608178,-104.70829236,39.59415148,-104.71930669,39.60591959,-104.70830292,39.60608178,-104.70829236,39.59415148,-104.71930669,39.59415148,-104.71930669]}