{"messages":["@joshpage96 come here","@joshpage96 come here","@joshpage96 come here"],"messages_no":3,"bad_words":[],"bad_words_no":0,"weight":0,"location":[[33.95989199,-80.99155066],[33.95989199,-80.99155066],[33.95989199,-80.99155066]],"friends":[1,2,3,4]}