{"messages":["@JacobPudge13 when u comin","@JacobPudge13 when u comin","@JacobPudge13 when u comin"],"messages_no":3,"bad_words":[],"bad_words_no":0,"weight":0,"location":[[42.6580951,-82.7803026],[42.6580951,-82.7803026],[42.6580951,-82.7803026]],"friends":[1,2,3,4]}