{"messages":["Oh now a fire drill, whoop whoop","Oh now a fire drill, whoop whoop","@JBoehmer24 I know","Oh now a fire drill, whoop whoop","Oh now a fire drill, whoop whoop"],"messages_no":5,"bad_words":[],"bad_words_no":0,"weight":0,"location":[33.02248494,-96.71910473,33.02248494,-96.71910473,33.06041602,-96.75528055,33.02248494,-96.71910473,33.02248494,-96.71910473]}