{"messages":["We're just down by 29 \ud83d\ude05\ud83d\udd2b #faith \ud83d\ude4f","We're just down by 29 \ud83d\ude05\ud83d\udd2b #faith \ud83d\ude4f","We're just down by 29 \ud83d\ude05\ud83d\udd2b #faith \ud83d\ude4f"],"messages_no":3,"bad_words":[],"bad_words_no":0,"weight":0,"location":[[29.57371807,-98.63500526],[29.57371807,-98.63500526],[29.57371807,-98.63500526]],"friends":[1,2,3,4]}