{"messages":["Man I'm so awake rn","Man I'm so awake rn","Man I'm so awake rn"],"messages_no":3,"bad_words":[],"bad_words_no":0,"weight":0,"location":[[37.13670169,-76.40234292],[37.13670169,-76.40234292],[37.13670169,-76.40234292]],"friends":[1,2,3,4]}