{"messages":["Come on now.","Come on now.","Come on now."],"messages_no":3,"bad_words":[],"bad_words_no":0,"weight":0,"location":[[47.09451379,-122.40485512],[47.09451379,-122.40485512],[47.09451379,-122.40485512]],"friends":[1,2,3,4]}