{"messages":["FUCK THIS SHIT","FUCK THIS SHIT","FUCK THIS SHIT"],"messages_no":3,"bad_words":[],"bad_words_no":0,"weight":0,"location":[34.44039691,-119.74460824,34.44039691,-119.74460824,34.44039691,-119.74460824]}