{"messages":["@kirksjc guess not.","@kirksjc guess not.","@kirksjc guess not."],"messages_no":3,"bad_words":[],"bad_words_no":0,"weight":0,"location":[[29.6702472,-98.1248539],[29.6702472,-98.1248539],[29.6702472,-98.1248539]],"friends":[1,2,3,4]}