{"messages":["fucking zooly! lmao","fucking zooly! lmao","fucking zooly! lmao"],"messages_no":3,"bad_words":[],"bad_words_no":3,"weight":0,"location":[[42.1233037,-72.7391264],[42.1233037,-72.7391264],[42.1233037,-72.7391264]],"friends":[1,2,3,4]}