{"messages":["give it tf up","give it tf up"],"messages_no":2,"bad_words":[],"bad_words_no":0,"weight":0,"location":[43.04753691,-76.26214176,43.04753691,-76.26214176]}