{"messages":["Who shot ya?","Who shot ya?","Who shot ya?"],"messages_no":3,"bad_words":[],"bad_words_no":0,"weight":0,"location":[[33.80940417,-117.92313367],[33.80940417,-117.92313367],[33.80940417,-117.92313367]],"friends":[1,2,3,4]}