{"messages":["Sleepy .","Sleepy .","Finally finished season 1!!!! \ud83d\ude34","Sleepy .","Finally finished season 1!!!! \ud83d\ude34"],"messages_no":5,"bad_words":[],"bad_words_no":0,"weight":0,"location":[[40.75454433,-74.18894037],[40.75454433,-74.18894037],[40.74085489,-74.1907589],[40.75454433,-74.18894037],[40.74085489,-74.1907589]],"friends":[1,2,3,4]}