{"messages":["Aaron be slacking , I wish @Dee1523 was here","Juicy j | Blow out &gt;&gt;&gt;","Aaron be slacking , I wish @Dee1523 was here","Juicy j | Blow out &gt;&gt;&gt;","@6oMerald with \" he \" number","@Mikey_Conti whaaat 120 million dollar deals for an 15-25 million deal","@KiDdNerDd_ truee","Don't trust me","@LaileeBug1234 cause I do like you \ud83d\ude1a","Aaron be slacking , I wish @Dee1523 was here","Juicy j | Blow out &gt;&gt;&gt;","@6oMerald with \" he \" number","@Mikey_Conti whaaat 120 million dollar deals for an 15-25 million deal","@KiDdNerDd_ truee","Don't trust me","@LaileeBug1234 cause I do like you \ud83d\ude1a"],"messages_no":16,"bad_words":[],"bad_words_no":0,"weight":0,"location":[[26.9945663,-82.01697204],[26.9943707,-82.017276],[26.9945663,-82.01697204],[26.9943707,-82.017276],[26.9945064,-82.01720215],[26.99448817,-82.01720928],[26.9945929,-82.01717349],[26.99454538,-82.01722336],[26.99461167,-82.0170762],[26.9945663,-82.01697204],[26.9943707,-82.017276],[26.9945064,-82.01720215],[26.99448817,-82.01720928],[26.9945929,-82.01717349],[26.99454538,-82.01722336],[26.99461167,-82.0170762]],"friends":[1,2,3,4]}