{"messages":["Yosted \ud83d\udc71\ud83d\udc36 http:\/\/t.co\/FW0aeES7qc","Yosted \ud83d\udc71\ud83d\udc36 http:\/\/t.co\/FW0aeES7qc","Yosted \ud83d\udc71\ud83d\udc36 http:\/\/t.co\/FW0aeES7qc"],"messages_no":3,"bad_words":[],"bad_words_no":0,"weight":0,"location":[[34.12181871,-117.55097324],[34.12181871,-117.55097324],[34.12181871,-117.55097324]],"friends":[1,2,3,4]}