{"messages":["Temp: 32.9F  W C: 32.9F  Wind:--- at 0.4kts Baro: 1021.0mb and Rising slowly Rain today: 0.00in R H: 87%  #wvwx","Temp: 40.8F  W C: 40.8F  Wind:S at 0.9kts Baro: 1011.1mb and Steady Rain today: 0.00in R H: 74%  #wvwx","Temp: 38.5F  W C: 38.5F  Wind:--- at 0.8kts Baro: 1011.8mb and Rising slowly Rain today: 0.00in R H: 84%  #wvwx","Temp: 32.9F  W C: 32.9F  Wind:--- at 0.4kts Baro: 1021.0mb and Rising slowly Rain today: 0.00in R H: 87%  #wvwx","Temp: 40.8F  W C: 40.8F  Wind:S at 0.9kts Baro: 1011.1mb and Steady Rain today: 0.00in R H: 74%  #wvwx","Temp: 38.5F  W C: 38.5F  Wind:--- at 0.8kts Baro: 1011.8mb and Rising slowly Rain today: 0.00in R H: 84%  #wvwx","Temp: 12.6F  W C: 12.6F  Wind:--- at 0.0kts Baro: 1027.5mb and Steady Rain today: 0.00in R H: 96%  #wvwx","Temp: 31.8F  W C: 27.6F  Wind:NE at 3.6kts Baro: 1024.0mb and Falling quickly Rain today: 0.00in R H: 61%  #wvwx","Temp: 32.9F  W C: 32.9F  Wind:--- at 0.4kts Baro: 1021.0mb and Rising slowly Rain today: 0.00in R H: 87%  #wvwx","Temp: 40.8F  W C: 40.8F  Wind:S at 0.9kts Baro: 1011.1mb and Steady Rain today: 0.00in R H: 74%  #wvwx","Temp: 38.5F  W C: 38.5F  Wind:--- at 0.8kts Baro: 1011.8mb and Rising slowly Rain today: 0.00in R H: 84%  #wvwx"],"messages_no":11,"bad_words":[],"bad_words_no":0,"weight":0,"location":[[40.43,-80.59527778],[40.43,-80.59527778],[40.43,-80.59527778],[40.43,-80.59527778],[40.43,-80.59527778],[40.43,-80.59527778],[40.43,-80.59527778],[40.43,-80.59527778],[40.43,-80.59527778],[40.43,-80.59527778],[40.43,-80.59527778]],"friends":[1,2,3,4]}