{"messages":["That was awful defending from Stoke","That was awful defending from Stoke","@F_itz5 there's supposed to be more on Wednesday!","@ChrisRWhiting SCENES EVERYWHERE! thanks Chris!","That was awful defending from Stoke","@F_itz5 there's supposed to be more on Wednesday!"],"messages_no":6,"bad_words":[],"bad_words_no":0,"weight":0,"location":[[40.61705245,-74.37303379],[40.61705245,-74.37303379],[40.61698963,-74.37303679],[40.6252782,-74.3572485],[40.61705245,-74.37303379],[40.61698963,-74.37303679]],"friends":[1,2,3,4]}