{"messages":["What is this \ud83c\udf6e","What is this \ud83c\udf6e","What is this \ud83c\udf6e"],"messages_no":3,"bad_words":[],"bad_words_no":0,"weight":0,"location":[[41.48295488,-81.75168444],[41.48295488,-81.75168444],[41.48295488,-81.75168444]],"friends":[1,2,3,4]}