{"messages":["@ASHYAN_OFFICIAL ,me too","@ASHYAN_OFFICIAL ,me too","@ASHYAN_OFFICIAL ,me too"],"messages_no":3,"bad_words":[],"bad_words_no":0,"weight":0,"location":[[29.85479556,-95.64823761],[29.85479556,-95.64823761],[29.85479556,-95.64823761]],"friends":[1,2,3,4]}