{"messages":["RIP PSH. Wow.","RIP PSH. Wow.","RIP PSH. Wow."],"messages_no":3,"bad_words":[],"bad_words_no":0,"weight":0,"location":[[37.2059914,-93.28351184],[37.2059914,-93.28351184],[37.2059914,-93.28351184]],"friends":[1,2,3,4]}