{"messages":["almost a whole year.","almost a whole year.","Annoyed to the max","Bri and ash love me right about ...... NOW","@ashley29_ same bby same \ud83d\ude0d","almost a whole year.","Annoyed to the max","Bri and ash love me right about ...... NOW","@ashley29_ same bby same \ud83d\ude0d"],"messages_no":9,"bad_words":[],"bad_words_no":0,"weight":0,"location":[[31.98806876,-102.10695312],[31.98806876,-102.10695312],[31.98818984,-102.10695094],[31.98808967,-102.10689604],[31.98813074,-102.10686159],[31.98806876,-102.10695312],[31.98818984,-102.10695094],[31.98808967,-102.10689604],[31.98813074,-102.10686159]],"friends":[1,2,3,4]}