{"messages":["Here we go","Here we go","Here we go"],"messages_no":3,"bad_words":[],"bad_words_no":0,"weight":0,"location":[[43.56913476,-116.15547151],[43.56913476,-116.15547151],[43.56913476,-116.15547151]],"friends":[1,2,3,4]}