{"messages":["I'm sleep","I fuck you like yo nigga but I can't be yo man","I'm sleep","I'm sleep","I fuck you like yo nigga but I can't be yo man"],"messages_no":5,"bad_words":[],"bad_words_no":4,"weight":0,"location":[38.02109666,-121.30802882,38.0007143,-121.35301349,38.02109666,-121.30802882,38.02109666,-121.30802882,38.0007143,-121.35301349]}