{"messages":["Maybe","I just want this house so baaad","Maybe","I just want this house so baaad","Hey check out @esurencesave30 they probably have pretty good insurance","Maybe","I just want this house so baaad","Hey check out @esurencesave30 they probably have pretty good insurance"],"messages_no":8,"bad_words":[],"bad_words_no":0,"weight":0,"location":[[40.37638983,-75.93575675],[40.30837332,-76.22230316],[40.37638983,-75.93575675],[40.30837332,-76.22230316],[40.30845903,-76.22229796],[40.37638983,-75.93575675],[40.30837332,-76.22230316],[40.30845903,-76.22229796]],"friends":[1,2,3,4]}