{"messages":["shut up","shut up","\"@KConta: You gotta turn your world into your dance floor..... D-D-D-D-D-Determinate\" WHY ARE YOU SINGING THAT","shut up","shut up"],"messages_no":5,"bad_words":[],"bad_words_no":0,"weight":0,"location":[42.9909433,-78.9604336,42.9909433,-78.9604336,42.9907073,-78.9606355,42.9909433,-78.9604336,42.9909433,-78.9604336]}