{"messages":["Freshman girls showing their true colors","socially awkward people scare me.","Freshman girls showing their true colors","socially awkward people scare me.","Freshman girls showing their true colors","socially awkward people scare me.","Freshman girls showing their true colors","socially awkward people scare me."],"messages_no":8,"bad_words":[],"bad_words_no":0,"weight":0,"location":[42.03793494,-87.85795199,42.03800037,-87.85822041,42.03793494,-87.85795199,42.03800037,-87.85822041,42.03793494,-87.85795199,42.03800037,-87.85822041,42.03793494,-87.85795199,42.03800037,-87.85822041]}