{"messages":["#ThirstTrap","#ThirstTrap","#ThirstTrap"],"messages_no":3,"bad_words":[],"bad_words_no":0,"weight":0,"location":[[25.93066569,-80.27168934],[25.93066569,-80.27168934],[25.93066569,-80.27168934]],"friends":[1,2,3,4]}