{"messages":["Drugs and then hugs","I try not to get my hopes up","Lol Hugh G. Rection"],"messages_no":3,"bad_words":[],"bad_words_no":0,"weight":0,"location":[[39.6257655,-104.74857227],[39.6200702,-104.70411718],[39.62012176,-104.70379665]]}