{"messages":["Kam is my MVP so far","@TRINidad_garr Bruno Mars and red hot chili peppers","Kam is my MVP so far","@TRINidad_garr Bruno Mars and red hot chili peppers","Kam is my MVP so far","@TRINidad_garr Bruno Mars and red hot chili peppers"],"messages_no":6,"bad_words":[],"bad_words_no":0,"weight":0,"location":[[39.93242427,-75.30924862],[39.93242881,-75.30927096],[39.93242427,-75.30924862],[39.93242881,-75.30927096],[39.93242427,-75.30924862],[39.93242881,-75.30927096]],"friends":[1,2,3,4]}