{"messages":["Denver let's gooooo!!!!","Denver let's gooooo!!!!","Denver let's gooooo!!!!"],"messages_no":3,"bad_words":[],"bad_words_no":0,"weight":0,"location":[[40.9181891,-87.16060382],[40.9181891,-87.16060382],[40.9181891,-87.16060382]],"friends":[1,2,3,4]}