{"messages":["oomf pisses me off so much","oomf pisses me off so much","oomf pisses me off so much"],"messages_no":3,"bad_words":[],"bad_words_no":3,"weight":0,"location":[[42.74589728,-84.58961947],[42.74589728,-84.58961947],[42.74589728,-84.58961947]],"friends":[1,2,3,4]}