{"messages":["But you didnt.","But you didnt.","But you didnt."],"messages_no":3,"bad_words":[],"bad_words_no":0,"weight":0,"location":[[47.2191247,-122.4692229],[47.2191247,-122.4692229],[47.2191247,-122.4692229]],"friends":[1,2,3,4]}