{"messages":["My mom did not just text me \"Family time\" \ud83d\ude02","\u201c@meggaleee: why catch feelings? \ud83d\ude02\u201d","\u201c@yulissaramirez5: Quote with a selfie\u201d http:\/\/t.co\/ASeCrpcoeb","Playing with Jon's little brother makes me so happy, sad. But I know Jon's watching and is happy we all came together. \ud83d\udc99\ud83d\udc9b","Cus you make me feel like I've been locked out of heaven \ud83d\ude0d","My mom did not just text me \"Family time\" \ud83d\ude02","My mom did not just text me \"Family time\" \ud83d\ude02","\u201c@meggaleee: why catch feelings? \ud83d\ude02\u201d","\u201c@yulissaramirez5: Quote with a selfie\u201d http:\/\/t.co\/ASeCrpcoeb"],"messages_no":9,"bad_words":[],"bad_words_no":0,"weight":0,"location":[41.47040258,-82.16998396,41.47029059,-82.16990501,41.47036138,-82.1700791,41.42563992,-82.16352948,41.470508,-82.17016297,41.47040258,-82.16998396,41.47040258,-82.16998396,41.47029059,-82.16990501,41.47036138,-82.1700791]}