{"messages":["420 blaze it faggot","420 blaze it faggot","420 blaze it faggot"],"messages_no":3,"bad_words":[],"bad_words_no":3,"weight":0,"location":[38.8018031,-90.5176946,38.8018031,-90.5176946,38.8018031,-90.5176946]}