{"messages":["So. Much. Pain.","So. Much. Pain."],"messages_no":2,"bad_words":[],"bad_words_no":0,"weight":0,"location":[31.67759098,-98.99359907,31.67759098,-98.99359907]}