{"messages":["I feel like facetimeing someone during this lol \ud83d\ude01","The Super Bowl ! http:\/\/t.co\/u7OcZEjbey","I feel like facetimeing someone during this lol \ud83d\ude01","The Super Bowl ! http:\/\/t.co\/u7OcZEjbey","I feel like facetimeing someone during this lol \ud83d\ude01","The Super Bowl ! http:\/\/t.co\/u7OcZEjbey"],"messages_no":6,"bad_words":[],"bad_words_no":0,"weight":0,"location":[[41.50299425,-73.03345026],[41.50302933,-73.03347748],[41.50299425,-73.03345026],[41.50302933,-73.03347748],[41.50299425,-73.03345026],[41.50302933,-73.03347748]],"friends":[1,2,3,4]}