{"messages":["Battier said welcome to a Real basketball conference","SHEED","Battier said welcome to a Real basketball conference","SHEED"],"messages_no":4,"bad_words":[],"bad_words_no":0,"weight":0,"location":[43.2063711,-75.4310216,43.236064,-75.4558265,43.2063711,-75.4310216,43.236064,-75.4558265]}