{"messages":["wow i have major trust issues","redskins ayy lmao http:\/\/t.co\/Hslf40bwei","wow i have major trust issues","redskins ayy lmao http:\/\/t.co\/Hslf40bwei","\u201c@simplysavvvvvv: I fucking hate pety bitches and try and cause more drama thab they're worth fuck yall\u201d HYPOCRITE http:\/\/t.co\/Opsh7ZwreF","wow i have major trust issues","redskins ayy lmao http:\/\/t.co\/Hslf40bwei"],"messages_no":7,"bad_words":[],"bad_words_no":3,"weight":0,"location":[[32.84229902,-97.23865608],[32.88952577,-97.23877019],[32.84229902,-97.23865608],[32.88952577,-97.23877019],[32.85966663,-97.23253961],[32.84229902,-97.23865608],[32.88952577,-97.23877019]],"friends":[1,2,3,4]}