{"messages":["@Lambchop1997 his new name is gerber","@Lambchop1997 his new name is gerber"],"messages_no":2,"bad_words":[],"bad_words_no":0,"weight":0,"location":[42.11115046,-88.01532769,42.11115046,-88.01532769]}