{"messages":["Puppy bowl.","Puppy bowl.","Puppy bowl."],"messages_no":3,"bad_words":[],"bad_words_no":0,"weight":0,"location":[[41.71642226,-72.21543542],[41.71642226,-72.21543542],[41.71642226,-72.21543542]],"friends":[1,2,3,4]}