{"messages":["@fucken_saul  thanks g money","@fucken_saul  thanks g money","@fucken_saul  thanks g money"],"messages_no":3,"bad_words":[],"bad_words_no":3,"weight":0,"location":[34.15523695,-119.15910157,34.15523695,-119.15910157,34.15523695,-119.15910157]}