{"messages":["@mrpresidential3 lucky lol","@mrpresidential3 lucky lol","@mrpresidential3 lucky lol"],"messages_no":3,"bad_words":[],"bad_words_no":0,"weight":0,"location":[[39.32539663,-82.10067395],[39.32539663,-82.10067395],[39.32539663,-82.10067395]],"friends":[1,2,3,4]}