{"messages":["Why you gotta be so short?","Why you gotta be so short?","Why you gotta be so short?"],"messages_no":3,"bad_words":[],"bad_words_no":0,"weight":0,"location":[[25.95433959,-97.47873114],[25.95433959,-97.47873114],[25.95433959,-97.47873114]],"friends":[1,2,3,4]}