{"messages":["Damn Percy..","Damn Percy..","Damn Percy.."],"messages_no":3,"bad_words":[],"bad_words_no":0,"weight":0,"location":[[45.6306418,-94.2096808],[45.6306418,-94.2096808],[45.6306418,-94.2096808]],"friends":[1,2,3,4]}