{"messages":["@NLuangrath Like this one.","@NLuangrath Like this one.","@NLuangrath Like this one."],"messages_no":3,"bad_words":[],"bad_words_no":0,"weight":0,"location":[[42.33240653,-71.13667226],[42.33240653,-71.13667226],[42.33240653,-71.13667226]],"friends":[1,2,3,4]}