{"messages":["Lunch at cafe cita, Aventura.","Lunch at cafe cita, Aventura.","Lunch at cafe cita, Aventura."],"messages_no":3,"bad_words":[],"bad_words_no":0,"weight":0,"location":[25.94907747,-80.14540683,25.94907747,-80.14540683,25.94907747,-80.14540683]}