{"messages":["Leg day @DarrenBuckley08","Leg day @DarrenBuckley08"],"messages_no":2,"bad_words":[],"bad_words_no":0,"weight":0,"location":[43.11597658,-77.51198448,43.11597658,-77.51198448]}