{"messages":["#EsuranceSave30","#EsuranceSave30","#EsuranceSave30"],"messages_no":3,"bad_words":[],"bad_words_no":0,"weight":0,"location":[[18.40074995,-66.05631008],[18.40074995,-66.05631008],[18.40074995,-66.05631008]],"friends":[1,2,3,4]}