{"messages":["We want 2 points!","We want 2 points!","We want 2 points!"],"messages_no":3,"bad_words":[],"bad_words_no":0,"weight":0,"location":[[47.603549,-122.2993869],[47.603549,-122.2993869],[47.603549,-122.2993869]],"friends":[1,2,3,4]}