{"messages":["So nervous for this appointment omg \ud83d\ude2c","So nervous for this appointment omg \ud83d\ude2c","So nervous for this appointment omg \ud83d\ude2c","So nervous for this appointment omg \ud83d\ude2c"],"messages_no":4,"bad_words":[],"bad_words_no":0,"weight":0,"location":[41.22118147,-73.24226365,41.22118147,-73.24226365,41.22118147,-73.24226365,41.22118147,-73.24226365]}