{"messages":["Craving chocolate","Craving chocolate","\u201c@LOXsince94: Niggas ain't ready for the waves pics \ud83d\ude47\u201d\ud83d\udc40 let me see I wanna drown","Craving chocolate","\u201c@LOXsince94: Niggas ain't ready for the waves pics \ud83d\ude47\u201d\ud83d\udc40 let me see I wanna drown"],"messages_no":5,"bad_words":[],"bad_words_no":0,"weight":0,"location":[[40.84113153,-73.91468634],[40.84113153,-73.91468634],[40.84117705,-73.91473394],[40.84113153,-73.91468634],[40.84117705,-73.91473394]],"friends":[1,2,3,4]}