{"messages":["Seahawks !!!!","Seahawks !!!!","Seahawks !!!!"],"messages_no":3,"bad_words":[],"bad_words_no":0,"weight":0,"location":[[33.38229992,-112.09568762],[33.38229992,-112.09568762],[33.38229992,-112.09568762]],"friends":[1,2,3,4]}