{"messages":["@4mattyice you're just jelly.","@4mattyice you're just jelly.","@4mattyice you're just jelly."],"messages_no":3,"bad_words":[],"bad_words_no":0,"weight":0,"location":[[35.60357444,-77.36823832],[35.60357444,-77.36823832],[35.60357444,-77.36823832]],"friends":[1,2,3,4]}