{"messages":["About time it's Friday","About time it's Friday","About time it's Friday","About time it's Friday"],"messages_no":4,"bad_words":[],"bad_words_no":0,"weight":0,"location":[41.39675524,-72.08465089,41.39675524,-72.08465089,41.39675524,-72.08465089,41.39675524,-72.08465089]}