{"messages":["@kpickett01 yes please!!!!","@kpickett01 yes please!!!!","@kpickett01 yes please!!!!"],"messages_no":3,"bad_words":[],"bad_words_no":0,"weight":0,"location":[34.75404334,-97.60273266,34.75404334,-97.60273266,34.75404334,-97.60273266]}