{"messages":["21-0 get off the controller Payton!","21-0 get off the controller Payton!","21-0 get off the controller Payton!"],"messages_no":3,"bad_words":[],"bad_words_no":0,"weight":0,"location":[[28.00054687,-81.96481068],[28.00054687,-81.96481068],[28.00054687,-81.96481068]],"friends":[1,2,3,4]}