{"messages":["@_CheyDoesIt_ so yeah your Bae now ..\ud83d\ude18\ud83c\udf39","@_CheyDoesIt_ so yeah your Bae now ..\ud83d\ude18\ud83c\udf39","@_CheyDoesIt_ so yeah your Bae now ..\ud83d\ude18\ud83c\udf39"],"messages_no":3,"bad_words":[],"bad_words_no":0,"weight":0,"location":[[41.51882022,-81.54738324],[41.51882022,-81.54738324],[41.51882022,-81.54738324]],"friends":[1,2,3,4]}