{"messages":["@suits96 go on","@suits96 go on","@suits96 go on"],"messages_no":3,"bad_words":[],"bad_words_no":0,"weight":0,"location":[[42.37838218,-71.24470091],[42.37838218,-71.24470091],[42.37838218,-71.24470091]],"friends":[1,2,3,4]}