{"messages":["Smokin solo","Smokin solo","Smokin solo"],"messages_no":3,"bad_words":[],"bad_words_no":0,"weight":0,"location":[[32.3852058,-83.3388637],[32.3852058,-83.3388637],[32.3852058,-83.3388637]],"friends":[1,2,3,4]}