{"messages":["you're psychotic.","you're psychotic.","you're psychotic."],"messages_no":3,"bad_words":[],"bad_words_no":0,"weight":0,"location":[43.60652109,-73.18193106,43.60652109,-73.18193106,43.60652109,-73.18193106]}