{"messages":["@diamondleah__ thanks","@diamondleah__ thanks","@diamondleah__ thanks"],"messages_no":3,"bad_words":[],"bad_words_no":0,"weight":0,"location":[[42.00134648,-83.95135763],[42.00134648,-83.95135763],[42.00134648,-83.95135763]],"friends":[1,2,3,4]}