{"messages":["@Idibosna my own cousin blocked me \ud83d\ude10","@Idibosna my own cousin blocked me \ud83d\ude10","@Idibosna my own cousin blocked me \ud83d\ude10","@Idibosna my own cousin blocked me \ud83d\ude10"],"messages_no":4,"bad_words":[],"bad_words_no":0,"weight":0,"location":[38.97385971,-84.71223366,38.97385971,-84.71223366,38.97385971,-84.71223366,38.97385971,-84.71223366]}