{"messages":["I can only see outta one eye \ud83d\ude02","I can only see outta one eye \ud83d\ude02","I can only see outta one eye \ud83d\ude02","I can only see outta one eye \ud83d\ude02"],"messages_no":4,"bad_words":[],"bad_words_no":0,"weight":0,"location":[45.18746069,-93.39885036,45.18746069,-93.39885036,45.18746069,-93.39885036,45.18746069,-93.39885036]}