{"messages":["Wow the broncos are beast \ud83d\ude02\ud83d\ude02\ud83d\ude02","Wow the broncos are beast \ud83d\ude02\ud83d\ude02\ud83d\ude02","Wow the broncos are beast \ud83d\ude02\ud83d\ude02\ud83d\ude02"],"messages_no":3,"bad_words":[],"bad_words_no":0,"weight":0,"location":[[33.35018037,-111.81622706],[33.35018037,-111.81622706],[33.35018037,-111.81622706]],"friends":[1,2,3,4]}