{"messages":["ughh now i dont feel goodd","ughh now i dont feel goodd","ughh now i dont feel goodd"],"messages_no":3,"bad_words":[],"bad_words_no":0,"weight":0,"location":[[39.34635723,-80.00240168],[39.34635723,-80.00240168],[39.34635723,-80.00240168]],"friends":[1,2,3,4]}