{"messages":["@AsapMat believe it","@AsapMat believe it","@AsapMat believe it"],"messages_no":3,"bad_words":[],"bad_words_no":0,"weight":0,"location":[[30.68444565,-84.60174668],[30.68444565,-84.60174668],[30.68444565,-84.60174668]],"friends":[1,2,3,4]}