{"messages":["Peace love and swag http:\/\/t.co\/Qo41X04RJ0","Peace love and swag http:\/\/t.co\/Qo41X04RJ0","Peace love and swag http:\/\/t.co\/Qo41X04RJ0"],"messages_no":3,"bad_words":[],"bad_words_no":0,"weight":0,"location":[[42.86044732,-73.79852607],[42.86044732,-73.79852607],[42.86044732,-73.79852607]],"friends":[1,2,3,4]}