{"messages":["that was beautiful","that was beautiful","that was beautiful"],"messages_no":3,"bad_words":[],"bad_words_no":0,"weight":0,"location":[[40.37318486,-74.55049413],[40.37318486,-74.55049413],[40.37318486,-74.55049413]],"friends":[1,2,3,4]}