{"messages":["Twitter has jokes tonight \ud83d\ude02\ud83d\ude02","Twitter has jokes tonight \ud83d\ude02\ud83d\ude02","Why you thought you had it? He's coming to watch me play tonight, where you be? \ud83d\ude02\ud83d\udc4f\ud83d\ude02\ud83d\udc4f","Twitter has jokes tonight \ud83d\ude02\ud83d\ude02"],"messages_no":4,"bad_words":[],"bad_words_no":0,"weight":0,"location":[[39.81654079,-104.93474619],[39.81654079,-104.93474619],[39.8810323,-104.99418953],[39.81654079,-104.93474619]],"friends":[1,2,3,4]}