{"messages":["Cuddling w. My bby Meli \ud83d\ude0b\ud83d\udc95","Cuddling w. My bby Meli \ud83d\ude0b\ud83d\udc95"],"messages_no":2,"bad_words":[],"bad_words_no":0,"weight":0,"location":[40.78504693,-74.14220919,40.78504693,-74.14220919]}