{"messages":["Funny commercials: 3","Funny commercials: 3","Funny commercials: 3"],"messages_no":3,"bad_words":[],"bad_words_no":3,"weight":0,"location":[[41.74775141,-86.15483654],[41.74775141,-86.15483654],[41.74775141,-86.15483654]],"friends":[1,2,3,4]}