{"messages":["The most scariest dream I've had in a while...\ud83d\ude33\ud83d\ude4e\ud83d\udc79","The most scariest dream I've had in a while...\ud83d\ude33\ud83d\ude4e\ud83d\udc79","@SadiBug77 I looked on my wall at your baby picture bug \ud83d\ude02\ud83d\ude02\ud83d\ude02\ud83d\ude02","Headaches on top of headaches. Happy Monday. \ud83d\ude16","@DevinSantos671 welcome \ud83d\ude0e","Smoke and Mirrors by The Receiving End of Sirens \ud83c\udfb6\ud83d\udc95","The most scariest dream I've had in a while...\ud83d\ude33\ud83d\ude4e\ud83d\udc79","@SadiBug77 I looked on my wall at your baby picture bug \ud83d\ude02\ud83d\ude02\ud83d\ude02\ud83d\ude02","Headaches on top of headaches. Happy Monday. \ud83d\ude16"],"messages_no":9,"bad_words":[],"bad_words_no":0,"weight":0,"location":[[40.30020543,-84.13167761],[40.30020543,-84.13167761],[40.30020269,-84.13166271],[40.28666075,-84.14846332],[40.30021962,-84.13168844],[40.29998293,-84.13166778],[40.30020543,-84.13167761],[40.30020269,-84.13166271],[40.28666075,-84.14846332]],"friends":[1,2,3,4]}