{"messages":["Date night for everyone in my family except me cool\u270c\ufe0f","Date night for everyone in my family except me cool\u270c\ufe0f","I haven't laughed this hard in a long time","Date night for everyone in my family except me cool\u270c\ufe0f","I haven't laughed this hard in a long time"],"messages_no":5,"bad_words":[],"bad_words_no":0,"weight":0,"location":[[37.24184248,-121.93693265],[37.24184248,-121.93693265],[37.24188535,-121.93693299],[37.24184248,-121.93693265],[37.24188535,-121.93693299]],"friends":[1,2,3,4]}