{"messages":["damn you've changed","everyone seemed to have a good night last night \ud83d\ude08\ud83d\ude0f","damn you've changed"],"messages_no":3,"bad_words":[],"bad_words_no":2,"weight":0,"location":[40.5959651,-75.55370926,40.59600852,-75.55378812,40.5959651,-75.55370926]}