{"messages":["Honestly .","Honestly .","Honestly ."],"messages_no":3,"bad_words":[],"bad_words_no":0,"weight":0,"location":[42.6918671,-84.5482308,42.6918671,-84.5482308,42.6918671,-84.5482308]}