{"messages":["I wonder what happens now.. \ud83d\ude01","I wonder what happens now.. \ud83d\ude01","I wonder what happens now.. \ud83d\ude01"],"messages_no":3,"bad_words":[],"bad_words_no":0,"weight":0,"location":[[44.0794227,-93.23017216],[44.0794227,-93.23017216],[44.0794227,-93.23017216]],"friends":[1,2,3,4]}