{"messages":["Feel so useless ugh","Feel so useless ugh","Feel so useless ugh"],"messages_no":3,"bad_words":[],"bad_words_no":0,"weight":0,"location":[[40.08796418,-74.80852323],[40.08796418,-74.80852323],[40.08796418,-74.80852323]],"friends":[1,2,3,4]}