{"messages":["Prater. What.","Prater. What.","Prater. What."],"messages_no":3,"bad_words":[],"bad_words_no":0,"weight":0,"location":[[41.33406852,-111.97674319],[41.33406852,-111.97674319],[41.33406852,-111.97674319]],"friends":[1,2,3,4]}