{"messages":["God bless all the NFL players, keep safe. #SB48 #EsuranceSave30","God bless all the NFL players, keep safe. #SB48 #EsuranceSave30","Hey, you never know... #EsuranceSave30","!!! #EsuranceSave30 !!!!","Contest #EsuranceSave30","God bless all the NFL players, keep safe. #SB48 #EsuranceSave30","Hey, you never know... #EsuranceSave30","!!! #EsuranceSave30 !!!!","Contest #EsuranceSave30"],"messages_no":9,"bad_words":[],"bad_words_no":0,"weight":0,"location":[[40.62491024,-74.0299412],[40.62491024,-74.0299412],[40.62548009,-74.02994485],[40.75170191,-73.99282143],[40.62493404,-74.02998017],[40.62491024,-74.0299412],[40.62548009,-74.02994485],[40.75170191,-73.99282143],[40.62493404,-74.02998017]],"friends":[1,2,3,4]}