{"messages":["Snuggle up baby\ud83d\ude09","Snuggle up baby\ud83d\ude09","Snuggle up baby\ud83d\ude09","Snuggle up baby\ud83d\ude09"],"messages_no":4,"bad_words":[],"bad_words_no":0,"weight":0,"location":[40.27730454,-76.64085594,40.27730454,-76.64085594,40.27730454,-76.64085594,40.27730454,-76.64085594]}