{"messages":["Me and Tyler are gonna start playing FIFA","Me and Tyler are gonna start playing FIFA","@mattnelson311 that'll do if beh","Me and Tyler are gonna start playing FIFA"],"messages_no":4,"bad_words":[],"bad_words_no":0,"weight":0,"location":[[42.80985203,-112.37679351],[42.80985203,-112.37679351],[42.81294944,-112.41558217],[42.80985203,-112.37679351]],"friends":[1,2,3,4]}