{"messages":["I wanna lick u down I wanna give it to u","Don't u go to start@SydneyHook","I wanna lick u down I wanna give it to u","Don't u go to start@SydneyHook","I wanna lick u down I wanna give it to u","Don't u go to start@SydneyHook"],"messages_no":6,"bad_words":[],"bad_words_no":0,"weight":0,"location":[[41.70370366,-83.56491664],[41.70388193,-83.56476911],[41.70370366,-83.56491664],[41.70388193,-83.56476911],[41.70370366,-83.56491664],[41.70388193,-83.56476911]],"friends":[1,2,3,4]}