{"messages":["#StopWhitePeople2014","#StopWhitePeople2014","#StopWhitePeople2014"],"messages_no":3,"bad_words":[],"bad_words_no":0,"weight":0,"location":[[41.70722057,-87.76520631],[41.70722057,-87.76520631],[41.70722057,-87.76520631]],"friends":[1,2,3,4]}