{"messages":["@mandakallstrom_ we have 2 lmaoo","@mandakallstrom_ we have 2 lmaoo","@mandakallstrom_ of course babe &lt;3","@mandakallstrom_ we have 2 lmaoo","@mandakallstrom_ of course babe &lt;3"],"messages_no":5,"bad_words":[],"bad_words_no":0,"weight":0,"location":[[45.1287543,-93.3307035],[45.1287543,-93.3307035],[45.1607279,-93.2774439],[45.1287543,-93.3307035],[45.1607279,-93.2774439]],"friends":[1,2,3,4]}