{"messages":["We only just begun!","We only just begun!","If I don't have work tonight that would be great !!","We only just begun!"],"messages_no":4,"bad_words":[],"bad_words_no":0,"weight":0,"location":[[40.59468459,-74.45391739],[40.59468459,-74.45391739],[40.59466045,-74.45402543],[40.59468459,-74.45391739]],"friends":[1,2,3,4]}