{"messages":["my stomach hurt bruh \ud83d\ude2b","my stomach hurt bruh \ud83d\ude2b","my stomach hurt bruh \ud83d\ude2b"],"messages_no":3,"bad_words":[],"bad_words_no":0,"weight":0,"location":[[29.98840042,-91.80203466],[29.98840042,-91.80203466],[29.98840042,-91.80203466]],"friends":[1,2,3,4]}