{"messages":["thanks for giving me some important sports insight twitter\ud83d\ude0a http:\/\/t.co\/iV6V7nZ4O2","did you drowned #dickery","thanks for giving me some important sports insight twitter\ud83d\ude0a http:\/\/t.co\/iV6V7nZ4O2","did you drowned #dickery","my beats pill is broke\ud83d\ude29","thanks for giving me some important sports insight twitter\ud83d\ude0a http:\/\/t.co\/iV6V7nZ4O2","did you drowned #dickery","my beats pill is broke\ud83d\ude29"],"messages_no":8,"bad_words":[],"bad_words_no":3,"weight":0,"location":[[34.09213026,-84.09530808],[34.09231848,-84.09541193],[34.09213026,-84.09530808],[34.09231848,-84.09541193],[34.09240297,-84.09525157],[34.09213026,-84.09530808],[34.09231848,-84.09541193],[34.09240297,-84.09525157]],"friends":[1,2,3,4]}