{"messages":["Happy Friday!","Happy Friday!","Happy Friday!"],"messages_no":3,"bad_words":[],"bad_words_no":0,"weight":0,"location":[[41.19861514,-73.13466434],[41.19861514,-73.13466434],[41.19861514,-73.13466434]],"friends":[1,2,3,4]}