{"messages":["@lara_janjic19 asc what about you?","@lara_janjic19 asc what about you?","@lara_janjic19 asc what about you?"],"messages_no":3,"bad_words":[],"bad_words_no":0,"weight":0,"location":[[34.24868954,-118.75995999],[34.24868954,-118.75995999],[34.24868954,-118.75995999]],"friends":[1,2,3,4]}