{"messages":["That'd be sticky","That'd be sticky","That'd be sticky"],"messages_no":3,"bad_words":[],"bad_words_no":0,"weight":0,"location":[[38.97938924,-87.76624782],[38.97938924,-87.76624782],[38.97938924,-87.76624782]],"friends":[1,2,3,4]}