{"messages":["@Dalienfail poof. gone.","@Dalienfail poof. gone.","@Dalienfail poof. gone."],"messages_no":3,"bad_words":[],"bad_words_no":0,"weight":0,"location":[[40.59788746,-75.60302545],[40.59788746,-75.60302545],[40.59788746,-75.60302545]],"friends":[1,2,3,4]}