{"messages":["This game is a blow out! \ud83d\ude04","This game is a blow out! \ud83d\ude04","This game is a blow out! \ud83d\ude04"],"messages_no":3,"bad_words":[],"bad_words_no":0,"weight":0,"location":[[37.34778759,-79.17767527],[37.34778759,-79.17767527],[37.34778759,-79.17767527]],"friends":[1,2,3,4]}