{"messages":["#NW: Now You See Me \ud83c\udfa5","#NW: Now You See Me \ud83c\udfa5"],"messages_no":2,"bad_words":[],"bad_words_no":0,"weight":0,"location":[39.91702626,-91.37406482,39.91702626,-91.37406482]}