{"messages":["Niggas be so mad at me.","Niggas be so mad at me.","Niggas be so mad at me."],"messages_no":3,"bad_words":[],"bad_words_no":0,"weight":0,"location":[35.0519163,-85.2680042,35.0519163,-85.2680042,35.0519163,-85.2680042]}