{"messages":["RAndom","RAndom","RAndom"],"messages_no":3,"bad_words":[],"bad_words_no":0,"weight":0,"location":[[32.4914264,-92.1505883],[32.4914264,-92.1505883],[32.4914264,-92.1505883]],"friends":[1,2,3,4]}