{"messages":["Goodmorning Babes  \ud83d\udc8b","Goodmorning Babes  \ud83d\udc8b","Goodmorning Babes  \ud83d\udc8b"],"messages_no":3,"bad_words":[],"bad_words_no":0,"weight":0,"location":[[30.6274906,-88.2829629],[30.6274906,-88.2829629],[30.6274906,-88.2829629]],"friends":[1,2,3,4]}