{"messages":["you're so fucking annoying","you're so fucking annoying","you give me mix signals","you're so fucking annoying","you give me mix signals"],"messages_no":5,"bad_words":[],"bad_words_no":3,"weight":0,"location":[[33.30565084,-112.05628468],[33.30565084,-112.05628468],[33.32615842,-111.99079226],[33.30565084,-112.05628468],[33.32615842,-111.99079226]],"friends":[1,2,3,4]}