{"messages":["Tell me when you light it @SummerLemeur","\"@cynthiacapsul: Ice water is love\"","Tell me when you light it @SummerLemeur","\"@cynthiacapsul: Ice water is love\"","fuck schoool http:\/\/t.co\/I8AAmJX1sH","Tell me when you light it @SummerLemeur","\"@cynthiacapsul: Ice water is love\"","fuck schoool http:\/\/t.co\/I8AAmJX1sH"],"messages_no":8,"bad_words":[],"bad_words_no":2,"weight":0,"location":[[26.5467391,-81.9710738],[26.5468734,-81.9708535],[26.5467391,-81.9710738],[26.5468734,-81.9708535],[26.5466803,-81.9710182],[26.5467391,-81.9710738],[26.5468734,-81.9708535],[26.5466803,-81.9710182]],"friends":[1,2,3,4]}