{"messages":["Doing auntie things today \ud83d\udc6f","Doing auntie things today \ud83d\udc6f","Doing auntie things today \ud83d\udc6f"],"messages_no":3,"bad_words":[],"bad_words_no":0,"weight":0,"location":[[41.89364573,-87.63131909],[41.89364573,-87.63131909],[41.89364573,-87.63131909]],"friends":[1,2,3,4]}