{"messages":["Textbook tackling.","Textbook tackling.","Classes cunceled!!! Ayyyy","Textbook tackling."],"messages_no":4,"bad_words":[],"bad_words_no":0,"weight":0,"location":[[41.98591479,-70.9617465],[41.98591479,-70.9617465],[41.98603005,-70.96154539],[41.98591479,-70.9617465]],"friends":[1,2,3,4]}