{"messages":["whyyy am I up","whyyy am I up","whyyy am I up"],"messages_no":3,"bad_words":[],"bad_words_no":0,"weight":0,"location":[[34.0098729,-117.5820577],[34.0098729,-117.5820577],[34.0098729,-117.5820577]],"friends":[1,2,3,4]}