{"messages":["@omgitsteigh agreed.","@omgitsteigh agreed.","@omgitsteigh agreed."],"messages_no":3,"bad_words":[],"bad_words_no":0,"weight":0,"location":[[33.00946046,-96.70877278],[33.00946046,-96.70877278],[33.00946046,-96.70877278]],"friends":[1,2,3,4]}