{"messages":["What you do is yo business.","What you do is yo business.","What you do is yo business."],"messages_no":3,"bad_words":[],"bad_words_no":0,"weight":0,"location":[[37.96348058,-87.52842296],[37.96348058,-87.52842296],[37.96348058,-87.52842296]],"friends":[1,2,3,4]}