{"messages":["@DavidKibbie anytime hun\u2764\ufe0f\ud83d\udc91","@DavidKibbie anytime hun\u2764\ufe0f\ud83d\udc91","@DavidKibbie anytime hun\u2764\ufe0f\ud83d\udc91"],"messages_no":3,"bad_words":[],"bad_words_no":0,"weight":0,"location":[[42.85619893,-71.66555417],[42.85619893,-71.66555417],[42.85619893,-71.66555417]],"friends":[1,2,3,4]}