{"messages":["I'm fina be so showned out.. HIDE YOUR MANS.. \ud83d\ude29\ud83d\ude02\u203c\ufe0f","\u201c@kmichelle: Letting go is never easy, but trust yourself enough to know when you deserve better. #CantRaiseAMan\u201d\ud83d\ude4c\u203c\ufe0f\ud83d\ude4c\u203c\ufe0f\ud83d\ude4c\u203c\ufe0f\ud83d\ude4c\u203c\ufe0f\ud83d\ude4c\u203c\ufe0f\ud83d\ude4c\u203c\ufe0f\ud83d\ude4c\u203c\ufe0f\ud83d\ude4c\u203c\ufe0f\ud83d\ude4c\u203c\ufe0f","I'm fina be so showned out.. HIDE YOUR MANS.. \ud83d\ude29\ud83d\ude02\u203c\ufe0f","\u201c@kmichelle: Letting go is never easy, but trust yourself enough to know when you deserve better. #CantRaiseAMan\u201d\ud83d\ude4c\u203c\ufe0f\ud83d\ude4c\u203c\ufe0f\ud83d\ude4c\u203c\ufe0f\ud83d\ude4c\u203c\ufe0f\ud83d\ude4c\u203c\ufe0f\ud83d\ude4c\u203c\ufe0f\ud83d\ude4c\u203c\ufe0f\ud83d\ude4c\u203c\ufe0f\ud83d\ude4c\u203c\ufe0f","I'm fina be so showned out.. HIDE YOUR MANS.. \ud83d\ude29\ud83d\ude02\u203c\ufe0f","\u201c@kmichelle: Letting go is never easy, but trust yourself enough to know when you deserve better. #CantRaiseAMan\u201d\ud83d\ude4c\u203c\ufe0f\ud83d\ude4c\u203c\ufe0f\ud83d\ude4c\u203c\ufe0f\ud83d\ude4c\u203c\ufe0f\ud83d\ude4c\u203c\ufe0f\ud83d\ude4c\u203c\ufe0f\ud83d\ude4c\u203c\ufe0f\ud83d\ude4c\u203c\ufe0f\ud83d\ude4c\u203c\ufe0f","I'm fina be so showned out.. HIDE YOUR MANS.. \ud83d\ude29\ud83d\ude02\u203c\ufe0f","\u201c@kmichelle: Letting go is never easy, but trust yourself enough to know when you deserve better. #CantRaiseAMan\u201d\ud83d\ude4c\u203c\ufe0f\ud83d\ude4c\u203c\ufe0f\ud83d\ude4c\u203c\ufe0f\ud83d\ude4c\u203c\ufe0f\ud83d\ude4c\u203c\ufe0f\ud83d\ude4c\u203c\ufe0f\ud83d\ude4c\u203c\ufe0f\ud83d\ude4c\u203c\ufe0f\ud83d\ude4c\u203c\ufe0f"],"messages_no":8,"bad_words":[],"bad_words_no":3,"weight":0,"location":[25.84685836,-80.2228516,25.84677204,-80.22265593,25.84685836,-80.2228516,25.84677204,-80.22265593,25.84685836,-80.2228516,25.84677204,-80.22265593,25.84685836,-80.2228516,25.84677204,-80.22265593]}