{"messages":["@nDrewskee makin moves!! Happy for ya!","@nDrewskee makin moves!! Happy for ya!","What the fuck?!","@Ceciwee_ like your heart!! \u263a\ufe0f\ud83d\ude01","@nDrewskee makin moves!! Happy for ya!","What the fuck?!"],"messages_no":6,"bad_words":[],"bad_words_no":2,"weight":0,"location":[[36.23018738,-119.3458273],[36.23018738,-119.3458273],[36.23542656,-119.34311227],[36.22994057,-119.34570878],[36.23018738,-119.3458273],[36.23542656,-119.34311227]],"friends":[1,2,3,4]}