{"messages":["Don Cheadle \ud83d\udc4d","Don Cheadle \ud83d\udc4d","Don Cheadle \ud83d\udc4d"],"messages_no":3,"bad_words":[],"bad_words_no":0,"weight":0,"location":[[40.8533847,-80.26880865],[40.8533847,-80.26880865],[40.8533847,-80.26880865]],"friends":[1,2,3,4]}