{"messages":["I might make my move out that way around 1030 11","I might make my move out that way around 1030 11","Don't kiss me, I will grab your ass","T BELL T BELL RUSSEL 2:45","I might make my move out that way around 1030 11","Don't kiss me, I will grab your ass"],"messages_no":6,"bad_words":[],"bad_words_no":0,"weight":0,"location":[[32.57835038,-83.6584824],[32.57835038,-83.6584824],[32.57850408,-83.65844682],[32.61042947,-83.61388673],[32.57835038,-83.6584824],[32.57850408,-83.65844682]],"friends":[1,2,3,4]}