{"messages":["Cripple Sherman","So uhh no school or what?","Cripple Sherman","So uhh no school or what?","Cripple Sherman","So uhh no school or what?"],"messages_no":6,"bad_words":[],"bad_words_no":0,"weight":0,"location":[[40.7251931,-75.2388402],[40.7251919,-75.2388259],[40.7251931,-75.2388402],[40.7251919,-75.2388259],[40.7251931,-75.2388402],[40.7251919,-75.2388259]],"friends":[1,2,3,4]}