{"messages":["am i abt to cry i think so fuck","i am not a meme","am i abt to cry i think so fuck","am i abt to cry i think so fuck","i am not a meme","i am not a meme"],"messages_no":6,"bad_words":[],"bad_words_no":3,"weight":0,"location":[43.09057978,-75.35207813,43.04872936,-76.08789003,43.09057978,-75.35207813,43.09057978,-75.35207813,43.04872936,-76.08789003,43.04872936,-76.08789003]}