{"messages":["Were late lol","Were late lol","Were late lol"],"messages_no":3,"bad_words":[],"bad_words_no":0,"weight":0,"location":[[32.80949394,-96.59576183],[32.80949394,-96.59576183],[32.80949394,-96.59576183]],"friends":[1,2,3,4]}