{"messages":["#bronconation","I want a coat like that.","#bronconation","I want a coat like that.","#bronconation","I want a coat like that."],"messages_no":6,"bad_words":[],"bad_words_no":0,"weight":0,"location":[[37.75182476,-96.64356073],[37.75184058,-96.64359412],[37.75182476,-96.64356073],[37.75184058,-96.64359412],[37.75182476,-96.64356073],[37.75184058,-96.64359412]],"friends":[1,2,3,4]}