{"messages":["and i love ghost adventures","and i love ghost adventures","HOPEFULLY THERES WIFI SO WE CAN KEEP IN TOUCH","and i love ghost adventures","HOPEFULLY THERES WIFI SO WE CAN KEEP IN TOUCH"],"messages_no":5,"bad_words":[],"bad_words_no":0,"weight":0,"location":[[40.86603811,-73.02999817],[40.86603811,-73.02999817],[40.86606581,-73.03006958],[40.86603811,-73.02999817],[40.86606581,-73.03006958]],"friends":[1,2,3,4]}