{"messages":["I LOVE MUSIC\u2764\ufe0f\u2764\ufe0f\u2764\ufe0f","I LOVE MUSIC\u2764\ufe0f\u2764\ufe0f\u2764\ufe0f","I LOVE MUSIC\u2764\ufe0f\u2764\ufe0f\u2764\ufe0f"],"messages_no":3,"bad_words":[],"bad_words_no":0,"weight":0,"location":[[42.78766921,-96.92179395],[42.78766921,-96.92179395],[42.78766921,-96.92179395]],"friends":[1,2,3,4]}