{"messages":["Third wheelin it...","Third wheelin it...","Third wheelin it...","Third wheelin it..."],"messages_no":4,"bad_words":[],"bad_words_no":0,"weight":0,"location":[40.40995798,-76.47801305,40.40995798,-76.47801305,40.40995798,-76.47801305,40.40995798,-76.47801305]}