{"messages":["I want to go on a late night adventure","Olive Garden \ud83c\udf89\ud83d\ude4c\ud83c\udf74","My point exactly","Get back in the friend zone","The way he moves though \ud83d\udc45","I want to go on a late night adventure","Olive Garden \ud83c\udf89\ud83d\ude4c\ud83c\udf74","My point exactly","Get back in the friend zone","The way he moves though \ud83d\udc45","I lost seven pounds \ud83d\udc4f\ud83d\ude4f\ud83d\ude4c\ud83d\udc4c","I miss you babe @LonerAlexx \n\ud83d\ude18\ud83d\ude18\ud83d\udc9c\ud83d\udc9c\ud83d\ude4f\ud83d\ude4f\ud83d\udc31\ud83d\udc31\ud83c\udf38\ud83c\udf38\ud83d\ude4c\ud83d\ude4c","OMG that vine was horrible \ud83d\ude2d","I want to go on a late night adventure","Olive Garden \ud83c\udf89\ud83d\ude4c\ud83c\udf74","My point exactly","Get back in the friend zone","The way he moves though \ud83d\udc45","I lost seven pounds \ud83d\udc4f\ud83d\ude4f\ud83d\ude4c\ud83d\udc4c","I miss you babe @LonerAlexx \n\ud83d\ude18\ud83d\ude18\ud83d\udc9c\ud83d\udc9c\ud83d\ude4f\ud83d\ude4f\ud83d\udc31\ud83d\udc31\ud83c\udf38\ud83c\udf38\ud83d\ude4c\ud83d\ude4c"],"messages_no":20,"bad_words":[],"bad_words_no":0,"weight":0,"location":[[47.37200496,-122.19365249],[47.37202519,-122.19371853],[47.37184466,-122.19391032],[47.37185715,-122.19391854],[47.3718898,-122.19372961],[47.37200496,-122.19365249],[47.37202519,-122.19371853],[47.37184466,-122.19391032],[47.37185715,-122.19391854],[47.3718898,-122.19372961],[47.37271172,-122.20454679],[47.37192322,-122.19405486],[47.37194846,-122.19337823],[47.37200496,-122.19365249],[47.37202519,-122.19371853],[47.37184466,-122.19391032],[47.37185715,-122.19391854],[47.3718898,-122.19372961],[47.37271172,-122.20454679],[47.37192322,-122.19405486]],"friends":[1,2,3,4]}