{"messages":["@jsantos0495 yeah but not during the winter \ud83d\ude01","@jsantos0495 yeah but not during the winter \ud83d\ude01"],"messages_no":2,"bad_words":[],"bad_words_no":0,"weight":0,"location":[47.56190892,-122.54321742,47.56190892,-122.54321742]}