{"messages":["\u201c@Unorthodox_funk: I'm too smooth \ud83d\udc50\u201d","\u201c@Unorthodox_funk: I'm too smooth \ud83d\udc50\u201d","\u201c@Unorthodox_funk: I'm too smooth \ud83d\udc50\u201d"],"messages_no":3,"bad_words":[],"bad_words_no":0,"weight":0,"location":[[41.72934869,-72.69807774],[41.72934869,-72.69807774],[41.72934869,-72.69807774]],"friends":[1,2,3,4]}