{"messages":["PLAY BLACK WHORES","PLAY BLACK WHORES","PLAY BLACK WHORES"],"messages_no":3,"bad_words":[],"bad_words_no":0,"weight":0,"location":[[40.6474156,-74.7730574],[40.6474156,-74.7730574],[40.6474156,-74.7730574]],"friends":[1,2,3,4]}