{"messages":["@tbaanks should I wear clothes this time Ahaha","My Breakfast http:\/\/t.co\/1UkjyH6E5D","@tbaanks should I wear clothes this time Ahaha","My Breakfast http:\/\/t.co\/1UkjyH6E5D","@tbaanks should I wear clothes this time Ahaha","My Breakfast http:\/\/t.co\/1UkjyH6E5D"],"messages_no":6,"bad_words":[],"bad_words_no":0,"weight":0,"location":[[33.559785,-112.2402381],[33.3896627,-111.9633687],[33.559785,-112.2402381],[33.3896627,-111.9633687],[33.559785,-112.2402381],[33.3896627,-111.9633687]],"friends":[1,2,3,4]}