{"messages":["2 MORE MONTHS TILL IM 18! AYEEEE TU","Hate leaving voicemails lol","All these africans downstairs yelling lmaooo","2 MORE MONTHS TILL IM 18! AYEEEE TU","2 MORE MONTHS TILL IM 18! AYEEEE TU"],"messages_no":5,"bad_words":[],"bad_words_no":0,"weight":0,"location":[38.3860673,-75.0803931,38.9472455,-76.0696639,38.94466588,-76.95265497,38.3860673,-75.0803931,38.3860673,-75.0803931]}