{"messages":["I always gotta steal one \ud83d\udc94","Me \"ask mom for those orange chips, say YOU want them though\"\nJaniesha \"mooooom, shae want those orange chips!\"\nMe \"oh my god girl\" \n#SMH","Today would've been 5 months \ud83d\ude02","I always gotta steal one \ud83d\udc94","Me \"ask mom for those orange chips, say YOU want them though\"\nJaniesha \"mooooom, shae want those orange chips!\"\nMe \"oh my god girl\" \n#SMH","Today would've been 5 months \ud83d\ude02","@adiyaj2 hahaha fuckin ugly, def us \ud83d\udc4f\ud83d\udc4f\ud83d\udc81 im a save it for next time you're mad at me \ud83d\ude0f\ud83d\ude09","OMFG. Ima kill you \ud83d\udc4f\ud83d\udc4f","Fuckin lesbian @adiyaj2 \ud83d\ude33","I NEED a new tattoo \ud83d\ude0b\ud83d\ude0b\ud83d\udc89\ud83d\ude0d","I always gotta steal one \ud83d\udc94","Me \"ask mom for those orange chips, say YOU want them though\"\nJaniesha \"mooooom, shae want those orange chips!\"\nMe \"oh my god girl\" \n#SMH","Today would've been 5 months \ud83d\ude02","@adiyaj2 hahaha fuckin ugly, def us \ud83d\udc4f\ud83d\udc4f\ud83d\udc81 im a save it for next time you're mad at me \ud83d\ude0f\ud83d\ude09","OMFG. Ima kill you \ud83d\udc4f\ud83d\udc4f"],"messages_no":15,"bad_words":[],"bad_words_no":4,"weight":0,"location":[[46.78921777,-123.01060089],[48.0575248,-122.19497916],[48.07166825,-122.25997458],[46.78921777,-123.01060089],[48.0575248,-122.19497916],[48.07166825,-122.25997458],[48.07167616,-122.25981035],[48.07166747,-122.25988995],[48.06205126,-122.19984982],[48.78998217,-122.49613736],[46.78921777,-123.01060089],[48.0575248,-122.19497916],[48.07166825,-122.25997458],[48.07167616,-122.25981035],[48.07166747,-122.25988995]],"friends":[1,2,3,4]}