{"messages":["Lmao at all Denver fans","Lmao at all Denver fans","Lmao at all Denver fans"],"messages_no":3,"bad_words":[],"bad_words_no":0,"weight":0,"location":[[46.58648062,-112.02923502],[46.58648062,-112.02923502],[46.58648062,-112.02923502]],"friends":[1,2,3,4]}