{"messages":["@Hyundai had a great commercial #prouddriver","Omg yes #EsuranceSave30","@Hyundai had a great commercial #prouddriver","Omg yes #EsuranceSave30","@AC_Babe_ForLife @aaroncarter yeh I can't understand why ww","@Hyundai had a great commercial #prouddriver","Omg yes #EsuranceSave30"],"messages_no":7,"bad_words":[],"bad_words_no":0,"weight":0,"location":[[41.22092573,-73.22440685],[41.22098522,-73.22451616],[41.22092573,-73.22440685],[41.22098522,-73.22451616],[41.22113601,-73.22427517],[41.22092573,-73.22440685],[41.22098522,-73.22451616]],"friends":[1,2,3,4]}