{"messages":["I don't speak English","@SleeperGrin I have","@kristeaaaa I find feminists arguments hilarious.\nSolely for the fact that the become heated so quickly.","im just a big sad sack of shit tbh","I don't speak English","@SleeperGrin I have","@kristeaaaa I find feminists arguments hilarious.\nSolely for the fact that the become heated so quickly.","im just a big sad sack of shit tbh","I don't speak English","@SleeperGrin I have","@kristeaaaa I find feminists arguments hilarious.\nSolely for the fact that the become heated so quickly.","im just a big sad sack of shit tbh"],"messages_no":12,"bad_words":[],"bad_words_no":3,"weight":0,"location":[[29.84639435,-95.0770573],[29.84636099,-95.07712293],[29.84626405,-95.07714355],[29.84632017,-95.07712254],[29.84639435,-95.0770573],[29.84636099,-95.07712293],[29.84626405,-95.07714355],[29.84632017,-95.07712254],[29.84639435,-95.0770573],[29.84636099,-95.07712293],[29.84626405,-95.07714355],[29.84632017,-95.07712254]],"friends":[1,2,3,4]}