{"messages":["Gonna miss Super Bowl....","Gonna miss Super Bowl....","Gonna miss Super Bowl...."],"messages_no":3,"bad_words":[],"bad_words_no":0,"weight":0,"location":[[45.50070001,-89.69368697],[45.50070001,-89.69368697],[45.50070001,-89.69368697]],"friends":[1,2,3,4]}