{"messages":["@whit0013 you're taping it right?! headed home soon! \u2764\ufe0f\ud83d\udc36","@whit0013 you're taping it right?! headed home soon! \u2764\ufe0f\ud83d\udc36","@whit0013 you're taping it right?! headed home soon! \u2764\ufe0f\ud83d\udc36"],"messages_no":3,"bad_words":[],"bad_words_no":0,"weight":0,"location":[[42.35560366,-71.05702933],[42.35560366,-71.05702933],[42.35560366,-71.05702933]],"friends":[1,2,3,4]}