{"messages":["I have hella homework due Sunday at 12:59\ud83d\ude2d\ud83d\ude12","Pretty much"],"messages_no":2,"bad_words":[],"bad_words_no":1,"weight":0,"location":[[38.58903321,-121.30093765],[38.58898049,-121.30089909]]}