{"messages":["Gosh, sometimes I'm so dumb.","Gosh, sometimes I'm so dumb.","Gosh, sometimes I'm so dumb."],"messages_no":3,"bad_words":[],"bad_words_no":0,"weight":0,"location":[[41.52732098,-83.36266357],[41.52732098,-83.36266357],[41.52732098,-83.36266357]],"friends":[1,2,3,4]}