{"messages":["It is so cold.","Chilis ribs \ud83d\ude0b.","Killed it. \ud83d\ude0b http:\/\/t.co\/ol6tw5wrCp","It is so cold.","It is so cold.","Chilis ribs \ud83d\ude0b.","Killed it. \ud83d\ude0b http:\/\/t.co\/ol6tw5wrCp"],"messages_no":7,"bad_words":[],"bad_words_no":0,"weight":0,"location":[29.55608708,-97.93938758,29.60018776,-97.9505271,29.60146942,-97.95114545,29.55608708,-97.93938758,29.55608708,-97.93938758,29.60018776,-97.9505271,29.60146942,-97.95114545]}