{"messages":["Safety already","@_BombLove it ain't that hard sweetie","Safety already","@_BombLove it ain't that hard sweetie","Safety already","@_BombLove it ain't that hard sweetie"],"messages_no":6,"bad_words":[],"bad_words_no":0,"weight":0,"location":[[35.3020083,-80.7362632],[35.3020123,-80.7362164],[35.3020083,-80.7362632],[35.3020123,-80.7362164],[35.3020083,-80.7362632],[35.3020123,-80.7362164]],"friends":[1,2,3,4]}