{"messages":["She said no that weed is loud.","She said no that weed is loud.","She said no that weed is loud."],"messages_no":3,"bad_words":[],"bad_words_no":0,"weight":0,"location":[[46.77512528,-96.14786815],[46.77512528,-96.14786815],[46.77512528,-96.14786815]],"friends":[1,2,3,4]}