{"messages":["Damn I'm ready to eat","Damn I'm ready to eat","Mondays always suck","Damn I'm ready to eat","Mondays always suck"],"messages_no":5,"bad_words":[],"bad_words_no":0,"weight":0,"location":[[29.54022441,-98.69428011],[29.54022441,-98.69428011],[29.54013063,-98.69435693],[29.54022441,-98.69428011],[29.54013063,-98.69435693]],"friends":[1,2,3,4]}