{"messages":["Chocolate Chip Muffins&gt;&gt;&gt;\ud83d\ude0d\u2764\ufe0f","Chocolate Chip Muffins&gt;&gt;&gt;\ud83d\ude0d\u2764\ufe0f","Chocolate Chip Muffins&gt;&gt;&gt;\ud83d\ude0d\u2764\ufe0f"],"messages_no":3,"bad_words":[],"bad_words_no":0,"weight":0,"location":[[37.71778266,-122.15370962],[37.71778266,-122.15370962],[37.71778266,-122.15370962]],"friends":[1,2,3,4]}