{"messages":["I'm sleepy forreal \ud83d\ude29","I'm sleepy forreal \ud83d\ude29","I'm sleepy forreal \ud83d\ude29"],"messages_no":3,"bad_words":[],"bad_words_no":0,"weight":0,"location":[[39.34310753,-76.72895397],[39.34310753,-76.72895397],[39.34310753,-76.72895397]],"friends":[1,2,3,4]}