{"messages":["Who Trynna chill","Who Trynna chill","\u201c@AnyminimineyMOE: @FlyBoyKwasi_ lol foreal\u201d lol I feel it though","Who Trynna chill"],"messages_no":4,"bad_words":[],"bad_words_no":0,"weight":0,"location":[[40.07751995,-83.00008457],[40.07751995,-83.00008457],[40.09568145,-82.95363031],[40.07751995,-83.00008457]],"friends":[1,2,3,4]}