{"messages":["@RiceKakeJerry hell yea","@RiceKakeJerry hell yea","@RiceKakeJerry hell yea"],"messages_no":3,"bad_words":[],"bad_words_no":3,"weight":0,"location":[[41.53035932,-87.54766241],[41.53035932,-87.54766241],[41.53035932,-87.54766241]],"friends":[1,2,3,4]}