{"messages":["I ate Pizza Hut and Chinese lol right after each other \ud83d\ude02\ud83d\ude02\ud83d\ude02","I ate Pizza Hut and Chinese lol right after each other \ud83d\ude02\ud83d\ude02\ud83d\ude02","I'm not even tired. What is life!","I ate Pizza Hut and Chinese lol right after each other \ud83d\ude02\ud83d\ude02\ud83d\ude02","I'm not even tired. What is life!"],"messages_no":5,"bad_words":[],"bad_words_no":0,"weight":0,"location":[[40.43326138,-84.97846845],[40.43326138,-84.97846845],[40.39765652,-84.83718057],[40.43326138,-84.97846845],[40.39765652,-84.83718057]],"friends":[1,2,3,4]}