{"messages":["Guess I'm going to the square. \u270c\ufe0f","Guess I'm going to the square. \u270c\ufe0f","Guess I'm going to the square. \u270c\ufe0f"],"messages_no":3,"bad_words":[],"bad_words_no":0,"weight":0,"location":[[29.90976904,-97.90995819],[29.90976904,-97.90995819],[29.90976904,-97.90995819]],"friends":[1,2,3,4]}