{"messages":["#Seahawks #cointoss #\u2714\ufe0f","#Seahawks #cointoss #\u2714\ufe0f","#Seahawks #cointoss #\u2714\ufe0f"],"messages_no":3,"bad_words":[],"bad_words_no":0,"weight":0,"location":[[33.78934931,-79.00083164],[33.78934931,-79.00083164],[33.78934931,-79.00083164]],"friends":[1,2,3,4]}