{"messages":["\u201c@PabloAlert: Cause people can be like the weather.. So unpredictable\u201d","\u201c@PrincessOsh_xo: No one is worth stressing over\u201d","\u201c@PabloAlert: Cause people can be like the weather.. So unpredictable\u201d","\u201c@PrincessOsh_xo: No one is worth stressing over\u201d","@_valeriaer oh yeah i forgot that i put that \ud83d\ude02\ud83d\ude2d","\u201c@Shawty_SoTrill: In a good ass mood \ud83d\ude0c\u201d","i be hear little ice smackin my window \ud83d\ude33\ud83d\ude33\ud83d\ude02","\u201c@PabloAlert: Cause people can be like the weather.. So unpredictable\u201d","\u201c@PrincessOsh_xo: No one is worth stressing over\u201d","@_valeriaer oh yeah i forgot that i put that \ud83d\ude02\ud83d\ude2d","\u201c@Shawty_SoTrill: In a good ass mood \ud83d\ude0c\u201d","i be hear little ice smackin my window \ud83d\ude33\ud83d\ude33\ud83d\ude02"],"messages_no":12,"bad_words":[],"bad_words_no":0,"weight":0,"location":[[39.74010983,-75.56630666],[39.73996344,-75.56620348],[39.74010983,-75.56630666],[39.73996344,-75.56620348],[39.73994242,-75.56600093],[39.74020466,-75.56605259],[39.73979698,-75.56602563],[39.74010983,-75.56630666],[39.73996344,-75.56620348],[39.73994242,-75.56600093],[39.74020466,-75.56605259],[39.73979698,-75.56602563]],"friends":[1,2,3,4]}