{"messages":["The year of the horse!!!! \ud83d\udc0e 1990 baby \ud83d\ude4c","The year of the horse!!!! \ud83d\udc0e 1990 baby \ud83d\ude4c","The year of the horse!!!! \ud83d\udc0e 1990 baby \ud83d\ude4c","The year of the horse!!!! \ud83d\udc0e 1990 baby \ud83d\ude4c"],"messages_no":4,"bad_words":[],"bad_words_no":0,"weight":0,"location":[42.54268432,-71.25747278,42.54268432,-71.25747278,42.54268432,-71.25747278,42.54268432,-71.25747278]}