{"messages":["Ice Age is on!!\ud83d\ude01\ud83d\ude0e","No one of the Seattle roster had Super Bowl experience before tonight!","Ice Age is on!!\ud83d\ude01\ud83d\ude0e","No one of the Seattle roster had Super Bowl experience before tonight!","Ice Age is on!!\ud83d\ude01\ud83d\ude0e","No one of the Seattle roster had Super Bowl experience before tonight!"],"messages_no":6,"bad_words":[],"bad_words_no":0,"weight":0,"location":[[34.96936005,-79.01025156],[34.96951802,-79.00999131],[34.96936005,-79.01025156],[34.96951802,-79.00999131],[34.96936005,-79.01025156],[34.96951802,-79.00999131]],"friends":[1,2,3,4]}