{"messages":["Far from a asshole but okay","Far from a asshole but okay","Streets talking, I hear them","\u201c@kayleeeasdf: YOOOOO HMU IF U WANNA D8 http:\/\/t.co\/XchtCZ8kkM\u201d\n\ud83d\udc40\ud83d\udc40\ud83d\udc40\ud83d\udc40","Lay a finger on me, that's gonna cost ya arm \u261d\ufe0f","Far from a asshole but okay"],"messages_no":6,"bad_words":[],"bad_words_no":0,"weight":0,"location":[[40.76216805,-73.32364851],[40.76216805,-73.32364851],[40.76210538,-73.32351385],[40.72544831,-73.32486894],[40.74114594,-73.33679286],[40.76216805,-73.32364851]],"friends":[1,2,3,4]}