{"messages":["@asa_ranell I'm really drove atm","@asa_ranell I'm really drove atm","\u201c@TrapHouseMario: #ThisCoudBeUsButYouPlayin http:\/\/t.co\/h8jzRtCz6v\u201d","My girl pussy feel like heaven to a God","@asa_ranell I'm really drove atm","\u201c@TrapHouseMario: #ThisCoudBeUsButYouPlayin http:\/\/t.co\/h8jzRtCz6v\u201d"],"messages_no":6,"bad_words":[],"bad_words_no":1,"weight":0,"location":[[29.5907942,-90.67154869],[29.5907942,-90.67154869],[29.68969564,-90.76200018],[29.68976277,-90.76181033],[29.5907942,-90.67154869],[29.68969564,-90.76200018]],"friends":[1,2,3,4]}