{"messages":["Johnny Cash","Johnny Cash","Johnny Cash","Johnny Cash"],"messages_no":4,"bad_words":[],"bad_words_no":0,"weight":0,"location":[36.6729974,-121.66466723,36.6729974,-121.66466723,36.6729974,-121.66466723,36.6729974,-121.66466723]}