{"messages":["Super Bowl is over rated","Super Bowl is over rated","Super Bowl is over rated"],"messages_no":3,"bad_words":[],"bad_words_no":0,"weight":0,"location":[[33.2313685,-111.71640186],[33.2313685,-111.71640186],[33.2313685,-111.71640186]],"friends":[1,2,3,4]}