{"messages":["Me and nick match every where we go \ud83d\ude48\ud83d\ude48\ud83d\ude48","Me and nick match every where we go \ud83d\ude48\ud83d\ude48\ud83d\ude48","Me and nick match every where we go \ud83d\ude48\ud83d\ude48\ud83d\ude48"],"messages_no":3,"bad_words":[],"bad_words_no":0,"weight":0,"location":[[40.18869019,-74.86332164],[40.18869019,-74.86332164],[40.18869019,-74.86332164]],"friends":[1,2,3,4]}