{"messages":["Out to palooza dress terribly \u270c\ufe0f","Out to palooza dress terribly \u270c\ufe0f","Out to palooza dress terribly \u270c\ufe0f"],"messages_no":3,"bad_words":[],"bad_words_no":0,"weight":0,"location":[40.78378129,-74.02952671,40.78378129,-74.02952671,40.78378129,-74.02952671]}