{"messages":["Shopping bags I'm a tourist nigga","Shopping bags I'm a tourist nigga","Shopping bags I'm a tourist nigga","Shopping bags I'm a tourist nigga"],"messages_no":4,"bad_words":[],"bad_words_no":3,"weight":0,"location":[43.09066117,-75.24926042,43.09066117,-75.24926042,43.09066117,-75.24926042,43.09066117,-75.24926042]}