{"messages":["Kaycee needs a twitter.   \ud83d\udc4a","Kaycee needs a twitter.   \ud83d\udc4a","Kaycee needs a twitter.   \ud83d\udc4a"],"messages_no":3,"bad_words":[],"bad_words_no":0,"weight":0,"location":[42.1506795,-96.4914879,42.1506795,-96.4914879,42.1506795,-96.4914879]}