{"messages":["where is bae \ud83d\ude06\ud83d\ude06","iget to cleaning when I'm bored knowing don't nothing be dirty","me being able not to drive gone drive me crazy \ud83d\ude14","where is bae \ud83d\ude06\ud83d\ude06","iget to cleaning when I'm bored knowing don't nothing be dirty","iget to cleaning when I'm bored knowing don't nothing be dirty","me being able not to drive gone drive me crazy \ud83d\ude14"],"messages_no":7,"bad_words":[],"bad_words_no":0,"weight":0,"location":[39.8764826,-88.95686938,39.83600836,-88.95588141,39.83589307,-88.95566558,39.8764826,-88.95686938,39.83600836,-88.95588141,39.83600836,-88.95588141,39.83589307,-88.95566558]}