{"messages":["No one asked you...","No one asked you...","No one asked you...","No one asked you..."],"messages_no":4,"bad_words":[],"bad_words_no":0,"weight":0,"location":[29.00418838,-81.30485111,29.00418838,-81.30485111,29.00418838,-81.30485111,29.00418838,-81.30485111]}