{"messages":["Come to Red Robin for willies birthday :)","Come to Red Robin for willies birthday :)","Come to Red Robin for willies birthday :)","Come to Red Robin for willies birthday :)","@raquelnd27 you go girl \ud83c\udfc0\ud83c\udfc0","Come to Red Robin for willies birthday :)","Come to Red Robin for willies birthday :)"],"messages_no":7,"bad_words":[],"bad_words_no":0,"weight":0,"location":[[33.68286506,-117.17414718],[33.68286506,-117.17414718],[33.68286506,-117.17414718],[33.68286506,-117.17414718],[33.68562673,-117.17465144],[33.68286506,-117.17414718],[33.68286506,-117.17414718]],"friends":[1,2,3,4]}