{"messages":["@sye_savage what is wrong with your lol bro \ud83d\ude02\ud83d\ude02\ud83d\ude02\ud83d\ude02 http:\/\/t.co\/9278X5Tvlj","@sye_savage what is wrong with your lol bro \ud83d\ude02\ud83d\ude02\ud83d\ude02\ud83d\ude02 http:\/\/t.co\/9278X5Tvlj","Yeah that's not cool","@sye_savage what is wrong with your lol bro \ud83d\ude02\ud83d\ude02\ud83d\ude02\ud83d\ude02 http:\/\/t.co\/9278X5Tvlj"],"messages_no":4,"bad_words":[],"bad_words_no":0,"weight":0,"location":[[40.3321215,-76.78225131],[40.3321215,-76.78225131],[40.2840953,-76.79979905],[40.3321215,-76.78225131]],"friends":[1,2,3,4]}