{"messages":["tbh i just want #oomf","tbh i just want #oomf","tbh i just want #oomf"],"messages_no":3,"bad_words":[],"bad_words_no":0,"weight":0,"location":[[33.9380549,-98.47533654],[33.9380549,-98.47533654],[33.9380549,-98.47533654]],"friends":[1,2,3,4]}