{"messages":["He comes the Super Bowl tweets the I don't give one fuck about.","He comes the Super Bowl tweets the I don't give one fuck about.","Tbh my brothers team to tall. Boys 14 and is 6'2","Show Choir throw backs.","He comes the Super Bowl tweets the I don't give one fuck about.","Tbh my brothers team to tall. Boys 14 and is 6'2","Show Choir throw backs."],"messages_no":7,"bad_words":[],"bad_words_no":3,"weight":0,"location":[[30.37155344,-87.35728514],[30.37155344,-87.35728514],[30.37149536,-87.3575457],[30.37151612,-87.35709813],[30.37155344,-87.35728514],[30.37149536,-87.3575457],[30.37151612,-87.35709813]],"friends":[1,2,3,4]}