{"messages":["How they snap the ball that bad??","How they snap the ball that bad??","They pissing me off by how retarded they acting but I guess they can't help it","Not today not anytime soon","How they snap the ball that bad??"],"messages_no":5,"bad_words":[],"bad_words_no":1,"weight":0,"location":[[30.37165322,-97.69876361],[30.37165322,-97.69876361],[30.35957483,-97.70813491],[30.36310571,-97.70839929],[30.37165322,-97.69876361]],"friends":[1,2,3,4]}