{"messages":["I hate Anna omg","GO BRONCOS THIS IS ALL YOU GUYS DO AWESOME I CAN'T EVEN","I hate Anna omg","GO BRONCOS THIS IS ALL YOU GUYS DO AWESOME I CAN'T EVEN","I hate Anna omg","GO BRONCOS THIS IS ALL YOU GUYS DO AWESOME I CAN'T EVEN"],"messages_no":6,"bad_words":[],"bad_words_no":0,"weight":0,"location":[[42.31508243,-87.83463479],[42.31508274,-87.83466871],[42.31508243,-87.83463479],[42.31508274,-87.83466871],[42.31508243,-87.83463479],[42.31508274,-87.83466871]],"friends":[1,2,3,4]}