{"messages":["Pissed","@alexmillerr14 @DTrubish What..."],"messages_no":2,"bad_words":[],"bad_words_no":0,"weight":0,"location":[43.00698656,-78.69138996,43.00702751,-78.69140429]}