{"messages":["found a stash of hoodies \ud83d\ude0d","found a stash of hoodies \ud83d\ude0d","found a stash of hoodies \ud83d\ude0d","found a stash of hoodies \ud83d\ude0d"],"messages_no":4,"bad_words":[],"bad_words_no":0,"weight":0,"location":[42.62273015,-79.06071103,42.62273015,-79.06071103,42.62273015,-79.06071103,42.62273015,-79.06071103]}