{"messages":["Awe! \u263a","Awe! \u263a"],"messages_no":2,"bad_words":[],"bad_words_no":0,"weight":0,"location":[34.25341328,-83.73934041,34.25341328,-83.73934041]}