{"messages":["@Jhutter16 you guys beat PV?","@RollingerCole going to the game?","@Jhutter16 you guys beat PV?","@RollingerCole going to the game?"],"messages_no":4,"bad_words":[],"bad_words_no":0,"weight":0,"location":[41.6262585,-90.561763,41.6296212,-90.5619991,41.6262585,-90.561763,41.6296212,-90.5619991]}