{"messages":["@Jenny6_ what happen? Dm me \ud83d\ude33\ud83d\ude33\ud83d\ude33","Anyone up \ud83d\ude33","@Lhud3421 come over \ud83d\udc81","@Yinkaholic @kykykachai he'd still fuck yo bitch","@Jenny6_ what happen? Dm me \ud83d\ude33\ud83d\ude33\ud83d\ude33","Anyone up \ud83d\ude33","@Lhud3421 come over \ud83d\udc81","@Yinkaholic @kykykachai he'd still fuck yo bitch","@morgan_destynee wanna text me back or nah?","@Jenny6_ what happen? Dm me \ud83d\ude33\ud83d\ude33\ud83d\ude33","Anyone up \ud83d\ude33","@Lhud3421 come over \ud83d\udc81","@Yinkaholic @kykykachai he'd still fuck yo bitch"],"messages_no":13,"bad_words":[],"bad_words_no":6,"weight":0,"location":[[39.62491514,-104.72951692],[39.62480911,-104.72974619],[39.62509357,-104.72951844],[39.62479962,-104.72973338],[39.62491514,-104.72951692],[39.62480911,-104.72974619],[39.62509357,-104.72951844],[39.62479962,-104.72973338],[39.62488181,-104.72979069],[39.62491514,-104.72951692],[39.62480911,-104.72974619],[39.62509357,-104.72951844],[39.62479962,-104.72973338]],"friends":[1,2,3,4]}