{"messages":["Ahhhh work time \ud83d\ude21","Ahhhh work time \ud83d\ude21","Ahhhh work time \ud83d\ude21"],"messages_no":3,"bad_words":[],"bad_words_no":0,"weight":0,"location":[[36.59766271,-119.44633709],[36.59766271,-119.44633709],[36.59766271,-119.44633709]],"friends":[1,2,3,4]}