{"messages":["Plumlee can sit back down now","Finally!!! #bestbuds","Plumlee can sit back down now","Finally!!! #bestbuds","Plumlee can sit back down now","Finally!!! #bestbuds"],"messages_no":6,"bad_words":[],"bad_words_no":0,"weight":0,"location":[[43.19012888,-89.45030174],[43.24185398,-89.52670653],[43.19012888,-89.45030174],[43.24185398,-89.52670653],[43.19012888,-89.45030174],[43.24185398,-89.52670653]],"friends":[1,2,3,4]}