{"messages":["I say what I gotta say &amp; move it along.","These hoes is crazy \ud83d\ude02","Today is gonna be a good day \ud83d\ude18\ud83d\udcb0","\u201c@Tianna_Nakia: FrFr http:\/\/t.co\/2ggTC1HOuv\u201d \ud83d\ude08\ud83d\ude4c"],"messages_no":4,"bad_words":[],"bad_words_no":0,"weight":0,"location":[[44.86029035,-93.25082315],[44.86028285,-93.25088278],[44.86033491,-93.2507761],[45.12417224,-93.3142595]]}