{"messages":["Work is so busy","Work is so busy","Heres me wishing things never changed","Id do anything for you","Work is so busy","Heres me wishing things never changed"],"messages_no":6,"bad_words":[],"bad_words_no":0,"weight":0,"location":[[44.3862057,-70.6511623],[44.3862057,-70.6511623],[44.3550511,-70.5636154],[44.3794531,-70.6285606],[44.3862057,-70.6511623],[44.3550511,-70.5636154]],"friends":[1,2,3,4]}