{"messages":["I'm done playing games with you.","The Broncos need to just give up.","I'm done playing games with you.","The Broncos need to just give up.","I'm done playing games with you.","The Broncos need to just give up."],"messages_no":6,"bad_words":[],"bad_words_no":0,"weight":0,"location":[[43.1116587,-83.7144026],[43.1117316,-83.714147],[43.1116587,-83.7144026],[43.1117316,-83.714147],[43.1116587,-83.7144026],[43.1117316,-83.714147]],"friends":[1,2,3,4]}