{"messages":["Today can end now \ud83d\ude14","Today can end now \ud83d\ude14","I just need like, 3 more Red Bulls and a vyvanse. Then I'll be okay.","Today can end now \ud83d\ude14","I just need like, 3 more Red Bulls and a vyvanse. Then I'll be okay."],"messages_no":5,"bad_words":[],"bad_words_no":0,"weight":0,"location":[[29.59318832,-98.44832992],[29.59318832,-98.44832992],[29.55362869,-98.46611426],[29.59318832,-98.44832992],[29.55362869,-98.46611426]],"friends":[1,2,3,4]}