{"messages":["INTERCEPTED.","INTERCEPTED.","INTERCEPTED."],"messages_no":3,"bad_words":[],"bad_words_no":0,"weight":0,"location":[[42.27563356,-83.74297471],[42.27563356,-83.74297471],[42.27563356,-83.74297471]],"friends":[1,2,3,4]}