{"messages":["Big bball game today at 2","Big bball game today at 2","Big bball game today at 2"],"messages_no":3,"bad_words":[],"bad_words_no":0,"weight":0,"location":[[26.60089684,-81.9728169],[26.60089684,-81.9728169],[26.60089684,-81.9728169]],"friends":[1,2,3,4]}