{"messages":["maybe it's just me.","@nnnniiinnnnaaa look it up","maybe it's just me.","@nnnniiinnnnaaa look it up","if music didn't exist, life would be pointless.","maybe it's just me.","@nnnniiinnnnaaa look it up"],"messages_no":7,"bad_words":[],"bad_words_no":0,"weight":0,"location":[[33.86220019,-118.17453648],[33.83234117,-118.15991605],[33.86220019,-118.17453648],[33.83234117,-118.15991605],[33.78875753,-118.12462969],[33.86220019,-118.17453648],[33.83234117,-118.15991605]],"friends":[1,2,3,4]}