{"messages":["\ud83d\ude02\ud83d\ude02\ud83d\ude02 broncos right now","\ud83d\ude02\ud83d\ude02\ud83d\ude02 broncos right now","\ud83d\ude02\ud83d\ude02\ud83d\ude02 broncos right now"],"messages_no":3,"bad_words":[],"bad_words_no":0,"weight":0,"location":[[34.14320421,-84.04603511],[34.14320421,-84.04603511],[34.14320421,-84.04603511]],"friends":[1,2,3,4]}