{"messages":["Bitches love sloppy seconds","What you don't know can't hurt you","Bitches love sloppy seconds","What you don't know can't hurt you","Bitches love sloppy seconds","What you don't know can't hurt you"],"messages_no":6,"bad_words":[],"bad_words_no":0,"weight":0,"location":[[31.57932975,-91.51017142],[31.55557503,-91.51800934],[31.57932975,-91.51017142],[31.55557503,-91.51800934],[31.57932975,-91.51017142],[31.55557503,-91.51800934]],"friends":[1,2,3,4]}