{"messages":["Why am I up..","Why am I up..","Why am I up.."],"messages_no":3,"bad_words":[],"bad_words_no":0,"weight":0,"location":[40.27076775,-78.79772362,40.27076775,-78.79772362,40.27076775,-78.79772362]}