{"messages":["Dave Pattens' voice is great","Dave Pattens' voice is great","Dave Pattens' voice is great"],"messages_no":3,"bad_words":[],"bad_words_no":0,"weight":0,"location":[[41.65360363,-85.40989555],[41.65360363,-85.40989555],[41.65360363,-85.40989555]],"friends":[1,2,3,4]}