{"messages":["I'm so lost in my mind right now","I'm so lost in my mind right now","I'm so lost in my mind right now"],"messages_no":3,"bad_words":[],"bad_words_no":0,"weight":0,"location":[33.58326965,-112.40735918,33.58326965,-112.40735918,33.58326965,-112.40735918]}