{"messages":["Take them all\ud83d\ude29","Take them all\ud83d\ude29","Take them all\ud83d\ude29"],"messages_no":3,"bad_words":[],"bad_words_no":0,"weight":0,"location":[[29.82852481,-95.74725015],[29.82852481,-95.74725015],[29.82852481,-95.74725015]],"friends":[1,2,3,4]}