{"messages":["\"I'm just giving you shit.\"","A second Tim Tebow commercial...","\"I'm just giving you shit.\"","A second Tim Tebow commercial...","\"I'm just giving you shit.\"","A second Tim Tebow commercial..."],"messages_no":6,"bad_words":[],"bad_words_no":3,"weight":0,"location":[[40.4109488,-76.4725632],[40.4369703,-76.4489244],[40.4109488,-76.4725632],[40.4369703,-76.4489244],[40.4109488,-76.4725632],[40.4369703,-76.4489244]],"friends":[1,2,3,4]}