{"messages":["Peyton is off the bath salts rn","@JamesCEbbole I gotchu all day jimmy","Peyton is off the bath salts rn","@JamesCEbbole I gotchu all day jimmy","Peyton is off the bath salts rn","@JamesCEbbole I gotchu all day jimmy"],"messages_no":6,"bad_words":[],"bad_words_no":0,"weight":0,"location":[[41.84879542,-88.0897724],[41.84871072,-88.08988019],[41.84879542,-88.0897724],[41.84871072,-88.08988019],[41.84879542,-88.0897724],[41.84871072,-88.08988019]],"friends":[1,2,3,4]}