{"messages":["this headache has to go \ud83d\ude29","this headache has to go \ud83d\ude29","this headache has to go \ud83d\ude29"],"messages_no":3,"bad_words":[],"bad_words_no":0,"weight":0,"location":[[38.76932378,-76.08356997],[38.76932378,-76.08356997],[38.76932378,-76.08356997]],"friends":[1,2,3,4]}