{"messages":["mad bored and nothing to do lol great Friday \ud83d\ude12","leggo Seattle \ud83d\ude0f","mad bored and nothing to do lol great Friday \ud83d\ude12","mad bored and nothing to do lol great Friday \ud83d\ude12"],"messages_no":4,"bad_words":[],"bad_words_no":0,"weight":0,"location":[40.69518587,-74.28486682,40.69511174,-74.28436381,40.69518587,-74.28486682,40.69518587,-74.28486682]}