{"messages":["@Drew_Crabbe @girlfromtexas29 shes mainey lol","Im damnear aboutta just stay home all day","@Drew_Crabbe @girlfromtexas29 shes mainey lol","Im damnear aboutta just stay home all day"],"messages_no":4,"bad_words":[],"bad_words_no":2,"weight":0,"location":[37.9526676,-122.03628739,37.95258725,-122.03643689,37.9526676,-122.03628739,37.95258725,-122.03643689]}