{"messages":["@Drew_Crabbe @girlfromtexas29 shes mainey lol","Im damnear aboutta just stay home all day","@Drew_Crabbe @girlfromtexas29 shes mainey lol","Im damnear aboutta just stay home all day","@MattyCassino10 my brother\ud83d\udc4c\ud83d\udcaf\ud83d\udcaa\ud83d\ude4c\ud83d\udd2b\ud83d\udd2b\ud83d\udd25\ud83d\udc59\ud83c\udf7b","@Drew_Crabbe @girlfromtexas29 shes mainey lol","Im damnear aboutta just stay home all day"],"messages_no":7,"bad_words":[],"bad_words_no":3,"weight":0,"location":[[37.9526676,-122.03628739],[37.95258725,-122.03643689],[37.9526676,-122.03628739],[37.95258725,-122.03643689],[37.95253555,-122.03595401],[37.9526676,-122.03628739],[37.95258725,-122.03643689]],"friends":[1,2,3,4]}