{"messages":["@_JasKathi Thanks you","@brianna916 go out and fool","@_JasKathi Thanks you","@brianna916 go out and fool","@_JasKathi Thanks you","@brianna916 go out and fool"],"messages_no":6,"bad_words":[],"bad_words_no":0,"weight":0,"location":[[42.41404838,-83.18919439],[42.41395044,-83.1892026],[42.41404838,-83.18919439],[42.41395044,-83.1892026],[42.41404838,-83.18919439],[42.41395044,-83.1892026]],"friends":[1,2,3,4]}