{"messages":["you fuckin bitch","you fuckin bitch","getcha head out of your fat fuckin ass &amp; listen","you fuckin bitch"],"messages_no":4,"bad_words":[],"bad_words_no":7,"weight":0,"location":[[39.83269056,-86.39586709],[39.83269056,-86.39586709],[39.83285496,-86.395787],[39.83269056,-86.39586709]],"friends":[1,2,3,4]}