{"messages":["My head ache is finally going away.","I need friends. Well not need but want. \ud83d\ude4d\ud83d\ude4e","Someone bring me a shake or a smoothie.\ud83d\ude29\ud83d\ude0b\ud83d\ude0b","My head ache is finally going away.","I need friends. Well not need but want. \ud83d\ude4d\ud83d\ude4e","Someone bring me a shake or a smoothie.\ud83d\ude29\ud83d\ude0b\ud83d\ude0b"],"messages_no":6,"bad_words":[],"bad_words_no":0,"weight":0,"location":[41.07184241,-81.46728123,41.07194283,-81.46731385,41.07194467,-81.46737822,41.07184241,-81.46728123,41.07194283,-81.46731385,41.07194467,-81.46737822]}