{"messages":["#EsuranceSave30","#EsuranceSave30","#EsuranceSave30"],"messages_no":3,"bad_words":[],"bad_words_no":0,"weight":0,"location":[[39.1666647,-86.5064824],[39.1666647,-86.5064824],[39.1666647,-86.5064824]],"friends":[1,2,3,4]}