{"messages":["@JoeSimone31 yeah funny, where's my food at","Ur maddd dumb","@JoeSimone31 yeah funny, where's my food at","Ur maddd dumb","Ur maddd dumb"],"messages_no":5,"bad_words":[],"bad_words_no":0,"weight":0,"location":[40.84588978,-73.11512908,40.84562001,-73.11501903,40.84588978,-73.11512908,40.84562001,-73.11501903,40.84562001,-73.11501903]}