{"messages":["Fuck school .","Fuck school .","Fuck school .","Fuck school ."],"messages_no":4,"bad_words":[],"bad_words_no":3,"weight":0,"location":[39.6437772,-77.5857829,39.6437772,-77.5857829,39.6437772,-77.5857829,39.6437772,-77.5857829]}