{"messages":["@XxclusiveD last night sucked","@XxclusiveD last night sucked","@XxclusiveD last night sucked"],"messages_no":3,"bad_words":[],"bad_words_no":0,"weight":0,"location":[[37.72175535,-122.45554456],[37.72175535,-122.45554456],[37.72175535,-122.45554456]],"friends":[1,2,3,4]}