{"messages":["On my way home.","Love wouldn't count me out.","On my way home.","Love wouldn't count me out.","On my way home.","Love wouldn't count me out."],"messages_no":6,"bad_words":[],"bad_words_no":0,"weight":0,"location":[[35.11511679,-78.91595626],[35.11645133,-78.9119353],[35.11511679,-78.91595626],[35.11645133,-78.9119353],[35.11511679,-78.91595626],[35.11645133,-78.9119353]],"friends":[1,2,3,4]}