{"messages":["Fuck it","Fuck it"],"messages_no":2,"bad_words":[],"bad_words_no":2,"weight":0,"location":[31.35422274,-109.56187799,31.35422274,-109.56187799]}