{"messages":["Damn that shit went out there","Damn that shit went out there","Damn that shit went out there"],"messages_no":3,"bad_words":[],"bad_words_no":3,"weight":0,"location":[[29.74767911,-95.33370185],[29.74767911,-95.33370185],[29.74767911,-95.33370185]],"friends":[1,2,3,4]}