{"messages":["@CaseyDevinney rul good","@CaseyDevinney rul good","@CaseyDevinney rul good"],"messages_no":3,"bad_words":[],"bad_words_no":0,"weight":0,"location":[[28.58056243,-81.21750774],[28.58056243,-81.21750774],[28.58056243,-81.21750774]],"friends":[1,2,3,4]}