{"messages":["Fuck allergies \ud83d\ude23","Fuck allergies \ud83d\ude23"],"messages_no":2,"bad_words":[],"bad_words_no":2,"weight":0,"location":[35.31889555,-119.07281564,35.31889555,-119.07281564]}