{"messages":["CHICKEN","CHICKEN","CHICKEN"],"messages_no":3,"bad_words":[],"bad_words_no":0,"weight":0,"location":[[40.85445825,-73.0838374],[40.85445825,-73.0838374],[40.85445825,-73.0838374]],"friends":[1,2,3,4]}