{"messages":["Holy shit them legs","Holy shit them legs","Holy shit them legs"],"messages_no":3,"bad_words":[],"bad_words_no":3,"weight":0,"location":[[47.8610461,-121.9878783],[47.8610461,-121.9878783],[47.8610461,-121.9878783]],"friends":[1,2,3,4]}