{"messages":["I need a Good book to read","Stop it http:\/\/t.co\/1k9x6rAyRE","I'm just waiting for #Shameless to come on","I need a Good book to read","Stop it http:\/\/t.co\/1k9x6rAyRE","I'm just waiting for #Shameless to come on","Facbook is taking a bath. http:\/\/t.co\/5X5NgIx0rC","I need a Good book to read","Stop it http:\/\/t.co\/1k9x6rAyRE","I'm just waiting for #Shameless to come on"],"messages_no":10,"bad_words":[],"bad_words_no":0,"weight":0,"location":[[40.61036404,-74.08436489],[40.61031517,-74.08438853],[40.6102957,-74.08433181],[40.61036404,-74.08436489],[40.61031517,-74.08438853],[40.6102957,-74.08433181],[40.60993554,-74.08398255],[40.61036404,-74.08436489],[40.61031517,-74.08438853],[40.6102957,-74.08433181]],"friends":[1,2,3,4]}