{"messages":["this whip is mine , but I drive it like I stole it \ud83c\udfb6\ud83d\ude99\ud83d\udca8\ud83d\udca8\ud83d\udca8\u270c\ufe0f","I wanna text this mf something but I'll prolly get screen shotted lmao ..","my hands hurts from that whoopin \ud83d\ude29\ud83d\udc4b","this whip is mine , but I drive it like I stole it \ud83c\udfb6\ud83d\ude99\ud83d\udca8\ud83d\udca8\ud83d\udca8\u270c\ufe0f","this whip is mine , but I drive it like I stole it \ud83c\udfb6\ud83d\ude99\ud83d\udca8\ud83d\udca8\ud83d\udca8\u270c\ufe0f","I wanna text this mf something but I'll prolly get screen shotted lmao ..","I wanna text this mf something but I'll prolly get screen shotted lmao ..","my hands hurts from that whoopin \ud83d\ude29\ud83d\udc4b","my hands hurts from that whoopin \ud83d\ude29\ud83d\udc4b"],"messages_no":9,"bad_words":[],"bad_words_no":0,"weight":0,"location":[40.74275033,-84.10061706,40.76910181,-84.11156642,40.76898799,-84.1117301,40.74275033,-84.10061706,40.74275033,-84.10061706,40.76910181,-84.11156642,40.76910181,-84.11156642,40.76898799,-84.1117301,40.76898799,-84.1117301]}