{"messages":["Oh. My. God.","Oh. My. God.","Oh. My. God."],"messages_no":3,"bad_words":[],"bad_words_no":0,"weight":0,"location":[[43.03427913,-78.87295908],[43.03427913,-78.87295908],[43.03427913,-78.87295908]],"friends":[1,2,3,4]}