{"messages":["@maddd_daayy I'm in denial ok?! \ud83d\ude16","@maddd_daayy I'm in denial ok?! \ud83d\ude16","@maddd_daayy I'm in denial ok?! \ud83d\ude16"],"messages_no":3,"bad_words":[],"bad_words_no":0,"weight":0,"location":[[45.03581047,-93.25433359],[45.03581047,-93.25433359],[45.03581047,-93.25433359]],"friends":[1,2,3,4]}