{"messages":["@njdeviIs im goin in","@njdeviIs im goin in","@njdeviIs im goin in"],"messages_no":3,"bad_words":[],"bad_words_no":0,"weight":0,"location":[[39.63780094,-79.95692153],[39.63780094,-79.95692153],[39.63780094,-79.95692153]],"friends":[1,2,3,4]}