{"messages":["Time to go to my job interview","Time to go to my job interview","Time to go to my job interview"],"messages_no":3,"bad_words":[],"bad_words_no":0,"weight":0,"location":[[44.31184831,-96.77821786],[44.31184831,-96.77821786],[44.31184831,-96.77821786]],"friends":[1,2,3,4]}