{"messages":["@phil2011b thx Phil, have a great week end!","@phil2011b thx Phil, have a great week end!","@phil2011b thx Phil, have a great week end!","@phil2011b thx Phil, have a great week end!"],"messages_no":4,"bad_words":[],"bad_words_no":0,"weight":0,"location":[38.30721179,-77.47975422,38.30721179,-77.47975422,38.30721179,-77.47975422,38.30721179,-77.47975422]}