{"messages":["Feeling high as everrr","@fCastelan_26 that was me as well lmfao me &amp; gaby even got into a fight cause of taylor","@juaneezy__ 500 on seahawks","Feeling high as everrr"],"messages_no":4,"bad_words":[],"bad_words_no":0,"weight":0,"location":[42.33871364,-83.19259266,42.33852295,-83.19259224,42.3388898,-83.19235129,42.33871364,-83.19259266]}