{"messages":["I want my cuddle buddy! \ud83d\ude2d\ud83d\ude29 #missmydog \ud83d\udc36","I want my cuddle buddy! \ud83d\ude2d\ud83d\ude29 #missmydog \ud83d\udc36","I want my cuddle buddy! \ud83d\ude2d\ud83d\ude29 #missmydog \ud83d\udc36"],"messages_no":3,"bad_words":[],"bad_words_no":0,"weight":0,"location":[[29.88618324,-97.94072181],[29.88618324,-97.94072181],[29.88618324,-97.94072181]],"friends":[1,2,3,4]}