{"messages":["You only turn 20 once! \ud83d\ude1d\ud83c\udf7b @evelyn_22108 http:\/\/t.co\/4ffbIFq5bA","You only turn 20 once! \ud83d\ude1d\ud83c\udf7b @evelyn_22108 http:\/\/t.co\/4ffbIFq5bA","You only turn 20 once! \ud83d\ude1d\ud83c\udf7b @evelyn_22108 http:\/\/t.co\/4ffbIFq5bA"],"messages_no":3,"bad_words":[],"bad_words_no":0,"weight":0,"location":[[36.84045531,-121.41000188],[36.84045531,-121.41000188],[36.84045531,-121.41000188]],"friends":[1,2,3,4]}