{"messages":["@alex_kimberly1D u kno it","@alex_kimberly1D u kno it","@alex_kimberly1D u kno it"],"messages_no":3,"bad_words":[],"bad_words_no":0,"weight":0,"location":[[38.66162021,-90.58955773],[38.66162021,-90.58955773],[38.66162021,-90.58955773]],"friends":[1,2,3,4]}