{"messages":["Yeah I'll probably be late for school","Yeah I'll probably be late for school","Yeah I'll probably be late for school","Yeah I'll probably be late for school"],"messages_no":4,"bad_words":[],"bad_words_no":0,"weight":0,"location":[41.34874969,-85.13179877,41.34874969,-85.13179877,41.34874969,-85.13179877,41.34874969,-85.13179877]}