{"messages":["Morse code like a mf","Came out playing the drums like Ricky do those bongos","Morse code like a mf","Came out playing the drums like Ricky do those bongos","@questlove that was funny how he burnt out on him like that #BrooklynNineNine","@AshleyShyMiller prince can do anything honey","That is a lot of recording","Just passed up an El Pollo loco","#np   @BigSean  Thank You","Morse code like a mf","Came out playing the drums like Ricky do those bongos","@questlove that was funny how he burnt out on him like that #BrooklynNineNine","@AshleyShyMiller prince can do anything honey","That is a lot of recording","Just passed up an El Pollo loco"],"messages_no":15,"bad_words":[],"bad_words_no":0,"weight":0,"location":[[29.50406975,-98.56181829],[29.50462074,-98.5613365],[29.50406975,-98.56181829],[29.50462074,-98.5613365],[29.50397663,-98.56179491],[29.50395362,-98.56193086],[29.50396612,-98.5615133],[29.50399242,-98.56158276],[29.50397403,-98.56194478],[29.50406975,-98.56181829],[29.50462074,-98.5613365],[29.50397663,-98.56179491],[29.50395362,-98.56193086],[29.50396612,-98.5615133],[29.50399242,-98.56158276]],"friends":[1,2,3,4]}