{"messages":["@Forbes I need to work on this one","@Forbes I need to work on this one","@Forbes I need to work on this one"],"messages_no":3,"bad_words":[],"bad_words_no":0,"weight":0,"location":[[47.04510896,-122.90098386],[47.04510896,-122.90098386],[47.04510896,-122.90098386]],"friends":[1,2,3,4]}