{"messages":["Brent can't sing","Brent can't sing","Brent can't sing"],"messages_no":3,"bad_words":[],"bad_words_no":0,"weight":0,"location":[[31.3258877,-92.3710801],[31.3258877,-92.3710801],[31.3258877,-92.3710801]],"friends":[1,2,3,4]}