{"messages":["The clique!","The clique!","Oklahoma St had so many chances. I'm glad they lost #wow","Hi pussy http:\/\/t.co\/TXGTzOJFPY","The clique!"],"messages_no":5,"bad_words":[],"bad_words_no":1,"weight":0,"location":[[41.2389289,-81.44890392],[41.2389289,-81.44890392],[41.19403371,-81.49165289],[41.194926,-81.49217975],[41.2389289,-81.44890392]],"friends":[1,2,3,4]}