{"messages":["The clique!","The clique!","The clique!"],"messages_no":3,"bad_words":[],"bad_words_no":0,"weight":0,"location":[41.2389289,-81.44890392,41.2389289,-81.44890392,41.2389289,-81.44890392]}