{"messages":["JUST FILL MY TANK UP","JUST FILL MY TANK UP","JUST FILL MY TANK UP"],"messages_no":3,"bad_words":[],"bad_words_no":0,"weight":0,"location":[[26.30056323,-80.11803489],[26.30056323,-80.11803489],[26.30056323,-80.11803489]],"friends":[1,2,3,4]}