{"messages":["I'm getting annoyed as fuck.","I'm getting annoyed as fuck.","I'm getting annoyed as fuck."],"messages_no":3,"bad_words":[],"bad_words_no":3,"weight":0,"location":[[40.68138336,-111.97864978],[40.68138336,-111.97864978],[40.68138336,-111.97864978]],"friends":[1,2,3,4]}