{"messages":["Behind extreme couponers at Safeway","TYPOS WHY","HELP IM NOT GOOD AT CHEMISTRY"],"messages_no":3,"bad_words":[],"bad_words_no":0,"weight":0,"location":[[32.22063564,-110.94263937],[32.22970141,-110.95793962],[32.02842431,-110.72274685]]}