{"messages":["Behind extreme couponers at Safeway","TYPOS WHY","HELP IM NOT GOOD AT CHEMISTRY","Behind extreme couponers at Safeway","TYPOS WHY","HELP IM NOT GOOD AT CHEMISTRY","Behind extreme couponers at Safeway","TYPOS WHY","HELP IM NOT GOOD AT CHEMISTRY"],"messages_no":9,"bad_words":[],"bad_words_no":0,"weight":0,"location":[[32.22063564,-110.94263937],[32.22970141,-110.95793962],[32.02842431,-110.72274685],[32.22063564,-110.94263937],[32.22970141,-110.95793962],[32.02842431,-110.72274685],[32.22063564,-110.94263937],[32.22970141,-110.95793962],[32.02842431,-110.72274685]],"friends":[1,2,3,4]}