{"messages":["@mgamboner yous a lil bish","@mgamboner yous a lil bish","@mgamboner yous a lil bish"],"messages_no":3,"bad_words":[],"bad_words_no":0,"weight":0,"location":[[40.70623178,-74.31418366],[40.70623178,-74.31418366],[40.70623178,-74.31418366]],"friends":[1,2,3,4]}