{"messages":["I can't believe this","I can't believe this","I can't believe this"],"messages_no":3,"bad_words":[],"bad_words_no":0,"weight":0,"location":[[42.32022695,-83.19946619],[42.32022695,-83.19946619],[42.32022695,-83.19946619]],"friends":[1,2,3,4]}