{"messages":["FUCK YOU SEAHAWKS DIRTY ASS PLAYIN FUCKERS","FUCK YOU SEATTLE YOU CAN SUCK MY DICK","FUCK YOU SEAHAWKS DIRTY ASS PLAYIN FUCKERS","FUCK YOU SEATTLE YOU CAN SUCK MY DICK","@Lance6Williams 2WD PROBZZ","FUCK YOU SEAHAWKS DIRTY ASS PLAYIN FUCKERS","FUCK YOU SEATTLE YOU CAN SUCK MY DICK"],"messages_no":7,"bad_words":[],"bad_words_no":0,"weight":0,"location":[[31.28729756,-92.53741105],[31.28736051,-92.53726596],[31.28729756,-92.53741105],[31.28736051,-92.53726596],[31.26912039,-92.48744502],[31.28729756,-92.53741105],[31.28736051,-92.53726596]],"friends":[1,2,3,4]}