{"messages":["showers give me life","on some real shit \nI'm a pothead\nplease don't blow my high man \n\ud83d\ude1a\ud83d\udca8\ud83c\udf43\ud83c\udf42\ud83c\udf43\ud83c\udf43","showers give me life","on some real shit \nI'm a pothead\nplease don't blow my high man \n\ud83d\ude1a\ud83d\udca8\ud83c\udf43\ud83c\udf42\ud83c\udf43\ud83c\udf43","showers give me life","on some real shit \nI'm a pothead\nplease don't blow my high man \n\ud83d\ude1a\ud83d\udca8\ud83c\udf43\ud83c\udf42\ud83c\udf43\ud83c\udf43"],"messages_no":6,"bad_words":[],"bad_words_no":3,"weight":0,"location":[[32.9910549,-80.0458735],[32.99111604,-80.04595415],[32.9910549,-80.0458735],[32.99111604,-80.04595415],[32.9910549,-80.0458735],[32.99111604,-80.04595415]],"friends":[1,2,3,4]}