{"messages":["The better team won today what else can I say","The better team won today what else can I say","Stalking old statuses on Facebook \u2764\ufe0f\u2764\ufe0f\u2764\ufe0f","The better team won today what else can I say"],"messages_no":4,"bad_words":[],"bad_words_no":0,"weight":0,"location":[[33.59972664,-117.6841616],[33.59972664,-117.6841616],[33.59976641,-117.68435342],[33.59972664,-117.6841616]],"friends":[1,2,3,4]}