{"messages":["Dnt kick her sharkeisa lmao","Dnt kick her sharkeisa lmao","Dnt kick her sharkeisa lmao"],"messages_no":3,"bad_words":[],"bad_words_no":0,"weight":0,"location":[[36.10535309,-115.17273542],[36.10535309,-115.17273542],[36.10535309,-115.17273542]],"friends":[1,2,3,4]}