{"messages":["\u201c@hbgriffith: @_Tetter I was struggling\u201d","\u201c@hbgriffith: @_Tetter I was struggling\u201d","\u201c@hbgriffith: @_Tetter I was struggling\u201d"],"messages_no":3,"bad_words":[],"bad_words_no":0,"weight":0,"location":[[35.22522016,-85.49262956],[35.22522016,-85.49262956],[35.22522016,-85.49262956]],"friends":[1,2,3,4]}