{"messages":["@mynameis_jab @MePerra That's Not Me \ud83d\ude02\ud83d\ude02\ud83d\ude29","@mynameis_jab @MePerra That's Not Me \ud83d\ude02\ud83d\ude02\ud83d\ude29","@mynameis_jab @MePerra That's Not Me \ud83d\ude02\ud83d\ude02\ud83d\ude29"],"messages_no":3,"bad_words":[],"bad_words_no":0,"weight":0,"location":[[37.13674251,-76.53979565],[37.13674251,-76.53979565],[37.13674251,-76.53979565]],"friends":[1,2,3,4]}