{"messages":["Bare foot in the moonlight","Bare foot in the moonlight","These\ud83d\ude0d\ud83d\ude0d\ud83d\ude0d http:\/\/t.co\/F8deaygHD2","Bare foot in the moonlight","These\ud83d\ude0d\ud83d\ude0d\ud83d\ude0d http:\/\/t.co\/F8deaygHD2"],"messages_no":5,"bad_words":[],"bad_words_no":0,"weight":0,"location":[[32.93848254,-111.74176502],[32.93848254,-111.74176502],[32.89991421,-111.71813649],[32.93848254,-111.74176502],[32.89991421,-111.71813649]],"friends":[1,2,3,4]}