{"messages":["Main Bitch\ud83d\udc83\ud83d\udc47 http:\/\/t.co\/gSuCUy8LqM","Main Bitch\ud83d\udc83\ud83d\udc47 http:\/\/t.co\/gSuCUy8LqM","Pissed I hate niggas like that. Frfr\ud83d\ude20 Mad af!","Main Bitch\ud83d\udc83\ud83d\udc47 http:\/\/t.co\/gSuCUy8LqM","Pissed I hate niggas like that. Frfr\ud83d\ude20 Mad af!"],"messages_no":5,"bad_words":[],"bad_words_no":2,"weight":0,"location":[[38.28324676,-122.00829417],[38.28324676,-122.00829417],[38.27554566,-122.02975819],[38.28324676,-122.00829417],[38.27554566,-122.02975819]],"friends":[1,2,3,4]}