{"messages":["My weekends be so boring \ud83d\ude2d\ud83d\ude2d","Got alot on my mind \ud83d\ude2d\ud83d\ude2d\ud83d\ude2d","Droski header though \ud83d\ude08\ud83d\ude0d","My weekends be so boring \ud83d\ude2d\ud83d\ude2d","Got alot on my mind \ud83d\ude2d\ud83d\ude2d\ud83d\ude2d","Droski header though \ud83d\ude08\ud83d\ude0d","Not after all i did for you i dont deserve it.","Caring for someone don't get you nowhere ; especially if they treat you funny \ud83d\ude29\ud83d\ude2a","My weekends be so boring \ud83d\ude2d\ud83d\ude2d","Got alot on my mind \ud83d\ude2d\ud83d\ude2d\ud83d\ude2d","Droski header though \ud83d\ude08\ud83d\ude0d","Not after all i did for you i dont deserve it."],"messages_no":12,"bad_words":[],"bad_words_no":0,"weight":0,"location":[[29.80833422,-94.99386381],[29.80841033,-94.99379424],[29.80832261,-94.99387094],[29.80833422,-94.99386381],[29.80841033,-94.99379424],[29.80832261,-94.99387094],[29.80848178,-94.99384814],[29.80851732,-94.99395945],[29.80833422,-94.99386381],[29.80841033,-94.99379424],[29.80832261,-94.99387094],[29.80848178,-94.99384814]],"friends":[1,2,3,4]}