{"messages":["20 blunts to tha face \ud83d\ude18","20 blunts to tha face \ud83d\ude18","\u201c@sarahceleste123: @LongLiveDanny I know man talk about Emo for dayzzz \ud83d\ude12\ud83d\udc94\u201d","20 blunts to tha face \ud83d\ude18","\u201c@sarahceleste123: @LongLiveDanny I know man talk about Emo for dayzzz \ud83d\ude12\ud83d\udc94\u201d"],"messages_no":5,"bad_words":[],"bad_words_no":0,"weight":0,"location":[[27.74987037,-98.08274913],[27.74987037,-98.08274913],[27.75086788,-98.0846632],[27.74987037,-98.08274913],[27.75086788,-98.0846632]],"friends":[1,2,3,4]}