{"messages":["20 blunts to tha face \ud83d\ude18","20 blunts to tha face \ud83d\ude18","20 blunts to tha face \ud83d\ude18"],"messages_no":3,"bad_words":[],"bad_words_no":0,"weight":0,"location":[27.74987037,-98.08274913,27.74987037,-98.08274913,27.74987037,-98.08274913]}