{"messages":["I hate who you have become .","I hate who you have become .","I hate who you have become ."],"messages_no":3,"bad_words":[],"bad_words_no":0,"weight":0,"location":[[29.90976813,-95.05981284],[29.90976813,-95.05981284],[29.90976813,-95.05981284]],"friends":[1,2,3,4]}