{"messages":["@jackkzhaoo TF U WATCHIN?? STRANGE SEX","@jackkzhaoo TF U WATCHIN?? STRANGE SEX","babe pls #EsuranceSave30 I need that 1.5 mil","@emmecoupeee Why you movin to Oregon for? Income tax is 52.8% you really need the money #EsuranceSave30","if your family is gang affiliated we can't date #subtweet gotta get #EsuranceSave30 for protection","jk dude idc I would if I lived in SoCal like no lie","When will twitter limit jack... #EsuranceSave30","Nicole will be a tru ABG when she turns 18 I can feel it","@jackkzhaoo TF U WATCHIN?? STRANGE SEX","babe pls #EsuranceSave30 I need that 1.5 mil","@emmecoupeee Why you movin to Oregon for? Income tax is 52.8% you really need the money #EsuranceSave30","if your family is gang affiliated we can't date #subtweet gotta get #EsuranceSave30 for protection","jk dude idc I would if I lived in SoCal like no lie","When will twitter limit jack... #EsuranceSave30"],"messages_no":14,"bad_words":[],"bad_words_no":0,"weight":0,"location":[[37.37355307,-121.89251435],[37.37355307,-121.89251435],[37.3735897,-121.89257665],[37.37354192,-121.89250756],[37.37357348,-121.89243766],[37.3737393,-121.89244817],[37.37344063,-121.89255127],[37.37361991,-121.89255626],[37.37355307,-121.89251435],[37.3735897,-121.89257665],[37.37354192,-121.89250756],[37.37357348,-121.89243766],[37.3737393,-121.89244817],[37.37344063,-121.89255127]],"friends":[1,2,3,4]}