{"messages":["@Preeminant_ you? TU or wha","@Preeminant_ you? TU or wha","@Preeminant_ you? TU or wha"],"messages_no":3,"bad_words":[],"bad_words_no":0,"weight":0,"location":[35.25571909,-118.90793254,35.25571909,-118.90793254,35.25571909,-118.90793254]}