{"messages":["Need new people to text \ud83d\udcf2","That dream felt so real \ud83d\ude33","Need new people to text \ud83d\udcf2","That dream felt so real \ud83d\ude33","Need new people to text \ud83d\udcf2","That dream felt so real \ud83d\ude33"],"messages_no":6,"bad_words":[],"bad_words_no":0,"weight":0,"location":[[29.49277631,-95.08370147],[29.49278416,-95.0838937],[29.49277631,-95.08370147],[29.49278416,-95.0838937],[29.49277631,-95.08370147],[29.49278416,-95.0838937]],"friends":[1,2,3,4]}