{"messages":["I HATE FLAPPY BIRD","I HATE FLAPPY BIRD","I HATE FLAPPY BIRD"],"messages_no":3,"bad_words":[],"bad_words_no":0,"weight":0,"location":[[38.36505203,-122.52137885],[38.36505203,-122.52137885],[38.36505203,-122.52137885]],"friends":[1,2,3,4]}