{"messages":["#EsuranceSave30","#EsuranceSave30","#EsuranceSave30"],"messages_no":3,"bad_words":[],"bad_words_no":0,"weight":0,"location":[[37.50405557,-77.58994242],[37.50405557,-77.58994242],[37.50405557,-77.58994242]],"friends":[1,2,3,4]}