{"messages":["fucking stupid","fucking stupid","fucking stupid"],"messages_no":3,"bad_words":[],"bad_words_no":3,"weight":0,"location":[[45.49043245,-122.48238416],[45.49043245,-122.48238416],[45.49043245,-122.48238416]],"friends":[1,2,3,4]}