{"messages":["No I want to cry","No I want to cry"],"messages_no":2,"bad_words":[],"bad_words_no":0,"weight":0,"location":[32.75677893,-117.11737711,32.75677893,-117.11737711]}