{"messages":["Just know that","Just know that","Just know that"],"messages_no":3,"bad_words":[],"bad_words_no":0,"weight":0,"location":[[33.836064,-84.5075693],[33.836064,-84.5075693],[33.836064,-84.5075693]],"friends":[1,2,3,4]}