{"messages":["Should I curl my hair or no??\ud83d\ude01","Should I curl my hair or no??\ud83d\ude01","Should I curl my hair or no??\ud83d\ude01"],"messages_no":3,"bad_words":[],"bad_words_no":0,"weight":0,"location":[[42.29455808,-83.42445422],[42.29455808,-83.42445422],[42.29455808,-83.42445422]],"friends":[1,2,3,4]}