{"messages":["@A_Nic_ on my way!","@A_Nic_ on my way!"],"messages_no":2,"bad_words":[],"bad_words_no":0,"weight":0,"location":[29.58193727,-95.10684951,29.58193727,-95.10684951]}