{"messages":["@Young_Rich10x \ud83d\udcaa beating that meat","\"Lick her up And Down Popsicle\"","@Young_Rich10x \ud83d\udcaa beating that meat","\"Lick her up And Down Popsicle\"","Heifer then hung but you can tweet faggot","@Young_Rich10x \ud83d\udcaa beating that meat","\"Lick her up And Down Popsicle\""],"messages_no":7,"bad_words":[],"bad_words_no":1,"weight":0,"location":[[34.61453392,-92.51128749],[34.61444705,-92.51130125],[34.61453392,-92.51128749],[34.61444705,-92.51130125],[34.61419306,-92.51119563],[34.61453392,-92.51128749],[34.61444705,-92.51130125]],"friends":[1,2,3,4]}