{"messages":["OMG. WHAT WAS THAT","OMG. WHAT WAS THAT","OMG. WHAT WAS THAT"],"messages_no":3,"bad_words":[],"bad_words_no":0,"weight":0,"location":[[40.65852688,-73.72344409],[40.65852688,-73.72344409],[40.65852688,-73.72344409]],"friends":[1,2,3,4]}