{"messages":["@little_rossa are you okay?","@little_rossa are you okay?","@little_rossa are you okay?"],"messages_no":3,"bad_words":[],"bad_words_no":0,"weight":0,"location":[[33.05175226,-96.79748476],[33.05175226,-96.79748476],[33.05175226,-96.79748476]],"friends":[1,2,3,4]}