{"messages":["Lord knows ima sinner \ud83d\ude4f","I have a bad habit of sayin the f bomb","I try not to put my business on twitter lately people dig too deep","Lord knows ima sinner \ud83d\ude4f","I have a bad habit of sayin the f bomb","I try not to put my business on twitter lately people dig too deep","I love my first block \ud83d\ude4c","Never a bad morning with my music \u2764\ufe0f","Lord knows ima sinner \ud83d\ude4f","I have a bad habit of sayin the f bomb","I try not to put my business on twitter lately people dig too deep"],"messages_no":11,"bad_words":[],"bad_words_no":0,"weight":0,"location":[[34.95620312,-79.6996833],[34.9562522,-79.69987573],[34.95597876,-79.69929798],[34.95620312,-79.6996833],[34.9562522,-79.69987573],[34.95597876,-79.69929798],[34.89682275,-79.78425856],[34.89681571,-79.78424311],[34.95620312,-79.6996833],[34.9562522,-79.69987573],[34.95597876,-79.69929798]],"friends":[1,2,3,4]}