{"messages":["@8_Grams_Bitch the smoking part","@8_Grams_Bitch the smoking part","@8_Grams_Bitch the smoking part"],"messages_no":3,"bad_words":[],"bad_words_no":0,"weight":0,"location":[[29.97992322,-90.04213206],[29.97992322,-90.04213206],[29.97992322,-90.04213206]],"friends":[1,2,3,4]}