{"messages":["This DJ shit isn't gonna happen by itself.","A little bit of hungoverness","This DJ shit isn't gonna happen by itself.","A little bit of hungoverness","This DJ shit isn't gonna happen by itself.","A little bit of hungoverness"],"messages_no":6,"bad_words":[],"bad_words_no":3,"weight":0,"location":[[34.6237612,-92.4971305],[34.7106432,-92.3738874],[34.6237612,-92.4971305],[34.7106432,-92.3738874],[34.6237612,-92.4971305],[34.7106432,-92.3738874]],"friends":[1,2,3,4]}