{"messages":["15-0 #Seahawks","15-0 #Seahawks","@kimparra27 and it's ok if he don't like me more fun for me clowning ya asses by myself\ud83d\ude0c\ud83d\ude08","15-0 #Seahawks","@kimparra27 and it's ok if he don't like me more fun for me clowning ya asses by myself\ud83d\ude0c\ud83d\ude08"],"messages_no":5,"bad_words":[],"bad_words_no":0,"weight":0,"location":[[33.93926527,-118.12070528],[33.93926527,-118.12070528],[33.95023357,-118.14375099],[33.93926527,-118.12070528],[33.95023357,-118.14375099]],"friends":[1,2,3,4]}