{"messages":["Nothing like the smell of Thot in the morning","Nothing like the smell of Thot in the morning","@25CAKpapi Let's meet at 11:20","Nothing like the smell of Thot in the morning","Nothing like the smell of Thot in the morning"],"messages_no":5,"bad_words":[],"bad_words_no":0,"weight":0,"location":[35.9223428,-84.04797169,35.9223428,-84.04797169,35.91426236,-84.00305352,35.9223428,-84.04797169,35.9223428,-84.04797169]}