{"messages":["Saturday threw Sunday, Monday. Monday threw Sunday","Saturday threw Sunday, Monday. Monday threw Sunday","That's my old bad habit","Saturday threw Sunday, Monday. Monday threw Sunday","That's my old bad habit"],"messages_no":5,"bad_words":[],"bad_words_no":0,"weight":0,"location":[[48.1566868,-102.26999832],[48.1566868,-102.26999832],[48.15676907,-102.27009446],[48.1566868,-102.26999832],[48.15676907,-102.27009446]],"friends":[1,2,3,4]}