{"messages":["#EsuranceSave30","#EsuranceSave30","@parris_petersen I have sprint and it's an at&amp;t phone ):","#EsuranceSave30"],"messages_no":4,"bad_words":[],"bad_words_no":0,"weight":0,"location":[[33.01731753,-97.07763368],[33.01731753,-97.07763368],[33.01737349,-97.07772345],[33.01731753,-97.07763368]],"friends":[1,2,3,4]}