{"messages":["Whelp, I'm about to do something crazy.","@KilroyFSU A 100k award redemption? Or a mileage run?","Whelp, I'm about to do something crazy.","@KilroyFSU A 100k award redemption? Or a mileage run?"],"messages_no":4,"bad_words":[],"bad_words_no":0,"weight":0,"location":[33.77612263,-84.38798263,33.77816725,-84.38772662,33.77612263,-84.38798263,33.77816725,-84.38772662]}