{"messages":["Audi commercial has been the best one yet \ud83d\ude02\ud83d\ude02\ud83d\ude02","Audi commercial has been the best one yet \ud83d\ude02\ud83d\ude02\ud83d\ude02","Audi commercial has been the best one yet \ud83d\ude02\ud83d\ude02\ud83d\ude02"],"messages_no":3,"bad_words":[],"bad_words_no":0,"weight":0,"location":[[35.62824008,-82.32393656],[35.62824008,-82.32393656],[35.62824008,-82.32393656]],"friends":[1,2,3,4]}