{"messages":["Ppl are so disrespectful","Ppl are so disrespectful","Ppl are so disrespectful"],"messages_no":3,"bad_words":[],"bad_words_no":0,"weight":0,"location":[[41.41689496,-74.65047854],[41.41689496,-74.65047854],[41.41689496,-74.65047854]],"friends":[1,2,3,4]}