{"messages":["Once my paycheck comes in today I'm sure I'll forget about this situation aha","Looks like a got another #sponsor","Once my paycheck comes in today I'm sure I'll forget about this situation aha","Looks like a got another #sponsor","I mustache you a question but I'll shave it for later","Once my paycheck comes in today I'm sure I'll forget about this situation aha","Looks like a got another #sponsor","Once my paycheck comes in today I'm sure I'll forget about this situation aha","Looks like a got another #sponsor"],"messages_no":9,"bad_words":[],"bad_words_no":0,"weight":0,"location":[33.96634325,-118.21714779,33.96635947,-118.21713044,33.96634325,-118.21714779,33.96635947,-118.21713044,33.96628571,-118.21709583,33.96634325,-118.21714779,33.96635947,-118.21713044,33.96634325,-118.21714779,33.96635947,-118.21713044]}