{"messages":["This is the worst \ud83d\ude12","This is the worst \ud83d\ude12","This is the worst \ud83d\ude12"],"messages_no":3,"bad_words":[],"bad_words_no":0,"weight":0,"location":[[38.29983185,-76.55183241],[38.29983185,-76.55183241],[38.29983185,-76.55183241]],"friends":[1,2,3,4]}