{"messages":["@GraceD__ Happy Birthday","@NateHarvey_ that shit funny asf \ud83d\ude02","@GraceD__ Happy Birthday"],"messages_no":3,"bad_words":[],"bad_words_no":1,"weight":0,"location":[41.12765293,-74.04022747,41.10335273,-74.04833809,41.12765293,-74.04022747]}