{"messages":["@BlueAlexander93 That sure doesn't stop me. #denial","@bradsmithVR I don't think Cartoon Network even remembers it.","Time to rise and chew your sock. #Naruto","Cobb left? Eh, I didn't care for him to be honest. #ACNL","@BlueAlexander93 That sure doesn't stop me. #denial","@BlueAlexander93 That sure doesn't stop me. #denial","@bradsmithVR I don't think Cartoon Network even remembers it.","Time to rise and chew your sock. #Naruto"],"messages_no":8,"bad_words":[],"bad_words_no":0,"weight":0,"location":[30.01784169,-95.29931996,30.01805697,-95.29934043,30.01805214,-95.2994127,30.01805699,-95.29934075,30.01784169,-95.29931996,30.01784169,-95.29931996,30.01805697,-95.29934043,30.01805214,-95.2994127]}