{"messages":["Not enough fireworks","Not enough fireworks","Not enough fireworks"],"messages_no":3,"bad_words":[],"bad_words_no":0,"weight":0,"location":[[33.13863782,-96.62281236],[33.13863782,-96.62281236],[33.13863782,-96.62281236]],"friends":[1,2,3,4]}