{"messages":["Come on @knowshonmoreno","Come on @knowshonmoreno","@t0e__knee I'll drink to that","Come on @knowshonmoreno","@t0e__knee I'll drink to that"],"messages_no":5,"bad_words":[],"bad_words_no":0,"weight":0,"location":[[40.79786617,-74.15242085],[40.79786617,-74.15242085],[40.78606209,-74.14379606],[40.79786617,-74.15242085],[40.78606209,-74.14379606]],"friends":[1,2,3,4]}