{"messages":["So done with u...","So done with u..."],"messages_no":2,"bad_words":[],"bad_words_no":0,"weight":0,"location":[33.23333478,-111.87604376,33.23333478,-111.87604376]}