{"messages":["#EsuranceSave30","#EsuranceSave30","#EsuranceSave30"],"messages_no":3,"bad_words":[],"bad_words_no":0,"weight":0,"location":[[33.88269517,-84.32937034],[33.88269517,-84.32937034],[33.88269517,-84.32937034]],"friends":[1,2,3,4]}