{"messages":["Hookah seems like it would be so on point right now","Steven Universe makes me smile","Hookah seems like it would be so on point right now","Steven Universe makes me smile","I miss my old friends.","Hookah seems like it would be so on point right now","Steven Universe makes me smile","I miss my old friends."],"messages_no":8,"bad_words":[],"bad_words_no":0,"weight":0,"location":[[36.76295778,-76.25221414],[36.72108241,-76.2743885],[36.76295778,-76.25221414],[36.72108241,-76.2743885],[36.7212223,-76.27445715],[36.76295778,-76.25221414],[36.72108241,-76.2743885],[36.7212223,-76.27445715]],"friends":[1,2,3,4]}