{"messages":["OMG HE JUST DID A SPLIT","OMG HE JUST DID A SPLIT","OMG HE JUST DID A SPLIT"],"messages_no":3,"bad_words":[],"bad_words_no":0,"weight":0,"location":[[40.8532746,-74.16706695],[40.8532746,-74.16706695],[40.8532746,-74.16706695]],"friends":[1,2,3,4]}