{"messages":["I think I'm dying","I think I'm dying","I think I'm dying"],"messages_no":3,"bad_words":[],"bad_words_no":0,"weight":0,"location":[[44.48107743,-73.20142004],[44.48107743,-73.20142004],[44.48107743,-73.20142004]],"friends":[1,2,3,4]}