{"messages":["Ughhhhhhhhhhhhhhh \ud83d\ude11","Ughhhhhhhhhhhhhhh \ud83d\ude11","Ughhhhhhhhhhhhhhh \ud83d\ude11"],"messages_no":3,"bad_words":[],"bad_words_no":0,"weight":0,"location":[34.05030695,-117.78130333,34.05030695,-117.78130333,34.05030695,-117.78130333]}