{"messages":["She'd sing to you huh?","She'd sing to you huh?","She'd sing to you huh?"],"messages_no":3,"bad_words":[],"bad_words_no":0,"weight":0,"location":[43.01392841,-87.94956151,43.01392841,-87.94956151,43.01392841,-87.94956151]}