{"messages":["@babybug1996 my dad won't let me leave lol","@babybug1996 my dad won't let me leave lol","@babybug1996 my dad won't let me leave lol"],"messages_no":3,"bad_words":[],"bad_words_no":0,"weight":0,"location":[[37.45149387,-120.82260137],[37.45149387,-120.82260137],[37.45149387,-120.82260137]],"friends":[1,2,3,4]}