{"messages":["@jack_con14 I might stop by\ud83d\ude09","@jack_con14 I might stop by\ud83d\ude09","@jack_con14 I might stop by\ud83d\ude09"],"messages_no":3,"bad_words":[],"bad_words_no":0,"weight":0,"location":[[42.81876787,-71.11550937],[42.81876787,-71.11550937],[42.81876787,-71.11550937]],"friends":[1,2,3,4]}