{"messages":["Still have a little gin in my car \ud83d\ude0e","Still have a little gin in my car \ud83d\ude0e","@Chaparra_Ninaa apparently you lol","Still have a little gin in my car \ud83d\ude0e"],"messages_no":4,"bad_words":[],"bad_words_no":0,"weight":0,"location":[[42.30646743,-83.11141469],[42.30646743,-83.11141469],[42.30379463,-83.11388835],[42.30646743,-83.11141469]],"friends":[1,2,3,4]}