{"messages":["Now I can't sleep","I can't take this lmfao","Now I can't sleep","Now I can't sleep","I can't take this lmfao"],"messages_no":5,"bad_words":[],"bad_words_no":0,"weight":0,"location":[41.60902279,-74.4548568,41.72925773,-74.42983651,41.60902279,-74.4548568,41.60902279,-74.4548568,41.72925773,-74.42983651]}