{"messages":["@Jordanvan27 @vanb_21 @kempen1527 Hell yeah man","@Jordanvan27 @vanb_21 @kempen1527 Hell yeah man","@Jordanvan27 @vanb_21 @kempen1527 Hell yeah man"],"messages_no":3,"bad_words":[],"bad_words_no":0,"weight":0,"location":[[45.00108001,-88.37866684],[45.00108001,-88.37866684],[45.00108001,-88.37866684]],"friends":[1,2,3,4]}