{"messages":["22-0 SEAHAWKS THANK YOU BASE GOD!!!!!","22-0 SEAHAWKS THANK YOU BASE GOD!!!!!","Widefield better be canceled !!!\ud83d\ude24\ud83d\ude24","22-0 SEAHAWKS THANK YOU BASE GOD!!!!!"],"messages_no":4,"bad_words":[],"bad_words_no":0,"weight":0,"location":[[38.81778424,-104.76640125],[38.81778424,-104.76640125],[38.77647642,-104.65182516],[38.81778424,-104.76640125]],"friends":[1,2,3,4]}