{"messages":["@rach_013 how much","@rach_013 how much","@rach_013 how much"],"messages_no":3,"bad_words":[],"bad_words_no":0,"weight":0,"location":[[43.04225175,-76.25905584],[43.04225175,-76.25905584],[43.04225175,-76.25905584]],"friends":[1,2,3,4]}