{"messages":["Flappy bird makes me wanna throw my phone omg","Can we go back. That was the best month for me","Flappy bird makes me wanna throw my phone omg","Can we go back. That was the best month for me","I feel like a mess lol","Flappy bird makes me wanna throw my phone omg","Can we go back. That was the best month for me","I feel like a mess lol"],"messages_no":8,"bad_words":[],"bad_words_no":0,"weight":0,"location":[[33.9239503,-84.1780097],[33.9239036,-84.1781079],[33.9239503,-84.1780097],[33.9239036,-84.1781079],[33.9239282,-84.1781218],[33.9239503,-84.1780097],[33.9239036,-84.1781079],[33.9239282,-84.1781218]],"friends":[1,2,3,4]}