{"messages":["DANCE PARTY","DANCE PARTY","DANCE PARTY"],"messages_no":3,"bad_words":[],"bad_words_no":0,"weight":0,"location":[[47.92493434,-97.06956493],[47.92493434,-97.06956493],[47.92493434,-97.06956493]],"friends":[1,2,3,4]}