{"messages":["Be direct \ud83d\ude0f","That zone nice \ud83d\ude0e\ud83d\ude0e"],"messages_no":2,"bad_words":[],"bad_words_no":0,"weight":0,"location":[[32.79387044,-80.00813741],[32.79381114,-80.00805559]]}