{"messages":["@kristen_perron yuh u know it","Hah what a joke http:\/\/t.co\/tmbX3NZoCS","@kristen_perron yuh u know it","Hah what a joke http:\/\/t.co\/tmbX3NZoCS","@kristen_perron yuh u know it","Hah what a joke http:\/\/t.co\/tmbX3NZoCS"],"messages_no":6,"bad_words":[],"bad_words_no":0,"weight":0,"location":[[30.4610405,-97.8478241],[30.47120921,-97.85076943],[30.4610405,-97.8478241],[30.47120921,-97.85076943],[30.4610405,-97.8478241],[30.47120921,-97.85076943]],"friends":[1,2,3,4]}