{"messages":["Work flow (:","Work flow (:","Work flow (:"],"messages_no":3,"bad_words":[],"bad_words_no":0,"weight":0,"location":[[36.40604758,-90.58745453],[36.40604758,-90.58745453],[36.40604758,-90.58745453]],"friends":[1,2,3,4]}