{"messages":["@aleeeexbaca love youuu\ud83d\ude18\ud83d\ude18\u2764\ufe0f","@aleeeexbaca love youuu\ud83d\ude18\ud83d\ude18\u2764\ufe0f","I can't be friends with people who take life way too seriously","Class was so magestic today \ud83d\ude02","@aleeeexbaca love youuu\ud83d\ude18\ud83d\ude18\u2764\ufe0f"],"messages_no":5,"bad_words":[],"bad_words_no":0,"weight":0,"location":[[32.81566263,-115.5701897],[32.81566263,-115.5701897],[32.78141471,-115.56141432],[32.69524554,-115.50002742],[32.81566263,-115.5701897]],"friends":[1,2,3,4]}