{"messages":["\u201c@AlieMerkey: @JennaLee2016 just said \"I wish I was a guy so @Andrew_Lantz15 could have a bromance\" \ud83d\ude02 this is my life! \ud83d\ude12\ud83d\ude02\u201d\ud83d\ude02\ud83d\ude02\ud83d\ude02\ud83d\ude02\ud83d\ude02\ud83d\ude02\ud83d\ude02\ud83d\ude02\ud83d\ude02\ud83d\ude02\ud83d\ude02\ud83d\ude02\ud83d\ude02\ud83d\ude02","\u201c@AlieMerkey: @JennaLee2016 just said \"I wish I was a guy so @Andrew_Lantz15 could have a bromance\" \ud83d\ude02 this is my life! \ud83d\ude12\ud83d\ude02\u201d\ud83d\ude02\ud83d\ude02\ud83d\ude02\ud83d\ude02\ud83d\ude02\ud83d\ude02\ud83d\ude02\ud83d\ude02\ud83d\ude02\ud83d\ude02\ud83d\ude02\ud83d\ude02\ud83d\ude02\ud83d\ude02","\u201c@AlieMerkey: @JennaLee2016 just said \"I wish I was a guy so @Andrew_Lantz15 could have a bromance\" \ud83d\ude02 this is my life! \ud83d\ude12\ud83d\ude02\u201d\ud83d\ude02\ud83d\ude02\ud83d\ude02\ud83d\ude02\ud83d\ude02\ud83d\ude02\ud83d\ude02\ud83d\ude02\ud83d\ude02\ud83d\ude02\ud83d\ude02\ud83d\ude02\ud83d\ude02\ud83d\ude02"],"messages_no":3,"bad_words":[],"bad_words_no":0,"weight":0,"location":[[35.50903961,-98.9794229],[35.50903961,-98.9794229],[35.50903961,-98.9794229]],"friends":[1,2,3,4]}