{"messages":["@_squadddd I got that drank","@_squadddd I got that drank","@_squadddd I got that drank","@_squadddd I got that drank"],"messages_no":4,"bad_words":[],"bad_words_no":0,"weight":0,"location":[40.751671,-84.1161173,40.751671,-84.1161173,40.751671,-84.1161173,40.751671,-84.1161173]}