{"messages":["No shoes, no shirt, no problem.\ud83c\udf1e\ud83c\udf05\ud83d\ude4c\ud83c\udf34","No shoes, no shirt, no problem.\ud83c\udf1e\ud83c\udf05\ud83d\ude4c\ud83c\udf34","No shoes, no shirt, no problem.\ud83c\udf1e\ud83c\udf05\ud83d\ude4c\ud83c\udf34","No shoes, no shirt, no problem.\ud83c\udf1e\ud83c\udf05\ud83d\ude4c\ud83c\udf34","No shoes, no shirt, no problem.\ud83c\udf1e\ud83c\udf05\ud83d\ude4c\ud83c\udf34","No shoes, no shirt, no problem.\ud83c\udf1e\ud83c\udf05\ud83d\ude4c\ud83c\udf34"],"messages_no":6,"bad_words":[],"bad_words_no":0,"weight":0,"location":[[28.11928922,-81.79316912],[28.11928922,-81.79316912],[28.11928922,-81.79316912],[28.11928922,-81.79316912],[28.11928922,-81.79316912],[28.11928922,-81.79316912]],"friends":[1,2,3,4]}