{"messages":["What the eff is going on?!","What the eff is going on?!","What the eff is going on?!"],"messages_no":3,"bad_words":[],"bad_words_no":0,"weight":0,"location":[[30.87557662,-83.28696513],[30.87557662,-83.28696513],[30.87557662,-83.28696513]],"friends":[1,2,3,4]}