{"messages":["v frustrated","@Sean_Monahan16 omg SEAN lol","v frustrated","@Sean_Monahan16 omg SEAN lol","@AmyRedxo best tweet I've seen all day omfg","COME ONNNN IM FREAKIN OUT","baby running after you is like chasing the cloudsssssss","v frustrated","@Sean_Monahan16 omg SEAN lol","@AmyRedxo best tweet I've seen all day omfg"],"messages_no":10,"bad_words":[],"bad_words_no":0,"weight":0,"location":[[43.07963814,-87.88198111],[43.07963708,-87.88197493],[43.07963814,-87.88198111],[43.07963708,-87.88197493],[43.07961803,-87.88197295],[43.07963166,-87.88199428],[43.07961769,-87.88192984],[43.07963814,-87.88198111],[43.07963708,-87.88197493],[43.07961803,-87.88197295]],"friends":[1,2,3,4]}