{"messages":["\"You make me smile.\" \ud83d\udc95 http:\/\/t.co\/7Nvl3Zy2u5","\"You make me smile.\" \ud83d\udc95 http:\/\/t.co\/7Nvl3Zy2u5","\"You make me smile.\" \ud83d\udc95 http:\/\/t.co\/7Nvl3Zy2u5"],"messages_no":3,"bad_words":[],"bad_words_no":0,"weight":0,"location":[[29.37807009,-98.50425088],[29.37807009,-98.50425088],[29.37807009,-98.50425088]],"friends":[1,2,3,4]}