{"messages":["Yahhhhhhhhh","@Here_I_StandJay shut up johnnie \ud83d\ude29\ud83d\ude29\ud83d\ude29\ud83d\ude02\ud83d\ude02 dang man squad shit officially this is what we do man","@_Blondieeeeee I wanna go","Yahhhhhhhhh","@Here_I_StandJay shut up johnnie \ud83d\ude29\ud83d\ude29\ud83d\ude29\ud83d\ude02\ud83d\ude02 dang man squad shit officially this is what we do man","@_Blondieeeeee I wanna go","@Lovelyy_Onnie bitch were are you anyway","Yahhhhhhhhh","@Here_I_StandJay shut up johnnie \ud83d\ude29\ud83d\ude29\ud83d\ude29\ud83d\ude02\ud83d\ude02 dang man squad shit officially this is what we do man","@_Blondieeeeee I wanna go"],"messages_no":10,"bad_words":[],"bad_words_no":4,"weight":0,"location":[[41.78625817,-87.69606806],[41.78590009,-87.69569764],[41.78589029,-87.69589336],[41.78625817,-87.69606806],[41.78590009,-87.69569764],[41.78589029,-87.69589336],[41.83961347,-87.61832815],[41.78625817,-87.69606806],[41.78590009,-87.69569764],[41.78589029,-87.69589336]],"friends":[1,2,3,4]}