{"messages":["@_twis15 are you in varsity?","@_twis15 are you in varsity?"],"messages_no":2,"bad_words":[],"bad_words_no":0,"weight":0,"location":[31.47155418,-110.97067837,31.47155418,-110.97067837]}