{"messages":["@lexdudley okay I will","@lexdudley okay I will","@lexdudley okay I will"],"messages_no":3,"bad_words":[],"bad_words_no":0,"weight":0,"location":[42.89345312,-71.31693368,42.89345312,-71.31693368,42.89345312,-71.31693368]}