{"messages":["Who does that..","Who does that..","Who does that.."],"messages_no":3,"bad_words":[],"bad_words_no":0,"weight":0,"location":[[45.5043595,-122.4290891],[45.5043595,-122.4290891],[45.5043595,-122.4290891]],"friends":[1,2,3,4]}