{"messages":["Read but no reply","Read but no reply","Read but no reply"],"messages_no":3,"bad_words":[],"bad_words_no":0,"weight":0,"location":[[30.10832017,-81.81221149],[30.10832017,-81.81221149],[30.10832017,-81.81221149]],"friends":[1,2,3,4]}