{"messages":["@darianntveter exactly\ud83d\ude02\ud83d\ude02","@darianntveter exactly\ud83d\ude02\ud83d\ude02"],"messages_no":2,"bad_words":[],"bad_words_no":0,"weight":0,"location":[47.98731243,-102.48707076,47.98731243,-102.48707076]}