{"messages":["\u201c@xojazzz: you asleep or nah\u201d","\u201c@xojazzz: you asleep or nah\u201d","\u201c@xojazzz: you asleep or nah\u201d"],"messages_no":3,"bad_words":[],"bad_words_no":0,"weight":0,"location":[[32.43050604,-88.65454171],[32.43050604,-88.65454171],[32.43050604,-88.65454171]],"friends":[1,2,3,4]}