{"messages":["Love me Pls @olddirtytshirt","Love me Pls @olddirtytshirt","Love me Pls @olddirtytshirt"],"messages_no":3,"bad_words":[],"bad_words_no":0,"weight":0,"location":[34.4752033,-117.1969184,34.4752033,-117.1969184,34.4752033,-117.1969184]}