{"messages":["Brayden's taking over my bed \ud83d\ude01","Brayden's taking over my bed \ud83d\ude01","Brayden's taking over my bed \ud83d\ude01"],"messages_no":3,"bad_words":[],"bad_words_no":0,"weight":0,"location":[26.31335485,-98.18026928,26.31335485,-98.18026928,26.31335485,-98.18026928]}