{"messages":["#EsuranceSave30","#EsuranceSave30","#EsuranceSave30"],"messages_no":3,"bad_words":[],"bad_words_no":0,"weight":0,"location":[[41.67460259,-74.12429335],[41.67460259,-74.12429335],[41.67460259,-74.12429335]],"friends":[1,2,3,4]}