{"messages":["one o'clock","what happened?","one o'clock"],"messages_no":3,"bad_words":[],"bad_words_no":0,"weight":0,"location":[34.28034841,-119.18634558,34.28029623,-119.18639612,34.28034841,-119.18634558]}