{"messages":["It's cold","It's cold"],"messages_no":2,"bad_words":[],"bad_words_no":0,"weight":0,"location":[35.37236145,-118.91786402,35.37236145,-118.91786402]}