{"messages":["So rattled! I thought a ewok and wookie were the same thing\ud83d\ude2e","#ArabPower #Lebanese","@Mooner2016 we'll see man goodluck","So rattled! I thought a ewok and wookie were the same thing\ud83d\ude2e","#ArabPower #Lebanese","@Mooner2016 we'll see man goodluck","So rattled! I thought a ewok and wookie were the same thing\ud83d\ude2e","#ArabPower #Lebanese","@Mooner2016 we'll see man goodluck"],"messages_no":9,"bad_words":[],"bad_words_no":0,"weight":0,"location":[[42.17357581,-83.21084817],[42.17343895,-83.21075707],[42.17347016,-83.21072079],[42.17357581,-83.21084817],[42.17343895,-83.21075707],[42.17347016,-83.21072079],[42.17357581,-83.21084817],[42.17343895,-83.21075707],[42.17347016,-83.21072079]],"friends":[1,2,3,4]}