{"messages":["The broncos look like shit","The broncos look like shit","The broncos look like shit"],"messages_no":3,"bad_words":[],"bad_words_no":3,"weight":0,"location":[[37.33732257,-79.94550653],[37.33732257,-79.94550653],[37.33732257,-79.94550653]],"friends":[1,2,3,4]}