{"messages":["girls are so annoying, ugh \ud83d\ude12","Beat my high score on flappy bird and that's probably as high as it'll get.","girls are so annoying, ugh \ud83d\ude12","girls are so annoying, ugh \ud83d\ude12","Beat my high score on flappy bird and that's probably as high as it'll get.","Beat my high score on flappy bird and that's probably as high as it'll get."],"messages_no":6,"bad_words":[],"bad_words_no":0,"weight":0,"location":[37.23038836,-77.33176866,37.23026974,-77.33162403,37.23038836,-77.33176866,37.23038836,-77.33176866,37.23026974,-77.33162403,37.23026974,-77.33162403]}