{"messages":["Fight me about it","Fight me about it","If u don't try you fail","Fight me about it"],"messages_no":4,"bad_words":[],"bad_words_no":0,"weight":0,"location":[[30.28703292,-81.46598691],[30.28703292,-81.46598691],[30.28698242,-81.46590016],[30.28703292,-81.46598691]],"friends":[1,2,3,4]}