{"messages":["Best halftime show ever","Best halftime show ever","Best halftime show ever"],"messages_no":3,"bad_words":[],"bad_words_no":0,"weight":0,"location":[[40.37817785,-111.75640074],[40.37817785,-111.75640074],[40.37817785,-111.75640074]],"friends":[1,2,3,4]}