{"messages":["&amp; I got here 30 minutes early wtf","&amp; I got here 30 minutes early wtf","&amp; I got here 30 minutes early wtf","&amp; I got here 30 minutes early wtf"],"messages_no":4,"bad_words":[],"bad_words_no":0,"weight":0,"location":[46.7151306,-122.96300846,46.7151306,-122.96300846,46.7151306,-122.96300846,46.7151306,-122.96300846]}