{"messages":["@rtrouton me too- I ordered it.","Damn shame only one if them gets that welcome home.","@rtrouton me too- I ordered it.","Damn shame only one if them gets that welcome home.","@rtrouton me too- I ordered it.","Damn shame only one if them gets that welcome home."],"messages_no":6,"bad_words":[],"bad_words_no":0,"weight":0,"location":[[43.07761252,-89.38730215],[43.06344847,-89.44451556],[43.07761252,-89.38730215],[43.06344847,-89.44451556],[43.07761252,-89.38730215],[43.06344847,-89.44451556]],"friends":[1,2,3,4]}