{"messages":["WOOOOWWWWW THAT SHIT RIGHT THERE","WOOOOWWWWW THAT SHIT RIGHT THERE","thank god school was cancelled \ud83d\ude4f clutch rn \u270a","HAPPY BIRTHDAY TO ONE OF MY BEST FRIENDS ASHLEY, ily \ud83d\udc98 http:\/\/t.co\/MivNNNzSJ8","WOOOOWWWWW THAT SHIT RIGHT THERE","thank god school was cancelled \ud83d\ude4f clutch rn \u270a"],"messages_no":6,"bad_words":[],"bad_words_no":0,"weight":0,"location":[[40.82662685,-73.85423819],[40.82662685,-73.85423819],[40.82645843,-73.85416161],[40.90455685,-73.98926759],[40.82662685,-73.85423819],[40.82645843,-73.85416161]],"friends":[1,2,3,4]}