{"messages":["Father Tom is my nigga!","Father Tom is my nigga!","Father Tom is my nigga!"],"messages_no":3,"bad_words":[],"bad_words_no":3,"weight":0,"location":[[45.6224509,-122.5673777],[45.6224509,-122.5673777],[45.6224509,-122.5673777]],"friends":[1,2,3,4]}