{"messages":["Homework.\ud83d\udc7f\ud83d\udd2b \n\nOne Direction Music.\ud83d\ude0d\ud83d\udd25\u2728","Homework.\ud83d\udc7f\ud83d\udd2b \n\nOne Direction Music.\ud83d\ude0d\ud83d\udd25\u2728","Homework.\ud83d\udc7f\ud83d\udd2b \n\nOne Direction Music.\ud83d\ude0d\ud83d\udd25\u2728"],"messages_no":3,"bad_words":[],"bad_words_no":0,"weight":0,"location":[[33.7857002,-84.01102135],[33.7857002,-84.01102135],[33.7857002,-84.01102135]],"friends":[1,2,3,4]}