{"messages":["#EsuranceSave30","#EsuranceSave30","#EsuranceSave30"],"messages_no":3,"bad_words":[],"bad_words_no":0,"weight":0,"location":[[41.24945826,-81.46895698],[41.24945826,-81.46895698],[41.24945826,-81.46895698]],"friends":[1,2,3,4]}