{"messages":["I'm 16 and I have an arthritic knee :-)","On that mob to in n out","I'm 16 and I have an arthritic knee :-)","On that mob to in n out","I'm 16 and I have an arthritic knee :-)","On that mob to in n out"],"messages_no":6,"bad_words":[],"bad_words_no":0,"weight":0,"location":[[34.26353557,-118.77143936],[34.27151946,-118.77889372],[34.26353557,-118.77143936],[34.27151946,-118.77889372],[34.26353557,-118.77143936],[34.27151946,-118.77889372]],"friends":[1,2,3,4]}