{"messages":["I'm feeling tweet happy","I'm feeling tweet happy","I'm feeling tweet happy"],"messages_no":3,"bad_words":[],"bad_words_no":0,"weight":0,"location":[[37.34533972,-85.35586521],[37.34533972,-85.35586521],[37.34533972,-85.35586521]],"friends":[1,2,3,4]}