{"messages":["Section 106 is where it's at.\ud83d\udd25\u2764\ufe0f #hothearts2014","Section 106 is where it's at.\ud83d\udd25\u2764\ufe0f #hothearts2014","Section 106 is where it's at.\ud83d\udd25\u2764\ufe0f #hothearts2014"],"messages_no":3,"bad_words":[],"bad_words_no":0,"weight":0,"location":[30.01133533,-94.18304372,30.01133533,-94.18304372,30.01133533,-94.18304372]}