{"messages":["#EsuranceSave30","#EsuranceSave30","#EsuranceSave30"],"messages_no":3,"bad_words":[],"bad_words_no":0,"weight":0,"location":[[39.79716879,-77.03723757],[39.79716879,-77.03723757],[39.79716879,-77.03723757]],"friends":[1,2,3,4]}