{"messages":["Hanging with my Lil Blonde(: \ud83d\udc95","Hanging with my Lil Blonde(: \ud83d\udc95","Hanging with my Lil Blonde(: \ud83d\udc95"],"messages_no":3,"bad_words":[],"bad_words_no":0,"weight":0,"location":[[38.26551008,-122.07064063],[38.26551008,-122.07064063],[38.26551008,-122.07064063]],"friends":[1,2,3,4]}