{"messages":["Long leggo","Long leggo","Long leggo","Long leggo"],"messages_no":4,"bad_words":[],"bad_words_no":0,"weight":0,"location":[41.98531481,-87.65389335,41.98531481,-87.65389335,41.98531481,-87.65389335,41.98531481,-87.65389335]}