{"messages":["#Carpool","#Carpool"],"messages_no":2,"bad_words":[],"bad_words_no":0,"weight":0,"location":[28.0447147,-82.4305646,28.0447147,-82.4305646]}