{"messages":["@lexthebawse shut up nigga","Dat half time show was bullshit","@lexthebawse shut up nigga","@lexthebawse shut up nigga"],"messages_no":4,"bad_words":[],"bad_words_no":4,"weight":0,"location":[34.73793444,-86.6812048,34.78422539,-86.56197705,34.73793444,-86.6812048,34.73793444,-86.6812048]}