{"messages":["I hope you get a nosebleed","I hope you get a nosebleed","\u201c@HypnoRoss: Probably the most badass bedroom ever. http:\/\/t.co\/CD5yTgv6o0\u201d @AHamm_22","I hope you get a nosebleed"],"messages_no":4,"bad_words":[],"bad_words_no":0,"weight":0,"location":[[43.1376777,-79.03499068],[43.1376777,-79.03499068],[43.13772028,-79.03506928],[43.1376777,-79.03499068]],"friends":[1,2,3,4]}