{"messages":["#EsuranceSave30 #EsuranceSave30","#EsuranceSave30 #EsuranceSave30","#EsuranceSave30 #EsuranceSave30"],"messages_no":3,"bad_words":[],"bad_words_no":0,"weight":0,"location":[[42.90759017,-88.0010638],[42.90759017,-88.0010638],[42.90759017,-88.0010638]],"friends":[1,2,3,4]}