{"messages":["@Dylan_Gale2 Atta boy","@Dylan_Gale2 Atta boy"],"messages_no":2,"bad_words":[],"bad_words_no":0,"weight":0,"location":[42.66018387,-71.17249277,42.66018387,-71.17249277]}