{"messages":["So many good tweets today lol","So many good tweets today lol","So many good tweets today lol"],"messages_no":3,"bad_words":[],"bad_words_no":0,"weight":0,"location":[[39.73845961,-84.05742746],[39.73845961,-84.05742746],[39.73845961,-84.05742746]],"friends":[1,2,3,4]}