{"messages":["@T_price23 where","@T_price23 where","@T_price23 where"],"messages_no":3,"bad_words":[],"bad_words_no":0,"weight":0,"location":[[38.4654167,-79.0121005],[38.4654167,-79.0121005],[38.4654167,-79.0121005]],"friends":[1,2,3,4]}