{"messages":["Happy Chinese New Year :)","Happy Chinese New Year :)","Happy Chinese New Year :)"],"messages_no":3,"bad_words":[],"bad_words_no":0,"weight":0,"location":[[39.1804238,-96.57074346],[39.1804238,-96.57074346],[39.1804238,-96.57074346]],"friends":[1,2,3,4]}