{"messages":["608. Be there or be dumb.","608. Be there or be dumb."],"messages_no":2,"bad_words":[],"bad_words_no":0,"weight":0,"location":[43.0748008,-89.38851755,43.0748008,-89.38851755]}