{"messages":["YESSSS PIC6","YESSSS PIC6","YESSSS PIC6"],"messages_no":3,"bad_words":[],"bad_words_no":0,"weight":0,"location":[[41.29693595,-92.631156],[41.29693595,-92.631156],[41.29693595,-92.631156]],"friends":[1,2,3,4]}