{"messages":["@zachbraff this is so stupid.  I love it!","@JamesFrancoTV crazy mad","@zachbraff this is so stupid.  I love it!","@JamesFrancoTV crazy mad","@zachbraff this is so stupid.  I love it!","@JamesFrancoTV crazy mad"],"messages_no":6,"bad_words":[],"bad_words_no":0,"weight":0,"location":[[41.72773166,-91.6023287],[41.66861382,-91.48063782],[41.72773166,-91.6023287],[41.66861382,-91.48063782],[41.72773166,-91.6023287],[41.66861382,-91.48063782]],"friends":[1,2,3,4]}