{"messages":["#SB48","#SB48","#SB48"],"messages_no":3,"bad_words":[],"bad_words_no":0,"weight":0,"location":[[40.6118102,-75.3399963],[40.6118102,-75.3399963],[40.6118102,-75.3399963]],"friends":[1,2,3,4]}