{"messages":["Can't sleep\ud83d\udc4c gr8","Can't sleep\ud83d\udc4c gr8"],"messages_no":2,"bad_words":[],"bad_words_no":0,"weight":0,"location":[40.39393159,-80.03586392,40.39393159,-80.03586392]}