{"messages":["@iPearlBigBlunts let's go to Miami \ud83d\ude0f\u263a\ufe0f","@iPearlBigBlunts ugh so I get to go with u if I get all dat \ud83d\ude12\u270b","@iPearlBigBlunts let's go to Miami \ud83d\ude0f\u263a\ufe0f","@iPearlBigBlunts ugh so I get to go with u if I get all dat \ud83d\ude12\u270b"],"messages_no":4,"bad_words":[],"bad_words_no":0,"weight":0,"location":[40.72286833,-74.16956359,40.72286732,-74.16951162,40.72286833,-74.16956359,40.72286732,-74.16951162]}