{"messages":["Erin Andrews is so damn fine","Erin Andrews is so damn fine","Erin Andrews is so damn fine"],"messages_no":3,"bad_words":[],"bad_words_no":3,"weight":0,"location":[[30.38331786,-90.10493279],[30.38331786,-90.10493279],[30.38331786,-90.10493279]],"friends":[1,2,3,4]}