{"messages":["We crank it up to 12 mutha fucka!!","We crank it up to 12 mutha fucka!!","Hand warmers in my bra. I don't fuck around.","We crank it up to 12 mutha fucka!!"],"messages_no":4,"bad_words":[],"bad_words_no":4,"weight":0,"location":[[48.52589265,-122.21124745],[48.52589265,-122.21124745],[47.69867049,-122.33007208],[48.52589265,-122.21124745]],"friends":[1,2,3,4]}