{"messages":["20 years old am i a big boy yet mom?","20 years old am i a big boy yet mom?","20 years old am i a big boy yet mom?"],"messages_no":3,"bad_words":[],"bad_words_no":0,"weight":0,"location":[[30.12326089,-92.05581673],[30.12326089,-92.05581673],[30.12326089,-92.05581673]],"friends":[1,2,3,4]}